Symbol,Stock,%▼,"Ownership
count",Hold Price*,Max %,"Current
Price","52 Week
Low","% Above
52 Week
Low","52 Week
High"
AMZN,Amazon.com Inc.,2.917,34,$238.34,32.21,$266.43,$196.00,35.93,$287.20
GOOG,Alphabet Inc. CL C,2.582,34,$353.33,23.39,$342.88,$206.37,66.15,$404.23
BRK.B,Berkshire Hathaway CL B,2.416,26,$500.39,33.89,$505.00,$464.01,8.83,$537.74
GOOGL,Alphabet Inc.,2.084,36,$357.37,24.55,$346.59,$205.61,68.57,$408.37
MSFT,Microsoft Corp.,1.779,37,$373.02,20.54,$513.53,$348.54,47.34,$549.20
BRK.A,Berkshire Hathaway CL A,1.758,17,$748851.77,42.42,$757985.01,$698000.00,8.59,$806102.81
V,Visa Inc.,1.713,30,$343.09,19.83,$381.60,$292.74,30.35,$385.57
META,Meta Platforms Inc.,1.580,31,$563.30,20.45,$578.02,$519.78,11.20,$788.22
CVNA,Carvana Co.,1.483,7,$65.82,78.85,$74.04,$54.46,35.95,$97.38
MA,Mastercard Inc.,1.419,22,$513.60,20.01,$595.30,$463.74,28.37,$601.23
AAPL,Apple Inc.,1.224,22,$289.36,41.05,$319.70,$225.12,42.01,$344.27
TSM,Taiwan Semiconductor S.A.,0.986,24,$477.55,10.55,$417.52,$223.20,87.06,$479.00
GE,GE Aerospace,0.968,10,$373.73,35.61,$342.58,$266.66,28.47,$388.84
MCO,Moody's Corp.,0.948,17,$452.92,19.14,$514.95,$399.61,28.86,$543.25
JOE,St. Joe Co.,0.932,1,,76.43,$67.32,$45.92,46.60,$73.02
TDG,TransDigm Group Inc.,0.751,6,$1332.04,27.51,$1185.97,$1123.61,5.55,$1463.03
BN,Brookfield Corp.,0.736,9,$42.59,16.29,$41.33,$37.87,9.14,$49.40
SPGI,S&P Global Inc.,0.730,15,$407.26,19.92,$442.89,$360.09,22.99,$521.12
ASML,ASML Holding NV,0.722,9,$1989.38,21.11,$1696.16,$711.50,138.39,$1997.36
NVDA,NVIDIA Corp.,0.720,18,$200.09,9.34,$217.55,$163.85,32.77,$236.26
IBKR,Interactive Brokers Group Inc.,0.706,6,$87.04,33.42,$95.84,$58.76,63.10,$98.75
IEP,Icahn Enterprises,0.658,1,,53.95,$6.78,$5.82,16.49,$7.44
FICO,Fair Isaac Corp.,0.581,8,$1194.78,25.77,$1153.57,$870.01,32.59,$1998.01
HCC,Warrior Met Coal Inc.,0.580,3,$81.16,43.32,$107.07,$54.46,96.60,$111.20
LOAR,Loar Holdings Inc,0.575,1,,47.15,$71.69,$53.15,34.88,$83.43
MOH,Molina Healthcare Inc.,0.567,3,$193.75,43.49,$200.00,$121.06,65.21,$244.89
GPI,Group 1 Automotive,0.566,2,$291.17,46.41,$263.95,$249.54,5.77,$486.11
PDD,Pinduoduo Inc.,0.545,4,$76.28,22.17,$85.69,$71.94,19.11,$139.41
UBER,Uber Technologies Inc.,0.521,11,$72.16,12.72,$78.82,$65.41,20.50,$101.99
AMAT,Applied Materials,0.516,12,$723.00,19.48,$461.67,$153.62,200.53,$738.88
C,Citigroup Inc.,0.484,8,$139.96,18.50,$132.90,$91.03,46.00,$147.21
COF,Capital One Financial,0.470,16,$200.62,7.13,$215.67,$173.62,24.22,$256.63
AXP,American Express,0.464,16,$338.24,17.14,$333.20,$289.26,15.19,$384.36
SUNB,Sunbelt Rentals Holdings Inc,0.464,12,$75.05,10.59,$73.20,$60.40,21.19,$85.78
ELV,Elevance Health Inc.,0.457,12,$386.73,9.11,$394.43,$272.05,44.98,$436.24
SNX,SYNNEX Corp.,0.456,4,$267.34,26.38,$253.97,$141.15,79.93,$295.89
CROX,Crocs Inc.,0.443,6,$120.64,27.20,$122.23,$73.21,66.96,$141.28
DIS,Walt Disney Co.,0.432,20,$96.25,9.55,$108.10,$91.48,18.17,$118.07
LULU,Lululemon Athletica Inc.,0.403,4,$176.58,32.35,$120.81,$104.44,15.67,$225.98
CVS,CVS Health Corp.,0.396,10,$103.45,10.63,$93.06,$67.46,37.95,$110.00
EQH,Equitable Holdings Inc.,0.395,5,$43.88,30.38,$50.20,$34.72,44.59,$53.71
SLM,SLM Corp.,0.387,3,$27.27,24.16,$26.41,$17.55,50.48,$31.48
JHG-OLD,Janus Henderson Group,0.385,1,,31.53,$51.98,$37.96,36.93,$53.76
RIG,Transocean Ltd.,0.373,2,$4.89,30.53,$5.80,$2.93,97.95,$7.66
AVGO,Broadcom Inc.,0.368,13,$377.75,10.61,$368.79,$285.08,29.36,$494.22
ICLR,ICON plc,0.358,6,$173.71,11.94,$170.02,$66.57,155.40,$203.91
FERG,Ferguson Enterprises Inc.,0.339,11,$237.33,6.88,$228.49,$203.74,12.15,$268.59
SCHW,Charles Schwab Corp.,0.338,11,$92.27,6.56,$110.16,$83.72,31.58,$114.53
ADI,Analog Devices,0.319,11,$397.17,7.97,$361.78,$221.38,63.42,$445.91
AMR,Alpha Metallurgical Resources Inc.,0.318,1,,26.11,$226.23,$133.64,69.28,$253.82
MKL,Markel Group Inc.,0.309,5,$1953.01,10.89,$1818.69,$1719.41,5.77,$2207.59
UNH,United Health Group Inc.,0.302,17,$415.63,6.05,$392.95,$254.51,54.39,$461.62
TMO,Thermo Fisher Scientific,0.301,11,$501.36,9.81,$622.18,$434.83,43.09,$647.00
KHC,Kraft Heinz Co.,0.299,9,$23.61,12.80,$25.70,$20.66,24.39,$28.09
PYPL,PayPal Holdings Inc.,0.294,8,$43.18,10.61,$53.66,$38.22,40.40,$78.53
RKT,Rocket Companies Inc.,0.290,5,$15.75,11.65,$13.77,$12.17,13.15,$24.36
CVI,CVR Energy Inc.,0.289,1,,23.73,$41.76,$19.50,114.15,$42.20
VFC,V.F. Corp.,0.287,2,$16.68,23.36,$13.67,$12.81,6.71,$22.15
BABA,Alibaba Group Holdings,0.281,9,$95.98,16.92,$118.90,$91.99,29.25,$190.92
CAT,Caterpillar Inc.,0.275,6,$1064.90,19.65,$800.25,$406.85,96.69,$1071.47
CNH,CNH Industrial NV,0.271,5,$11.23,17.11,$11.68,$8.91,31.09,$13.18
WM,Waste Management Inc.,0.267,3,$222.88,17.30,$219.66,$191.77,14.54,$247.15
ORLA-OLD,Orla Mining Ltd,0.264,3,$9.73,21.55,$9.45,$8.43,12.10,$21.95
CP,Canadian Pacific Kansas City,0.261,7,$86.65,7.44,$94.12,$67.98,38.45,$96.90
LYV,Live Nation Inc.,0.257,8,$183.11,7.69,$181.65,$125.34,44.93,$189.25
APP,Applovin Corp.,0.257,4,$515.25,14.50,$317.76,$297.50,6.81,$745.61
ASH,Ashland Global Holdings Inc.,0.256,2,$65.89,17.47,$74.37,$45.29,64.21,$78.25
GM,General Motors,0.255,7,$77.08,11.46,$86.27,$53.98,59.82,$91.85
LEN,Lennar Corp.,0.255,4,$90.49,11.82,$86.33,$79.83,8.14,$141.39
BKNG,Booking Holdings Inc.,0.252,6,$178.24,8.46,$205.63,$149.76,37.31,$224.59
RPRX,Royalty Pharma plc,0.250,3,$56.07,8.82,$60.85,$33.43,82.02,$62.46
VRT,Vertiv Holdings Co.,0.250,3,$334.82,20.37,$257.08,$118.57,116.82,$379.86
NFLX,Netflix Inc.,0.248,11,$71.40,5.41,$81.72,$65.08,25.57,$126.71
CNI,Canadian Natl Railway Co.,0.247,6,$119.24,17.95,$126.01,$89.10,41.43,$131.55
DHR,Danaher Corp.,0.245,12,$190.48,7.64,$216.07,$160.60,34.54,$241.78
BAC,Bank of America Corp.,0.244,15,$56.98,9.20,$62.32,$45.88,35.83,$65.23
BDX,Becton Dickinson,0.238,7,$151.33,9.93,$189.52,$125.19,51.39,$193.07
QSR,Restaurant Brands International,0.238,3,$72.51,9.62,$78.26,$59.14,32.33,$81.88
GRBK,Green Brick Partners,0.237,2,$80.04,19.39,$73.31,$60.44,21.29,$83.18
CRM,Salesforce.com,0.235,10,$156.66,8.33,$256.00,$146.32,74.96,$267.75
AZN,AstraZeneca PLC,0.233,3,$187.18,19.03,$162.70,$90.90,78.99,$209.12
KKR,KKR & Co. L.P.,0.231,7,$91.78,8.95,$108.68,$82.35,31.97,$151.00
WFC,Wells Fargo,0.225,14,$82.64,3.11,$86.69,$72.36,19.80,$96.18
YETI,YETI Holdings Inc.,0.224,2,$49.56,18.33,$41.57,$31.66,31.30,$53.99
SGOV,Ishares 0 3 Month Treasury B,0.220,4,$100.67,10.59,$100.69,$97.02,3.78,$100.70
CACC,Credit Acceptance Corp.,0.220,2,$636.74,18.01,$594.89,$401.90,48.02,$668.86
RACE,Ferrari NV,0.216,4,$370.77,7.71,$420.54,$308.95,36.12,$498.75
PM,Philip Morris Intl.,0.212,10,$180.91,9.18,$191.89,$138.43,38.62,$207.76
SOLV,Solventum Corp,0.210,4,$77.15,15.02,$91.12,$62.38,46.07,$92.71
WBD,Warner Bros. Discovery Inc.,0.209,5,$26.66,11.68,$28.77,$11.25,155.73,$30.00
LAD,Lithia Motors Inc.,0.207,6,$290.49,13.20,$370.36,$238.86,55.05,$438.67
TXN,Texas Instruments,0.206,14,$298.07,3.93,$258.64,$150.20,72.20,$332.33
OMF,OneMain Holdings,0.200,4,$60.97,10.08,$62.84,$44.20,42.17,$68.16
EGO,Eldorado Gold Corp.,0.197,1,,16.18,$45.48,$23.86,90.61,$50.96
CPNG,Coupang Inc.,0.196,8,$17.37,6.89,$16.52,$14.92,10.72,$34.08
TKO,TKO Group Holdings Inc.,0.196,1,,16.07,$184.64,$173.96,6.14,$225.15
IFF,International Flavors & Fragrances Inc.,0.194,5,$79.22,5.43,$87.95,$58.13,51.30,$89.32
OXY,Occidental Petroleum,0.192,4,$48.57,7.02,$59.10,$38.44,53.75,$67.14
AON,Aon Plc,0.191,10,$331.69,4.91,$355.40,$303.10,17.26,$381.47
FWONK,Liberty Media Corp Formula One Series C,0.191,3,$95.14,7.73,$101.80,$80.15,27.01,$109.36
GXO,Gxo Logistics Inc.,0.189,1,,15.46,$47.60,$45.00,5.78,$66.85
EPD,Enterprise Products Partners LP,0.188,6,$36.76,13.46,$39.02,$28.18,38.47,$39.58
APTV,Aptiv PLC,0.187,2,$61.38,14.51,$45.75,$44.88,1.94,$78.49
AER,AerCap Holdings N.V.,0.185,3,$145.78,7.16,$147.49,$117.73,25.28,$158.38
ALC,Alcon Inc.,0.185,2,$67.33,15.19,$72.01,$61.84,16.45,$87.22
PEP,PepsiCo Inc.,0.184,12,$135.40,5.27,$141.07,$133.40,5.75,$168.19
MU,Micron Technology Inc.,0.184,5,$1154.29,15.06,$932.86,$114.07,717.80,$1254.81
CMCSA,Comcast Corp.,0.183,14,$24.55,3.15,$27.06,$21.28,27.16,$32.04
LLY,Eli Lilly & Co.,0.183,7,$1199.42,6.89,$1174.61,$707.59,66.00,$1292.65
KO,Coca Cola Co.,0.182,9,$81.27,10.86,$89.66,$64.04,40.01,$92.49
BLK,BlackRock Inc.,0.181,6,$961.57,9.93,$1164.48,$912.25,27.65,$1200.54
DASH,DoorDash Inc.,0.181,4,$184.53,7.46,$236.74,$143.30,65.21,$285.50
PVH,PVH Corp.,0.179,4,$74.26,9.92,$75.79,$59.58,27.21,$100.75
HGV,Hilton Grand Vacations Inc.,0.177,2,$52.37,14.48,$43.81,$36.79,19.08,$55.40
SIRI,SiriusXM Holdings Inc,0.175,5,$29.54,5.59,$28.54,$19.15,49.03,$32.37
ICE,Intercontinental Exchange Inc.,0.174,6,$123.11,4.90,$162.33,$121.79,33.29,$175.52
BAYRY,Bayer Ag Sponsored ADR,0.172,1,,14.12,$14.11,$7.46,89.14,$15.23
ACN,Accenture,0.170,12,$124.44,4.86,$189.61,$116.75,62.41,$285.21
BAX,Baxter International Inc.,0.170,7,$21.32,4.09,$26.13,$15.72,66.22,$29.99
CCL,Carnival Corp.,0.170,2,$28.57,12.78,$24.76,$23.21,6.68,$33.49
TOL,Toll Brothers,0.169,4,$164.75,10.71,$146.22,$122.93,18.95,$167.75
TRMD,Torm Plc,0.169,2,$25.79,13.87,$32.62,$17.91,82.13,$34.50
OKTA,Okta Inc.,0.168,1,,13.80,$166.23,$62.66,165.29,$174.85
TSLA,Tesla Inc.,0.167,6,$420.60,7.44,$348.75,$297.38,17.27,$498.83
DG,Dollar General,0.167,5,$115.11,8.66,$122.89,$93.78,31.04,$156.68
IONS,Ionis Pharmaceuticals Inc.,0.167,1,,13.70,$61.05,$42.13,44.91,$86.74
ROP,Roper Technologies Inc.,0.165,4,$338.39,7.80,$426.20,$305.19,39.65,$527.54
ORCL,Oracle Corp.,0.164,14,$146.55,4.51,$150.85,$114.50,31.75,$341.82
APH,Amphenol Corp.,0.164,7,$176.32,8.29,$157.74,$104.74,50.60,$178.52
SPOT,Spotify Technology S.A.,0.163,7,$459.13,4.96,$547.51,$405.00,35.19,$745.00
KEX,Kirby Corp.,0.161,1,,13.22,$139.06,$79.52,74.87,$157.69
PG,Procter & Gamble,0.160,9,$146.64,4.38,$143.78,$134.62,6.80,$164.77
GIL,Gildan Activewear Inc.,0.160,1,,13.10,$53.12,$46.35,14.61,$72.73
AJG,Arthur J. Gallagher & Co.,0.159,6,$229.57,6.43,$267.56,$190.12,40.73,$310.73
XRAY,DENTSPLY SIRONA Inc.,0.159,3,$10.61,12.18,$11.12,$9.41,18.17,$14.76
PFE,Pfizer Inc.,0.158,10,$24.08,3.07,$27.96,$22.03,26.92,$28.58
USB,U.S. Bancorp,0.157,6,$60.41,5.56,$62.47,$43.76,42.76,$66.08
ADP,Automatic Data Processing Inc.,0.157,6,$223.95,4.93,$287.48,$186.74,53.95,$297.05
VMC,Vulcan Materials,0.157,6,$295.01,5.62,$274.51,$251.38,9.20,$329.20
MDLN,Medline Inc Cl A,0.157,4,$39.44,6.28,$35.28,$32.49,8.59,$50.88
INTU,Intuit Inc.,0.156,8,$261.00,6.62,$358.06,$251.72,42.25,$697.25
SHW,Sherwin-Williams,0.155,7,$344.32,4.50,$344.86,$289.19,19.25,$375.09
NEM,Newmont Corp.,0.155,4,$93.40,6.25,$127.98,$72.01,77.73,$135.29
SGI,Somnigroup International Inc.,0.155,2,$78.40,8.30,$64.37,$60.08,7.14,$97.86
EXE,Expand Energy Corp.,0.154,1,,12.64,$98.16,$84.48,16.19,$124.43
HD,Home Depot,0.153,10,$352.68,5.61,$330.19,$286.95,15.07,$418.06
GEHC,GE HealthCare Technologies Inc.,0.153,8,$64.01,4.67,$71.73,$58.72,22.16,$89.64
EG,Everest Group Ltd,0.153,4,$357.23,11.28,$377.61,$296.87,27.20,$401.07
DE,Deere & Co.,0.152,7,$634.33,6.56,$630.33,$429.14,46.88,$670.49
CRH,CRH plc,0.152,5,$107.00,5.14,$95.86,$92.52,3.61,$130.09
UHAL.B,U Haul Holding Co Non Voting,0.152,4,$57.70,4.42,$60.43,$39.58,52.68,$66.90
ALK,Alaska Air Group,0.151,2,$52.20,10.58,$42.32,$33.03,28.13,$65.88
WAT,Waters Corp.,0.150,8,$375.04,6.25,$414.69,$282.77,46.65,$426.22
MSI,Motorola Solutions Inc.,0.148,8,$415.29,5.63,$486.00,$357.34,36.00,$493.57
TRU,TransUnion,0.148,3,$72.14,5.94,$85.67,$63.28,35.38,$94.90
INTC,Intel Corp.,0.147,7,$139.63,4.62,$89.47,$23.68,277.83,$142.35
JPM,JPMorgan Chase & Co.,0.146,15,$327.33,3.54,$357.62,$276.43,29.37,$366.50
HEI.A,HEICO Corp. CL A,0.146,4,$257.91,6.38,$250.06,$199.25,25.50,$279.52
UNP,Union Pacific,0.145,11,$272.00,5.95,$307.41,$207.45,48.19,$315.99
SW,Smurfit Westrock Plc,0.143,3,$46.26,7.56,$48.29,$31.79,51.90,$51.52
PPLI,People Inc.,0.143,3,$46.16,7.54,$39.14,$29.56,32.41,$48.32
FBIN,Fortune Brands Innovations Inc.,0.141,5,$54.90,4.83,$45.50,$31.92,42.54,$63.70
RBC,RBC Bearings Inc.,0.141,2,$644.06,10.70,$500.62,$364.50,37.34,$667.69
PGR,Progressive Corp.,0.140,7,$218.45,4.79,$218.64,$187.79,16.43,$239.38
OSK,Oshkosh Corp.,0.140,5,$153.48,6.69,$153.96,$115.83,32.92,$178.55
ET,Energy Transfer LP,0.140,4,$19.12,7.18,$21.31,$15.10,41.13,$21.64
SN,Sharkninja Inc,0.139,5,$152.27,10.67,$191.23,$83.12,130.06,$194.54
SYK,Stryker Corp.,0.139,4,$314.84,6.72,$330.69,$280.25,18.00,$392.86
KOF,Coca-Cola FEMSA S A CV,0.138,3,$106.25,9.34,$112.58,$76.77,46.65,$117.09
EQT,EQT Corp.,0.137,3,$53.17,6.19,$54.57,$47.79,14.19,$67.84
LRCX,Lam Research,0.136,7,$433.33,5.72,$301.90,$93.59,222.58,$438.50
BA,Boeing Co.,0.136,6,$216.47,3.38,$209.82,$176.77,18.70,$254.35
JNJ,Johnson & Johnson,0.135,12,$253.97,3.96,$268.04,$169.51,58.13,$275.11
DB,Deutsche Bank AG,0.135,4,$33.86,10.80,$40.36,$27.13,48.77,$40.69
MAT,Mattel Inc.,0.135,2,$13.88,8.92,$15.14,$12.73,18.93,$22.48
BLDR,Builders FirstSource Inc.,0.134,6,$89.48,5.60,$67.72,$65.10,4.02,$151.03
UAA,Under Armour Inc.,0.134,1,,10.98,$5.08,$4.13,23.00,$8.15
TEL,TE Connectivity plc,0.133,8,$201.61,3.93,$202.66,$189.53,6.93,$250.61
QCOM,QUALCOMM Inc.,0.133,7,$184.79,3.66,$164.19,$121.54,35.09,$258.96
SLB,Schlumberger Ltd.,0.132,8,$46.49,4.36,$57.33,$31.05,84.64,$58.51
DHI,D.R. Horton,0.132,4,$162.88,6.59,$147.39,$130.96,12.55,$182.36
BFAM,Bright Horizons Family Solutions Inc.,0.132,2,$70.88,8.28,$74.81,$57.63,29.81,$118.73
CB,Chubb Limited,0.131,6,$340.74,4.79,$339.92,$262.86,29.32,$365.91
PHM,PulteGroup Inc.,0.131,3,$137.21,8.64,$128.55,$108.26,18.74,$143.88
FISV,Fiserv Inc.,0.130,9,$49.05,2.79,$53.18,$47.04,13.05,$138.85
CBRE,CBRE Group,0.130,7,$134.69,3.67,$150.82,$121.69,23.94,$174.27
RYN,Rayonier Inc.,0.129,1,,10.54,$20.38,$19.25,5.87,$24.84
AIIR,Air Holdings Ltd,0.129,1,,10.61,$7.47,$5.29,41.21,$13.37
TSN,Tyson Foods,0.128,6,$57.25,3.11,$55.40,$49.30,12.37,$68.90
NCLH,Norwegian Cruise Line Hlgs Ltd.,0.128,3,$21.11,4.23,$16.65,$14.53,14.59,$27.18
FLG,Flagstar Financial Inc.,0.127,2,$14.94,9.62,$13.45,$10.55,27.49,$15.44
GEV,Ge Vernova Inc,0.126,10,$1174.86,3.91,$911.93,$529.18,72.33,$1195.94
TDS,Telephone & Data Systems,0.125,2,$37.01,5.17,$33.65,$31.51,6.79,$49.07
HHH,Howard Hughes Holdings Inc.,0.125,1,,10.23,$64.80,$61.01,6.21,$91.07
SE,Sea Ltd,0.124,8,$95.83,5.02,$119.36,$77.05,54.91,$199.30
TDW,Tidewater Inc.,0.124,3,$66.63,9.95,$92.62,$46.65,98.54,$97.50
ZS,Zscaler Inc.,0.124,1,,10.18,$184.23,$114.63,60.72,$336.99
NOW,ServiceNow Inc.,0.123,6,$99.28,4.59,$144.71,$81.24,78.13,$194.73
CI,Cigna Group,0.122,7,$275.68,2.67,$278.88,$235.50,18.42,$310.19
EFX,Equifax Inc.,0.121,9,$158.73,2.27,$194.35,$150.75,28.92,$269.54
FDX,FedEx Corp.,0.120,7,$313.13,3.18,$330.88,$173.85,90.32,$344.07
APD,Air Products & Chemicals,0.118,7,$293.18,3.96,$308.09,$224.64,37.15,$314.87
CSGP,CoStar Group Inc.,0.118,4,$28.32,6.49,$32.22,$25.89,24.45,$91.89
EWBC,East West Bancorp,0.118,1,,9.68,$129.44,$90.34,43.28,$137.47
URI,United Rentals,0.116,6,$1132.89,5.14,$1030.25,$698.94,47.40,$1177.15
ABNB,Airbnb Inc.,0.116,5,$143.10,3.59,$189.43,$110.81,70.95,$193.45
RYAN,Ryan Specialty Holdings Inc,0.116,2,$37.76,9.09,$43.87,$29.07,50.91,$58.44
MRK,Merck & Co.,0.115,10,$128.49,4.43,$148.35,$75.81,95.69,$156.92
MRSH,Marsh,0.115,6,$166.67,3.98,$192.64,$155.72,23.71,$204.56
TECH,Bio-Techne Corp.,0.115,5,$70.65,3.68,$72.35,$43.07,67.98,$72.54
ACHC,Acadia Healthcare Co.,0.114,2,$29.53,6.00,$28.55,$11.43,149.78,$35.83
EVH,Evolent Health Inc.,0.114,1,,9.34,$4.60,$2.10,119.05,$10.08
IDXX,IDEXX Laboratories,0.110,6,$526.44,3.93,$554.99,$518.55,7.03,$769.98
GPC,Genuine Parts,0.110,6,$117.98,6.13,$137.51,$89.80,53.13,$148.58
REGN,Regeneron Pharmaceuticals,0.110,3,$623.54,4.95,$794.19,$538.24,47.55,$847.00
VTRS,Viatris Inc.,0.110,3,$15.88,5.13,$16.34,$9.10,79.56,$18.25
NU,Nu Holdings Ltd,0.108,5,$13.36,4.29,$14.30,$11.20,27.68,$18.98
NBR,Nabors Industries Ltd.,0.108,1,,8.85,$91.71,$34.70,164.29,$112.90
FRPT,Freshpet Inc.,0.108,1,,8.87,$70.82,$46.45,52.47,$86.00
ZBH,Zimmer Biomet Holdings,0.107,7,$86.09,3.36,$100.91,$78.91,27.88,$106.03
DECK,Deckers Outdoor,0.107,2,$99.29,7.52,$87.76,$78.91,11.22,$125.45
LIN,Linde plc,0.106,7,$518.94,4.94,$489.51,$385.26,27.06,$548.20
CFRHF,Compagnie Financiere Richemont SA,0.106,1,,8.67,$234.02,$163.00,43.57,$254.24
MELI,Mercadolibre Inc.,0.105,7,$1697.39,5.10,$1966.25,$1495.00,31.52,$2548.50
DCH,Dauch Corp.,0.105,3,$5.42,3.97,$6.32,$4.92,28.46,$9.25
SYF,Synchrony Financial,0.105,3,$76.05,7.84,$78.05,$62.56,24.76,$87.67
CVX,Chevron Corp.,0.104,11,$165.76,4.67,$201.86,$142.51,41.65,$210.92
WTW,Willis Towers Watson plc,0.104,5,$261.37,3.44,$343.75,$239.74,43.38,$351.51
WEN,Wendy's Co.,0.104,4,$8.29,5.97,$8.27,$6.07,36.24,$9.93
DVN,Devon Energy Corp.,0.103,5,$41.32,4.49,$47.35,$30.89,53.29,$52.34
TFX,Teleflex,0.103,3,$126.76,4.91,$139.67,$99.39,40.53,$144.64
CGNX,Cognex Corp.,0.103,2,$72.42,7.60,$60.46,$34.45,75.50,$72.78
CPRT,Copart Inc.,0.102,6,$28.19,4.41,$32.99,$26.81,23.05,$50.11
AMD,Advanced Micro Devices,0.101,6,$580.91,5.12,$465.58,$149.22,212.01,$584.73
FCNCA,First Citizens Bancshares,0.101,3,$2080.78,5.32,$2194.07,$1618.56,35.56,$2296.30
VST,Vistra Corp.,0.101,3,$158.63,4.70,$137.09,$132.47,3.49,$218.91
CNX,CNX Resources Corp.,0.101,1,,8.25,$36.20,$28.70,26.13,$43.62
UPS,United Parcel Service,0.100,7,$107.50,2.95,$105.33,$76.95,36.88,$116.86
MDT,Medtronic plc,0.100,7,$78.23,2.76,$91.23,$72.65,25.57,$103.76
BCC,Boise Cascade Company,0.100,3,$77.63,7.47,$78.75,$64.57,21.96,$91.43
ABM,ABM Industries,0.099,5,$44.24,7.10,$47.20,$36.45,29.49,$49.80
ORLY,O'Reilly Automotive,0.099,4,$92.09,3.90,$88.50,$82.59,7.16,$108.72
CNQ,Canadian Natural Resources,0.098,3,$39.50,8.04,$48.99,$28.73,70.52,$51.48
ABG,Asbury Automotive Group Inc.,0.098,2,$201.08,7.91,$211.62,$172.01,23.03,$262.67
EWY,iShares MSCI South Korea ETF,0.097,2,$201.90,6.55,$180.20,$69.82,158.09,$220.89
CR,Crane Co,0.097,2,$223.07,7.82,$207.00,$159.36,29.89,$230.50
BMY,Bristol-Myers Squibb,0.096,8,$57.62,2.88,$66.58,$41.13,61.88,$68.64
MGM,MGM Resorts International,0.096,4,$47.81,4.91,$42.28,$29.19,44.84,$51.59
MLM,Martin Marietta,0.096,3,$576.70,4.56,$531.05,$522.19,1.70,$709.08
GPN,Global Payments Inc.,0.095,4,$72.56,2.49,$91.82,$60.93,50.70,$95.88
AEM,Agnico-Eagle Mines Ltd.,0.094,3,$155.15,6.22,$206.25,$134.38,53.48,$254.61
APG,APi Group Corp.,0.094,3,$42.35,5.00,$39.69,$33.40,18.83,$49.99
URBN,Urban Outfitters Inc.,0.094,1,,7.72,$81.09,$59.54,36.19,$85.43
AU,AngloGold Ashanti Ltd.,0.093,3,$80.90,6.81,$113.19,$52.64,115.03,$124.69
NOMD,Nomad Foods Ltd,0.093,1,,7.61,$11.88,$8.86,34.09,$14.67
HKHHF,Heineken Holding NV,0.093,1,,7.61,$78.31,$64.00,22.36,$84.80
AVTR,Avantor Inc.,0.091,5,$9.90,2.82,$14.58,$7.27,100.55,$15.93
KLAC,KLA Corp.,0.091,3,$301.71,5.78,$175.54,$82.78,112.06,$307.03
MAR,Marriott Int'l.,0.090,4,$370.59,7.02,$351.08,$254.64,37.87,$410.15
MEDP,Medpace Holdings Inc.,0.090,4,$529.59,4.52,$600.65,$373.00,61.03,$677.90
HUM,Humana Inc.,0.090,2,$397.22,5.13,$385.54,$161.90,138.13,$428.88
ARES,Ares Management LP,0.090,2,$111.31,6.45,$142.53,$93.57,52.32,$181.32
HUT,Hut 8 Corp,0.090,2,$115.44,4.07,$79.42,$24.20,228.18,$140.80
GTX,Garrett Motion Inc.,0.090,2,$36.23,7.28,$26.66,$12.13,119.79,$36.25
GWRE,Guidewire Software Inc.,0.089,1,,7.27,$205.85,$102.30,101.22,$272.60
BNY,Bank of New York Mellon Corp.,0.088,10,$144.61,2.21,$162.50,$100.87,61.10,$165.69
KMX,CarMax Inc.,0.088,5,$52.89,3.50,$62.11,$30.26,105.25,$65.28
ECL,Ecolab Inc.,0.088,4,$278.61,4.22,$286.75,$242.49,18.25,$307.61
Q,Qnity Electronics Inc.,0.088,3,$163.31,7.23,$120.26,$72.67,65.49,$177.28
SHOP,Shopify Inc.,0.088,3,$114.18,4.50,$152.90,$94.00,62.66,$182.19
DLTR,Dollar Tree Inc.,0.088,1,,7.25,$128.26,$84.71,51.41,$142.40
YNDX,Yandex N.V.,0.088,1,,7.19,$20.00,$14.09,41.94,$20.36
BL,BlackLine Inc.,0.088,1,,7.19,$32.98,$24.70,33.52,$59.57
GNRC,Generac Holdings Inc.,0.087,6,$292.81,2.91,$183.80,$134.80,36.35,$296.44
JEF,Jefferies Financial Group Inc.,0.087,4,$49.98,3.44,$53.09,$35.00,51.69,$68.96
FLR,Fluor Corp.,0.087,2,$52.39,6.24,$53.27,$39.33,35.44,$57.93
RUSHA,Rush Enterprises Inc.,0.087,2,$72.98,7.03,$76.27,$45.26,68.52,$83.61
XOM,ExxonMobil Holdings Corp.,0.086,11,$136.72,3.65,$156.71,$105.30,48.82,$174.09
STX,Seagate Technology,0.086,3,$965.00,5.90,$829.76,$162.52,410.56,$1144.18
ALLY,Ally Financial Inc.,0.085,4,$45.95,4.78,$42.18,$35.43,19.05,$46.96
TOST,Toast Inc.,0.085,2,$27.82,6.98,$35.15,$22.26,57.91,$45.64
GDS,GDS Holdings Ltd,0.085,2,$30.03,4.92,$33.41,$26.97,23.88,$48.61
CEG,Constellation Energy Corp.,0.085,2,$248.37,3.97,$276.75,$228.28,21.23,$410.41
ABT,Abbott Labs,0.084,7,$90.74,3.98,$112.47,$81.39,38.19,$134.38
RTX,RTX Corp.,0.084,7,$189.73,3.49,$211.71,$148.41,42.65,$226.41
PFGC,Performance Food Group,0.084,4,$111.79,4.00,$100.85,$80.82,24.78,$117.48
QXO,Qxo Inc,0.084,3,$17.28,4.10,$13.52,$13.15,2.81,$27.61
MGA,Magna International Inc.,0.084,3,$91.94,6.54,$65.86,$41.73,57.82,$73.22
CTSH,Cognizant Technology Solutions,0.083,6,$38.73,3.02,$64.04,$36.86,73.74,$85.48
GTN,Gray Television Inc.,0.083,1,,6.80,$4.83,$3.55,36.06,$6.30
KEYS,Keysight Technologies Inc.,0.082,5,$350.07,4.48,$319.97,$158.79,101.51,$374.96
APO,Apollo Global Management,0.082,3,$118.31,4.46,$135.04,$98.73,36.78,$151.39
JLL,Jones Lang Lasalle Inc.,0.081,5,$309.95,3.28,$378.01,$259.83,45.48,$393.84
INDV,Indivior Pharmaceuticals Inc.,0.081,1,,6.65,$34.87,$27.68,25.98,$42.81
CRS,Carpenter Technology,0.080,3,$616.84,3.63,$476.43,$227.48,109.44,$625.72
CSCO,Cisco Systems,0.079,7,$117.46,5.40,$109.93,$64.79,69.67,$129.88
GSK,GSK plc,0.079,6,$52.42,3.51,$50.82,$37.31,36.21,$60.12
IQV,IQVIA Holdings Inc.,0.079,4,$193.22,3.13,$261.75,$154.50,69.42,$265.25
BIIB,Biogen Inc.,0.079,3,$216.06,3.75,$218.50,$131.52,66.13,$222.85
EBAY,eBay Inc.,0.079,2,$111.75,4.74,$105.62,$77.32,36.60,$118.62
TEVA,Teva Pharmaceutical Industries Ltd.,0.079,2,$33.88,3.97,$36.44,$17.94,103.12,$38.37
RHI,Robert Half International,0.079,2,$30.70,5.93,$45.31,$21.08,114.94,$46.09
ADBE,Adobe Inc.,0.078,10,$205.01,2.57,$291.52,$190.12,53.33,$370.86
MANU,Manchester United plc,0.078,3,$22.93,2.41,$22.10,$14.59,51.47,$24.45
CME,CME Group,0.077,7,$220.83,2.52,$285.80,$218.31,30.91,$319.84
COP,ConocoPhillips,0.077,7,$103.96,2.10,$130.35,$82.95,57.14,$135.88
HTHT,H World Group Ltd ADR,0.077,3,$41.72,5.59,$47.82,$34.36,39.17,$55.19
ZTS,Zoetis Inc.,0.076,5,$71.86,3.03,$77.34,$70.98,8.96,$153.54
BP,BP plc,0.076,4,$36.95,3.65,$42.15,$31.12,35.44,$47.14
AMGN,Amgen,0.076,4,$362.12,3.21,$432.42,$262.49,64.74,$447.03
MCK,McKesson Corp.,0.076,2,$755.61,5.95,$893.39,$676.89,31.98,$997.90
VEEV,Veeva Systems Inc.,0.075,6,$177.47,1.93,$276.69,$148.05,86.89,$310.50
JCI,Johnson Controls Intl. plc,0.075,4,$146.11,4.27,$139.59,$102.49,36.20,$157.06
NSRGY,Nestle,0.075,1,,6.11,$97.19,$84.97,14.38,$107.17
AN,AutoNation Inc.,0.075,1,,6.17,$200.09,$176.62,13.29,$235.81
MSCI,MSCI Inc.,0.074,6,$560.04,3.24,$570.76,$495.54,15.18,$642.47
OLN,Olin Corp.,0.074,4,$19.82,4.83,$17.15,$16.89,1.54,$29.90
MDLZ,Mondelez International,0.074,4,$57.84,5.64,$62.36,$50.34,23.88,$66.65
NYT,New York Times CL A,0.074,3,$69.98,4.55,$68.16,$53.65,27.05,$86.83
MTZ,MasTec Inc.,0.074,2,$416.06,3.42,$241.00,$171.05,40.89,$441.43
ACI,Albertsons Co Inc.,0.074,1,,6.09,$12.53,$10.86,15.38,$19.18
DAL,Delta Air Lines Inc.,0.073,5,$93.66,2.16,$80.07,$54.60,46.65,$95.44
SBUX,Starbucks Corp.,0.073,5,$102.19,3.13,$107.85,$76.05,41.81,$109.88
FTV,Fortive Corp.,0.073,4,$61.09,3.47,$59.69,$46.33,28.84,$64.56
BRZE,Braze Inc A,0.073,2,$21.69,5.99,$34.53,$15.26,126.28,$37.33
VAL,Valaris plc,0.073,1,,5.99,$86.29,$46.70,84.78,$114.12
Z,Zillow Group Inc.,0.072,1,,5.89,$35.66,$29.23,22.00,$93.88
ENTG,Entegris Inc.,0.071,6,$179.86,2.70,$134.92,$67.81,98.97,$186.78
WCC,WESCO International Inc.,0.071,5,$345.38,4.23,$336.42,$202.38,66.23,$385.37
RYAAY,Ryanair Holdings PLC,0.071,3,$64.75,5.59,$56.13,$53.14,5.63,$73.75
HOG,Harley-Davidson,0.071,2,$24.46,5.79,$28.10,$16.96,65.68,$30.44
SPUU,Dir Dai S&P 500 Bu 2x ETF Us,0.071,1,,5.81,$226.26,$154.62,46.33,$232.39
PLGO,Pelagos Insurance Capital,0.071,1,,5.84,$24.52,$16.48,48.79,$26.34
FNF,Fidelity National Financial Inc.,0.070,3,$47.16,3.54,$47.55,$42.32,12.36,$57.15
FIVE,Five Below Inc.,0.070,2,$179.79,3.62,$241.89,$137.77,75.58,$263.88
XYZ,Block Inc.,0.070,2,$76.00,4.26,$83.57,$48.21,73.35,$86.92
OGN,Organon & Co.,0.070,1,,5.72,$13.76,$5.67,142.68,$13.77
NVST,Envista Holdings Corp.,0.069,5,$26.35,2.87,$27.13,$18.77,44.54,$30.42
MCHP,Microchip Technology,0.069,4,$91.20,5.37,$72.93,$47.28,54.25,$104.75
ODFL,Old Dominion Freight Line,0.069,3,$216.60,4.93,$198.63,$125.43,58.36,$252.03
DELL,Dell Technologies Inc.,0.069,3,$431.46,5.68,$456.24,$109.70,315.90,$514.00
MSA,MSA Safety Inc.,0.069,3,$174.58,4.68,$190.34,$149.32,27.47,$207.14
UAN,CVR Partners LP,0.069,1,,5.62,$125.28,$74.15,68.95,$128.59
NOV,Nov Inc.,0.068,4,$18.55,1.98,$20.99,$12.06,74.05,$21.67
WAB,WABTEC Corp.,0.068,3,$269.60,4.93,$292.23,$183.40,59.34,$306.32
MRP,Millrose Properties,0.068,2,$30.05,3.95,$30.61,$25.60,19.57,$32.16
BLMN,Bloomin Brands Inc.,0.068,1,,5.59,$10.58,$5.19,103.85,$12.63
GLD,SPDR Gold Trust,0.067,6,$1293.45,2.35,$408.89,$314.64,29.95,$509.70
CCC,CCC Intelligent Solutions Hldgs Inc.,0.067,2,$5.16,3.02,$7.49,$4.08,83.58,$10.14
UBS,UBS AG,0.066,4,$44.91,2.66,$54.90,$35.38,55.17,$55.15
LYB,LyondellBasell Industries,0.065,3,$52.65,2.87,$63.67,$39.12,62.76,$82.22
CRGY,Crescent Energy Inc A,0.065,2,$9.82,4.86,$13.54,$7.46,81.50,$14.12
MBI,MBIA Inc.,0.065,2,$6.52,4.34,$4.79,$4.72,1.48,$8.17
OZK,Bank OZK,0.065,2,$52.09,3.22,$49.40,$41.16,20.02,$53.18
RGLD,Royal Gold Inc.,0.065,2,$199.61,5.09,$262.85,$167.81,56.64,$304.97
CLF,Cleveland-Cliffs Inc.,0.065,2,$9.39,5.30,$11.62,$7.73,50.32,$16.70
PHYS,Sprott Physical Gold Trust,0.065,2,$30.17,5.29,$33.80,$26.25,28.76,$42.07
PRI,Primerica Inc.,0.065,1,,5.36,$290.39,$227.14,27.85,$325.96
TTMI,TTM Technologies Inc.,0.064,4,$187.02,3.13,$118.65,$42.69,177.93,$223.83
NSC,Norfolk Southern Corp.,0.064,4,$314.59,4.13,$348.68,$263.58,32.29,$357.18
FANG,Diamondback Energy Inc.,0.064,2,$175.78,3.02,$197.67,$131.14,50.73,$216.90
SGU,Star Gas Partners LP,0.064,1,,5.26,$12.68,$10.70,18.50,$13.33
CTRI,Centuri Holdings Inc,0.064,1,,5.25,$20.32,$19.04,6.72,$42.99
TRUP,Trupanion Inc.,0.064,1,,5.28,$29.62,$21.16,39.98,$46.98
SAP,SAP SE,0.063,7,$154.11,2.96,$221.54,$144.97,52.82,$276.56
BIO,Bio-Rad Laboratories Inc.,0.063,3,$293.61,2.39,$387.70,$236.73,63.77,$396.23
NXPI,NXP Semiconductors NV,0.063,3,$281.03,2.48,$223.58,$180.63,23.78,$338.80
UA,Under Armour CL C,0.063,1,,5.18,$4.94,$3.95,25.06,$7.91
BF.B,Brown-Forman Corp.,0.062,5,$26.65,3.33,$27.22,$22.41,21.46,$31.11
LPLA,LPL Financial Holdings Inc.,0.062,4,$281.68,2.10,$370.69,$259.94,42.61,$399.03
PLD,Prologis Inc.,0.062,3,$135.47,2.70,$140.70,$107.04,31.45,$153.35
TLN,Talen Energy Corp,0.062,3,$384.26,3.37,$296.11,$294.75,0.46,$451.28
LNC,Lincoln National,0.062,2,$35.35,5.04,$43.29,$31.40,37.87,$47.67
VGNT,Versigent Plc,0.062,2,$42.01,2.64,$48.21,$26.34,83.03,$50.89
MIR,Mirion Technologies Inc,0.062,2,$17.93,4.24,$14.40,$14.11,2.06,$30.28
AAL,American Airlines Group Inc.,0.062,2,$18.07,3.31,$13.64,$10.09,35.18,$18.79
GPGI,GPGI Inc.,0.062,1,,5.09,$13.25,$11.22,18.09,$26.77
QUAD,Quad/Graphics Inc.,0.062,1,,5.06,$10.09,$4.93,104.67,$11.03
PTLO,Portillo's Inc Cl A,0.062,1,,5.05,$4.70,$3.78,24.34,$7.12
XPO,XPO Logistics,0.060,4,$205.29,4.84,$188.56,$121.48,55.22,$232.05
LKQ,LKQ Corp.,0.060,4,$26.33,2.86,$25.53,$20.92,22.04,$35.92
MHK,Mohawk Industries,0.060,3,$121.33,2.37,$129.89,$92.99,39.68,$143.13
MET,MetLife Inc.,0.060,2,$84.61,2.76,$96.51,$66.41,45.32,$100.93
VZ,Verizon Communications,0.059,7,$42.34,1.76,$50.10,$36.55,37.07,$50.78
MS,Morgan Stanley,0.059,5,$209.04,3.54,$214.77,$142.43,50.79,$230.98
NEE,NextEra Energy Inc.,0.059,4,$87.77,3.10,$81.84,$67.31,21.59,$97.30
LEA,Lear Corp.,0.059,3,$134.06,2.61,$124.02,$94.25,31.59,$150.00
AME,Ametek Inc.,0.059,2,$241.94,4.87,$236.25,$178.41,32.42,$261.16
DJCO,Daily Journal Corp.,0.059,1,,4.80,$623.68,$348.63,78.89,$674.75
GS,Goldman Sachs Group,0.058,5,$1011.37,2.77,$1033.99,$710.71,45.49,$1153.99
OKE,ONEOK Inc.,0.058,2,$86.94,3.08,$94.76,$61.67,53.66,$97.90
BRCC,BRC Inc.,0.058,1,,4.79,$8.44,$6.00,40.67,$18.55
MP,MP Materials Corp.,0.058,1,,4.74,$56.13,$37.81,48.45,$100.25
MNDY,monday.com Ltd.,0.058,1,,4.77,$100.71,$57.50,75.15,$220.80
LFUS,Littelfuse Inc.,0.057,7,$455.33,2.52,$405.42,$231.54,75.10,$499.60
ARW,Arrow Electronics,0.057,4,$213.41,4.35,$203.92,$101.79,100.33,$237.33
AVT,Avnet Inc.,0.057,3,$88.82,3.87,$88.63,$43.52,103.65,$100.00
CHD,Church & Dwight,0.057,2,$96.88,4.58,$101.26,$80.29,26.12,$105.37
CNR,Core Natural Resources Inc.,0.057,1,,4.67,$100.96,$70.11,44.00,$114.68
ALAB,Astera Labs Inc,0.057,1,,4.65,$289.47,$97.89,195.71,$499.48
PNC,PNC Financial Services,0.056,5,$246.22,3.78,$242.22,$172.82,40.16,$258.96
BHF,Brighthouse Financial Inc.,0.056,1,,4.60,$53.04,$42.07,26.08,$66.80
GLW,Corning Inc.,0.055,4,$255.43,4.26,$148.98,$65.69,126.79,$271.78
OC,Owens Corning,0.055,3,$158.94,2.86,$143.13,$95.63,49.67,$159.88
YUMC,Yum China Holdings Inc.,0.055,3,$40.87,4.25,$45.02,$39.90,12.83,$57.33
SEG,Seaport Entertainment Group,0.055,2,$26.60,3.86,$26.79,$17.74,51.01,$29.61
BGC,BGC Group Inc.,0.055,1,,4.48,$12.12,$8.20,47.80,$12.86
CNDT,Conduent Inc.,0.055,1,,4.48,$1.72,$1.15,49.57,$2.98
B,Barrick Mining Corp.,0.054,5,$36.73,3.12,$45.65,$25.72,77.49,$54.01
BX,Blackstone Group,0.054,4,$117.67,3.30,$142.39,$99.78,42.70,$182.67
KGC,Kinross Gold Corp.,0.054,3,$23.62,4.14,$31.27,$20.08,55.73,$38.96
AMRZ,Amrize Ltd,0.054,3,$53.30,2.13,$44.67,$43.69,2.24,$65.13
TER,Teradyne Inc.,0.054,2,$483.84,4.42,$354.97,$109.39,224.50,$487.91
LLYVK,Liberty Media Corp. Series C Live,0.054,2,$105.64,4.07,$103.55,$78.68,31.61,$109.75
FAST,Fastenal,0.054,2,$48.03,2.72,$49.78,$38.34,29.84,$52.92
NMIH,NMI Holdings,0.054,2,$41.09,4.39,$44.81,$34.84,28.62,$46.74
MAVF,Matrix Advisors Value ETF,0.054,1,,4.41,$139.65,$112.77,23.84,$142.84
TJX,TJX Companies Inc.,0.053,3,$151.50,2.52,$135.12,$133.55,1.18,$169.47
TMHC-OLD,Taylor Morrison Home Corp.,0.053,3,$71.74,3.30,$72.46,$54.15,33.81,$72.50
TDAY,Gannett Co.,0.053,2,$8.55,2.83,$6.34,$3.42,85.38,$9.21
SYY,Sysco Corp.,0.052,5,$83.44,1.81,$81.94,$67.23,21.88,$90.56
OMC,Omnicom Group,0.052,4,$72.83,2.53,$88.28,$64.98,35.86,$89.57
MPLX,MPLX LP,0.052,2,$56.33,3.90,$59.25,$44.22,33.99,$60.16
MSGE,Madison Square Garden Entertainment Corp.,0.052,1,,4.28,$78.30,$39.85,96.49,$90.41
VNOM,Viper Energy Inc.,0.052,1,,4.25,$44.18,$33.67,31.21,$49.62
MCD,McDonald's Corp.,0.051,7,$270.31,2.18,$265.00,$259.85,1.98,$337.56
RMNI,Rimini Street Inc.,0.051,2,$4.26,4.15,$5.65,$2.87,96.86,$5.66
OSW,OneSpaWorld Holdings Ltd,0.051,1,,4.19,$25.26,$18.94,33.37,$29.19
DEO,Diageo ADR,0.050,8,$80.38,1.60,$92.99,$71.73,29.64,$108.27
NKE,NIKE Inc.,0.050,7,$41.05,2.32,$39.60,$38.17,3.75,$77.02
ABBV,AbbVie Inc.,0.050,7,$251.64,3.09,$255.48,$189.40,34.89,$267.47
REZI,Resideo Technologies Inc.,0.050,5,$31.10,1.90,$19.63,$18.88,3.97,$32.01
PPG,PPG Industries,0.050,3,$121.29,2.78,$114.22,$91.35,25.04,$130.99
KDP,Keurig Dr Pepper Inc.,0.050,2,$32.73,4.04,$32.18,$24.43,31.72,$33.82
CRL,Charles River Labs,0.050,2,$226.79,3.41,$291.50,$144.26,102.07,$303.31
FTNT,Fortinet Inc.,0.050,1,,4.09,$166.00,$73.55,125.70,$173.89
NTRA,Natera Inc.,0.049,4,$271.45,3.32,$326.26,$157.43,107.24,$343.18
CRBG,Corebridge Financial Inc.,0.049,3,$28.63,2.84,$32.61,$21.90,48.90,$34.81
LBTYA,Liberty Global Ltd CL A,0.049,3,$11.37,2.57,$10.67,$9.43,13.15,$13.52
IEX,IDEX Corp.,0.049,2,$226.95,3.97,$230.28,$155.87,47.74,$243.80
CHTR,Charter Communications,0.048,6,$142.21,1.95,$153.62,$111.55,37.71,$285.82
FN,Fabrinet,0.047,4,$562.08,3.30,$414.36,$313.00,32.38,$748.89
LUV,Southwest Airlines,0.047,2,$51.42,3.87,$39.64,$28.88,37.26,$54.63
SEB,Seaboard Corp.,0.047,2,$4464.28,3.80,$3913.21,$3133.55,24.88,$5983.34
LUMN,Lumen Technologies Inc.,0.047,1,,3.87,$6.04,$4.57,32.17,$11.95
MAIR,Madison Air Solutions Corp A,0.047,1,,3.87,$26.33,$24.75,6.38,$44.50
WDAY,Workday Inc.,0.046,4,$122.42,1.78,$204.72,$110.36,85.50,$249.85
CNC,Centene Corp.,0.046,3,$64.19,2.71,$64.75,$28.24,129.28,$69.36
WULF,Terawulf Inc,0.046,2,$24.70,3.65,$15.35,$8.60,78.49,$29.84
DKS,Dick's Sporting Goods Inc.,0.046,2,$226.81,3.02,$135.09,$120.40,12.20,$244.38
CNA,CNA Financial Corp.,0.046,1,,3.77,$49.31,$40.34,22.24,$55.19
CG,Carlyle Group,0.045,4,$42.11,1.91,$49.09,$39.32,24.85,$67.95
FLEX,Flex Ltd.,0.045,3,$162.07,3.66,$110.50,$51.76,113.49,$166.86
SDHC,Smith Douglas Homes Corp,0.045,3,$15.54,3.67,$12.34,$10.72,15.11,$23.49
NVT,nVent Electric plc,0.045,3,$169.61,3.19,$148.48,$86.58,71.49,$184.40
NVR,NVR Inc.,0.045,3,$6813.41,3.03,$6396.27,$5501.01,16.27,$8618.28
STLA,Stellantis N.V.,0.045,2,$5.74,3.69,$5.42,$5.05,7.33,$12.22
TWLO,Twilio Inc.,0.045,2,$206.33,3.70,$237.78,$98.44,141.55,$258.35
DD,DuPont de Nemours Inc.,0.045,2,$135.65,3.71,$136.98,$87.24,57.02,$156.73
NRP,Natural Resource Partners,0.045,1,,3.69,$112.72,$94.82,18.88,$126.18
HSY,Hershey Co.,0.044,5,$175.44,2.08,$179.05,$156.70,14.26,$235.80
COHR,Coherent Corp.,0.044,4,$394.47,3.50,$279.20,$85.94,224.88,$440.00
ILMN,Illumina Inc.,0.044,2,$175.83,2.02,$215.59,$88.00,144.99,$231.81
USFD,US Foods Holding Corp.,0.044,2,$102.25,3.07,$107.27,$69.88,53.51,$111.42
SSNC,SS&C Technologies Holdings Inc.,0.044,2,$62.05,2.01,$83.42,$61.40,35.86,$89.30
ERFSF,Eurofins Scientific SE,0.044,1,,3.60,$86.60,$64.33,34.62,$87.51
PGEN,Precigen Inc.,0.044,1,,3.61,$6.95,$2.99,132.44,$7.72
PSX,Phillips 66,0.043,6,$169.05,2.96,$244.01,$123.09,98.24,$246.95
LBRDK-OLD,Liberty Broadband Corp. CL C,0.043,4,$33.26,1.94,$35.99,$26.25,37.10,$65.73
CORZ,Core Scientific Inc,0.043,3,$25.59,3.38,$16.51,$13.14,25.65,$30.46
AERO,Grupo Aeromexico Sab De Cv,0.043,2,$18.00,1.89,$14.65,$12.26,19.49,$23.05
BFH,Bread Financial Holdings Inc.,0.043,2,$108.35,3.40,$105.74,$53.34,98.24,$114.53
AFRM,Affirm Holdings Inc.,0.043,2,$81.55,3.51,$77.76,$42.10,84.70,$100.00
SA,Seabridge Gold Inc.,0.043,1,,3.52,$32.39,$16.45,96.90,$40.06
MSGS,Madison Square Garden Sports Corp.,0.042,4,$401.84,2.64,$389.34,$193.87,100.83,$438.93
ROIV,Roivant Sciences Ltd,0.042,4,$35.39,1.95,$34.71,$11.85,192.91,$37.97
TAP,Molson Coors Beverage Co.,0.042,3,$38.94,2.94,$41.46,$37.60,10.27,$53.00
CHYM,Chime Financial Inc Cl A,0.042,3,$20.48,2.78,$33.20,$15.88,109.07,$34.16
AMG,Affiliated Managers Group,0.042,3,$338.40,3.37,$370.87,$223.41,66.00,$392.91
FOX,Fox Corporation CL B,0.042,2,$46.84,3.27,$61.32,$44.08,39.11,$67.81
NRG,NRG Energy Inc.,0.042,1,,3.44,$111.12,$110.65,0.42,$188.71
ALV,Autoliv Inc.,0.041,2,$116.17,3.37,$122.07,$97.72,24.92,$131.23
INCY,Incyte Corp.,0.041,2,$113.36,2.64,$124.37,$81.09,53.37,$132.60
GFL,Gfl Environmental Inc Sub Vt,0.041,1,,3.39,$42.83,$33.32,28.54,$50.02
CPT,Camden Property Trust,0.040,3,$114.49,1.76,$106.35,$94.30,12.78,$119.81
UAL,United Airlines Holdings Inc.,0.040,2,$135.99,3.31,$110.60,$84.64,30.67,$138.77
WSC,WillScot Mobile Mini Hldgs Corp.,0.040,2,$28.86,3.28,$20.90,$14.77,41.50,$29.77
SSD,Simpson Manufacturing,0.040,2,$209.35,3.09,$182.07,$155.55,17.05,$213.18
PENN,Penn National Gaming Inc.,0.040,2,$21.36,3.20,$17.36,$11.65,49.01,$22.36
STZ,Constellation Brands,0.039,4,$139.09,1.58,$130.69,$123.82,5.55,$166.17
RS,Reliance Steel & Aluminum,0.039,2,$373.60,3.23,$387.59,$256.46,51.13,$432.62
CE,Celanese Corp.,0.039,2,$46.00,2.82,$45.00,$35.07,28.31,$70.65
IDT,IDT Corp. CL B,0.039,1,,3.23,$68.99,$45.54,51.49,$69.90
SWKS,Skyworks Solutions Inc.,0.039,1,,3.18,$65.79,$51.48,27.80,$88.05
STT,State Street Corp.,0.038,5,$169.60,1.93,$193.33,$102.75,88.16,$195.93
NVO,Novo Nordisk A S,0.038,4,$47.94,1.05,$45.61,$34.20,33.36,$61.21
EW,Edwards Lifesciences Corp.,0.038,2,$90.46,3.09,$90.21,$72.30,24.77,$96.29
IBP,Installed Building Products,0.038,2,$229.84,3.07,$245.56,$192.75,27.40,$345.54
PCG,PG&E Corp.,0.038,2,$16.82,2.85,$16.60,$14.18,17.07,$19.04
STRL,Sterling Construction Co. Inc.,0.038,1,,3.13,$470.52,$266.13,76.80,$1005.68
FPH,Five Point Holdings LLC,0.038,1,,3.11,$5.11,$4.60,11.09,$6.64
LMT,Lockheed Martin Corp.,0.037,5,$509.46,1.38,$563.85,$432.13,30.48,$687.50
AEP,American Electric Power,0.037,3,$136.81,1.72,$122.31,$102.52,19.30,$139.52
LH,Labcorp Holdings Inc.,0.037,3,$280.00,1.92,$335.11,$242.07,38.44,$341.06
FNV,Franco Nevada Corp.,0.037,2,$208.45,1.81,$266.16,$180.48,47.47,$284.60
FMX,Fomento Economico Mexicano,0.037,2,$127.90,2.74,$120.12,$77.56,54.87,$141.47
ALGN,Align Technology Inc.,0.037,1,,3.07,$157.58,$122.00,29.16,$200.44
RBLX,Roblox Corp.,0.037,1,,3.04,$38.53,$33.88,13.72,$142.00
MICC,Magnum Ice Cream Co NV,0.036,7,$16.98,0.91,$20.18,$12.94,55.95,$20.49
ONON,On Holding AG,0.036,4,$35.42,2.88,$28.85,$28.55,1.05,$51.08
CARR,Carrier Global Corp.,0.036,4,$73.35,1.74,$58.79,$49.67,18.36,$76.49
SNOW,Snowflake Inc.,0.036,3,$254.50,2.25,$328.00,$118.30,177.26,$341.95
YUM,Yum! Brands Inc.,0.036,3,$159.86,2.01,$153.86,$135.39,13.64,$170.14
EL,Estee Lauder Cos.,0.036,3,$78.94,2.87,$103.39,$65.96,56.75,$120.79
SPHR,Sphere Entertainment Co.,0.036,2,$173.03,2.87,$141.68,$44.06,221.56,$181.63
AWI,Armstrong World Industries Inc.,0.036,2,$160.42,1.50,$175.09,$150.00,16.73,$204.82
TPG,Tpg Inc,0.036,1,,2.92,$53.97,$36.07,49.63,$67.83
CPAY,Corpay Inc.,0.036,1,,2.99,$407.88,$252.84,61.32,$425.95
WMT,Walmart Inc.,0.035,6,$113.26,2.76,$103.09,$95.00,8.52,$134.83
BF.A,Brown-Forman Corp. CL A,0.035,3,$27.36,2.22,$27.75,$22.81,21.66,$30.87
TW,Tradeweb Markets Inc.,0.035,3,$99.66,1.63,$108.87,$91.42,19.09,$127.51
EMBJ,Embraer SA,0.035,3,$63.80,2.09,$72.54,$53.37,35.92,$80.46
BRO,Brown & Brown Inc.,0.035,3,$64.15,1.62,$73.31,$53.69,36.54,$96.56
TRGP,Targa Resources Corp.,0.035,2,$268.14,2.83,$287.82,$141.11,103.97,$307.94
RGEN,Repligen Corp.,0.035,2,$136.44,2.44,$176.27,$100.99,74.54,$188.73
CDNS,Cadence Design Systems,0.035,2,$375.32,2.81,$340.39,$262.75,29.55,$416.69
UNF,UniFirst Corp.,0.035,2,$264.46,2.03,$281.88,$146.95,91.82,$306.67
ULS,Ul Solutions Inc Class A,0.035,1,,2.91,$74.43,$61.36,21.30,$107.38
PRVA,Privia Health Group Inc.,0.035,1,,2.91,$20.79,$19.53,6.45,$28.82
VOO,Vanguard S&P 500 ETF,0.034,6,$686.82,1.77,$707.24,$576.78,22.62,$716.39
TCOM,Trip.com Group Ltd,0.034,3,$39.84,1.50,$45.35,$38.04,19.22,$78.99
CPB,Campbell's Co.,0.034,3,$22.27,2.60,$23.39,$19.23,21.63,$32.13
BR,Broadridge Financial Solutions,0.034,2,$136.95,1.49,$183.64,$133.83,37.22,$253.49
WSO,Watsco Inc.,0.034,2,$416.73,1.90,$310.76,$295.75,5.08,$455.09
IMO,Imperial Oil Ltd.,0.034,2,$112.17,2.51,$130.51,$82.42,58.35,$138.75
CBRS,Cerebras Systems Inc A,0.034,1,,2.76,$179.08,$160.81,11.36,$386.34
CMPR,Cimpress plc,0.034,1,,2.77,$89.28,$56.34,58.47,$106.58
MIDD,Middleby Corp.,0.034,1,,2.82,$112.75,$88.87,26.87,$148.55
EFA,iShares MSCI EAFE ETF,0.033,5,$103.87,2.39,$107.72,$87.06,23.73,$108.89
WY,Weyerhaeuser Co.,0.033,4,$23.94,2.02,$23.64,$20.60,14.76,$27.28
LOW,Lowe's Cos.,0.033,3,$220.49,1.43,$208.05,$199.40,4.34,$289.87
CTO,CTO Realty Growth Inc.,0.033,1,,2.74,$21.57,$14.20,51.90,$22.71
GPK,Graphic Packaging Hldg Co.,0.033,1,,2.69,$11.56,$8.69,33.03,$21.67
ATS,Ats Corp,0.033,1,,2.67,$19.21,$18.88,1.75,$35.82
FER,Ferrovial Se,0.033,1,,2.72,$58.73,$52.14,12.64,$74.07
KNSL,Kinsale Capital Group Inc.,0.033,1,,2.67,$380.61,$287.01,32.61,$483.75
VRSK,Verisk Analytics Inc.,0.032,5,$179.53,1.65,$191.77,$155.52,23.31,$271.36
HCA,HCA Healthcare Inc.,0.032,5,$389.89,2.12,$417.82,$353.99,18.03,$554.58
BSX,Boston Scientific,0.032,5,$42.68,2.29,$46.84,$42.20,11.00,$109.50
CSX,CSX Corp.,0.032,3,$47.53,2.15,$51.28,$31.48,62.90,$53.60
WMB,Williams Cos.,0.032,3,$74.34,2.57,$73.73,$54.36,35.63,$79.49
CASY,Casey's Gen'l Stores,0.032,3,$794.80,1.98,$755.47,$488.30,54.71,$927.15
VRTX,Vertex Pharmaceuticals,0.032,2,$496.73,1.51,$541.69,$374.17,44.77,$555.69
WPM,Wheaton Precious Metals Corp.,0.032,2,$112.32,2.63,$153.33,$92.01,66.64,$165.03
CLH,Clean Harbors Inc.,0.032,2,$298.75,2.59,$310.71,$201.34,54.32,$335.94
RDDT,Reddit Inc Cl A,0.032,2,$173.58,1.83,$153.00,$119.27,28.28,$282.95
LII,Lennox International,0.032,1,,2.60,$393.39,$387.45,1.53,$587.27
GGG,Graco Inc.,0.032,1,,2.63,$79.29,$72.23,9.77,$94.99
ITUB,ita Unibanco Holding S.A.,0.032,1,,2.59,$7.50,$6.06,23.76,$9.47
MTN,Vail Resorts Inc.,0.031,4,$136.15,2.23,$141.93,$116.69,21.63,$160.49
LEN.B,Lennar Corp. CL B,0.031,4,$88.71,2.12,$84.95,$78.02,8.88,$134.56
MAS,Masco Corp.,0.031,3,$81.37,1.33,$73.25,$57.51,27.37,$83.27
TME,Tencent Music Entertainment Grp,0.031,3,$8.35,1.49,$8.56,$7.94,7.81,$26.00
BAP,Credicorp Ltd.,0.031,3,$389.58,1.08,$368.40,$230.45,59.86,$413.25
A,Agilent Technologies,0.031,2,$132.83,2.53,$153.84,$108.14,42.26,$163.75
TTWO,Take-Two Interactive Software,0.031,2,$249.98,1.89,$235.39,$187.63,25.45,$265.94
JBS,Jbs Nv A,0.031,2,$11.85,2.54,$13.59,$11.45,18.69,$17.27
FIS,Fidelity National Information Services,0.031,2,$38.88,1.56,$41.44,$37.42,10.74,$68.17
RLI,RLI Corp.,0.031,2,$59.07,1.48,$64.31,$45.27,42.06,$67.00
WHK,Whitehawk Minerals Corp Cl A,0.031,1,,2.56,$26.52,$25.24,5.07,$28.48
JELD,JELD-WEN Holding Inc.,0.031,1,,2.53,$2.53,$0.93,172.04,$6.98
WFRD,Weatherford International plc,0.031,1,,2.51,$93.79,$59.53,57.55,$112.79
RMD,ResMed Inc.,0.031,1,,2.54,$240.33,$179.75,33.70,$281.89
IBM,International Business Machines,0.030,5,$281.21,2.36,$235.59,$197.77,19.12,$330.09
CL,Colgate-Palmolive,0.030,5,$91.68,1.24,$90.75,$73.21,23.96,$98.15
PAYX,Paychex Inc.,0.030,2,$98.33,2.35,$127.04,$83.50,52.14,$133.64
BE,Bloom Energy Corp.,0.030,2,$302.69,2.36,$210.77,$48.87,331.29,$351.28
FOUR,Shift4 Payments Inc. CL A,0.030,2,$48.64,2.09,$43.96,$34.56,27.20,$92.06
SDRL,Seadrill Ltd,0.030,2,$37.82,2.45,$47.60,$28.10,69.40,$55.47
TRIP,TripAdvisor Inc.,0.030,2,$13.71,1.62,$9.87,$9.01,9.54,$20.16
NWSA,News Corp.,0.030,2,$24.83,2.32,$30.97,$22.11,40.07,$31.66
TTC,Toro Co.,0.030,2,$97.42,2.39,$99.03,$66.72,48.43,$104.28
ZBRA,Zebra Technologies Corp.,0.030,2,$263.26,2.42,$356.45,$199.05,79.08,$386.23
PEG,Public Serv. Enterprise Inc.,0.030,2,$81.16,2.42,$73.19,$72.53,0.91,$86.18
LAZ,Lazard Inc.,0.030,2,$41.94,2.41,$43.64,$37.82,15.39,$57.45
CHRW,C.H. Robinson Worldwide,0.030,2,$188.34,1.33,$150.39,$122.31,22.96,$210.33
NXT,Nextracker Inc Cl A,0.030,1,,2.49,$85.44,$64.30,32.88,$163.13
ESRT,Empire State Realty Trust Inc.,0.030,1,,2.45,$4.59,$4.59,0.00,$7.90
OCSL,Oaktree Specialty Lending Corp,0.030,1,,2.49,$13.02,$10.33,26.04,$13.25
CSL,Carlisle Companies,0.029,4,$362.75,1.62,$356.53,$290.64,22.67,$428.80
DPC,Dpc Holdings Plc,0.029,4,$49.06,2.27,$44.08,$42.50,3.72,$57.25
BMRN,BioMarin Pharmaceutical Inc.,0.029,3,$57.22,1.24,$64.67,$49.26,31.28,$70.98
SUI,Sun Communities Inc.,0.029,3,$119.91,1.75,$122.92,$113.81,8.00,$135.36
CPRI,Capri Holdings Ltd,0.029,2,$18.57,2.29,$13.50,$13.05,3.45,$28.27
PTEN,Patterson-UTI Energy Inc.,0.029,1,,2.41,$12.43,$4.93,152.13,$12.96
VSEC,VSE Corp.,0.028,3,$228.50,2.18,$215.82,$154.36,39.82,$247.85
WST,West Pharmaceutical Services,0.028,2,$358.99,1.85,$337.47,$223.52,50.98,$385.75
PBH,Prestige Consumer Healthcare,0.028,2,$47.27,2.29,$52.47,$42.62,23.11,$71.07
AMLP,Alerian MLP ETF,0.028,1,,2.26,$55.24,$41.24,33.95,$55.51
MNST,Monster Beverage Corp.,0.028,1,,2.28,$46.86,$30.88,51.75,$50.17
FDXF,FedEx Freight Holding Co.,0.027,5,$151.00,1.02,$133.45,$127.65,4.54,$200.00
VEA,Vanguard FTSE Developed ETF,0.027,5,$71.25,1.63,$73.06,$56.19,30.02,$74.04
BLCO,Bausch + Lomb Corp,0.027,3,$16.56,1.51,$17.15,$13.77,24.55,$18.92
DINO,HF Sinclair Corp.,0.027,3,$69.65,1.99,$99.71,$44.66,123.26,$100.13
NESR,National Energy Services Reunited Corp.,0.027,3,$29.93,2.18,$34.44,$9.10,278.46,$36.94
GLIBK,GCI Liberty Inc. Series C,0.027,2,$21.56,2.18,$26.01,$19.30,34.77,$41.18
EXP,Eagle Materials Inc.,0.027,2,$225.00,2.21,$197.56,$171.79,15.00,$245.53
COIN,Coinbase Global Inc.,0.027,1,,2.24,$178.64,$139.11,28.42,$402.16
HLF,Herbalife Nutrition Ltd.,0.027,1,,2.25,$12.43,$7.56,64.42,$20.40
BOKF,BOK Financial Corp.,0.027,1,,2.25,$137.48,$100.84,36.33,$146.20
FAF,First Amer'n Corp.,0.027,1,,2.21,$74.47,$55.74,33.60,$79.87
ATGE,Adtalem Global Education,0.027,1,,2.20,,,,
KSPI,Jsc Kaspi.kz ADR,0.026,7,$86.62,0.96,$106.29,$65.63,61.95,$109.94
TFC,Truist Financial Corp.,0.026,4,$49.82,2.06,$50.43,$39.11,28.94,$54.51
ITRN,Ituran Location & Control Ltd.,0.026,3,$61.01,1.93,$50.78,$30.68,65.51,$67.77
FOSL,Fossil Inc.,0.026,2,$4.14,2.10,$5.35,$1.70,214.71,$6.25
GNTX,Gentex Corp.,0.026,2,$25.27,2.09,$22.67,$20.26,11.90,$28.80
CDW,CDW Corp.,0.026,2,$140.64,1.09,$147.69,$96.09,53.70,$168.13
DOX,Amdocs Ltd.,0.026,2,$50.54,2.07,$62.91,$49.24,27.76,$83.39
BBIO,BridgeBio Pharma Inc.,0.026,2,$74.48,2.11,$76.60,$48.78,57.03,$93.42
AIG,American International Group,0.026,2,$74.53,2.02,$76.93,$70.36,9.34,$86.21
FLS,Flowserve Corp.,0.026,2,$74.16,2.10,$80.33,$48.28,66.38,$91.86
BKV,Bkv Corporation,0.026,1,,2.17,$24.23,$20.08,20.67,$32.81
DHT,DHT Holdings Inc.,0.026,1,,2.13,$19.66,$9.43,108.48,$20.62
DVA,DaVita HealthCare Partners,0.026,1,,2.15,$180.68,$101.00,78.89,$247.49
TECK,Teck Resources,0.026,1,,2.14,$69.34,$31.45,120.48,$71.93
NFG,National Fuel Gas,0.026,1,,2.15,$82.97,$74.64,11.16,$96.03
VAC,Marriott Vacations Worldwide,0.026,1,,2.16,$110.09,$43.02,155.90,$131.34
SPCX,Space Exploration Technologies Corp.,0.025,5,$170.86,0.67,$141.50,$104.83,34.98,$225.64
BUD,Anheuser-Busch InBev,0.025,4,$82.40,1.27,$80.13,$56.78,41.12,$86.60
VOYA,Voya Financial Inc.,0.025,3,$90.53,1.08,$102.55,$63.83,60.66,$103.36
KVUE,Kenvue Inc,0.025,3,$19.11,1.90,$19.17,$13.38,43.27,$19.91
VSNT,Versant Media Group Inc.,0.025,3,$36.01,1.77,$41.02,$26.61,54.15,$45.11
MAA,Mid-America Apt Communties,0.025,2,$138.94,2.00,$129.61,$117.48,10.33,$142.76
COTY,Coty Inc.,0.025,2,$2.16,2.00,$2.85,$1.82,56.59,$4.56
ATI,Allegheny Technologies Inc.,0.025,2,$197.10,1.39,$210.76,$74.45,183.09,$243.57
ISRG,Intuitive Surgical Inc.,0.025,2,$397.68,1.53,$372.60,$328.57,13.40,$603.88
EOG,EOG Resources,0.025,2,$129.73,1.99,$143.35,$99.12,44.62,$153.67
SJM,J.M. Smucker Co,0.025,2,$112.50,2.02,$132.34,$86.47,53.05,$135.89
INSM,Insmed Inc.,0.025,1,,2.07,$118.54,$90.39,31.14,$212.75
FBTC,Fidelity Wise Origin Bitcoin,0.025,1,,2.07,$67.44,$50.48,33.60,$110.25
KBR,KBR Inc.,0.025,1,,2.07,$38.03,$29.80,27.62,$51.56
SHEN,Shenandoah Telecommunications Co.,0.025,1,,2.06,$12.46,$9.67,28.85,$17.35
BIDU,Baidu Inc.,0.024,4,$114.29,1.98,$97.12,$89.60,8.39,$165.30
MTB,M&T Bank Corp.,0.024,3,$238.01,1.52,$237.29,$170.99,38.77,$255.95
WRBY,Warby Parker Inc.,0.024,3,$30.34,1.89,$25.00,$14.96,67.11,$31.00
AXTA,Axalta Coating Systems Ltd.,0.024,2,$34.22,1.18,$37.02,$24.94,48.44,$38.61
UHS,Universal Health Services Inc.,0.024,2,$148.69,1.12,$171.66,$140.08,22.54,$245.55
PR,Permian Resources Corp.,0.024,2,$18.41,1.97,$22.70,$11.60,95.69,$24.09
ANET,Arista Networks Inc.,0.024,2,$169.88,1.94,$195.38,$114.52,70.61,$214.89
ECPG,Encore Capital Group Inc.,0.024,1,,1.94,$98.94,$39.95,147.66,$104.98
COLD,Americold Realty Trust,0.024,1,,1.98,$15.01,$9.59,56.52,$16.88
JXN,Jackson Financial Inc.,0.024,1,,1.94,$134.16,$87.44,53.43,$137.99
FCX,Freeport-McMoran Inc.,0.024,1,,2.00,$76.45,$34.78,119.81,$80.24
SPB,Spectrum Brands Holdings Inc.,0.023,4,$85.75,1.23,$88.68,$48.72,82.02,$98.53
LAMR,Lamar Advertising Co.,0.023,3,$155.98,1.64,$150.38,$110.33,36.30,$166.33
CAG,Conagra Brands Inc.,0.023,3,$13.46,1.76,$16.09,$12.39,29.86,$19.59
ADPT,Adaptive Biotechnologies Corp.,0.023,2,$21.45,1.83,$25.19,$12.00,109.92,$26.87
BATRK,Atlanta Braves Holdings Inc. Series C,0.023,2,$51.90,1.64,$50.55,$37.76,33.87,$54.46
AGX,Argan Inc.,0.023,2,$798.55,1.80,$417.74,$196.06,113.07,$805.09
PANW,Palo Alto Networks,0.023,2,$341.02,1.88,$371.59,$139.57,166.24,$398.88
WEC,WEC Energy Group,0.023,1,,1.92,$106.22,$100.35,5.85,$118.87
SHC,Sotera Health Co,0.023,1,,1.88,$19.27,$13.09,47.21,$19.85
PDRDF,Pernod Ricard,0.023,1,,1.92,$76.02,$65.28,16.45,$114.95
SWK,Stanley Black & Decker Inc.,0.023,1,,1.92,$97.80,$59.87,63.35,$104.68
WTM,White Mountains Insurance,0.023,1,,1.85,$2135.41,$1647.25,29.63,$2333.00
BYD,Boyd Gaming Corp.,0.023,1,,1.92,$79.47,$75.81,4.83,$91.41
LNT,Alliant Energy,0.023,1,,1.86,$68.03,$61.37,10.85,$78.22
CHRD,Chord Energy,0.023,1,,1.87,$146.00,$80.76,80.78,$153.00
TRV,Travelers Companies Inc.,0.022,4,$330.13,0.71,$369.90,$249.31,48.37,$398.70
ABEV,Ambev S.A.,0.022,3,$3.14,1.81,$2.86,$2.08,37.50,$3.44
HSIC,Henry Schein Inc.,0.022,3,$83.52,1.54,$89.52,$61.95,44.50,$92.18
GILD,Gilead Sciences,0.022,3,$126.34,1.57,$145.68,$106.44,36.87,$155.38
IWF,iShares Russell 1000 Growth ETF,0.022,3,$124.17,1.08,$122.75,$102.14,20.18,$129.03
GHC,Graham Holdings Co.,0.022,2,$1141.45,1.74,$1161.13,$923.50,25.73,$1262.35
IR,Ingersoll Rand Inc.,0.022,2,$81.99,0.92,$78.58,$68.05,15.47,$100.89
ECHO,EchoStar Corp.,0.022,2,$101.50,1.73,$86.84,$56.26,54.35,$147.25
CTVA,Corteva Inc.,0.022,2,$84.69,1.84,$83.90,$60.10,39.60,$90.97
PRMB,Primo Brands Corp,0.022,2,$24.44,1.77,$23.00,$14.04,63.82,$26.08
KRC,Kilroy Realty Corp.,0.022,1,,1.83,$36.21,$26.89,34.66,$42.39
UMBF,UMB Financial Corp.,0.022,1,,1.79,$144.59,$102.27,41.38,$153.32
JD,JD.com Inc.,0.021,5,$25.48,1.17,$28.74,$23.66,21.47,$35.59
ROL,Rollins Inc.,0.021,4,$41.74,0.57,$36.38,$35.81,1.59,$65.40
NTRS,Northern Trust Corp.,0.021,3,$173.84,1.69,$186.79,$119.17,56.74,$195.78
TKR,Timken Co.,0.021,3,$145.31,1.72,$120.82,$69.62,73.54,$145.98
CMCO,Columbus McKinnon Corp.,0.021,2,$15.13,1.71,$18.00,$11.95,50.63,$24.13
WIX,Wix.com Ltd.,0.021,2,$44.27,0.90,$87.62,$40.16,118.18,$190.93
ROK,Rockwell Automation Inc.,0.021,2,$495.08,1.17,$430.86,$328.32,31.23,$495.83
PSKY,Paramount Skydance Corp.,0.021,2,$9.86,0.99,$10.88,$7.62,42.78,$20.57
INGR,Ingredion Inc.,0.021,1,,1.72,$104.62,$93.62,11.75,$126.59
LBTYK,Liberty Global Ltd CL C,0.021,1,,1.74,$10.43,$9.30,12.15,$13.12
VNT,Vontier Corp.,0.021,1,,1.70,$32.76,$27.23,20.31,$48.13
VRSN,Verisign Inc.,0.020,3,$251.56,0.76,$291.93,$206.93,41.08,$311.57
CMI,Cummins Inc.,0.020,3,$713.22,1.05,$564.85,$383.91,47.13,$735.02
XP,XP Inc.,0.020,2,$16.26,1.34,$17.66,$14.80,19.32,$22.83
SD,SandRidge Energy Inc.,0.020,2,$13.70,0.84,$13.96,$10.60,31.70,$17.78
ROG,Rogers Corp.,0.020,2,$163.73,1.61,$125.52,$75.14,67.05,$169.00
CLB,Core Laboratories Inc.,0.020,1,,1.63,$12.36,$9.78,26.38,$20.32
ACGL,Arch Capital Group Ltd.,0.020,1,,1.67,$98.84,$82.45,19.88,$107.09
TGT,Target Corp.,0.019,4,$130.61,1.21,$163.18,$81.20,100.96,$170.75
DEI,Douglas Emmett Inc.,0.019,3,$11.80,1.30,$11.76,$8.79,33.79,$15.90
HP,Helmerich & Payne,0.019,2,$32.75,1.46,$42.55,$18.95,124.54,$45.00
VYM,Vanguard High Dvd Yield ETF,0.019,2,$158.03,1.42,$164.25,$134.19,22.40,$167.61
LLYVA,Liberty Media Corp. Series A Live,0.019,2,$101.26,1.41,$99.89,$77.12,29.53,$106.06
ST,Sensata Technologies Holding,0.019,2,$47.74,1.27,$41.03,$27.92,46.96,$53.75
LILAK,Liberty LiLAC Group C,0.019,1,,1.56,$8.48,$4.76,78.15,$8.84
HAE,Haemonetics Corp.,0.019,1,,1.54,$103.96,$47.32,119.70,$109.57
DNOW,NOW Inc.,0.018,4,$12.97,0.67,$15.93,$10.94,45.61,$17.26
BNS,Bank of Nova Scotia,0.018,3,$86.81,1.18,$92.39,$59.07,56.41,$94.96
AR,Antero Resources,0.018,2,$35.14,1.42,$38.45,$29.10,32.13,$45.75
ADM,Archer-Daniels-Midland,0.018,2,$76.40,0.88,$81.54,$54.00,51.00,$87.90
VSAT,Viasat Inc.,0.018,2,$89.81,1.50,$67.37,$26.10,158.12,$93.03
SKY,Skyline Champion Corp.,0.018,2,$88.12,1.42,$90.22,$63.69,41.65,$99.17
AMH,American Homes 4 Rent,0.018,2,$33.52,1.40,$33.54,$26.95,24.45,$35.07
LHX,L3Harris Technologies Inc.,0.018,2,$290.59,1.49,$262.82,$258.54,1.66,$376.39
FG,F&G Annuities & Life Inc.,0.018,1,,1.44,$23.99,$20.16,19.00,$34.42
EQX,Equinox Gold Corp,0.018,1,,1.47,$12.99,$8.21,58.22,$18.88
CRWV,Coreweave Inc Cl A,0.018,1,,1.44,$84.23,$60.55,39.11,$153.20
SWX,Southwest Gas Holdings Inc.,0.018,1,,1.51,$89.10,$74.40,19.76,$93.81
PAYC,Paycom Software Inc.,0.017,3,$125.68,0.70,$238.53,$104.16,129.00,$242.50
FDS,FactSet Research Systems,0.017,3,$230.08,0.65,$308.98,$183.16,68.69,$371.83
BKD,Brookdale Senior Living Inc.,0.017,3,$16.09,1.27,$11.72,$7.29,60.77,$17.09
AMP,Ameriprise Financial Inc.,0.017,3,$458.73,0.90,$559.32,$419.52,33.32,$572.56
CTAS,Cintas Corp.,0.017,3,$170.08,1.38,$204.18,$160.31,27.37,$218.60
BXP,BXP Inc.,0.017,3,$66.31,1.04,$69.32,$48.54,42.81,$75.95
RRX,Regal Rexnord Corp.,0.017,2,$238.19,1.43,$157.43,$127.19,23.78,$247.80
ITIC,Investors Title Co.,0.017,2,$273.68,0.96,$299.34,$208.91,43.29,$309.55
MMYT,MakeMyTrip Ltd,0.017,2,$53.29,1.39,$59.02,$32.67,80.66,$103.24
NAMS,Newamsterdam Pharma Co Nv,0.017,2,$33.89,1.00,$25.90,$23.05,12.36,$42.21
PINS,Pinterest Inc.,0.017,2,$21.03,1.14,$23.19,$13.84,67.56,$38.57
MANE,Veradermics Inc,0.017,2,$122.94,0.88,$97.93,$32.00,206.03,$131.24
EXPE,Expedia Group Inc.,0.017,2,$255.88,1.43,$329.44,$184.28,78.77,$341.51
DGX,Quest Diagnostics,0.017,2,$212.00,1.42,$242.76,$168.97,43.67,$247.19
JBLU,JetBlue Airways Corp.,0.017,1,,1.43,$4.80,$3.87,24.03,$6.62
STUB,Stubhub Holdings Inc Class A,0.017,1,,1.39,$6.55,$5.74,14.11,$27.89
FSV,Firstservice Corp,0.017,1,,1.41,$141.54,$119.15,18.79,$208.07
MATW,Matthews Intl Corp. A,0.017,1,,1.37,$20.93,$20.87,0.29,$30.32
ALX,Alexander's Inc.,0.017,1,,1.42,$270.19,$190.65,41.72,$284.73
AKAM,Akamai Technologies Inc.,0.017,1,,1.40,$107.47,$70.82,51.75,$165.45
NTES,NetEase.com Inc.,0.016,3,$128.14,0.80,$122.76,$105.44,16.43,$156.41
POOL,Pool Corp.,0.016,2,$214.93,1.06,$188.07,$171.55,9.63,$327.90
GSHD,Goosehead Insurance Inc.,0.016,2,$48.50,0.87,$71.26,$33.68,111.58,$87.24
FUL,H.B. Fuller Co.,0.016,2,$58.29,1.30,$56.35,$48.30,16.67,$68.05
RGA,Reinsurance Group of America Inc.,0.016,2,$212.65,1.33,$245.54,$175.13,40.20,$250.00
PRM,Perimeter Solutions SA,0.016,2,$35.65,1.11,$30.62,$19.70,55.43,$38.17
SHAZ,Sharonai Holdings Inc,0.016,2,$84.66,0.65,$52.37,$1.90,2656.32,$178.00
NOC,Northrop Grumman Corp.,0.016,2,$509.32,1.24,$545.57,$479.02,13.89,$770.61
BAM,Brookfield Asset Management,0.016,2,$44.85,0.75,$52.12,$41.77,24.78,$60.77
UPBD,Upbound Group Inc.,0.016,1,,1.29,$19.22,$14.83,29.60,$25.85
OSG,Octave Specialty Group Inc.,0.016,1,,1.34,$4.64,$3.88,19.59,$10.38
ACIW,ACI Worldwide Inc.,0.016,1,,1.28,$53.83,$38.05,41.47,$61.08
SAM,Boston Beer Company,0.016,1,,1.35,$183.13,$158.68,15.41,$264.46
AZO,AutoZone Inc.,0.016,1,,1.34,$2961.96,$2902.20,2.06,$4388.11
NICE,Nice Ltd Spon ADR,0.016,1,,1.32,$108.84,$83.10,30.97,$153.68
NVS,Novartis AG,0.015,5,$156.73,0.84,$153.81,$118.00,30.35,$165.46
FITB,Fifth Third Bancorp,0.015,3,$56.37,0.65,$54.54,$39.08,39.56,$59.50
NTR,Nutrien Ltd.,0.015,2,$62.95,1.04,$73.51,$51.72,42.13,$83.98
WRB,W.R. Berkley Corp.,0.015,2,$70.53,1.21,$68.44,$62.31,9.84,$77.45
DLR,Digital Realty Trust Inc.,0.015,2,$179.58,1.18,$185.47,$144.28,28.55,$207.47
ARLP,Alliance Resource Partners LP,0.015,2,$23.98,1.06,$26.18,$20.15,29.93,$28.08
MKTX,MarketAxess Holdings Inc.,0.015,2,$113.50,1.25,$162.72,$108.23,50.35,$193.95
CALM,Cal-Maine Foods Inc.,0.015,2,$80.56,1.18,$80.21,$70.97,13.02,$113.27
CRK,Comstock Resources Inc.,0.015,1,,1.26,$14.29,$12.12,17.90,$28.10
MTH,Meritage Homes Corp.,0.015,1,,1.26,$71.06,$57.65,23.26,$85.38
PB,Prosperity Bancshares Inc.,0.015,1,,1.19,$72.30,$59.51,21.49,$75.87
OPCH,Option Care Health Inc.,0.015,1,,1.26,$23.90,$18.01,32.70,$36.80
YPF,YPF S.A.,0.015,1,,1.19,$50.20,$22.82,119.98,$57.49
CLW,Clearwater Paper Corp.,0.015,1,,1.26,$20.82,$11.73,77.49,$23.59
DOLE,Dole Food Company,0.015,1,,1.25,$13.78,$12.30,12.03,$16.38
HLN,Haleon Plc ADR,0.014,5,$9.33,0.73,$10.11,$8.54,18.38,$11.06
IVV,Ishares Core S&P 500 ETF,0.014,3,$748.90,0.86,$773.00,$630.45,22.61,$783.09
GD,General Dynamics,0.014,3,$354.24,1.05,$379.32,$305.43,24.19,$400.00
BCS,Barclays plc ADR,0.014,2,$26.86,1.16,$26.86,$18.85,42.49,$28.37
SBAC,SBA Communications Corp.,0.014,2,$176.46,1.14,$190.95,$160.33,19.10,$221.58
SUPN,Supernus Pharmaceuticals,0.014,1,,1.14,$43.73,$42.45,3.02,$59.68
VLO,Valero Energy,0.014,1,,1.12,$352.36,$146.98,139.73,$353.00
ICFI,ICF International Inc.,0.014,1,,1.15,$90.22,$58.71,53.67,$100.91
ALG,Alamo Group Inc.,0.014,1,,1.11,$165.27,$145.46,13.62,$219.00
ADT,ADT Inc.,0.014,1,,1.16,$7.54,$6.15,22.60,$8.73
JAZZ,Jazz Pharmaceuticals plc,0.013,2,$240.97,1.10,$244.54,$123.88,97.40,$266.38
AXS,Axis Capital Holdings Ltd.,0.013,2,$107.44,1.00,$99.52,$86.98,14.42,$119.99
TAC,TransAlta Corp.,0.013,2,$13.83,1.10,$12.19,$11.34,7.50,$17.69
ABR,Arbor Realty Trust Inc.,0.013,2,$5.42,0.78,$5.06,$4.58,10.48,$11.02
FMS,Fresenius Medical Care AG & Co KCaG,0.013,2,$22.61,1.00,$23.10,$19.24,20.06,$26.57
VMRK,Vivmark Residential,0.013,2,$67.93,1.07,$65.54,$56.30,16.41,$71.50
COMP,Compass Inc.,0.013,2,$12.33,0.66,$10.97,$6.37,72.21,$13.96
FOXA,Fox Corporation,0.013,2,$52.16,0.76,$68.42,$48.34,41.54,$76.02
CASH,Meta Financial Group Inc.,0.013,1,,1.10,$81.50,$65.75,23.95,$101.20
HWM,Howmet Aerospace Inc.,0.013,1,,1.06,$264.85,$170.46,55.37,$309.85
AGCO,AGCO Corp.,0.013,1,,1.06,$113.39,$98.22,15.44,$142.68
MNRO,Monro Inc.,0.013,1,,1.05,$12.96,$10.82,19.78,$22.69
RWAY,Runway Growth Finance Corp,0.013,1,,1.04,$6.59,$4.94,33.40,$9.15
CPRX-OLD,Catalyst Pharmaceuticals Inc.,0.013,1,,1.06,$31.50,$19.05,65.35,$32.56
MSTR,MicroStrategy Inc.,0.013,1,,1.03,$127.31,$81.81,55.62,$365.21
COLL,Collegium Pharmaceutical Inc.,0.013,1,,1.06,$25.35,$25.16,0.76,$50.79
MYRG,MYR Group Inc.,0.013,1,,1.05,$294.42,$171.51,71.66,$503.57
G,Genpact Ltd.,0.012,5,$27.50,0.44,$38.02,$26.85,41.60,$48.12
SNY,Sanofi Aventis,0.012,4,$42.66,0.63,$44.82,$40.89,9.61,$49.91
DOW,Dow Inc.,0.012,3,$27.36,1.00,$30.51,$19.91,53.24,$42.31
TREX,Trex Company Inc.,0.012,2,$50.04,0.91,$45.77,$29.77,53.75,$66.06
EXR,Extra Space Storage Inc.,0.012,2,$145.30,0.93,$142.91,$121.45,17.67,$158.88
BKR,Baker Hughes Co.,0.012,2,$55.50,1.01,$62.41,$43.24,44.33,$69.92
NE,Noble Corp.,0.012,2,$37.30,0.86,$45.76,$25.73,77.85,$54.39
DAR,Darling Ingredients Inc.,0.012,2,$54.62,0.96,$64.32,$29.15,120.65,$69.98
KN,Knowles Corp.,0.012,2,$41.48,0.94,$34.23,$20.57,66.41,$42.93
CRDO,Credo Technology Group Holdi,0.012,2,$271.95,1.00,$232.75,$86.49,169.11,$308.67
KALU,Kaiser Aluminum Corp.,0.012,2,$195.62,0.93,$156.38,$71.41,118.99,$199.89
GL,Globe Life Inc.,0.012,2,$178.68,0.71,$172.79,$127.06,35.99,$191.55
UGI,UGI Corp.,0.012,2,$34.54,0.99,$38.01,$30.66,23.97,$40.48
XMTR,Xometry Inc.,0.012,1,,0.95,$94.11,$35.86,162.44,$106.08
SMG,Scotts Miracle-Gro Co.,0.012,1,,0.96,$60.43,$49.95,20.98,$74.53
PBF,PBF Energy Inc.,0.012,1,,0.95,$71.28,$25.16,183.31,$75.68
FWONA,Liberty Media Corp Formula One Series A,0.012,1,,0.95,$93.42,$73.70,26.76,$99.52
WCN,Waste Connections,0.012,1,,0.99,$165.93,$146.58,13.20,$183.75
BBW,Build-A-Bear Workshop Inc.,0.012,1,,0.97,$29.85,$27.50,8.55,$74.33
IVZ,Invesco Ltd,0.012,1,,1.01,$32.86,$20.03,64.05,$33.66
BATRA,Atlanta Braves Holdings Inc. Series A,0.012,1,,1.01,$55.72,$41.50,34.27,$58.37
FOA,Finance Of America Companies Inc.,0.012,1,,1.00,$18.03,$15.77,14.33,$29.79
MDB,MongoDB Inc.,0.012,1,,0.99,$446.62,$215.68,107.08,$473.10
EDU,New Oriental Education & Technology,0.012,1,,0.99,$58.83,$44.25,32.95,$64.22
YMM,Full Truck Alliance Spn ADR,0.012,1,,0.96,$8.81,$7.38,19.38,$13.69
VTOL,Bristow Group Inc.,0.012,1,,0.95,$43.73,$34.73,25.91,$50.10
SU,Suncor Energy Inc.,0.011,4,$53.69,0.71,$65.43,$36.86,77.51,$69.83
HRL,Hormel Foods Corp.,0.011,3,$24.82,0.77,$21.57,$19.47,10.79,$26.43
ACMR,ACM Research Inc.,0.011,3,$126.89,0.92,$74.42,$26.10,185.13,$127.19
AUR,Aurora Innovation Inc.,0.011,3,$6.82,0.72,$5.83,$3.60,61.94,$8.57
SOFI,SoFi Technologies Inc.,0.011,2,$17.93,0.90,$18.06,$14.88,21.37,$32.73
PHG,Koninklijke Philips Electronics NV,0.011,2,$27.19,0.90,$26.72,$23.85,12.03,$32.18
AM,Antero Midstream Corp.,0.011,2,$22.75,0.90,$22.29,$16.41,35.83,$23.35
AAP,Advance Auto Parts,0.011,2,$62.22,0.80,$42.90,$37.33,14.92,$64.62
W,Wayfair Inc.,0.011,2,$92.42,0.90,$103.76,$55.60,86.62,$119.98
ELAN,Elanco Animal Health Inc.,0.011,2,$24.61,0.87,$24.11,$17.11,40.91,$27.98
LZAGY,Lonza Group Ag Unspon ADR,0.011,1,,0.92,$73.15,$57.99,26.14,$74.36
NWL,Newell Brands Inc.,0.011,1,,0.87,$6.17,$2.91,112.03,$7.13
CZR,Caesars Entertainment,0.011,1,,0.89,$29.73,$17.86,66.46,$30.88
KD,Kyndryl Holdings Inc,0.011,1,,0.87,$13.20,$10.10,30.69,$33.90
AAON,AAON Inc.,0.011,1,,0.87,$75.87,$73.05,3.86,$150.36
COST,Costco Co.,0.010,7,$935.41,0.35,$945.47,$840.35,12.51,$1094.76
SHEL,Shell plc,0.010,5,$77.54,0.59,$90.91,$66.79,36.11,$94.70
IJR,Ishares Core S&P Small Cap E,0.010,3,$148.32,0.84,$145.58,$110.97,31.19,$150.69
LIND,Lindblad Expeditions Hldgs Inc.,0.010,2,$28.24,0.78,$29.59,$11.37,160.25,$35.00
VBIL,Vanguard 0 3m T Bill ETF,0.010,2,$75.68,0.58,$75.70,$72.95,3.77,$75.71
DT,Dynatrace Inc.,0.010,2,$43.92,0.43,$53.67,$31.64,69.63,$54.61
GFI,Gold Fields Ltd.,0.010,2,$33.59,0.63,$45.96,$31.03,48.11,$59.90
KR,Kroger Co.,0.010,2,$55.53,0.72,$57.72,$53.78,7.33,$75.66
TEM,Tempus Ai Inc,0.010,2,$57.93,0.77,$64.04,$40.77,57.08,$104.32
BCO,Brink's Co.,0.010,1,,0.86,$110.97,$90.86,22.13,$135.75
SLDE,Slide Insurance Holdings Inc,0.010,1,,0.84,$23.48,$12.49,87.99,$23.75
EEFT,Euronet Worldwide Inc.,0.010,1,,0.81,$69.95,$62.50,11.92,$94.21
WAL,Western Alliance Bancorp,0.010,1,,0.81,$78.53,$65.11,20.61,$95.75
NDAQ,Nasdaq Inc.,0.010,1,,0.85,$99.31,$76.55,29.73,$101.10
QLYS,Qualys Inc.,0.010,1,,0.86,$187.05,$74.51,151.04,$201.54
VNO,Vornado Realty Trust,0.010,1,,0.83,$38.20,$24.57,55.47,$42.43
TIC,Acuren Corporation,0.010,1,,0.83,$9.56,$6.36,50.31,$14.94
PCVX,Vaxcyte Inc.,0.010,1,,0.85,$59.84,$30.32,97.36,$65.00
CFG,Citizens Financial Group Inc.,0.010,1,,0.82,$69.71,$46.55,49.75,$75.33
CET,Central Securities Corp.,0.010,1,,0.85,$54.80,$46.85,16.97,$55.99
BRBR,BellRing Brands Inc. CL A,0.010,1,,0.84,$10.69,$7.82,36.70,$43.02
DUSA,Davis Select Us Equity ETF,0.010,1,,0.82,$56.91,$46.06,23.56,$58.53
CIGI,Colliers International Group Inc.,0.009,4,$93.70,0.60,$102.93,$88.24,16.65,$171.06
IWR,Ishares Russell Mid Cap ETF,0.009,3,$110.27,0.53,$112.28,$90.78,23.68,$114.97
MLKN,MillerKnoll Inc.,0.009,3,$20.46,0.52,$23.13,$13.23,74.83,$24.51
RJF,Raymond James Financial Inc.,0.009,2,$152.03,0.75,$179.36,$138.33,29.66,$182.73
CFR,Cullen Frost Bankers,0.009,2,$154.52,0.71,$161.69,$116.34,38.98,$170.80
AVB-OLD,AvalonBay Communities,0.009,2,$188.69,0.72,$184.30,$157.12,17.30,$198.63
MPWR,Monolithic Power Systems,0.009,2,$1382.24,0.76,$1256.26,$795.40,57.94,$1711.48
HPQ,HP Inc.,0.009,2,$21.93,0.49,$30.52,$17.07,78.79,$32.19
OCFC,OceanFirst Financial Corp.,0.009,1,,0.77,$18.88,$16.44,14.84,$20.12
FR,First Industrial Realty Trust Inc.,0.009,1,,0.76,$61.94,$49.03,26.33,$69.88
EME,Emcor Group,0.009,1,,0.74,$740.17,$564.01,31.23,$951.47
PSUS,Pershing Square Usa Ltd,0.009,1,,0.77,$39.41,$35.71,10.36,$44.00
HAS,Hasbro Inc.,0.009,1,,0.73,$94.23,$67.33,39.95,$104.60
RIOT,Riot Blockchain Inc.,0.009,1,,0.70,$18.99,$11.50,65.13,$30.32
CTRN,Citi Trends Inc.,0.009,1,,0.74,$67.25,$29.60,127.20,$77.91
MMM,3M Co.,0.008,4,$161.92,0.52,$174.34,$138.02,26.32,$184.09
BMI,Badger Meter Inc.,0.008,3,$148.38,0.31,$135.61,$111.36,21.78,$201.67
TROW,T. Rowe Price Group,0.008,3,$113.63,0.30,$111.24,$84.21,32.10,$122.00
ITW,Illinois Tool Works,0.008,2,$270.47,0.67,$280.10,$234.38,19.51,$301.92
TTE,TotalEnergies SE,0.008,2,$77.76,0.69,$86.35,$56.15,53.78,$93.00
BTDR,Bitdeer Technologies Group A,0.008,2,$15.87,0.68,$10.32,$6.92,49.13,$27.80
RELX,RELX plc,0.008,2,$31.67,0.61,$36.54,$26.84,36.14,$47.13
KT,KT Corp.,0.008,2,$17.28,0.37,$19.63,$17.13,14.59,$24.58
LXU,LSB Industries Inc.,0.008,2,$10.81,0.66,$10.39,$7.71,34.76,$17.22
FIGR,Figure Technology Solut Cl A,0.008,1,,0.65,$36.05,$24.11,49.52,$78.00
AD,Array Digital Infrastructure Inc.,0.008,1,,0.67,$36.00,$28.86,24.74,$46.04
KRYS,Krystal Biotech Inc.,0.008,1,,0.67,$351.46,$136.73,157.05,$382.54
BXC,BlueLinx Holdings Inc.,0.008,1,,0.64,$79.42,$44.78,77.36,$93.80
TX,Ternium S.A.,0.008,1,,0.65,$54.84,$30.42,80.28,$58.24
SBSI,Southside Bancshares Inc.,0.008,1,,0.66,$31.88,$25.12,26.91,$35.79
DMAC,DiaMedica Therapeutics Inc.,0.008,1,,0.68,$6.39,$5.14,24.32,$10.42
AGO,Assured Guaranty Ltd.,0.008,1,,0.63,$75.53,$72.39,4.34,$91.07
KRSP,Rice Acquisition Corp 3 A,0.008,1,,0.67,$10.60,$10.21,3.82,$11.89
HKHGF,Hongkong Land Holdings Ltd,0.008,1,,0.63,$8.56,$5.56,53.96,$8.63
NWG,NatWest Group Plc,0.008,1,,0.67,$18.38,$12.79,43.71,$19.21
ZD,Ziff Davis Inc.,0.008,1,,0.63,$55.82,$22.45,148.64,$58.06
IPGP,IPG Photonics Corp.,0.008,1,,0.65,$76.53,$69.41,10.26,$155.82
D,Dominion Energy Inc.,0.008,1,,0.65,$65.55,$54.72,19.79,$72.99
MMS,MAXIMUS Inc.,0.008,1,,0.64,$59.75,$52.42,13.98,$98.42
CLX,Clorox Co.,0.007,5,$95.44,0.24,$102.53,$83.72,22.47,$125.83
VTV,Vanguard Value ETF,0.007,3,$217.93,0.60,$225.29,$177.14,27.18,$228.57
TDY,Teledyne Technologies,0.007,3,$666.90,0.56,$621.96,$483.02,28.76,$697.67
MTD,Mettler-Toledo International Inc.,0.007,2,$1277.67,0.32,$1398.58,$1023.05,36.71,$1525.17
EQNR,Equinor ASA,0.007,2,$31.40,0.57,$41.39,$21.54,92.15,$43.17
ING,ING Group NV,0.007,2,$31.38,0.58,$35.24,$22.47,56.83,$35.98
BAH,Booz Allen Hamilton Hldg Corp.,0.007,2,$60.67,0.56,$75.24,$59.05,27.42,$107.37
TNC,Tennant Co.,0.007,2,$87.54,0.55,$69.58,$59.89,16.18,$91.93
AXSM,Axsome Therapeutics Inc.,0.007,2,$244.77,0.54,$199.02,$112.90,76.28,$260.19
SRTA,Strata Critical Medical Inc.,0.007,2,$5.27,0.58,$5.97,$3.85,55.06,$6.50
EPAM,EPAM Systems Inc.,0.007,1,,0.54,$114.80,$73.06,57.13,$222.53
EXPD,Expeditors Int'l,0.007,1,,0.54,$190.97,$111.78,70.84,$192.28
WVE,Wave Life Sciences Ltd.,0.007,1,,0.54,$5.04,$5.01,0.60,$21.73
AS,Amer Sports Inc,0.007,1,,0.57,$31.05,$28.92,7.37,$42.76
ANDG,Andersen Group Inc A,0.007,1,,0.61,$55.72,$18.12,207.51,$57.13
RAL,Ralliant Corp.,0.007,1,,0.54,$61.71,$37.20,65.89,$75.41
VYX,NCR Voyix Corp.,0.007,1,,0.56,$8.78,$6.02,45.85,$13.62
QMCO,Quantum Corp.,0.007,1,,0.59,$22.26,$4.19,431.26,$27.80
FSLR,First Solar Inc.,0.007,1,,0.57,$204.46,$182.99,11.73,$320.95
MMSI,Merit Medical Systems Inc.,0.007,1,,0.61,$90.49,$59.74,51.47,$94.75
TMUS,T-Mobile US Inc.,0.007,1,,0.56,$181.37,$164.71,10.11,$253.31
PAYP,Paypay Corp,0.007,1,,0.55,$15.28,$12.07,26.59,$24.89
BLTE,Belite Bio Inc ADR,0.007,1,,0.55,$151.72,$62.18,144.00,$200.00
GCMG,Gcm Grosvenor Inc Class A,0.007,1,,0.54,$13.72,$9.20,49.13,$14.87
WLTH,Wealthfront Corp,0.007,1,,0.57,$9.25,$7.20,28.47,$14.88
UL,Unilever PLC,0.006,5,$60.12,0.22,$65.07,$53.97,20.57,$73.09
TIGO,Millicom Intl Cellular S.a.,0.006,3,$90.76,0.39,$93.38,$41.60,124.47,$107.13
RNR,RenaissanceRe Holdings Ltd.,0.006,3,$316.90,0.32,$330.74,$230.19,43.68,$335.97
PBR.A,Petroleo Brasil Sp Pref ADR,0.006,2,$14.64,0.49,$16.77,$10.25,63.61,$19.35
PUK,Prudential Plc ADR,0.006,2,$26.81,0.49,$27.65,$24.61,12.35,$33.59
VLTO,Veralto Corp.,0.006,2,$88.68,0.48,$98.56,$79.91,23.34,$109.28
QRVO,Qorvo Inc.,0.006,2,$93.27,0.51,$94.73,$74.92,26.44,$109.49
HWKN,Hawkins Inc.,0.006,2,$142.10,0.45,$120.35,$116.05,3.71,$185.12
CX,Cemex,0.006,2,$12.00,0.50,$10.87,$8.67,25.37,$13.64
CYD,China Yuchai Intl Ltd.,0.006,2,$47.42,0.51,$38.21,$28.09,36.03,$60.28
BEKE,KE Holdings Inc.,0.006,2,$14.53,0.38,$18.32,$13.81,32.66,$20.60
KFY,Korn Ferry,0.006,2,$66.58,0.30,$86.28,$57.98,48.81,$87.51
GLOB,Globant S.A.,0.006,2,$28.94,0.33,$40.52,$27.56,47.02,$72.10
DTE,DTE Energy Co.,0.006,1,,0.53,$135.86,$124.26,9.34,$155.75
ZTO,ZTO Express,0.006,1,,0.48,$21.50,$17.19,25.07,$25.97
NGG,National Grid Plc Sp ADR,0.006,1,,0.53,$79.35,$64.85,22.36,$92.22
CART,Maplebear Inc,0.006,1,,0.51,$50.54,$32.73,54.41,$52.05
FND,Floor & Decor Holdings,0.006,1,,0.46,$53.00,$42.64,24.30,$92.41
WEX,WEX Inc.,0.006,1,,0.47,$197.32,$125.29,57.49,$203.99
SNN,Smith & Nephew plc,0.006,1,,0.49,$28.97,$28.56,1.44,$37.90
NBIX,Neurocrine Biosciences Inc.,0.006,1,,0.49,$154.06,$122.14,26.13,$186.12
MBC,Masterbrand Inc,0.006,1,,0.46,$8.63,$6.61,30.56,$14.22
AIT,Applied Industrial Tech.,0.006,1,,0.53,$322.22,$236.75,36.10,$374.27
BCE,BCE Inc.,0.006,1,,0.51,$23.46,$20.87,12.41,$26.12
PPL,PPL Corp.,0.006,1,,0.49,$34.20,$32.66,4.72,$39.79
IT,Gartner Inc.,0.006,1,,0.49,$198.39,$124.25,59.67,$265.85
AGL,Agilon Health Inc,0.006,1,,0.46,$92.54,$7.48,1137.17,$133.04
TWFG,Twfg Inc,0.006,1,,0.53,$30.01,$16.56,81.22,$31.30
DINT,Davis Select International,0.006,1,,0.48,$30.20,$25.69,17.56,$30.75
THG,Hanover Insurance Group,0.006,1,,0.46,$227.67,$164.23,38.63,$236.07
CRAI,CRA International Inc.,0.006,1,,0.47,$174.99,$131.23,33.35,$224.94
T,AT&T Inc.,0.005,3,$20.70,0.40,$26.01,$19.63,32.50,$28.75
BIL,SPDR Bloomberg 1 3 Month T B,0.005,3,$91.64,0.27,$91.65,$88.38,3.70,$91.66
LPX,Louisiana-Pacific Corp.,0.005,3,$78.66,0.21,$71.26,$65.85,8.22,$99.71
DCI,Donaldson Co.,0.005,3,$89.77,0.38,$91.89,$77.51,18.55,$112.05
ARCO,Arcos Dorados Holdings Inc.,0.005,3,$8.06,0.26,$8.00,$6.38,25.39,$9.67
EMR,Emerson Electric,0.005,3,$143.16,0.26,$155.18,$121.73,27.48,$165.79
FRFHF,Fairfax Financial Holdings Ltd.,0.005,2,$1644.34,0.26,$1647.00,$1500.00,9.80,$1933.22
HALO,Halozyme Therapeutics,0.005,2,$78.26,0.45,$105.35,$61.23,72.06,$109.66
EQPT,Equipmentshare.com Inc A,0.005,2,$19.66,0.38,$17.71,$15.71,12.73,$35.50
IDA,IDACORP Inc. Hldg. Co.,0.005,2,$151.30,0.43,$135.78,$119.22,13.89,$153.97
BWXT,BWX Technologies Inc.,0.005,2,$194.65,0.37,$152.85,$147.74,3.46,$241.12
DFNL,Davis Select Financial ETF,0.005,1,,0.45,$51.79,$42.56,21.69,$53.09
SARO,Standardaero Inc,0.005,1,,0.41,$25.01,$23.83,4.95,$34.48
DWLD,Davis Select Worldwide ETF,0.005,1,,0.38,$47.75,$42.44,12.51,$49.48
SGRY,Surgery Partners Inc.,0.005,1,,0.38,$13.69,$11.41,19.98,$23.44
MEOH,Methanex Corp.,0.005,1,,0.43,$57.67,$31.63,82.33,$66.53
PRG,PROG Holdings Inc.,0.005,1,,0.40,$39.10,$25.48,53.45,$47.57
TAL,TAL Education Group,0.005,1,,0.43,$11.94,$8.88,34.46,$13.37
AQN,Algonquin Power & Utilities,0.005,1,,0.39,$5.66,$5.13,10.33,$6.95
SMPL,Simply Good Foods Co.,0.005,1,,0.42,$10.93,$9.88,10.63,$28.97
CNO,CNO Financial Group Inc.,0.005,1,,0.37,$55.37,$37.76,46.64,$57.59
SION,Sionna Therapeutics Inc,0.005,1,,0.40,$5.87,$4.01,46.38,$54.97
QURE,uniQure NV,0.005,1,,0.38,$48.72,$8.73,458.08,$71.50
FRPH,FRP Holdings Inc.,0.005,1,,0.43,$22.18,$20.53,8.04,$26.01
SMIN,Ishares Msci India Small Cap,0.005,1,,0.42,$71.81,$57.78,24.28,$74.41
SOPH,Sophia Genetics SA,0.005,1,,0.42,$8.14,$3.10,162.58,$8.98
WHR,Whirlpool Corp.,0.005,1,,0.38,$41.15,$35.45,16.08,$94.09
SNDX,Syndax Pharmaceuticals Inc.,0.005,1,,0.43,$19.54,$12.99,50.42,$25.59
ORKA,Oruka Therapeutics Inc,0.005,1,,0.41,$91.15,$14.61,523.89,$115.52
LKFT,Lakefront Biotherapeutics,0.005,1,,0.37,$28.88,$25.68,12.46,$37.78
SUN,Sunoco Inc.,0.005,1,,0.43,$74.65,$45.10,65.52,$78.00
WK,Workiva Inc.,0.005,1,,0.37,$79.15,$43.34,82.63,$97.10
PKG,Packaging Corp. of America,0.005,1,,0.45,$240.39,$187.98,27.88,$259.98
MLCO,Melco Resorts & Entertainment,0.005,1,,0.44,$5.32,$5.07,4.93,$10.15
KGS,Kodiak Gas Services Inc,0.005,1,,0.39,$57.67,$31.37,83.84,$77.10
HAL,Halliburton Co.,0.005,1,,0.39,$36.18,$21.07,71.71,$43.41
HDB,HDFC Bank Ltd.,0.004,5,$25.83,0.12,$23.08,$22.26,3.68,$36.79
VTI,Vanguard Total Stock Mkt ETF,0.004,5,$370.00,0.19,$379.36,$309.51,22.57,$385.12
CCK,Crown Holdings,0.004,4,$111.82,0.19,$118.44,$88.12,34.41,$122.91
ONB,Old National Bancorp,0.004,3,$25.90,0.22,$25.85,$19.04,35.77,$27.36
LBRDA-OLD,Liberty Broadband Corp. CL A,0.004,3,$33.28,0.29,$35.98,$26.14,37.64,$65.40
HPE,Hewlett Packard Enterprise,0.004,3,$45.11,0.34,$52.31,$19.62,166.62,$64.06
SMFG,Sumitomo Mitsui Spons ADR,0.004,2,$23.58,0.36,$25.92,$15.18,70.75,$26.67
HLI,Houlihan Lokey Inc.,0.004,2,$134.13,0.33,$133.02,$112.83,17.89,$209.24
NOVT,Novanta Inc.,0.004,2,$162.28,0.27,$142.20,$98.27,44.70,$176.38
AFL,AFLAC Inc.,0.004,2,$117.24,0.28,$116.52,$102.51,13.67,$129.57
COO,Cooper Cos Inc,0.004,2,$71.72,0.25,$71.17,$58.89,20.85,$89.83
UHAL,U-Haul Holding Co.,0.004,2,$65.44,0.26,$68.59,$41.95,63.50,$76.45
VIST,"Vista Oil & Gas, S.A.B. de C.V.",0.004,2,$63.80,0.35,$70.14,$31.63,121.75,$81.44
FCN,FTI Consulting Inc.,0.004,1,,0.30,$153.74,$137.65,11.69,$189.30
GLPI,Gaming and Leisure Properties Inc.,0.004,1,,0.32,$42.56,$39.81,6.91,$48.30
ALNY,Alnylam Pharmaceuticals,0.004,1,,0.31,$237.10,$197.81,19.86,$495.55
PAGS,PagSeguro Digital Ltd.,0.004,1,,0.31,$8.89,$8.24,7.89,$12.03
COYA,Coya Therapeutics Inc,0.004,1,,0.35,$4.59,$3.71,23.72,$7.75
ZM,Zoom Video Communications Inc.,0.004,1,,0.32,$98.43,$70.70,39.22,$114.74
PCAR,PACCAR Inc.,0.004,1,,0.35,$125.34,$90.03,39.22,$138.87
PIPR,Piper Sandler Companies,0.004,1,,0.36,$75.61,$68.34,10.64,$92.80
TCHP,T Rowe Price Blue Chip Growth ETF,0.004,1,,0.31,$50.74,$42.26,20.07,$53.26
SDGR,SCHRODINGER Inc.,0.004,1,,0.33,$19.70,$10.95,79.91,$23.02
CCU,Compania Cervecerias Unidas SA,0.004,1,,0.30,$12.07,$10.56,14.30,$15.15
MINE,Mayfair Gold Corp,0.004,1,,0.29,$3.08,$2.16,42.59,$4.88
BTSG,Brightspring Health Services,0.004,1,,0.32,$59.13,$22.86,158.66,$73.75
INBX,Inhibrx,0.004,1,,0.30,$123.41,$26.19,371.21,$155.29
SLQT,Selectquote Inc.,0.004,1,,0.32,$0.52,$0.48,8.33,$2.35
AGI,Alamos Gold Inc.,0.004,1,,0.31,$36.75,$27.05,35.86,$55.30
PRDO,Perdoceo Education Corp.,0.004,1,,0.30,$33.57,$26.27,27.79,$38.32
INDA,iShares MSCI India ETF,0.004,1,,0.34,$49.56,$45.21,9.62,$55.50
PHVS,Pharvaris NV,0.004,1,,0.36,$35.32,$20.65,71.04,$38.13
XEL,Xcel Energy Inc.,0.004,1,,0.29,$76.45,$69.16,10.54,$83.22
ATKR,Atkore International Group Inc.,0.004,1,,0.30,$93.60,$53.32,75.54,$93.96
SFM,Sprouts Farmers Market Inc.,0.004,1,,0.35,$81.46,$64.75,25.81,$141.78
EVLV,Evolv Technologies Holdings,0.004,1,,0.34,$5.24,$4.87,7.60,$8.81
GNE,Genie Energy Ltd.,0.004,1,,0.35,$14.86,$12.56,18.31,$15.95
JGRW,Jensen Quality Growth ETF,0.004,1,,0.36,$28.60,$23.56,21.39,$28.96
SWIM,Latham Group Inc,0.004,1,,0.32,$7.08,$4.64,52.59,$8.97
VUG,Vanguard Growth ETF,0.003,6,$86.16,0.13,$88.54,$69.56,27.29,$90.50
SPY,SPDR S&P 500 ETF Trust,0.003,6,$746.85,0.06,$769.35,$627.66,22.57,$779.37
RSP,Invesco S&P 500 Equal Weight,0.003,4,$212.87,0.22,$220.69,$179.92,22.66,$223.44
SNPS,Synopsys Inc.,0.003,4,$446.14,0.16,$442.61,$366.00,20.93,$615.79
VWO,Vanguard FTSE Emerging Marke,0.003,4,$59.69,0.22,$60.79,$49.71,22.29,$61.52
VIG,Vanguard Dividend Apprec ETF,0.003,3,$236.65,0.21,$243.07,$205.38,18.35,$247.45
IWM,iShares Russell 2000 ETF,0.003,3,$300.49,0.25,$295.75,$227.19,30.18,$305.18
ALL,Allstate Corp.,0.003,3,$237.94,0.28,$260.58,$185.28,40.64,$277.22
BC,Brunswick Corp.,0.003,2,$84.24,0.21,$76.64,$57.26,33.85,$88.81
COLB,Columbia Banking System Inc.,0.003,2,$32.05,0.20,$30.07,$22.66,32.70,$33.27
VO,Vanguard Mid Cap ETF,0.003,2,$80.57,0.25,$82.50,$68.69,20.10,$84.59
ASB,Associated Banc-Corp,0.003,2,$30.77,0.18,$30.92,$23.23,33.10,$32.46
SEIC,SEI Investments,0.003,2,$87.74,0.12,$111.63,$74.64,49.56,$112.15
ALSN,Allison Transmission Holdings,0.003,2,$112.75,0.19,$126.32,$75.21,67.96,$136.97
AYI,Acuity Brands Inc.,0.003,2,$376.66,0.25,$335.16,$256.71,30.56,$379.43
CNXC,Concentrix Corp.,0.003,2,$22.41,0.22,$29.38,$18.81,56.19,$55.22
HAFN,Hafnia Ltd,0.003,2,$6.62,0.21,$8.47,$4.86,74.28,$9.18
THO,Thor Industries,0.003,2,$75.17,0.15,$77.02,$69.23,11.25,$121.16
BSY,Bentley Systems Inc Class B,0.003,1,,0.27,$37.30,$28.08,32.83,$56.94
VSTM,Verastem Inc.,0.003,1,,0.27,$7.22,$3.43,110.50,$11.25
FBAK,First National Bank Alaska,0.003,1,,0.25,$202.54,$165.01,22.74,$211.60
JKHY,Jack Henry & Associates Inc.,0.003,1,,0.26,$169.73,$121.04,40.23,$191.83
PS,Pershing Square Inc.,0.003,1,,0.24,$42.17,$21.93,92.29,$54.75
GIII,G-III Apparel Group,0.003,1,,0.22,$33.46,$24.45,36.85,$37.54
LEGH,Legacy Housing Corp.,0.003,1,,0.24,$28.34,$18.29,54.95,$31.34
LBRT,Liberty Oilfield Services Inc.,0.003,1,,0.21,$19.02,$9.79,94.28,$34.38
BMM,Blue Moon Metals Inc,0.003,1,,0.28,$5.62,$3.47,61.96,$8.63
NTB,Bank of N.T. Butterfield & Son Ltd,0.003,1,,0.26,$59.30,$39.10,51.66,$64.17
SMRT,SmartRent Inc.,0.003,1,,0.24,$1.34,$0.91,47.25,$2.20
GLDM,SPDR Gold Minishares Trust,0.003,1,,0.22,$88.20,$67.66,30.36,$109.74
OVV,Ovintiv Inc.,0.003,1,,0.21,$64.59,$34.83,85.44,$67.44
RUSHB,Rush Enterprises Inc. - CL B,0.003,1,,0.21,$76.90,$47.43,62.13,$81.52
CGAU,Centerra Gold Inc,0.003,1,,0.22,$23.44,$7.75,202.45,$24.52
L,Loews Corp.,0.003,1,,0.27,$109.72,$94.88,15.64,$120.94
RCL,Royal Caribbean Cruises Ltd.,0.003,1,,0.21,$279.41,$230.90,21.01,$360.34
PLOW,Douglas Dynamics,0.003,1,,0.22,$41.82,$27.89,49.95,$55.00
HGTY,Hagerty Inc.,0.003,1,,0.27,$13.42,$9.36,43.38,$14.00
LESL,Leslie's Inc.,0.003,1,,0.24,$0.53,$0.52,1.92,$12.53
OGC,Oceanagold Corp,0.003,1,,0.25,$30.07,$17.58,71.05,$42.96
MO,Altria Group Inc.,0.002,5,$71.95,0.12,$68.65,$53.01,29.50,$77.06
IWD,Ishares Russell 1000 Value E,0.002,4,$244.40,0.12,$258.33,$195.93,31.85,$260.19
NUE,Nucor Corp.,0.002,3,$222.78,0.14,$250.50,$130.11,92.53,$280.11
OEC,Orion SA,0.002,3,$6.63,0.09,$6.34,$4.28,48.13,$10.70
AIR,AAR Corp.,0.002,3,$142.94,0.11,$133.19,$73.05,82.33,$154.00
AEBI,Aebi Schmidt Holding Ag,0.002,3,$12.55,0.16,$12.35,$8.87,39.23,$15.87
AMT,American Tower Corp.,0.002,3,$163.57,0.09,$176.23,$160.06,10.10,$197.58
APLD,Applied Digital Corp,0.002,3,$37.30,0.14,$25.34,$13.16,92.55,$50.73
ACWI,iShares MSCI ACWI ETF,0.002,3,$156.97,0.16,$161.09,$129.53,24.37,$162.80
SNA,Snap-On Inc.,0.002,2,$402.37,0.12,$391.86,$310.78,26.09,$420.41
PAAS,Pan American Silver Corp.,0.002,2,$44.79,0.18,$52.87,$32.52,62.58,$69.34
HLT,Hilton Worldwide Holdings,0.002,2,$330.48,0.12,$321.85,$253.04,27.19,$357.84
SMHI,SEACOR Marine Holdings Inc.,0.002,2,$7.65,0.18,$9.41,$5.55,69.55,$10.00
HUN,Huntsman Corp.,0.002,2,$10.62,0.16,$9.47,$7.15,32.45,$16.09
TD,Toronto-Dominion Bank,0.002,2,$121.55,0.13,$121.25,$70.48,72.03,$125.47
CECO,CECO Environmental Corp.,0.002,2,$90.74,0.11,$69.67,$42.78,62.86,$101.24
PLXS,Plexus Corp.,0.002,2,$300.67,0.11,$240.87,$132.03,82.44,$307.06
RF,Regions Financial Corp.,0.002,2,$30.20,0.16,$30.33,$22.04,37.61,$32.47
ERO,Ero Copper Corp,0.002,2,$26.74,0.19,$38.83,$13.91,179.15,$40.83
IBN,ICICI Bank Ltd.,0.002,2,$29.03,0.14,$29.88,$24.87,20.14,$32.76
IWN,Ishares Russell 2000 Value E,0.002,2,$221.16,0.17,$223.14,$166.72,33.84,$227.86
HONA,Honeywell Aerospace Inc,0.002,2,$221.08,0.20,$162.37,$150.03,8.23,$266.62
NUVB,Nuvation Bio Inc.,0.002,2,$5.68,0.13,$6.66,$2.87,132.06,$9.75
MANH,Manhattan Associates,0.002,2,$139.25,0.18,$223.28,$119.06,87.54,$227.03
LPG,Dorian LPG Ltd,0.002,2,$34.79,0.11,$49.78,$22.18,124.44,$52.10
FIX,Comfort Systems USA Inc.,0.002,2,$1981.92,0.20,$1518.73,$668.82,127.08,$2072.10
VALE,Vale SA,0.002,2,$15.04,0.19,$15.03,$9.47,58.71,$17.45
VREX,Varex Imaging Corp.,0.002,2,$10.43,0.13,$18.50,$9.09,103.52,$18.63
MX,MagnaChip Semiconductor Corp.,0.002,2,$4.73,0.19,$3.14,$2.18,44.04,$9.86
MTDR,Matador Resources Co.,0.002,2,$49.79,0.14,$56.39,$35.98,56.73,$65.88
GT,Goodyear Tire & Rubber,0.002,1,,0.13,$6.35,$5.43,16.94,$10.62
MOAT,Vaneck Morningstar Wide Moat,0.002,1,,0.14,$114.99,$94.07,22.24,$115.58
WB,Weibo Corp.,0.002,1,,0.18,$6.99,$6.89,1.45,$12.11
BULL,Webull Corp,0.002,1,,0.18,$9.37,$4.50,108.22,$16.04
HXL,Hexcel Corp.,0.002,1,,0.14,$94.87,$59.77,58.73,$111.54
HR,Healthcare Realty Trust Inc.,0.002,1,,0.13,$18.99,$15.71,20.88,$21.77
IVVD,Invivyd Inc.,0.002,1,,0.15,$0.96,$0.53,81.13,$3.07
EVTC,EVERTEC Inc.,0.002,1,,0.19,$29.98,$21.73,37.97,$36.04
DOCN,DigitalOcean Holdings Inc.,0.002,1,,0.14,$111.21,$30.89,260.02,$187.50
NSSC,Napco Security Technologies Inc.,0.002,1,,0.17,$35.35,$33.91,4.25,$51.77
XLE,Energy Select Sector SPDR,0.002,1,,0.15,$62.68,$41.42,51.33,$64.70
LILA,Liberty LiLAC Group A,0.002,1,,0.17,$8.56,$4.73,80.97,$8.90
GDXJ,Vaneck Junior Gold Miners,0.002,1,,0.20,$128.80,$75.37,70.89,$157.49
VSS,Vanguard FTSE All Wo X Us Sc,0.002,1,,0.14,$160.66,$132.72,21.05,$162.46
WU,Western Union Co.,0.002,1,,0.16,$7.24,$6.27,15.47,$9.78
RERE,AiHuiShou International Co. Ltd. ADS,0.002,1,,0.16,$4.04,$3.50,15.43,$6.32
BNTX,Biontech Se ADR,0.002,1,,0.18,$102.08,$79.52,28.37,$124.00
FSM,Fortuna Mining Corp.,0.002,1,,0.19,$12.26,$7.46,64.34,$13.85
WSFS,WSFS Financial Corp.,0.002,1,,0.20,$78.30,$49.37,58.60,$82.74
HTLD,Heartland Express,0.002,1,,0.16,$12.18,$6.96,75.00,$16.61
CLFD,Clearfield Inc.,0.002,1,,0.14,$29.53,$23.76,24.28,$52.73
SEDG,SolarEdge Technologies Inc.,0.002,1,,0.18,$31.41,$28.21,11.34,$81.25
NTNX,Nutanix Inc.,0.002,1,,0.20,$69.16,$34.01,103.35,$82.42
BRKR,Bruker Corp.,0.002,1,,0.15,$57.08,$28.39,101.06,$65.30
AMTM,Amentum Holdings Inc.,0.002,1,,0.17,$20.31,$19.80,2.58,$38.11
MSM,MSC Industrial Direct,0.002,1,,0.13,$119.20,$76.68,55.45,$130.46
ADNT,Adient plc,0.002,1,,0.20,$19.06,$17.68,7.81,$27.32
GENI,Genius Sports Ltd,0.002,1,,0.16,$8.02,$3.83,109.40,$13.73
PSLV,Sprott Physical Silver Trust,0.002,1,,0.15,$21.84,$13.21,65.33,$38.13
WGO,Winnebago Industries Inc.,0.002,1,,0.16,$30.60,$26.80,14.18,$49.03
KOP,Koppers Holdings Inc.,0.002,1,,0.14,$46.56,$24.77,87.97,$52.90
SHOE,Shoe Carnival Inc.,0.002,1,,0.13,$13.69,$13.55,1.03,$25.61
PFG,Principal Financial Group,0.002,1,,0.13,$111.41,$75.84,46.90,$116.61
MMI,Marcus & Millichap Inc.,0.002,1,,0.20,$32.50,$24.20,34.30,$33.55
HTZ,Hertz Global Hldgs Inc.,0.002,1,,0.17,$2.14,$1.45,47.59,$8.18
ORIC,ORIC Pharmaceuticals Inc.,0.002,1,,0.16,$13.24,$7.23,83.13,$14.93
NOG,Northern Oil and Gas Inc.,0.002,1,,0.16,$25.73,$17.18,49.77,$29.99
SLV,iShares Silver Trust,0.002,1,,0.19,$60.02,$35.32,69.93,$109.83
MORN,Morningstar Inc.,0.002,1,,0.15,$217.65,$141.06,54.30,$260.97
BUDFF,Anheuser Busch Inbev SA NV,0.002,1,,0.16,$78.57,$57.09,37.62,$86.78
SABR,Sabre Corp.,0.002,1,,0.14,$2.20,$0.81,171.60,$2.30
LAB,Standard Biotools Inc,0.002,1,,0.14,$0.64,$0.63,1.59,$1.72
MBUU,Malibu Boats Inc.,0.002,1,,0.14,$27.36,$23.84,14.77,$35.06
TRP,TC Energy,0.002,1,,0.17,$61.86,$47.80,29.41,$70.90
SPRY,Ars Pharmaceuticals Inc,0.002,1,,0.18,$5.89,$4.91,19.96,$13.15
IDCC,InterDigital Inc.,0.002,1,,0.13,$335.15,$248.51,34.86,$409.73
TRMLF,Tourmaline Oil Corp,0.002,1,,0.18,$45.16,$38.60,16.99,$50.79
SCSC,ScanSource Inc.,0.002,1,,0.17,$56.55,$33.76,67.51,$66.78
RCI,Rogers Communications Inc.,0.002,1,,0.18,$36.59,$31.38,16.60,$40.38
EMBC,Embecta Corp,0.002,1,,0.17,$5.05,$2.76,82.97,$15.05
FNDF,Schwab Fndmn Intl Lrg Co ETF,0.002,1,,0.15,$55.43,$40.05,38.40,$55.97
CNP,CenterPoint Energy,0.002,1,,0.20,$39.24,$35.79,9.64,$44.99
BTE,Baytex Energy Corp.,0.002,1,,0.14,$4.74,$2.11,124.64,$5.34
NOK,Nokia Corp.,0.002,1,,0.20,$10.21,$4.15,146.02,$17.36
ZIM,Zim Integrated Shipping Serv,0.002,1,,0.20,$27.44,$11.75,133.53,$29.56
DMRA,Damora Therapeutics Inc.,0.002,1,,0.17,$29.00,$2.45,1083.67,$38.33
AEG,Aegon Ltd,0.002,1,,0.20,$9.19,$6.56,40.09,$9.61
VT,Vanguard Tot World Stk ETF,0.001,4,$156.95,0.07,$161.01,$129.61,24.23,$162.71
HRI,HERC Holdings Inc.,0.001,3,$143.35,0.04,$150.60,$88.00,71.14,$186.52
CAH,Cardinal Health Inc.,0.001,3,$237.56,0.09,$234.55,$144.37,62.46,$258.30
APA,APA Corp.,0.001,3,$32.57,0.06,$42.54,$20.84,104.13,$45.05
XLK,Technology Select Sect SPDR,0.001,3,$190.45,0.04,$185.69,$126.53,46.76,$198.49
CW,Curtiss-Wright Corp.,0.001,3,$758.31,0.05,$596.37,$464.78,28.31,$808.16
QQQ,Invesco Qqq Trust Series 1,0.001,3,$736.46,0.09,$716.43,$554.99,29.09,$747.83
OTIS,Otis Worldwide Corp.,0.001,3,$71.61,0.07,$71.74,$68.74,4.36,$93.43
MPC,Marathon Petroleum Corp.,0.001,3,$255.59,0.08,$368.83,$160.07,130.42,$369.12
VECO,Veeco Instruments,0.001,3,$75.80,0.06,$44.30,$23.31,90.05,$86.63
JBTM,JBT Marel Corp.,0.001,3,$144.99,0.09,$118.29,$113.23,4.47,$169.81
AEIS,Advanced Energy Industries,0.001,3,$372.88,0.06,$272.82,$143.88,89.62,$397.18
SITM,SiTime Corp.,0.001,2,$745.53,0.04,$557.86,$222.12,151.15,$901.81
SIMO,Silicon Motion Technol ADR,0.001,2,$333.35,0.07,$245.81,$76.17,222.71,$354.28
UCTT,Ultra Clean Holdings Inc.,0.001,2,$142.59,0.08,$69.48,$21.49,223.31,$144.22
CM,Can Imperial Bk Of Commerce,0.001,2,$115.10,0.10,$114.33,$73.70,55.13,$124.86
VPG,Vishay Precision Group,0.001,2,$149.92,0.04,$62.55,$27.54,127.12,$151.78
RXO,Rxo Inc,0.001,2,$27.60,0.06,$21.91,$10.43,110.07,$29.90
WBS-OLD,Webster Financial Corp.,0.001,2,$76.34,0.05,$77.78,$51.49,51.06,$79.40
HOFT,Hooker Furniture Corp.,0.001,2,$17.83,0.08,$13.37,$8.38,59.55,$18.09
LASR,nLight Inc.,0.001,2,$69.62,0.08,$42.94,$27.22,57.75,$86.95
DLO,DLocal Ltd,0.001,2,$13.00,0.05,$15.03,$10.46,43.69,$16.50
GLBAV-OLD,GCI Liberty Inc. Series A,0.001,2,$21.90,0.08,,,,
LTH,Life Time Group Holdings Inc,0.001,2,$40.84,0.06,$43.51,$24.14,80.24,$47.24
TALO,Talos Energy Inc.,0.001,2,$12.91,0.05,$16.67,$8.87,87.94,$18.44
LEVI,Levi Strauss & Co.,0.001,2,$24.83,0.08,$21.29,$17.50,21.66,$25.70
RKLB,Rocket Lab Corp.,0.001,2,$101.58,0.07,$64.39,$37.57,71.39,$151.00
JOYY,JOYY Inc.,0.001,2,$65.99,0.08,$74.53,$47.92,55.53,$80.90
ZGN,Ermenegildo Zegna Nv,0.001,2,$13.02,0.04,$13.73,$8.14,68.67,$15.95
ONTO,Onto Innovation Inc.,0.001,2,$378.43,0.05,$270.79,$101.00,168.11,$386.46
BTG,B2Gold Corp.,0.001,2,$3.75,0.06,$5.66,$3.57,58.54,$6.23
WMG,Warner Music Group Corp. CL A,0.001,2,$27.07,0.06,$28.03,$23.04,21.66,$34.97
GHM,Graham Corp.,0.001,2,$123.78,0.04,$86.08,$46.58,84.80,$125.82
VICR,Vicor Corp.,0.001,2,$379.84,0.05,$187.75,$47.56,294.76,$382.65
FTK,Flotek Industries Inc.,0.001,2,$23.52,0.04,$23.93,$10.95,118.54,$39.67
DPZ,Dominos Pizza Inc.,0.001,2,$295.99,0.08,$350.00,$282.00,24.11,$460.13
CLS,Celestica Inc,0.001,2,$364.81,0.08,$298.70,$183.66,62.64,$474.03
BWA,BorgWarner Inc.,0.001,2,$66.40,0.04,$64.09,$40.13,59.71,$78.82
JHX,James Hardie Industries PLC,0.001,2,$26.18,0.06,$29.93,$16.46,81.83,$31.36
MAMA,Mama's Creations Inc,0.001,2,$17.85,0.04,$16.38,$7.90,107.34,$21.00
ROST,Ross Stores Inc.,0.001,2,$212.84,0.09,$228.55,$142.48,60.41,$257.00
BKH,Black Hills,0.001,2,$74.40,0.07,$72.80,$55.88,30.28,$77.21
EQIX,Equinix Inc.,0.001,2,$1042.41,0.09,$1044.41,$709.79,47.14,$1118.65
BSM,Black Stone Minerals L.P.,0.001,2,$13.97,0.09,$14.75,$10.79,36.70,$15.10
MRVI,Maravai LifeSciences Holdings Inc.,0.001,2,$6.24,0.07,$7.68,$2.29,235.37,$9.42
ASTE,Astec Industries,0.001,2,$61.20,0.03,$43.39,$40.16,8.04,$65.33
FFIV,F5 Networks,0.001,2,$415.93,0.08,$394.24,$223.76,76.19,$435.00
HL,Hecla Mining Co.,0.001,2,$15.41,0.06,$20.38,$8.07,152.54,$34.15
FTI,TechnipFMC plc,0.001,2,$66.26,0.05,$75.84,$35.18,115.58,$80.55
ATRO,Astronics Corp.,0.001,2,$81.26,0.03,$75.71,$35.58,112.79,$99.89
AMN,AMN Healthcare Services,0.001,2,$32.36,0.09,$34.62,$14.97,131.26,$37.22
SHG,Shinhan Financial Group Company,0.001,2,$63.25,0.12,$79.15,$46.26,71.10,$80.06
PLTR,Palantir Technologies Inc.,0.001,2,$116.72,0.04,$186.29,$106.37,75.13,$207.52
DOV,Dover Corp.,0.001,2,$224.29,0.05,$198.68,$157.78,25.92,$236.42
RDNT,RadNet Inc.,0.001,2,$61.67,0.08,$74.61,$50.82,46.81,$85.84
HVT,Haverty Furniture,0.001,1,,0.12,$27.36,$18.81,45.45,$29.47
ASGN,ASGN Inc.,0.001,1,,0.12,,,,
EHC,Encompass Health Corp.,0.001,1,,0.10,$120.85,$92.41,30.78,$127.50
H,Hyatt Hotels Corp.,0.001,1,,0.08,$172.25,$133.71,28.82,$206.69
MTRN,Materion Corp.,0.001,1,,0.06,$237.74,$107.36,121.44,$304.40
BELFB,Bel Fuse Inc. CL B,0.001,1,,0.09,$248.69,$129.82,91.57,$335.20
FROG,JFrog Ltd,0.001,1,,0.07,$98.74,$34.05,189.99,$105.76
MINN,Mairs & Power Mn Muni Bond,0.001,1,,0.10,$21.88,$20.99,4.24,$22.85
TWST,Twist Bioscience Corp.,0.001,1,,0.05,$141.38,$23.30,506.78,$155.44
BWLP,Bw Lpg Ltd,0.001,1,,0.09,$23.94,$10.58,126.28,$25.48
HII,Huntington Ingalls Industries,0.001,1,,0.06,$294.21,$259.68,13.30,$455.90
COHU,Cohu Inc.,0.001,1,,0.07,$48.00,$18.67,157.10,$74.60
EAF,GrafTech International Ltd.,0.001,1,,0.08,$7.41,$4.92,50.61,$20.32
FINV,Finvolution Group ADR,0.001,1,,0.12,$3.40,$3.36,1.19,$7.90
SEI,Solaris Energy Infrastructure Inc.,0.001,1,,0.06,$49.89,$24.32,105.14,$86.19
HELE,Helen of Troy Ltd.,0.001,1,,0.06,$28.62,$13.85,106.64,$30.68
ADMA,ADMA Biologics Inc.,0.001,1,,0.10,$9.34,$7.21,29.54,$20.46
PATK,Patrick Industries Inc.,0.001,1,,0.08,$83.47,$80.83,3.27,$146.40
IEUR,iShares Core MSCI Europe ETF,0.001,1,,0.08,$77.86,$63.42,22.77,$78.90
DCO,Ducommun Inc.,0.001,1,,0.05,$176.30,$84.76,108.00,$210.39
PEYUF,Peyto Exploration & Development Corp.,0.001,1,,0.08,$18.19,$12.33,47.53,$20.78
PLAY,Dave & Buster's Ent. Inc.,0.001,1,,0.08,$9.40,$9.10,3.30,$25.69
VRM,Vroom Inc,0.001,1,,0.11,$9.18,$6.80,35.00,$30.00
URA,Global X Uranium ETF,0.001,1,,0.05,$45.57,$37.18,22.57,$62.28
NSP,Insperity Inc.,0.001,1,,0.06,$53.54,$18.24,193.53,$55.90
EWT,Ishares Msci Taiwan ETF,0.001,1,,0.05,$107.90,$55.03,96.07,$112.78
WWD,Woodward Inc.,0.001,1,,0.05,$341.81,$232.45,47.05,$450.52
CCJ,Cameco Corp.,0.001,1,,0.06,$100.01,$73.00,37.00,$135.24
HTZWW,Hertz Global Hldgs Inc. WTS,0.001,1,,0.09,$0.99,$0.70,41.43,$4.13
EWJ,iShares MSCI Japan ETF,0.001,1,,0.05,$95.87,$74.19,29.22,$98.79
TBI,TrueBlue Inc.,0.001,1,,0.06,$10.70,$3.18,236.48,$11.03
XOP,SPDR S&P Oil & Gas Exploration & Production ETF,0.001,1,,0.09,$185.94,$120.15,54.76,$191.24
ABCB,Ameris Bancorp,0.001,1,,0.05,$85.59,$68.29,25.33,$93.22
BATL,Battalion Oil Corp.,0.001,1,,0.10,$1.31,$1.00,31.00,$29.70
VYMI,Vanguard Int High Dvd Yld In,0.001,1,,0.08,$105.08,$79.89,31.53,$106.02
CIFR,Cipher Mining Inc,0.001,1,,0.09,$15.17,$6.95,118.27,$30.14
PDLB,Ponce Financial Group Inc.,0.001,1,,0.05,$20.45,$13.91,47.02,$21.10
ESGD,Ishares Trust Ishares Esg Aw,0.001,1,,0.05,$106.66,$86.38,23.48,$108.00
KEY,KeyCorp,0.001,1,,0.11,$21.91,$15.97,37.19,$24.07
POWL,Powell Industries,0.001,1,,0.07,$182.71,$83.67,118.37,$327.74
IESC,IES Holdings Inc.,0.001,1,,0.05,$309.80,$166.63,85.92,$408.26
ENOV,Enovis Corp.,0.001,1,,0.05,$24.90,$19.14,30.09,$34.28
ABVX,Abivax SA ADR,0.001,1,,0.05,$113.35,$69.81,62.37,$148.83
LINC,Lincoln Educational Services Corp.,0.001,1,,0.05,$25.43,$17.29,47.08,$56.34
UVV,Universal Corp.,0.001,1,,0.06,$45.74,$43.36,5.49,$57.51
SPSM,Ss SPDR P S&P 600 Small Cap,0.001,1,,0.08,$56.60,$43.14,31.20,$58.60
BTAI,Bioxcel Therapeutics Inc,0.001,1,,0.05,$0.18,$0.16,12.50,$4.29
CDLX,Cardlytics Inc.,0.001,1,,0.11,$4.02,$3.49,15.19,$32.80
LW,Lamb Weston Hldgs Inc.,0.001,1,,0.12,$54.98,$37.02,48.51,$65.06
GBCI,Glacier Bancorp,0.001,1,,0.05,$46.88,$39.06,20.02,$54.58
CBOE,CBOE Holdings Inc.,0.001,1,,0.08,$310.45,$227.15,36.67,$370.40
OBT,Orange County Bancorp Inc,0.001,1,,0.05,$38.10,$22.84,66.81,$40.10
REAL,RealReal Inc.,0.001,1,,0.05,$10.93,$7.30,49.73,$17.39
LYG,Lloyds TSB Grp Plc ADR,0.001,1,,0.07,$5.92,$4.05,46.17,$6.25
MYE,Myers Indus,0.001,1,,0.08,$32.80,$15.25,115.08,$37.45
CEF,Sprott Physical Gold And Sil,0.001,1,,0.05,$45.54,$31.67,43.80,$61.38
SVC,Service Properties Trust,0.001,1,,0.09,$7.87,$5.58,41.04,$14.73
KSA,Ishrs Msci Saudi Arabia ETF,0.001,1,,0.07,$39.26,$35.27,11.31,$40.39
ALT,Altimmune Inc.,0.001,1,,0.06,$3.11,$2.56,21.48,$6.44
INFQ,Infleqtion Inc,0.001,1,,0.08,$12.80,$8.52,50.23,$21.28
SDY,SPDR S&P Dividend ETF,0.001,1,,0.05,$157.50,$132.64,18.74,$160.29
BRX,Brixmor Property Group Inc.,0.001,1,,0.06,$29.17,$23.87,22.20,$32.86
WRLC,Windrock Ltd Co,0.001,1,,0.07,,,,
TSCO,Tractor Supply,0.001,1,,0.07,$34.72,$28.17,23.25,$61.39
DOCS,Doximity Inc.,0.001,1,,0.10,$26.73,$17.15,55.86,$76.51
AMPX,Amprius Technologies Inc,0.001,1,,0.06,$9.89,$6.66,48.50,$24.23
HUBG,Hub Group 'A',0.001,1,,0.05,$39.61,$32.65,21.32,$52.92
QCRH,QCR Holdings Inc.,0.001,1,,0.08,$100.63,$66.45,51.44,$108.11
SPG,Simon Property Group Inc.,0.001,1,,0.05,$214.56,$166.33,29.00,$238.50
MGPI,MGP Ingredients Inc.,0.001,1,,0.11,$16.85,$15.62,7.87,$29.09
DNA,Ginkgo Bioworks Holdings Inc.,0.001,1,,0.10,$6.96,$5.37,29.61,$17.58
STGW,Stagwell Inc.,0.001,1,,0.11,$8.74,$4.29,103.73,$9.55
RYCEY,Rolls Royce Holdings Sp ADR,0.001,1,,0.07,$20.77,$13.14,58.07,$21.22
LDOS,Leidos Holdings,0.001,1,,0.07,$140.66,$98.86,42.28,$204.08
GWW,W.W. Grainger Inc.,0.001,1,,0.09,$1306.30,$901.22,44.95,$1417.14
MOD,Modine Mfg.,0.001,1,,0.07,$177.63,$111.18,59.77,$323.25
NPO,EnPro Industries,0.001,1,,0.06,$298.96,$201.26,48.54,$390.42
PHIN,PHINIA Inc.,0.001,1,,0.09,$68.65,$50.13,36.94,$86.94
SCHB,Schwab Us Broad Market ETF,0.001,1,,0.07,$29.70,$24.22,22.63,$30.15
DIA,SPDR Djia Trust,0.001,1,,0.05,$535.06,$443.37,20.68,$546.30
INFY,Infosys Ltd.,0.001,1,,0.06,$12.05,$10.30,16.99,$29.37
BHE,Benchmark Electronics,0.001,1,,0.06,$71.31,$35.59,100.37,$100.41
ARTV,Artiva Biotherapeutics Inc,0.001,1,,0.07,$11.09,$2.22,399.55,$14.53
SPYX,SPDR S&P 500 Fossil Fuel Res,0.001,1,,0.07,$63.13,$51.17,23.37,$63.96
CDP,Copt Defense Properties,0.001,1,,0.05,$36.59,$26.26,39.34,$38.90
CIB,Grupo Cibest SA ADR,0.001,1,,0.12,$97.24,$47.73,103.73,$103.50
FPAG,Fpa Global Equity ETF New,0.001,1,,0.07,$42.86,$34.34,24.81,$43.56
IMVT,Immunovant Inc.,0.001,1,,0.09,$41.20,$14.47,184.73,$45.42
USNA,USANA Health Sciences,0.001,1,,0.08,$14.04,$12.57,11.69,$32.29
CUZ,Cousins Properties,0.001,1,,0.07,$29.44,$20.52,43.47,$32.95
UVSP,Univest Financial Corp.,0.001,1,,0.11,$41.57,$27.34,52.05,$45.22
TRVI,Trevi Therapeutics Inc.,0.001,1,,0.08,$16.79,$6.93,142.28,$20.22
SONY,Sony Group Corp.,0.001,1,,0.05,$24.85,$19.32,28.62,$30.34
ALRS,Alerus Financial Corp.,0.001,1,,0.06,$33.12,$19.80,67.27,$34.40
FRVO,Fervo Energy Co A,0.001,1,,0.06,$14.77,$14.75,0.14,$42.65
ALGT,Allegiant Travel Company,0.001,1,,0.05,$78.94,$57.11,38.22,$123.63
RCKT,Rocket Pharmaceuticals Inc.,0.001,1,,0.12,$3.86,$2.53,52.57,$5.45
DRH,DiamondRock Hospitality Co.,0.001,1,,0.10,$12.70,$7.25,75.17,$13.79
VONG,Vanguard Russell 1000 Growth,0.001,1,,0.12,$126.38,$105.09,20.26,$132.77
GCO,Genesco Inc.,0.001,1,,0.11,$33.31,$21.93,51.89,$43.60
AMBA,Ambarella Inc.,0.001,1,,0.10,$70.63,$48.30,46.23,$96.69
VGK,Vanguard FTSE Europe ETF,0.001,1,,0.06,$91.98,$74.72,23.10,$93.29
NNBR,NN Inc.,0.001,1,,0.05,$3.39,$1.10,208.18,$4.48
QNT,Quantinuum Inc A,0.001,1,,0.07,$49.92,$47.06,6.08,$86.79
PSA,Public Storage,0.001,1,,0.05,$313.51,$251.62,24.60,$335.55
ENB,Enbridge Inc.,0.001,1,,0.07,$50.20,$43.08,16.53,$57.66
TPC,Tutor Perini Corp.,0.001,1,,0.05,$88.84,$56.42,57.46,$102.20
YOU,Clear Secure Inc.,0.001,1,,0.06,$43.43,$29.03,49.60,$69.07
EEM,Ishares Msci Emerging Market,0.001,1,,0.06,$67.14,$48.40,38.72,$71.57
KNF,Knife River Corp.,0.001,1,,0.10,$64.24,$58.72,9.40,$96.28
CRCL,Circle Internet Group Inc,0.001,1,,0.07,$87.14,$49.90,74.63,$159.47
M,Macy's Inc.,0.001,1,,0.06,$22.01,$12.61,74.54,$26.59
AEHR,Aehr Test Systems,0.001,1,,0.05,$80.81,$18.70,332.14,$147.40
VSH,Vishay Intertechnology,0.001,1,,0.07,$30.56,$11.60,163.45,$69.47
RFL,Rafael Holdings Inc.,0.001,1,,0.08,$2.56,$1.12,128.57,$3.96
WTFC,Wintrust Financial Corp.,0.001,1,,0.09,$152.95,$117.89,29.74,$166.65
FPAS,Fpa Short Duration Govt ETF,0.001,1,,0.05,$24.41,$24.28,0.54,$25.00
DOC,Healthpeak Properties Inc.,0.001,1,,0.06,$20.96,$15.04,39.36,$22.84
UNFI,United Natural Foods,0.001,1,,0.05,$45.80,$27.63,65.76,$57.02
BZH,Beazer Homes USA,0.001,1,,0.12,$33.22,$17.83,86.32,$34.54
HNGE,Hinge Health Inc A,0.001,1,,0.06,$87.35,$30.08,190.39,$95.57
NG,NovaGold Resources,0.001,1,,0.07,$8.75,$5.08,72.24,$14.40
SANM,Sanmina Corp.,0.000,3,$253.04,0.01,$194.01,$110.44,75.67,$288.68
VB,Vanguard Small Cap ETF,0.000,3,$302.93,0.03,$300.75,$238.70,25.99,$309.51
OUT,Outfront Media Inc.,0.000,3,$32.76,0.02,$29.60,$16.42,80.27,$34.63
GIS,General Mills,0.000,3,$34.80,0.02,$41.55,$31.21,33.13,$48.32
CPA,Copa Holdings SA,0.000,3,$155.53,0.03,$129.50,$106.15,22.00,$160.47
KB,Kb Financial Group Inc ADR,0.000,3,$104.97,0.03,$124.16,$76.31,62.70,$125.66
FORM,FormFactor Inc.,0.000,3,$159.91,0.03,$101.70,$27.81,265.70,$160.27
SNDK,SanDisk Corp.,0.000,2,$2273.04,0.01,$1484.98,$50.07,2865.81,$2354.39
ACLS,Axcelis Technologies,0.000,2,$189.45,0.02,$115.57,$73.60,57.02,$193.78
CAMT,Camtek Ltd,0.000,2,$163.15,0.01,$135.57,$75.75,78.97,$215.99
CVLG,Covenant Transportation Group Inc. CL A,0.000,2,$44.18,0.03,$34.98,$17.87,95.75,$49.88
FTAI,FTAI Aviation Ltd.,0.000,2,,0.00,$194.98,$146.84,32.78,$321.70
AWK,American Water Works Inc.,0.000,2,$131.60,0.01,$138.30,$118.81,16.40,$141.77
WOLF,Wolfspeed Inc.,0.000,2,$48.27,0.02,$25.85,$1.16,2128.45,$80.82
MT,ArcelorMittal,0.000,2,$60.21,0.01,$74.39,$31.50,136.16,$75.93
PH,Parker-Hannifin,0.000,2,,0.00,$995.02,$710.89,39.97,$1099.94
VV,Vanguard Large Cap ETF,0.000,2,$341.77,0.01,$354.50,$288.27,22.97,$359.22
MEC,Mayville Engineering Co. Inc.,0.000,2,$37.46,0.02,$19.32,$12.25,57.71,$38.76
AXGN,AxoGen Inc.,0.000,2,$46.19,0.03,$51.47,$15.24,237.73,$52.91
KAR,KAR Auction Services,0.000,2,$41.24,0.02,$30.88,$17.08,80.80,$30.98
SCHD,Schwab Us Dvd Equity ETF,0.000,2,$31.66,0.02,$34.90,$25.63,36.17,$35.31
VEU,Vanguard FTSE All World ex US ETF,0.000,2,$83.76,0.01,$85.43,$66.53,28.41,$86.35
LSCC,Lattice Semconductor,0.000,2,$152.94,0.01,$114.40,$60.50,89.09,$157.01
EGP,EastGroup Properties SBI,0.000,2,$202.54,0.04,$200.00,$157.68,26.84,$226.71
EXTR,Extreme Networks Inc.,0.000,2,$32.37,0.03,$22.58,$13.48,67.51,$33.73
VICI,VICI Properties Inc.,0.000,2,$26.55,0.02,$25.87,$25.75,0.47,$31.85
IVE,Ishares S&P 500 Value ETF,0.000,2,,0.00,$237.29,$197.92,19.89,$239.93
LITE,Lumentum Holdings Inc.,0.000,2,$858.53,0.01,$895.00,$125.00,616.00,$1085.68
LOCO,El Pollo Loco Holdings Inc.,0.000,2,$16.96,0.03,$15.31,$8.99,70.30,$17.40
VGT,Vanguard Info Tech ETF,0.000,2,$120.00,0.02,$120.07,$82.99,44.68,$125.85
CAKE,Cheesecake Factory,0.000,2,$79.54,0.02,$112.07,$42.54,163.45,$118.46
MTSI,MACOM Technology Solutions Hldg,0.000,2,$380.48,0.01,$265.27,$121.97,117.49,$418.90
ESI,Element Solutions Inc.,0.000,2,$47.76,0.03,$34.93,$22.69,53.94,$49.25
IWS,Ishares Russell Mid Cap Valu,0.000,2,,0.00,$170.75,$132.31,29.05,$173.52
UTZ,Utz Brands Inc.,0.000,2,$7.70,0.02,$14.20,$6.72,111.31,$14.27
MOS,Mosaic Co.,0.000,2,$21.19,0.03,$23.60,$19.80,19.19,$35.99
THC,Tenet Healthcare Corp.,0.000,2,,0.00,$266.80,$157.58,69.31,$283.05
DGII,Digi International,0.000,2,$74.95,0.03,$75.77,$33.41,126.79,$86.84
ADTN,ADTRAN Holdings Inc.,0.000,2,$13.90,0.03,$7.72,$7.11,8.58,$19.98
CIEN,Ciena Corp.,0.000,2,$490.71,0.01,$378.44,$90.00,320.49,$637.51
AAOI,Applied Optoelectronics Inc,0.000,2,$148.11,0.02,$106.23,$18.50,474.22,$233.67
BRC,Brady Corp.,0.000,2,$91.57,0.01,$93.25,$70.38,32.50,$99.25
SKYT-OLD,Skywater Technology Inc,0.000,2,,0.00,$32.49,$8.49,282.69,$39.93
HZO,MarineMax Inc.,0.000,2,$36.62,0.02,$52.18,$21.42,143.60,$52.46
ACWX,iShares MSCI ACWI EX U.S. ETF,0.000,2,$76.11,0.02,$77.61,$60.24,28.83,$78.45
SMTC,Semtech Corp.,0.000,2,$161.84,0.02,$131.17,$55.18,137.71,$177.35
IAU,iShares Gold Trust,0.000,2,,0.00,$83.82,$64.41,30.14,$104.40
IJH,Ishares Core S&P Midcap ETF,0.000,2,$77.11,0.03,$75.76,$61.62,22.95,$78.71
AVNW,Aviat Networks Inc.,0.000,1,,0.01,$20.00,$13.92,43.68,$27.02
STKL-OLD,SunOpta Inc.,0.000,1,,0.01,$6.50,$3.32,95.78,$6.94
J,Jacobs Solutions Inc.,0.000,1,,0.01,$151.98,$105.09,44.62,$166.66
CBT,Cabot Corp.,0.000,1,,0.03,$83.65,$56.94,46.91,$94.00
PBFS,Pioneer Bancorp Inc.,0.000,1,,0.04,$17.63,$12.64,39.48,$19.42
CNS,Cohen & Steers Inc.,0.000,1,,0.00,$82.73,$56.80,45.65,$86.56
METCB,Ramaco Resources Inc B,0.000,1,,0.01,$7.36,$5.80,26.90,$21.24
REG,Regency Centers Corp.,0.000,1,,0.04,$75.52,$65.10,16.01,$83.66
STRW,Strawberry Fields Reit Inc,0.000,1,,0.01,$13.62,$10.71,27.17,$14.75
WYFI,Whitefiber Inc,0.000,1,,0.01,$17.75,$10.51,68.89,$46.87
TTAM,Titan America SA,0.000,1,,0.01,$15.02,$13.83,8.60,$19.57
STM,Stmicroelectronics Nv Ny Shs,0.000,1,,0.01,$49.38,$20.95,135.70,$81.33
VCTR,Victory Capital Holdings,0.000,1,,0.02,$118.31,$55.87,111.76,$123.55
RNG,RingCentral Inc.,0.000,1,,0.01,$69.38,$24.01,188.96,$70.43
BLZE,Backblaze Inc A,0.000,1,,0.00,$14.33,$3.26,339.57,$23.99
TAK,Takeda Pharmaceutical Co. Ltd,0.000,1,,0.00,$18.03,$12.99,38.80,$18.90
FBLA,Fb Bancorp Inc,0.000,1,,0.01,$15.74,$11.66,34.99,$16.00
GKOS,Glaukos Corp.,0.000,1,,0.01,$179.87,$73.16,145.86,$191.62
EVER,EverQuote Inc. CL A,0.000,1,,0.01,$25.66,$13.88,84.87,$28.73
ETN,Eaton Corp.,0.000,1,,0.03,$402.78,$309.33,30.21,$478.00
HLLY,Holley Inc,0.000,1,,0.00,$2.92,$2.33,25.32,$4.48
EPC,Edgewell Personal Care Co.,0.000,1,,0.03,$29.05,$15.61,86.10,$29.95
UTI,Universal Technical Institute,0.000,1,,0.04,$21.31,$20.85,2.21,$51.34
ITRI,Itron Inc.,0.000,1,,0.02,$97.53,$77.77,25.41,$142.00
EROC,Erock Inc A,0.000,1,,0.03,$12.31,$8.88,38.63,$20.70
NPKI,NPK International Inc.,0.000,1,,0.02,$13.16,$10.11,30.17,$16.50
TWI,Titan International Inc.,0.000,1,,0.01,$7.02,$6.37,10.20,$11.70
PACK,Ranpak Holdings Corp. CL A,0.000,1,,0.01,$4.90,$3.22,52.17,$7.81
REXR,Rexford Industrial Realty Inc.,0.000,1,,0.03,$37.13,$31.48,17.95,$42.76
HOMB,Home Bancshares Inc.,0.000,1,,0.02,$29.62,$25.28,17.17,$31.54
RTLLF,Rational Ag,0.000,1,,0.02,$773.67,$673.93,14.80,$859.22
DVDCF,Davide Campari-Milano S.p.A.,0.000,1,,0.01,$6.55,$6.07,7.91,$7.80
SLF,Sun Life Financial Inc.,0.000,1,,0.00,$78.76,$55.21,42.66,$83.64
FULT,Fulton Financial Corp.,0.000,1,,0.01,$23.68,$16.16,46.53,$25.23
NTAP,NetApp Inc.,0.000,1,,0.01,$187.02,$92.93,101.25,$209.06
COUR,Coursera Inc,0.000,1,,0.01,$6.47,$5.00,29.40,$12.32
CATH,Global X S&P 500 Catholic Values ETF,0.000,1,,0.01,$91.69,$75.37,21.65,$93.05
XGN,Exagen Inc.,0.000,1,,0.00,$7.39,$2.59,185.33,$12.23
BBY,Best Buy Co. Inc.,0.000,1,,0.00,$82.44,$54.38,51.60,$91.27
FVR,Frontview Reit Inc,0.000,1,,0.02,$19.45,$12.16,59.95,$22.29
ESS,Essex Property Trust,0.000,1,,0.04,$284.03,$233.85,21.46,$303.35
ARM,Arvinmeritor Inc.,0.000,1,,0.01,$239.05,$100.02,139.00,$452.70
TRS,TriMas Corp.,0.000,1,,0.02,$39.53,$30.34,30.29,$45.38
JOUT,Johnson Outdoors Inc.,0.000,1,,0.01,$45.93,$34.91,31.57,$53.16
COPX,Global X Copper Miners ETF,0.000,1,,0.00,$94.42,$47.66,98.11,$99.65
MATV,Mativ Holdings Inc.,0.000,1,,0.00,$12.13,$7.01,73.04,$15.02
AMBQ,Ambiq Micro Inc,0.000,1,,0.04,$57.34,$22.12,159.22,$91.61
AIRJ,Airjoule Technologies Corp,0.000,1,,0.01,$4.56,$2.22,105.41,$6.75
AVBH,Avidbank Holdings Inc,0.000,1,,0.02,$31.66,$24.03,31.75,$34.18
SLP,Simulations Plus Inc.,0.000,1,,0.03,$18.39,$11.09,65.83,$21.01
UMH,UMH Properties Inc.,0.000,1,,0.02,$16.48,$13.17,25.13,$16.77
CDRE,Cadre Holdings Inc,0.000,1,,0.01,$30.74,$25.65,19.84,$48.44
BG,Bunge Global SA,0.000,1,,0.04,$115.48,$74.11,55.82,$134.02
LRN,Stride Inc.,0.000,1,,0.02,$86.84,$60.61,43.28,$166.93
STNG,Scorpio Tankers Inc.,0.000,1,,0.03,$78.03,$48.08,62.29,$86.37
TITN,Titan Machinery Inc.,0.000,1,,0.03,$17.86,$13.21,35.20,$25.00
SSPPF,Ssp Group Plc,0.000,1,,0.02,$2.55,$1.67,52.69,$2.55
DLG.MI,De'Longhi SPA,0.000,1,,0.02,,,,
JJSF,J & J Snack Foods,0.000,1,,0.03,$89.26,$68.16,30.96,$108.75
BLLN,Billiontoone Inc Cl A,0.000,1,,0.02,$93.24,$61.96,50.48,$150.44
FMC,FMC Corp.,0.000,1,,0.04,$11.33,$9.95,13.87,$38.27
JOBY,Joby Aviation Inc.,0.000,1,,0.03,$6.98,$6.63,5.28,$19.98
GPRK,Geopark Ltd,0.000,1,,0.00,$9.83,$5.68,73.06,$11.84
ATAT,Atour Lifestyle Holdings ADR,0.000,1,,0.00,$35.50,$30.78,15.33,$42.49
GH,Guardant Health Inc.,0.000,1,,0.04,$161.50,$53.40,202.43,$176.58
EXEL,Exelixis Inc.,0.000,1,,0.00,$54.45,$33.76,61.29,$57.57
BIRK,Birkenstock Holding Plc,0.000,1,,0.01,$35.65,$31.12,14.56,$52.89
PIFYF,Pine Cliff Energy Ltd,0.000,1,,0.03,$0.42,$0.35,20.00,$0.65
UFCS,United Fire Group Inc.,0.000,1,,0.00,$53.98,$29.32,84.11,$55.82
BFLY,Butterfly Network Inc,0.000,1,,0.03,$8.43,$1.47,473.47,$10.05
JBHT,J.B. Hunt Transport Services Inc.,0.000,1,,0.00,$261.03,$129.06,102.25,$299.26
ASX,Ase Technology Holding ADR,0.000,1,,0.01,$37.78,$9.76,287.09,$45.27
TRN,Trinity Industries,0.000,1,,0.03,$29.27,$24.06,21.65,$38.31
KVHI,KVH Industries Inc.,0.000,1,,0.00,$7.52,$5.09,47.74,$13.00
FLYX.WS,Eg Acquisition Corp A WTS28,0.000,1,,0.00,,,,
SBGI,Sinclair Broadcast Group Inc.,0.000,1,,0.00,$14.35,$12.03,19.29,$16.99
SIL,Global X Silver Miners ETF,0.000,1,,0.00,$99.14,$55.48,78.70,$119.08
OIS,Oil States International Inc.,0.000,1,,0.03,$8.61,$5.37,60.34,$14.50
MTRX,Matrix Service Co.,0.000,1,,0.02,$10.83,$9.88,9.62,$15.97
XLF,Financial Select Sector SPDR,0.000,1,,0.00,$58.10,$47.50,22.32,$58.41
AMRC,Ameresco Inc. CL A,0.000,1,,0.03,$21.99,$18.38,19.64,$44.93
AKTS,Aktis Oncology Inc,0.000,1,,0.02,$25.78,$14.72,75.14,$34.19
VNQ,Vanguard Real Estate ETF,0.000,1,,0.00,$97.24,$85.39,13.88,$101.80
TEO,Telecom Argentina S.A.,0.000,1,,0.04,$13.06,$6.29,107.63,$16.34
PRGO,Perrigo Co.,0.000,1,,0.04,$14.48,$8.81,64.36,$21.89
CAE,CAE Inc.,0.000,1,,0.04,$24.28,$22.76,6.68,$34.24
SYNA,Synaptics Inc.,0.000,1,,0.02,$95.08,$58.28,63.14,$149.11
SBCF,Seacoast Banking Corp. of Florida,0.000,1,,0.04,$34.37,$28.07,22.44,$36.27
TDUP,ThredUp Inc.,0.000,1,,0.00,$2.72,$2.67,1.87,$11.90
RRBI,Red River Bancshares Inc,0.000,1,,0.02,$100.77,$61.12,64.87,$104.35
OOMA,Ooma Inc.,0.000,1,,0.00,$22.91,$9.79,134.01,$26.19
WILLF,Demant A s,0.000,1,,0.02,$44.03,$28.08,56.80,$45.00
SRRK,Scholar Rock Holding Corp.,0.000,1,,0.02,$57.80,$27.07,113.52,$61.76
TFII,Tfi International Inc,0.000,1,,0.02,$133.31,$79.64,67.39,$167.14
HSBC,HSBC Holdings plc,0.000,1,,0.01,$103.53,$60.74,70.45,$107.40
JBL,Jabil Inc.,0.000,1,,0.01,$301.45,$189.46,59.11,$428.84
NVMI,Nova Ltd,0.000,1,,0.01,$349.06,$232.73,49.98,$615.99
KOD,Kodiak Sciences Inc.,0.000,1,,0.01,$37.72,$8.29,355.01,$47.84
CCRN-OLD,Cross Country Healthcare,0.000,1,,0.02,$13.25,$7.43,78.33,$14.99
WT,WisdomTree Investments,0.000,1,,0.02,$24.43,$10.64,129.61,$25.89
ASR,Grupo Aeroportuario Sure SA de CV,0.000,1,,0.00,$257.52,$255.93,0.62,$374.42
EIKN,Eikon Therapeutics Inc,0.000,1,,0.00,$10.98,$7.90,38.99,$17.40
HYBB,Ishares Bb Rated Corp Bond,0.000,1,,0.00,$46.58,$44.30,5.15,$46.71
QQQM,Invesco Nasdaq 100 ETF,0.000,1,,0.02,$295.00,$228.49,29.11,$307.85
PNR,Pentair plc,0.000,1,,0.04,$61.67,$57.35,7.53,$112.57
FIP,Ftai Infrastructure Inc,0.000,1,,0.02,$3.57,$3.03,17.82,$6.56
CALY,Callaway Golf Co.,0.000,1,,0.02,$15.69,$8.39,87.01,$20.28
TRVG,Trivago Nv ADR,0.000,1,,0.00,$6.00,$2.59,131.66,$6.10
LNTH,Lantheus Holdings Inc.,0.000,1,,0.00,$100.77,$49.67,102.88,$111.86
FLYX,Flyexclusive Inc,0.000,1,,0.04,$1.23,$1.05,17.14,$8.88
