Symbol,Stock,%▼,"Ownership
count",Hold Price*,Max %,"Current
Price","52 Week
Low","% Above
52 Week
Low","52 Week
High"
AMZN,Amazon.com Inc.,2.917,34,$238.34,32.21,$258.73,$196.00,32.01,$287.20
GOOG,Alphabet Inc. CL C,2.582,34,$353.33,23.39,$339.78,$224.48,51.36,$404.23
BRK.B,Berkshire Hathaway CL B,2.416,26,$500.39,33.89,$507.71,$464.01,9.42,$537.74
GOOGL,Alphabet Inc.,2.084,36,$357.37,24.55,$343.12,$224.15,53.08,$408.37
MSFT,Microsoft Corp.,1.779,37,$373.02,20.54,$511.64,$348.54,46.80,$549.20
BRK.A,Berkshire Hathaway CL A,1.758,17,$748851.77,42.42,$761489.88,$698000.00,9.10,$806102.81
V,Visa Inc.,1.713,30,$343.09,19.83,$379.15,$292.74,29.52,$385.57
META,Meta Platforms Inc.,1.580,31,$563.30,20.45,$613.31,$519.78,17.99,$788.22
CVNA,Carvana Co.,1.483,7,$65.82,78.85,$73.39,$54.46,34.76,$97.38
MA,Mastercard Inc.,1.419,22,$513.60,20.01,$585.35,$463.74,26.22,$601.23
AAPL,Apple Inc.,1.224,22,$289.36,41.05,$327.54,$225.12,45.50,$344.27
TSM,Taiwan Semiconductor S.A.,0.986,24,$477.55,10.55,$415.80,$226.14,83.87,$479.00
GE,GE Aerospace,0.968,10,$373.73,35.61,$332.61,$268.58,23.84,$388.84
MCO,Moody's Corp.,0.948,17,$452.92,19.14,$503.99,$399.61,26.12,$543.25
JOE,St. Joe Co.,0.932,1,,76.43,$66.11,$45.92,43.97,$73.02
TDG,TransDigm Group Inc.,0.751,6,$1332.04,27.51,$1157.15,$1123.61,2.99,$1463.03
BN,Brookfield Corp.,0.736,9,$42.59,16.29,$40.39,$37.87,6.65,$49.40
SPGI,S&P Global Inc.,0.730,15,$407.26,19.92,$448.98,$360.09,24.69,$521.12
ASML,ASML Holding NV,0.722,9,$1989.38,21.11,$1641.21,$724.77,126.45,$1997.36
NVDA,NVIDIA Corp.,0.720,18,$200.09,9.34,$229.51,$163.85,40.07,$236.26
IBKR,Interactive Brokers Group Inc.,0.706,6,$87.04,33.42,$92.67,$58.70,57.87,$98.66
IEP,Icahn Enterprises,0.658,1,,53.95,$6.94,$5.82,19.24,$7.44
FICO,Fair Isaac Corp.,0.581,8,$1194.78,25.77,$1117.15,$870.01,28.41,$1998.01
HCC,Warrior Met Coal Inc.,0.580,3,$81.16,43.32,$102.27,$54.46,87.79,$111.42
LOAR,Loar Holdings Inc,0.575,1,,47.15,$69.46,$53.15,30.69,$83.43
MOH,Molina Healthcare Inc.,0.567,3,$193.75,43.49,$201.76,$121.06,66.66,$244.89
GPI,Group 1 Automotive,0.566,2,$291.17,46.41,$282.71,$249.03,13.52,$485.12
PDD,Pinduoduo Inc.,0.545,4,$76.28,22.17,$82.05,$71.94,14.05,$139.41
UBER,Uber Technologies Inc.,0.521,11,$72.16,12.72,$75.65,$65.41,15.66,$101.99
AMAT,Applied Materials,0.516,12,$723.00,19.48,$435.19,$153.62,183.29,$738.88
C,Citigroup Inc.,0.484,8,$139.96,18.50,$138.27,$91.47,51.16,$147.21
COF,Capital One Financial,0.470,16,$200.62,7.13,$220.75,$173.62,27.15,$256.63
AXP,American Express,0.464,16,$338.24,17.14,$330.48,$289.26,14.25,$384.36
SUNB,Sunbelt Rentals Holdings Inc,0.464,12,$75.05,10.59,$65.32,$60.40,8.15,$85.78
ELV,Elevance Health Inc.,0.457,12,$386.73,9.11,$413.62,$272.05,52.04,$436.24
SNX,SYNNEX Corp.,0.456,4,$267.34,26.38,$259.91,$141.15,84.14,$295.89
CROX,Crocs Inc.,0.443,6,$120.64,27.20,$117.09,$73.21,59.94,$141.28
DIS,Walt Disney Co.,0.432,20,$96.25,9.55,$107.34,$91.48,17.34,$118.07
LULU,Lululemon Athletica Inc.,0.403,4,$176.58,32.35,$121.77,$104.44,16.59,$225.98
CVS,CVS Health Corp.,0.396,10,$103.45,10.63,$97.04,$67.46,43.85,$110.00
EQH,Equitable Holdings Inc.,0.395,5,$43.88,30.38,$53.22,$34.72,53.28,$53.71
SLM,SLM Corp.,0.387,3,$27.27,24.16,$26.51,$17.55,51.05,$31.48
JHG-OLD,Janus Henderson Group,0.385,1,,31.53,$51.98,$37.96,36.93,$53.76
RIG,Transocean Ltd.,0.373,2,$4.89,30.53,$6.07,$2.93,107.17,$7.66
AVGO,Broadcom Inc.,0.368,13,$377.75,10.61,$357.49,$289.50,23.49,$494.22
ICLR,ICON plc,0.358,6,$173.71,11.94,$162.57,$66.57,144.21,$203.91
FERG,Ferguson Enterprises Inc.,0.339,11,$237.33,6.88,$221.93,$203.74,8.93,$268.59
SCHW,Charles Schwab Corp.,0.338,11,$92.27,6.56,$110.58,$83.72,32.08,$114.53
ADI,Analog Devices,0.319,11,$397.17,7.97,$354.64,$220.71,60.68,$444.56
AMR,Alpha Metallurgical Resources Inc.,0.318,1,,26.11,$213.43,$133.64,59.71,$253.82
MKL,Markel Group Inc.,0.309,5,$1953.01,10.89,$1848.41,$1719.41,7.50,$2207.59
UNH,United Health Group Inc.,0.302,17,$415.63,6.05,$400.04,$254.51,57.18,$461.62
TMO,Thermo Fisher Scientific,0.301,11,$501.36,9.81,$615.32,$434.83,41.51,$647.00
KHC,Kraft Heinz Co.,0.299,9,$23.61,12.80,$25.37,$20.66,22.80,$28.09
PYPL,PayPal Holdings Inc.,0.294,8,$43.18,10.61,$56.59,$38.22,48.06,$78.53
RKT,Rocket Companies Inc.,0.290,5,$15.75,11.65,$14.27,$12.17,17.26,$24.36
CVI,CVR Energy Inc.,0.289,1,,23.73,$42.96,$19.50,120.31,$44.33
VFC,V.F. Corp.,0.287,2,$16.68,23.36,$13.02,$12.81,1.64,$22.15
BABA,Alibaba Group Holdings,0.281,9,$95.98,16.92,$111.88,$91.99,21.62,$190.92
CAT,Caterpillar Inc.,0.275,6,$1064.90,19.65,$793.89,$407.70,94.72,$1071.47
CNH,CNH Industrial NV,0.271,5,$11.23,17.11,$13.65,$8.91,53.20,$13.89
WM,Waste Management Inc.,0.267,3,$222.88,17.30,$220.90,$191.77,15.19,$247.15
ORLA-OLD,Orla Mining Ltd,0.264,3,$9.73,21.55,$9.45,$8.43,12.10,$21.95
CP,Canadian Pacific Kansas City,0.261,7,$86.65,7.44,$91.40,$67.98,34.45,$96.90
LYV,Live Nation Inc.,0.257,8,$183.11,7.69,$177.73,$125.34,41.80,$189.25
APP,Applovin Corp.,0.257,4,$515.25,14.50,$313.54,$297.50,5.39,$745.61
ASH,Ashland Global Holdings Inc.,0.256,2,$65.89,17.47,$72.85,$45.04,61.75,$77.80
GM,General Motors,0.255,7,$77.08,11.46,$87.01,$53.98,61.19,$91.85
LEN,Lennar Corp.,0.255,4,$90.49,11.82,$84.34,$79.83,5.65,$141.39
BKNG,Booking Holdings Inc.,0.252,6,$178.24,8.46,$195.83,$149.76,30.76,$224.59
RPRX,Royalty Pharma plc,0.250,3,$56.07,8.82,$63.67,$33.43,90.46,$63.67
VRT,Vertiv Holdings Co.,0.250,3,$334.82,20.37,$267.90,$118.57,125.94,$379.86
NFLX,Netflix Inc.,0.248,11,$71.40,5.41,$82.70,$65.08,27.07,$126.71
CNI,Canadian Natl Railway Co.,0.247,6,$119.24,17.95,$123.22,$89.10,38.29,$131.55
DHR,Danaher Corp.,0.245,12,$190.48,7.64,$210.55,$160.60,31.10,$241.78
BAC,Bank of America Corp.,0.244,15,$56.98,9.20,$63.15,$45.88,37.64,$65.23
BDX,Becton Dickinson,0.238,7,$151.33,9.93,$187.62,$125.19,49.87,$193.07
QSR,Restaurant Brands International,0.238,3,$72.51,9.62,$80.22,$59.14,35.64,$81.88
GRBK,Green Brick Partners,0.237,2,$80.04,19.39,$70.66,$60.44,16.91,$83.18
CRM,Salesforce.com,0.235,10,$156.66,8.33,$265.57,$146.32,81.50,$267.75
AZN,AstraZeneca PLC,0.233,3,$187.18,19.03,$164.65,$90.90,81.13,$209.12
KKR,KKR & Co. L.P.,0.231,7,$91.78,8.95,$109.72,$82.35,33.24,$151.00
WFC,Wells Fargo,0.225,14,$82.64,3.11,$89.03,$72.36,23.04,$96.18
YETI,YETI Holdings Inc.,0.224,2,$49.56,18.33,$41.34,$31.66,30.57,$53.99
SGOV,Ishares 0 3 Month Treasury B,0.220,4,$100.67,10.59,$100.43,$96.75,3.80,$100.43
CACC,Credit Acceptance Corp.,0.220,2,$636.74,18.01,$602.23,$401.90,49.85,$668.86
RACE,Ferrari NV,0.216,4,$370.77,7.71,$417.54,$308.95,35.15,$498.75
PM,Philip Morris Intl.,0.212,10,$180.91,9.18,$187.47,$138.43,35.43,$207.76
SOLV,Solventum Corp,0.210,4,$77.15,15.02,$92.45,$62.38,48.20,$94.16
WBD,Warner Bros. Discovery Inc.,0.209,5,$26.66,11.68,$28.37,$11.45,147.77,$30.00
LAD,Lithia Motors Inc.,0.207,6,$290.49,13.20,$377.76,$238.86,58.15,$438.67
TXN,Texas Instruments,0.206,14,$298.07,3.93,$252.98,$150.20,68.43,$332.33
OMF,OneMain Holdings,0.200,4,$60.97,10.08,$64.56,$44.20,46.06,$68.16
EGO,Eldorado Gold Corp.,0.197,1,,16.18,$43.74,$24.30,80.00,$50.88
CPNG,Coupang Inc.,0.196,8,$17.37,6.89,$15.58,$14.92,4.42,$34.08
TKO,TKO Group Holdings Inc.,0.196,1,,16.07,$189.18,$173.96,8.75,$225.15
IFF,International Flavors & Fragrances Inc.,0.194,5,$79.22,5.43,$86.37,$58.13,48.58,$89.32
OXY,Occidental Petroleum,0.192,4,$48.57,7.02,$60.82,$38.44,58.22,$67.14
AON,Aon Plc,0.191,10,$331.69,4.91,$327.60,$303.10,8.08,$381.47
FWONK,Liberty Media Corp Formula One Series C,0.191,3,$95.14,7.73,$96.85,$80.15,20.84,$109.36
GXO,Gxo Logistics Inc.,0.189,1,,15.46,$47.07,$45.00,4.60,$66.85
EPD,Enterprise Products Partners LP,0.188,6,$36.76,13.46,$39.35,$28.18,39.64,$39.58
APTV,Aptiv PLC,0.187,2,$61.38,14.51,$46.29,$44.52,3.98,$78.49
AER,AerCap Holdings N.V.,0.185,3,$145.78,7.16,$146.58,$117.73,24.51,$158.38
ALC,Alcon Inc.,0.185,2,$67.33,15.19,$72.05,$61.84,16.51,$87.22
PEP,PepsiCo Inc.,0.184,12,$135.40,5.27,$140.27,$133.40,5.15,$168.19
MU,Micron Technology Inc.,0.184,5,$1154.29,15.06,$949.50,$117.11,710.78,$1254.81
CMCSA,Comcast Corp.,0.183,14,$24.55,3.15,$26.66,$21.28,25.28,$32.04
LLY,Eli Lilly & Co.,0.183,7,$1199.42,6.89,$1158.22,$707.59,63.69,$1292.65
KO,Coca Cola Co.,0.182,9,$81.27,10.86,$89.13,$64.04,39.18,$92.49
BLK,BlackRock Inc.,0.181,6,$961.57,9.93,$1122.89,$912.25,23.09,$1200.54
DASH,DoorDash Inc.,0.181,4,$184.53,7.46,$222.34,$143.30,55.16,$285.50
PVH,PVH Corp.,0.179,4,$74.26,9.92,$72.77,$59.55,22.20,$100.69
HGV,Hilton Grand Vacations Inc.,0.177,2,$52.37,14.48,$41.99,$36.79,14.13,$55.40
SIRI,SiriusXM Holdings Inc,0.175,5,$29.54,5.59,$29.91,$19.15,56.19,$32.37
ICE,Intercontinental Exchange Inc.,0.174,6,$123.11,4.90,$163.89,$121.79,34.57,$174.83
BAYRY,Bayer Ag Sponsored ADR,0.172,1,,14.12,$14.12,$7.46,89.28,$15.23
ACN,Accenture,0.170,12,$124.44,4.86,$194.33,$116.75,66.45,$285.21
BAX,Baxter International Inc.,0.170,7,$21.32,4.09,$25.46,$15.72,61.96,$29.99
CCL,Carnival Corp.,0.170,2,$28.57,12.78,$23.45,$23.08,1.60,$33.49
TOL,Toll Brothers,0.169,4,$164.75,10.71,$141.92,$122.93,15.45,$167.75
TRMD,Torm Plc,0.169,2,$25.79,13.87,$34.16,$17.91,90.73,$34.50
OKTA,Okta Inc.,0.168,1,,13.80,$168.07,$62.66,168.23,$174.85
TSLA,Tesla Inc.,0.167,6,$420.60,7.44,$380.80,$297.38,28.05,$498.83
DG,Dollar General,0.167,5,$115.11,8.66,$130.94,$93.78,39.62,$156.68
IONS,Ionis Pharmaceuticals Inc.,0.167,1,,13.70,$57.66,$50.01,15.30,$86.74
ROP,Roper Technologies Inc.,0.165,4,$338.39,7.80,$421.25,$305.19,38.03,$525.38
ORCL,Oracle Corp.,0.164,14,$146.55,4.51,$155.94,$114.50,36.19,$341.82
APH,Amphenol Corp.,0.164,7,$88.16,8.29,$81.37,$80.13,1.55,$178.52
SPOT,Spotify Technology S.A.,0.163,7,$459.13,4.96,$561.76,$405.00,38.71,$745.00
KEX,Kirby Corp.,0.161,1,,13.22,$142.67,$79.52,79.41,$157.69
PG,Procter & Gamble,0.160,9,$146.64,4.38,$147.35,$134.62,9.46,$164.77
GIL,Gildan Activewear Inc.,0.160,1,,13.10,$53.42,$46.35,15.25,$72.73
AJG,Arthur J. Gallagher & Co.,0.159,6,$229.57,6.43,$267.27,$190.12,40.58,$310.73
XRAY,DENTSPLY SIRONA Inc.,0.159,3,$10.61,12.18,$11.37,$9.41,20.83,$14.76
PFE,Pfizer Inc.,0.158,10,$24.08,3.07,$28.80,$22.03,30.73,$29.09
USB,U.S. Bancorp,0.157,6,$60.41,5.56,$63.51,$43.76,45.13,$66.08
ADP,Automatic Data Processing Inc.,0.157,6,$223.95,4.93,$283.23,$186.74,51.67,$294.50
VMC,Vulcan Materials,0.157,6,$295.01,5.62,$260.56,$251.38,3.65,$329.20
MDLN,Medline Inc Cl A,0.157,4,$39.44,6.28,$36.80,$32.49,13.27,$50.88
INTU,Intuit Inc.,0.156,8,$261.00,6.62,$346.72,$251.72,37.74,$697.25
SHW,Sherwin-Williams,0.155,7,$344.32,4.50,$332.19,$289.19,14.87,$375.09
NEM,Newmont Corp.,0.155,4,$93.40,6.25,$130.11,$72.91,78.45,$135.29
SGI,Somnigroup International Inc.,0.155,2,$78.40,8.30,$69.59,$60.08,15.83,$97.86
EXE,Expand Energy Corp.,0.154,1,,12.64,$99.51,$84.48,17.79,$124.43
HD,Home Depot,0.153,10,$352.68,5.61,$318.09,$286.95,10.85,$418.06
GEHC,GE HealthCare Technologies Inc.,0.153,8,$64.01,4.67,$69.68,$58.72,18.66,$89.64
EG,Everest Group Ltd,0.153,4,$357.23,11.28,$386.16,$296.87,30.08,$401.07
DE,Deere & Co.,0.152,7,$634.33,6.56,$686.44,$429.14,59.96,$701.00
CRH,CRH plc,0.152,5,$107.00,5.14,$92.18,$90.21,2.18,$130.09
UHAL.B,U Haul Holding Co Non Voting,0.152,4,$57.70,4.42,$59.07,$39.58,49.24,$66.90
ALK,Alaska Air Group,0.151,2,$52.20,10.58,$41.27,$33.03,24.95,$65.88
WAT,Waters Corp.,0.150,8,$375.04,6.25,$414.00,$282.77,46.41,$426.22
MSI,Motorola Solutions Inc.,0.148,8,$415.29,5.63,$471.50,$357.34,31.95,$494.85
TRU,TransUnion,0.148,3,$72.14,5.94,$84.71,$63.28,33.87,$94.90
INTC,Intel Corp.,0.147,7,$139.63,4.62,$91.04,$23.72,283.81,$142.35
JPM,JPMorgan Chase & Co.,0.146,15,$327.33,3.54,$362.21,$276.43,31.03,$366.50
HEI.A,HEICO Corp. CL A,0.146,4,$257.91,6.38,$238.68,$199.25,19.79,$279.52
UNP,Union Pacific,0.145,11,$272.00,5.95,$290.34,$206.49,40.61,$314.53
SW,Smurfit Westrock Plc,0.143,3,$46.26,7.56,$45.31,$31.79,42.53,$51.52
PPLI,People Inc.,0.143,3,$46.16,7.54,$38.96,$29.56,31.80,$48.32
FBIN,Fortune Brands Innovations Inc.,0.141,5,$54.90,4.83,$42.17,$31.92,32.11,$63.70
RBC,RBC Bearings Inc.,0.141,2,$644.06,10.70,$491.05,$364.50,34.72,$667.69
PGR,Progressive Corp.,0.140,7,$218.45,4.79,$223.97,$187.79,19.27,$239.38
OSK,Oshkosh Corp.,0.140,5,$153.48,6.69,$155.93,$115.83,34.62,$178.55
ET,Energy Transfer LP,0.140,4,$19.12,7.18,$21.49,$15.10,42.32,$21.77
SN,Sharkninja Inc,0.139,5,$152.27,10.67,$174.43,$83.12,109.85,$194.54
SYK,Stryker Corp.,0.139,4,$314.84,6.72,$309.25,$280.25,10.35,$392.86
KOF,Coca-Cola FEMSA S A CV,0.138,3,$106.25,9.34,$112.36,$76.77,46.36,$117.09
EQT,EQT Corp.,0.137,3,$53.17,6.19,$56.06,$47.79,17.30,$67.84
LRCX,Lam Research,0.136,7,$433.33,5.72,$290.14,$95.91,202.51,$438.50
BA,Boeing Co.,0.136,6,$216.47,3.38,$210.27,$176.77,18.95,$254.35
JNJ,Johnson & Johnson,0.135,12,$253.97,3.96,$278.52,$169.51,64.31,$281.07
DB,Deutsche Bank AG,0.135,4,$33.86,10.80,$41.44,$27.13,52.75,$41.44
MAT,Mattel Inc.,0.135,2,$13.88,8.92,$14.27,$12.73,12.10,$22.48
BLDR,Builders FirstSource Inc.,0.134,6,$89.48,5.60,$64.11,$62.31,2.89,$151.03
UAA,Under Armour Inc.,0.134,1,,10.98,$5.21,$4.13,26.15,$8.15
TEL,TE Connectivity plc,0.133,8,$201.61,3.93,$208.83,$189.53,10.18,$250.61
QCOM,QUALCOMM Inc.,0.133,7,$184.79,3.66,$169.50,$121.54,39.46,$258.96
SLB,Schlumberger Ltd.,0.132,8,$46.49,4.36,$57.42,$30.88,85.95,$60.15
DHI,D.R. Horton,0.132,4,$162.88,6.59,$143.92,$130.96,9.90,$182.36
BFAM,Bright Horizons Family Solutions Inc.,0.132,2,$70.88,8.28,$72.03,$57.63,24.99,$117.30
CB,Chubb Limited,0.131,6,$340.74,4.79,$348.59,$262.86,32.61,$365.91
PHM,PulteGroup Inc.,0.131,3,$137.21,8.64,$124.35,$108.26,14.86,$143.88
FISV,Fiserv Inc.,0.130,9,$49.05,2.79,$52.73,$47.04,12.10,$138.62
CBRE,CBRE Group,0.130,7,$134.69,3.67,$149.36,$121.69,22.74,$174.27
RYN,Rayonier Inc.,0.129,1,,10.54,$20.28,$19.25,5.35,$24.84
AIIR,Air Holdings Ltd,0.129,1,,10.61,$7.01,$5.29,32.51,$13.37
TSN,Tyson Foods,0.128,6,$57.25,3.11,$51.59,$48.84,5.63,$68.27
NCLH,Norwegian Cruise Line Hlgs Ltd.,0.128,3,$21.11,4.23,$15.50,$14.53,6.68,$27.18
FLG,Flagstar Financial Inc.,0.127,2,$14.94,9.62,$13.54,$10.55,28.34,$15.44
GEV,Ge Vernova Inc,0.126,10,$1174.86,3.91,$942.59,$529.18,78.12,$1195.94
TDS,Telephone & Data Systems,0.125,2,$37.01,5.17,$37.93,$31.51,20.37,$49.07
HHH,Howard Hughes Holdings Inc.,0.125,1,,10.23,$63.83,$61.01,4.62,$91.07
SE,Sea Ltd,0.124,8,$95.83,5.02,$114.05,$77.05,48.02,$199.30
TDW,Tidewater Inc.,0.124,3,$66.63,9.95,$94.83,$46.65,103.28,$101.58
ZS,Zscaler Inc.,0.124,1,,10.18,$178.83,$114.63,56.01,$336.99
NOW,ServiceNow Inc.,0.123,6,$99.28,4.59,$145.89,$81.24,79.58,$194.73
CI,Cigna Group,0.122,7,$275.68,2.67,$284.90,$235.50,20.98,$310.19
EFX,Equifax Inc.,0.121,9,$158.73,2.27,$189.13,$150.31,25.83,$268.77
FDX,FedEx Corp.,0.120,7,$313.13,3.18,$322.86,$173.85,85.71,$344.07
APD,Air Products & Chemicals,0.118,7,$293.18,3.96,$304.74,$224.64,35.66,$314.87
CSGP,CoStar Group Inc.,0.118,4,$28.32,6.49,$31.86,$25.89,23.06,$91.89
EWBC,East West Bancorp,0.118,1,,9.68,$130.55,$90.34,44.51,$137.47
URI,United Rentals,0.116,6,$1132.89,5.14,$992.65,$698.94,42.02,$1177.15
ABNB,Airbnb Inc.,0.116,5,$143.10,3.59,$185.25,$110.81,67.18,$193.45
RYAN,Ryan Specialty Holdings Inc,0.116,2,$37.76,9.09,$42.03,$29.07,44.58,$58.44
MRK,Merck & Co.,0.115,10,$128.49,4.43,$152.02,$75.81,100.53,$156.92
MRSH,Marsh,0.115,6,$166.67,3.98,$188.11,$155.72,20.80,$204.56
TECH,Bio-Techne Corp.,0.115,5,$70.65,3.68,$72.46,$43.07,68.24,$72.54
ACHC,Acadia Healthcare Co.,0.114,2,$29.53,6.00,$27.90,$11.43,144.09,$35.83
EVH,Evolent Health Inc.,0.114,1,,9.34,$4.24,$2.10,101.90,$10.08
GPC,Genuine Parts,0.110,6,$117.98,6.13,$136.56,$89.80,52.07,$148.58
IDXX,IDEXX Laboratories,0.110,6,$526.44,3.93,$529.46,$518.55,2.10,$769.98
REGN,Regeneron Pharmaceuticals,0.110,3,$623.54,4.95,$840.73,$538.24,56.20,$854.49
VTRS,Viatris Inc.,0.110,3,$15.88,5.13,$16.94,$9.10,86.15,$18.25
NU,Nu Holdings Ltd,0.108,5,$13.36,4.29,$15.62,$11.20,39.46,$18.98
NBR,Nabors Industries Ltd.,0.108,1,,8.85,$92.83,$34.70,167.52,$112.90
FRPT,Freshpet Inc.,0.108,1,,8.87,$69.31,$46.45,49.21,$86.00
ZBH,Zimmer Biomet Holdings,0.107,7,$86.09,3.36,$99.13,$78.91,25.62,$106.03
DECK,Deckers Outdoor,0.107,2,$99.29,7.52,$84.12,$78.91,6.60,$125.45
LIN,Linde plc,0.106,7,$518.94,4.94,$482.64,$385.26,25.28,$548.20
CFRHF,Compagnie Financiere Richemont SA,0.106,1,,8.67,$239.35,$163.00,46.84,$254.24
MELI,Mercadolibre Inc.,0.105,7,$1697.39,5.10,$1997.79,$1495.00,33.63,$2548.50
DCH,Dauch Corp.,0.105,3,$5.42,3.97,$6.68,$4.92,35.77,$9.25
SYF,Synchrony Financial,0.105,3,$76.05,7.84,$79.97,$62.56,27.83,$87.67
CVX,Chevron Corp.,0.104,11,$165.76,4.67,$211.78,$142.51,48.61,$212.94
WTW,Willis Towers Watson plc,0.104,5,$261.37,3.44,$341.02,$239.74,42.25,$351.51
WEN,Wendy's Co.,0.104,4,$8.29,5.97,$7.89,$6.02,31.06,$9.82
DVN,Devon Energy Corp.,0.103,5,$41.32,4.49,$48.93,$30.89,58.40,$52.34
TFX,Teleflex,0.103,3,$126.76,4.91,$139.25,$99.39,40.10,$144.64
CGNX,Cognex Corp.,0.103,2,$72.42,7.60,$60.59,$34.45,75.88,$72.78
CPRT,Copart Inc.,0.102,6,$28.19,4.41,$33.49,$26.81,24.92,$50.11
AMD,Advanced Micro Devices,0.101,6,$580.91,5.12,$456.46,$149.22,205.90,$584.73
FCNCA,First Citizens Bancshares,0.101,3,$2080.78,5.32,$2207.79,$1617.01,36.54,$2294.10
VST,Vistra Corp.,0.101,3,$158.63,4.70,$143.57,$132.47,8.38,$218.91
CNX,CNX Resources Corp.,0.101,1,,8.25,$37.95,$28.82,31.68,$43.62
UPS,United Parcel Service,0.100,7,$107.50,2.95,$103.44,$76.95,34.42,$116.86
MDT,Medtronic plc,0.100,7,$78.23,2.76,$92.54,$72.65,27.38,$103.76
BCC,Boise Cascade Company,0.100,3,$77.63,7.47,$76.90,$64.38,19.45,$91.16
ABM,ABM Industries,0.099,5,$44.24,7.10,$47.09,$36.45,29.19,$49.80
ORLY,O'Reilly Automotive,0.099,4,$92.09,3.90,$87.43,$82.59,5.86,$108.72
CNQ,Canadian Natural Resources,0.098,3,$39.50,8.04,$51.26,$28.73,78.42,$52.14
ABG,Asbury Automotive Group Inc.,0.098,2,$201.08,7.91,$213.60,$172.01,24.18,$262.67
EWY,iShares MSCI South Korea ETF,0.097,2,$201.90,6.55,$180.11,$70.99,153.71,$220.89
CR,Crane Co,0.097,2,$223.07,7.82,$201.29,$159.16,26.47,$230.22
BMY,Bristol-Myers Squibb,0.096,8,$57.62,2.88,$67.86,$41.13,64.99,$68.64
MGM,MGM Resorts International,0.096,4,$47.81,4.91,$41.27,$29.19,41.38,$51.59
MLM,Martin Marietta,0.096,3,$576.70,4.56,$510.44,$502.56,1.57,$707.94
GPN,Global Payments Inc.,0.095,4,$72.56,2.49,$91.59,$60.93,50.32,$95.88
AEM,Agnico-Eagle Mines Ltd.,0.094,3,$155.15,6.22,$206.20,$134.08,53.79,$254.05
APG,APi Group Corp.,0.094,3,$42.35,5.00,$39.83,$33.40,19.25,$49.99
URBN,Urban Outfitters Inc.,0.094,1,,7.72,$81.22,$59.54,36.41,$85.43
AU,AngloGold Ashanti Ltd.,0.093,3,$80.90,6.81,$111.48,$54.17,105.80,$124.69
NOMD,Nomad Foods Ltd,0.093,1,,7.61,$11.45,$8.86,29.23,$14.59
HKHHF,Heineken Holding NV,0.093,1,,7.61,$76.87,$64.00,20.11,$84.80
AVTR,Avantor Inc.,0.091,5,$9.90,2.82,$15.01,$7.27,106.46,$15.93
KLAC,KLA Corp.,0.091,3,$301.71,5.78,$172.01,$82.78,107.79,$307.03
MAR,Marriott Int'l.,0.090,4,$370.59,7.02,$336.66,$254.64,32.21,$410.15
MEDP,Medpace Holdings Inc.,0.090,4,$529.59,4.52,$590.83,$373.00,58.40,$677.90
HUM,Humana Inc.,0.090,2,$397.22,5.13,$406.18,$161.90,150.88,$428.88
HUT,Hut 8 Corp,0.090,2,$115.44,4.07,$87.56,$24.20,261.82,$140.80
ARES,Ares Management LP,0.090,2,$111.31,6.45,$142.40,$93.57,52.19,$181.32
GTX,Garrett Motion Inc.,0.090,2,$36.23,7.28,$27.19,$12.09,124.90,$36.14
GWRE,Guidewire Software Inc.,0.089,1,,7.27,$202.86,$102.30,98.30,$272.60
BNY,Bank of New York Mellon Corp.,0.088,10,$144.61,2.21,$164.09,$100.87,62.67,$165.69
KMX,CarMax Inc.,0.088,5,$52.89,3.50,$61.83,$30.26,104.33,$65.28
ECL,Ecolab Inc.,0.088,4,$278.61,4.22,$278.82,$242.49,14.98,$307.61
Q,Qnity Electronics Inc.,0.088,3,$163.31,7.23,$118.73,$72.62,63.49,$177.16
SHOP,Shopify Inc.,0.088,3,$114.18,4.50,$146.03,$94.00,55.35,$182.19
DLTR,Dollar Tree Inc.,0.088,1,,7.25,$130.17,$84.71,53.67,$142.40
YNDX,Yandex N.V.,0.088,1,,7.19,$20.00,$14.09,41.94,$20.36
BL,BlackLine Inc.,0.088,1,,7.19,$33.51,$24.70,35.67,$59.57
GNRC,Generac Holdings Inc.,0.087,6,$292.81,2.91,$181.73,$134.80,34.81,$296.44
JEF,Jefferies Financial Group Inc.,0.087,4,$49.98,3.44,$53.74,$35.00,53.54,$68.96
FLR,Fluor Corp.,0.087,2,$52.39,6.24,$57.17,$39.33,45.36,$57.96
RUSHA,Rush Enterprises Inc.,0.087,2,$48.65,7.03,$50.11,$30.17,66.09,$55.74
XOM,ExxonMobil Holdings Corp.,0.086,11,$136.72,3.65,$162.95,$105.30,54.75,$174.09
STX,Seagate Technology,0.086,3,$965.00,5.90,$786.99,$168.62,366.72,$1144.18
ALLY,Ally Financial Inc.,0.085,4,$45.95,4.78,$43.48,$35.43,22.72,$46.96
TOST,Toast Inc.,0.085,2,$27.82,6.98,$33.87,$22.26,52.16,$42.79
GDS,GDS Holdings Ltd,0.085,2,$30.03,4.92,$30.95,$26.97,14.76,$48.61
CEG,Constellation Energy Corp.,0.085,2,$248.37,3.97,$282.92,$228.28,23.94,$410.41
ABT,Abbott Labs,0.084,7,$90.74,3.98,$108.48,$81.39,33.28,$134.38
RTX,RTX Corp.,0.084,7,$189.73,3.49,$201.25,$148.41,35.60,$226.41
PFGC,Performance Food Group,0.084,4,$111.79,4.00,$99.48,$80.82,23.09,$117.48
QXO,Qxo Inc,0.084,3,$17.28,4.10,$13.53,$12.80,5.70,$27.61
MGA,Magna International Inc.,0.084,3,$91.94,6.54,$66.75,$41.73,59.96,$73.22
CTSH,Cognizant Technology Solutions,0.083,6,$38.73,3.02,$64.75,$36.86,75.66,$85.48
GTN,Gray Television Inc.,0.083,1,,6.80,$5.00,$3.55,40.85,$6.30
KEYS,Keysight Technologies Inc.,0.082,5,$350.07,4.48,$322.60,$158.79,103.16,$374.96
APO,Apollo Global Management,0.082,3,$118.31,4.46,$134.10,$98.73,35.82,$151.39
JLL,Jones Lang Lasalle Inc.,0.081,5,$309.95,3.28,$365.27,$259.83,40.58,$393.84
INDV,Indivior Pharmaceuticals Inc.,0.081,1,,6.65,$34.75,$27.68,25.54,$42.81
CRS,Carpenter Technology,0.080,3,$616.84,3.63,$468.59,$227.48,105.99,$625.72
CSCO,Cisco Systems,0.079,7,$117.46,5.40,$108.90,$64.79,68.08,$129.88
GSK,GSK plc,0.079,6,$52.42,3.51,$50.83,$37.83,34.36,$60.12
IQV,IQVIA Holdings Inc.,0.079,4,$193.22,3.13,$269.46,$154.50,74.41,$269.46
BIIB,Biogen Inc.,0.079,3,$216.06,3.75,$223.89,$135.39,65.37,$225.59
EBAY,eBay Inc.,0.079,2,$111.75,4.74,$106.21,$77.32,37.36,$118.62
TEVA,Teva Pharmaceutical Industries Ltd.,0.079,2,$33.88,3.97,$36.48,$18.21,100.33,$38.37
RHI,Robert Half International,0.079,2,$30.70,5.93,$42.65,$21.08,102.32,$46.09
ADBE,Adobe Inc.,0.078,10,$205.01,2.57,$285.33,$190.12,50.08,$370.86
MANU,Manchester United plc,0.078,3,$22.93,2.41,$21.02,$14.59,44.07,$24.45
CME,CME Group,0.077,7,$220.83,2.52,$282.90,$218.31,29.59,$319.84
COP,ConocoPhillips,0.077,7,$103.96,2.10,$135.92,$82.95,63.86,$137.37
HTHT,H World Group Ltd ADR,0.077,3,$41.72,5.59,$46.04,$34.36,33.99,$55.19
ZTS,Zoetis Inc.,0.076,5,$71.86,3.03,$76.68,$70.98,8.03,$152.23
BP,BP plc,0.076,4,$36.95,3.65,$43.71,$31.12,40.46,$47.14
AMGN,Amgen,0.076,4,$362.12,3.21,$443.23,$262.49,68.86,$447.03
MCK,McKesson Corp.,0.076,2,$755.61,5.95,$922.17,$679.67,35.68,$996.84
VEEV,Veeva Systems Inc.,0.075,6,$177.47,1.93,$283.62,$148.05,91.57,$310.50
JCI,Johnson Controls Intl. plc,0.075,4,$146.11,4.27,$142.34,$102.70,38.60,$157.06
NSRGY,Nestle,0.075,1,,6.11,$96.37,$84.97,13.42,$107.17
AN,AutoNation Inc.,0.075,1,,6.17,$207.10,$176.62,17.26,$235.81
MSCI,MSCI Inc.,0.074,6,$560.04,3.24,$575.38,$495.54,16.11,$642.47
OLN,Olin Corp.,0.074,4,$19.82,4.83,$16.89,$16.89,0.00,$29.90
MDLZ,Mondelez International,0.074,4,$57.84,5.64,$61.42,$50.34,22.01,$66.65
NYT,New York Times CL A,0.074,3,$69.98,4.55,$67.45,$53.65,25.72,$86.83
MTZ,MasTec Inc.,0.074,2,$416.06,3.42,$233.92,$171.05,36.76,$441.43
ACI,Albertsons Co Inc.,0.074,1,,6.09,$12.64,$10.86,16.39,$19.18
DAL,Delta Air Lines Inc.,0.073,5,$93.66,2.16,$78.67,$54.60,44.08,$95.44
SBUX,Starbucks Corp.,0.073,5,$102.19,3.13,$106.30,$76.05,39.78,$109.88
FTV,Fortive Corp.,0.073,4,$61.09,3.47,$57.54,$46.45,23.88,$64.56
BRZE,Braze Inc A,0.073,2,$21.69,5.99,$33.56,$15.26,119.92,$37.33
VAL,Valaris plc,0.073,1,,5.99,$90.26,$46.70,93.28,$114.12
Z,Zillow Group Inc.,0.072,1,,5.89,$35.29,$29.23,20.73,$93.88
ENTG,Entegris Inc.,0.071,6,$179.86,2.70,$130.60,$67.81,92.60,$186.78
WCC,WESCO International Inc.,0.071,5,$345.38,4.23,$337.67,$202.38,66.85,$385.37
RYAAY,Ryanair Holdings PLC,0.071,3,$64.75,5.59,$54.65,$53.14,2.84,$73.75
HOG,Harley-Davidson,0.071,2,$24.46,5.79,$27.35,$16.96,61.26,$30.44
SPUU,Dir Dai S&P 500 Bu 2x ETF Us,0.071,1,,5.81,$228.67,$154.62,47.89,$232.39
PLGO,Pelagos Insurance Capital,0.071,1,,5.84,$25.65,$16.48,55.64,$26.34
FNF,Fidelity National Financial Inc.,0.070,3,$47.16,3.54,$47.65,$42.32,12.59,$57.15
FIVE,Five Below Inc.,0.070,2,$179.79,3.62,$240.57,$137.77,74.62,$263.88
XYZ,Block Inc.,0.070,2,$76.00,4.26,$83.29,$48.21,72.76,$86.92
OGN,Organon & Co.,0.070,1,,5.72,$13.78,$5.67,143.03,$13.79
NVST,Envista Holdings Corp.,0.069,5,$26.35,2.87,$27.47,$18.77,46.35,$30.42
MCHP,Microchip Technology,0.069,4,$91.20,5.37,$73.07,$47.28,54.55,$104.75
ODFL,Old Dominion Freight Line,0.069,3,$216.60,4.93,$185.34,$125.23,48.00,$251.64
DELL,Dell Technologies Inc.,0.069,3,$431.46,5.68,$514.99,$109.70,369.45,$519.98
MSA,MSA Safety Inc.,0.069,3,$174.58,4.68,$188.57,$149.32,26.29,$207.14
UAN,CVR Partners LP,0.069,1,,5.62,$132.28,$74.15,78.40,$134.45
NOV,Nov Inc.,0.068,4,$18.55,1.98,$21.46,$12.06,77.94,$21.83
WAB,WABTEC Corp.,0.068,3,$269.60,4.93,$279.53,$183.40,52.42,$306.32
MRP,Millrose Properties,0.068,2,$30.05,3.95,$31.64,$25.60,23.59,$32.04
BLMN,Bloomin Brands Inc.,0.068,1,,5.59,$9.79,$5.19,88.63,$12.63
GLD,SPDR Gold Trust,0.067,6,$1293.45,2.35,$410.23,$325.35,26.09,$509.70
CCC,CCC Intelligent Solutions Hldgs Inc.,0.067,2,$5.16,3.02,$7.22,$4.08,76.96,$9.91
UBS,UBS AG,0.066,4,$44.91,2.66,$55.55,$35.38,57.01,$55.99
LYB,LyondellBasell Industries,0.065,3,$52.65,2.87,$64.70,$39.12,65.39,$82.22
MBI,MBIA Inc.,0.065,2,$6.52,4.34,$4.81,$4.64,3.66,$8.17
CRGY,Crescent Energy Inc A,0.065,2,$9.82,4.86,$13.97,$7.46,87.27,$14.54
OZK,Bank OZK,0.065,2,$52.09,3.22,$50.24,$41.16,22.06,$53.18
RGLD,Royal Gold Inc.,0.065,2,$199.61,5.09,$264.07,$167.81,57.36,$304.97
PHYS,Sprott Physical Gold Trust,0.065,2,$30.17,5.29,$33.87,$27.14,24.80,$42.07
CLF,Cleveland-Cliffs Inc.,0.065,2,$9.39,5.30,$12.23,$7.73,58.21,$16.70
PRI,Primerica Inc.,0.065,1,,5.36,$298.78,$227.14,31.54,$325.96
TTMI,TTM Technologies Inc.,0.064,4,$187.02,3.13,$115.29,$45.10,155.63,$223.83
NSC,Norfolk Southern Corp.,0.064,4,$314.59,4.13,$329.75,$263.58,25.10,$357.18
FANG,Diamondback Energy Inc.,0.064,2,$175.78,3.02,$203.01,$131.14,54.80,$216.90
SGU,Star Gas Partners LP,0.064,1,,5.26,$12.89,$10.70,20.47,$13.33
CTRI,Centuri Holdings Inc,0.064,1,,5.25,$20.54,$19.04,7.88,$42.99
TRUP,Trupanion Inc.,0.064,1,,5.28,$28.90,$21.16,36.58,$46.98
SAP,SAP SE,0.063,7,$154.11,2.96,$216.13,$144.97,49.09,$276.56
BIO,Bio-Rad Laboratories Inc.,0.063,3,$293.61,2.39,$387.87,$236.73,63.84,$396.23
NXPI,NXP Semiconductors NV,0.063,3,$281.03,2.48,$225.77,$180.63,24.99,$338.80
UA,Under Armour CL C,0.063,1,,5.18,$5.09,$3.95,28.86,$7.91
BF.B,Brown-Forman Corp.,0.062,5,$26.65,3.33,$27.48,$22.41,22.62,$31.11
LPLA,LPL Financial Holdings Inc.,0.062,4,$281.68,2.10,$358.94,$259.94,38.09,$399.03
PLD,Prologis Inc.,0.062,3,$135.47,2.70,$137.83,$107.04,28.76,$153.35
TLN,Talen Energy Corp,0.062,3,$384.26,3.37,$306.28,$288.58,6.13,$451.28
LNC,Lincoln National,0.062,2,$35.35,5.04,$45.48,$31.40,44.84,$47.67
VGNT,Versigent Plc,0.062,2,$42.01,2.64,$48.60,$26.34,84.51,$50.89
MIR,Mirion Technologies Inc,0.062,2,$17.93,4.24,$16.81,$14.11,19.14,$30.28
AAL,American Airlines Group Inc.,0.062,2,$18.07,3.31,$12.97,$10.09,28.54,$18.79
GPGI,GPGI Inc.,0.062,1,,5.09,$13.87,$11.22,23.62,$26.77
QUAD,Quad/Graphics Inc.,0.062,1,,5.06,$10.35,$4.93,109.94,$11.03
PTLO,Portillo's Inc Cl A,0.062,1,,5.05,$4.43,$3.78,17.20,$6.98
XPO,XPO Logistics,0.060,4,$205.29,4.84,$184.95,$121.48,52.25,$232.05
LKQ,LKQ Corp.,0.060,4,$26.33,2.86,$25.07,$20.92,19.84,$35.92
MHK,Mohawk Industries,0.060,3,$121.33,2.37,$131.64,$92.99,41.56,$143.13
MET,MetLife Inc.,0.060,2,$84.61,2.76,$98.77,$66.41,48.73,$100.93
VZ,Verizon Communications,0.059,7,$42.34,1.76,$50.59,$36.55,38.41,$50.93
MS,Morgan Stanley,0.059,5,$209.04,3.54,$217.05,$143.04,51.74,$230.98
NEE,NextEra Energy Inc.,0.059,4,$87.77,3.10,$84.06,$67.31,24.88,$97.30
LEA,Lear Corp.,0.059,3,$134.06,2.61,$130.61,$93.67,39.44,$149.08
AME,Ametek Inc.,0.059,2,$241.94,4.87,$234.08,$178.41,31.20,$261.16
DJCO,Daily Journal Corp.,0.059,1,,4.80,$623.20,$348.63,78.76,$674.75
GS,Goldman Sachs Group,0.058,5,$1011.37,2.77,$1035.97,$708.37,46.25,$1148.37
OKE,ONEOK Inc.,0.058,2,$86.94,3.08,$96.38,$61.67,56.28,$99.85
BRCC,BRC Inc.,0.058,1,,4.79,$8.47,$6.00,41.17,$18.55
MP,MP Materials Corp.,0.058,1,,4.74,$53.37,$37.81,41.15,$100.25
MNDY,monday.com Ltd.,0.058,1,,4.77,$97.49,$57.50,69.55,$220.80
LFUS,Littelfuse Inc.,0.057,7,$455.33,2.52,$413.52,$231.54,78.60,$499.60
ARW,Arrow Electronics,0.057,4,$213.41,4.35,$209.74,$101.79,106.05,$237.33
AVT,Avnet Inc.,0.057,3,$88.82,3.87,$90.24,$43.52,107.35,$100.00
CHD,Church & Dwight,0.057,2,$96.88,4.58,$98.47,$80.29,22.64,$105.37
CNR,Core Natural Resources Inc.,0.057,1,,4.67,$97.04,$70.04,38.55,$114.56
ALAB,Astera Labs Inc,0.057,1,,4.65,$279.21,$97.89,185.23,$499.48
PNC,PNC Financial Services,0.056,5,$246.22,3.78,$245.42,$172.82,42.01,$258.96
BHF,Brighthouse Financial Inc.,0.056,1,,4.60,$54.15,$42.07,28.71,$66.80
GLW,Corning Inc.,0.055,4,$255.43,4.26,$145.14,$65.83,120.48,$271.27
OC,Owens Corning,0.055,3,$158.94,2.86,$134.17,$95.63,40.30,$159.88
YUMC,Yum China Holdings Inc.,0.055,3,$40.87,4.25,$43.66,$39.90,9.42,$57.33
SEG,Seaport Entertainment Group,0.055,2,$26.60,3.86,$26.20,$17.74,47.69,$29.61
BGC,BGC Group Inc.,0.055,1,,4.48,$12.18,$8.20,48.54,$12.86
CNDT,Conduent Inc.,0.055,1,,4.48,$1.90,$1.15,65.22,$2.98
B,Barrick Mining Corp.,0.054,5,$36.73,3.12,$45.60,$26.27,73.58,$53.80
BX,Blackstone Group,0.054,4,$117.67,3.30,$137.91,$99.78,38.21,$182.67
KGC,Kinross Gold Corp.,0.054,3,$23.62,4.14,$31.62,$21.38,47.90,$38.96
AMRZ,Amrize Ltd,0.054,3,$53.30,2.13,$43.77,$41.61,5.19,$65.13
TER,Teradyne Inc.,0.054,2,$483.84,4.42,$338.31,$109.39,209.27,$487.91
LLYVK,Liberty Media Corp. Series C Live,0.054,2,$105.64,4.07,$101.57,$78.68,29.09,$109.75
FAST,Fastenal,0.054,2,$48.03,2.72,$49.12,$38.34,28.12,$52.92
NMIH,NMI Holdings,0.054,2,$41.09,4.39,$45.50,$34.84,30.60,$46.74
MAVF,Matrix Advisors Value ETF,0.054,1,,4.41,$138.46,$113.25,22.26,$142.84
TJX,TJX Companies Inc.,0.053,3,$151.50,2.52,$131.94,$130.71,0.94,$169.47
TMHC-OLD,Taylor Morrison Home Corp.,0.053,3,$71.74,3.30,$72.46,$54.15,33.81,$72.50
TDAY,Gannett Co.,0.053,2,$8.55,2.83,$6.47,$3.42,89.18,$9.21
SYY,Sysco Corp.,0.052,5,$83.44,1.81,$81.33,$67.23,20.97,$90.56
OMC,Omnicom Group,0.052,4,$72.83,2.53,$84.34,$64.98,29.79,$89.57
MPLX,MPLX LP,0.052,2,$56.33,3.90,$59.51,$44.22,34.58,$60.16
MSGE,Madison Square Garden Entertainment Corp.,0.052,1,,4.28,$77.66,$40.11,93.62,$90.41
VNOM,Viper Energy Inc.,0.052,1,,4.25,$44.95,$33.67,33.50,$49.62
MCD,McDonald's Corp.,0.051,7,$270.31,2.18,$259.60,$257.21,0.93,$335.18
RMNI,Rimini Street Inc.,0.051,2,$4.26,4.15,$5.10,$2.87,77.70,$5.68
OSW,OneSpaWorld Holdings Ltd,0.051,1,,4.19,$22.15,$18.94,16.95,$29.19
DEO,Diageo ADR,0.050,8,$80.38,1.60,$90.53,$71.73,26.21,$107.27
NKE,NIKE Inc.,0.050,7,$41.05,2.32,$38.79,$37.77,2.70,$74.51
ABBV,AbbVie Inc.,0.050,7,$251.64,3.09,$260.61,$189.40,37.60,$267.47
REZI,Resideo Technologies Inc.,0.050,5,$31.10,1.90,$19.51,$18.86,3.45,$32.01
PPG,PPG Industries,0.050,3,$121.29,2.78,$111.06,$91.35,21.58,$130.99
KDP,Keurig Dr Pepper Inc.,0.050,2,$32.73,4.04,$33.00,$24.43,35.08,$33.82
CRL,Charles River Labs,0.050,2,$226.79,3.41,$293.40,$144.26,103.38,$303.31
FTNT,Fortinet Inc.,0.050,1,,4.09,$156.27,$73.55,112.47,$173.89
NTRA,Natera Inc.,0.049,4,$271.45,3.32,$326.09,$157.43,107.13,$343.18
CRBG,Corebridge Financial Inc.,0.049,3,$28.63,2.84,$34.56,$21.90,57.81,$34.81
LBTYA,Liberty Global Ltd CL A,0.049,3,$11.37,2.57,$10.63,$9.43,12.73,$13.52
IEX,IDEX Corp.,0.049,2,$226.95,3.97,$223.04,$155.87,43.09,$243.80
CHTR,Charter Communications,0.048,6,$142.21,1.95,$149.56,$111.55,34.07,$285.82
FN,Fabrinet,0.047,4,$562.08,3.30,$395.16,$333.06,18.65,$748.89
LUV,Southwest Airlines,0.047,2,$51.42,3.87,$38.57,$28.88,33.55,$54.63
SEB,Seaboard Corp.,0.047,2,$4464.28,3.80,$4325.01,$3133.55,38.02,$5983.34
LUMN,Lumen Technologies Inc.,0.047,1,,3.87,$6.81,$4.57,49.02,$11.95
MAIR,Madison Air Solutions Corp A,0.047,1,,3.87,$25.60,$24.75,3.43,$44.50
WDAY,Workday Inc.,0.046,4,$122.42,1.78,$207.03,$110.36,87.60,$249.85
CNC,Centene Corp.,0.046,3,$64.19,2.71,$67.39,$28.24,138.63,$69.36
WULF,Terawulf Inc,0.046,2,$24.70,3.65,$16.00,$8.60,86.05,$29.84
DKS,Dick's Sporting Goods Inc.,0.046,2,$226.81,3.02,$139.31,$120.40,15.71,$244.38
CNA,CNA Financial Corp.,0.046,1,,3.77,$49.33,$40.34,22.29,$55.19
CG,Carlyle Group,0.045,4,$42.11,1.91,$47.66,$39.32,21.21,$67.95
FLEX,Flex Ltd.,0.045,3,$162.07,3.66,$107.57,$53.07,102.69,$166.86
SDHC,Smith Douglas Homes Corp,0.045,3,$15.54,3.67,$11.13,$10.72,3.82,$23.49
NVT,nVent Electric plc,0.045,3,$169.61,3.19,$151.61,$87.93,72.42,$184.40
NVR,NVR Inc.,0.045,3,$6813.41,3.03,$6357.87,$5501.01,15.58,$8618.28
STLA,Stellantis N.V.,0.045,2,$5.74,3.69,$5.48,$5.05,8.51,$12.22
TWLO,Twilio Inc.,0.045,2,$206.33,3.70,$239.51,$98.44,143.31,$258.35
DD,DuPont de Nemours Inc.,0.045,2,$135.65,3.71,$131.15,$86.86,50.99,$156.04
NRP,Natural Resource Partners,0.045,1,,3.69,$113.08,$94.82,19.26,$126.18
HSY,Hershey Co.,0.044,5,$175.44,2.08,$175.84,$156.70,12.21,$235.80
COHR,Coherent Corp.,0.044,4,$394.47,3.50,$263.78,$87.15,202.67,$440.00
ILMN,Illumina Inc.,0.044,2,$175.83,2.02,$219.22,$88.00,149.11,$231.81
USFD,US Foods Holding Corp.,0.044,2,$102.25,3.07,$104.58,$69.88,49.66,$111.42
SSNC,SS&C Technologies Holdings Inc.,0.044,2,$62.05,2.01,$83.93,$61.18,37.19,$88.97
ERFSF,Eurofins Scientific SE,0.044,1,,3.60,$84.36,$64.33,31.14,$87.51
PGEN,Precigen Inc.,0.044,1,,3.61,$7.05,$2.99,135.79,$7.72
PSX,Phillips 66,0.043,6,$169.05,2.96,$254.63,$123.09,106.86,$259.75
LBRDK-OLD,Liberty Broadband Corp. CL C,0.043,4,$33.26,1.94,$35.99,$26.25,37.10,$65.73
CORZ,Core Scientific Inc,0.043,3,$25.59,3.38,$17.60,$13.14,33.94,$30.46
AERO,Grupo Aeromexico Sab De Cv,0.043,2,$18.00,1.89,$15.35,$12.26,25.20,$23.05
BFH,Bread Financial Holdings Inc.,0.043,2,$108.35,3.40,$108.64,$53.23,104.10,$114.28
AFRM,Affirm Holdings Inc.,0.043,2,$81.55,3.51,$74.65,$42.10,77.32,$93.20
SA,Seabridge Gold Inc.,0.043,1,,3.52,$32.51,$17.13,89.78,$40.06
MSGS,Madison Square Garden Sports Corp.,0.042,4,$401.84,2.64,$386.57,$193.87,99.40,$438.93
ROIV,Roivant Sciences Ltd,0.042,4,$35.39,1.95,$34.12,$12.28,177.85,$37.97
TAP,Molson Coors Beverage Co.,0.042,3,$38.94,2.94,$40.46,$37.60,7.61,$53.00
CHYM,Chime Financial Inc Cl A,0.042,3,$20.48,2.78,$33.71,$15.88,112.28,$34.16
AMG,Affiliated Managers Group,0.042,3,$338.40,3.37,$362.74,$227.19,59.66,$392.91
FOX,Fox Corporation CL B,0.042,2,$46.84,3.27,$60.61,$43.86,38.19,$67.48
NRG,NRG Energy Inc.,0.042,1,,3.44,$111.75,$108.34,3.15,$188.71
ALV,Autoliv Inc.,0.041,2,$116.17,3.37,$125.75,$97.72,28.68,$131.23
INCY,Incyte Corp.,0.041,2,$113.36,2.64,$127.90,$81.09,57.73,$132.60
GFL,Gfl Environmental Inc Sub Vt,0.041,1,,3.39,$43.44,$33.32,30.37,$49.46
CPT,Camden Property Trust,0.040,3,$114.49,1.76,$105.78,$94.30,12.17,$119.81
UAL,United Airlines Holdings Inc.,0.040,2,$135.99,3.31,$108.63,$84.64,28.34,$138.77
WSC,WillScot Mobile Mini Hldgs Corp.,0.040,2,$28.86,3.28,$19.46,$14.72,32.20,$29.66
SSD,Simpson Manufacturing,0.040,2,$209.35,3.09,$178.17,$155.55,14.54,$213.18
PENN,Penn National Gaming Inc.,0.040,2,$21.36,3.20,$17.28,$11.65,48.33,$22.36
STZ,Constellation Brands,0.039,4,$139.09,1.58,$129.26,$123.82,4.39,$166.17
RS,Reliance Steel & Aluminum,0.039,2,$373.60,3.23,$397.45,$256.46,54.98,$432.62
CE,Celanese Corp.,0.039,2,$46.00,2.82,$45.23,$35.07,28.97,$70.65
IDT,IDT Corp. CL B,0.039,1,,3.23,$69.42,$45.54,52.44,$69.90
SWKS,Skyworks Solutions Inc.,0.039,1,,3.18,$71.87,$51.48,39.61,$88.05
STT,State Street Corp.,0.038,5,$169.60,1.93,$193.67,$102.75,88.49,$195.93
NVO,Novo Nordisk A S,0.038,4,$47.94,1.05,$47.28,$34.20,38.25,$61.21
EW,Edwards Lifesciences Corp.,0.038,2,$90.46,3.09,$89.99,$72.30,24.47,$96.29
IBP,Installed Building Products,0.038,2,$229.84,3.07,$238.14,$192.75,23.55,$345.54
PCG,PG&E Corp.,0.038,2,$16.82,2.85,$14.08,$12.59,11.83,$19.04
STRL,Sterling Construction Co. Inc.,0.038,1,,3.13,$463.35,$270.00,71.61,$1005.68
FPH,Five Point Holdings LLC,0.038,1,,3.11,$5.11,$4.60,11.09,$6.64
LMT,Lockheed Martin Corp.,0.037,5,$509.46,1.38,$531.39,$429.47,23.73,$683.27
AEP,American Electric Power,0.037,3,$136.81,1.72,$124.77,$102.52,21.70,$139.52
LH,Labcorp Holdings Inc.,0.037,3,$280.00,1.92,$331.29,$242.07,36.86,$341.06
FNV,Franco Nevada Corp.,0.037,2,$208.45,1.81,$269.97,$180.48,49.58,$284.60
FMX,Fomento Economico Mexicano,0.037,2,$127.90,2.74,$120.66,$77.56,55.57,$141.47
ALGN,Align Technology Inc.,0.037,1,,3.07,$160.22,$122.00,31.33,$200.44
RBLX,Roblox Corp.,0.037,1,,3.04,$41.94,$33.88,23.79,$142.00
MICC,Magnum Ice Cream Co NV,0.036,7,$16.98,0.91,$19.69,$12.94,52.16,$20.69
ONON,On Holding AG,0.036,4,$35.42,2.88,$28.30,$27.56,2.69,$51.08
CARR,Carrier Global Corp.,0.036,4,$73.35,1.74,$58.86,$49.67,18.50,$76.49
SNOW,Snowflake Inc.,0.036,3,$254.50,2.25,$361.75,$118.30,205.79,$378.00
YUM,Yum! Brands Inc.,0.036,3,$159.86,2.01,$153.30,$135.39,13.23,$170.14
EL,Estee Lauder Cos.,0.036,3,$78.94,2.87,$100.27,$65.74,52.53,$120.38
SPHR,Sphere Entertainment Co.,0.036,2,$173.03,2.87,$141.77,$46.70,203.58,$181.63
AWI,Armstrong World Industries Inc.,0.036,2,$160.42,1.50,$171.03,$150.00,14.02,$204.82
TPG,Tpg Inc,0.036,1,,2.92,$53.07,$36.07,47.13,$67.83
CPAY,Corpay Inc.,0.036,1,,2.99,$421.17,$252.84,66.58,$425.95
WMT,Walmart Inc.,0.035,6,$113.26,2.76,$108.66,$96.69,12.38,$134.83
BF.A,Brown-Forman Corp. CL A,0.035,3,$27.36,2.22,$27.90,$22.81,22.31,$30.87
TW,Tradeweb Markets Inc.,0.035,3,$99.66,1.63,$105.60,$91.30,15.66,$127.35
EMBJ,Embraer SA,0.035,3,$63.80,2.09,$73.47,$53.37,37.66,$80.46
BRO,Brown & Brown Inc.,0.035,3,$64.15,1.62,$72.49,$53.69,35.02,$95.63
TRGP,Targa Resources Corp.,0.035,2,$268.14,2.83,$293.94,$141.11,108.31,$307.94
RGEN,Repligen Corp.,0.035,2,$136.44,2.44,$169.35,$100.99,67.69,$188.73
CDNS,Cadence Design Systems,0.035,2,$375.32,2.81,$304.28,$262.75,15.81,$416.69
UNF,UniFirst Corp.,0.035,2,$264.46,2.03,$275.13,$146.95,87.23,$306.67
ULS,Ul Solutions Inc Class A,0.035,1,,2.91,$75.00,$61.24,22.47,$107.17
PRVA,Privia Health Group Inc.,0.035,1,,2.91,$20.63,$19.53,5.63,$28.82
VOO,Vanguard S&P 500 ETF,0.034,6,$686.82,1.77,$710.98,$576.78,23.27,$716.39
TCOM,Trip.com Group Ltd,0.034,3,$39.84,1.50,$41.58,$38.04,9.31,$78.99
CPB,Campbell's Co.,0.034,3,$22.27,2.60,$22.05,$19.23,14.66,$32.13
BR,Broadridge Financial Solutions,0.034,2,$136.95,1.49,$178.81,$133.83,33.61,$251.56
WSO,Watsco Inc.,0.034,2,$416.73,1.90,$315.37,$295.75,6.63,$455.09
IMO,Imperial Oil Ltd.,0.034,2,$112.17,2.51,$131.84,$82.42,59.96,$138.75
CBRS,Cerebras Systems Inc A,0.034,1,,2.76,$189.86,$160.81,18.06,$386.34
CMPR,Cimpress plc,0.034,1,,2.77,$87.52,$56.34,55.34,$106.58
MIDD,Middleby Corp.,0.034,1,,2.82,$112.33,$88.87,26.40,$148.55
EFA,iShares MSCI EAFE ETF,0.033,5,$103.87,2.39,$108.20,$87.38,23.83,$108.89
WY,Weyerhaeuser Co.,0.033,4,$23.94,2.02,$23.04,$20.60,11.84,$27.28
LOW,Lowe's Cos.,0.033,3,$220.49,1.43,$202.85,$199.34,1.76,$289.87
CTO,CTO Realty Growth Inc.,0.033,1,,2.74,$21.50,$14.20,51.41,$22.71
GPK,Graphic Packaging Hldg Co.,0.033,1,,2.69,$10.69,$8.69,23.01,$21.20
ATS,Ats Corp,0.033,1,,2.67,$19.52,$18.41,6.03,$35.82
KNSL,Kinsale Capital Group Inc.,0.033,1,,2.67,$382.99,$287.01,33.44,$483.75
FER,Ferrovial Se,0.033,1,,2.72,$58.02,$52.44,10.64,$74.07
VRSK,Verisk Analytics Inc.,0.032,5,$179.53,1.65,$191.57,$155.52,23.18,$271.36
HCA,HCA Healthcare Inc.,0.032,5,$389.89,2.12,$410.96,$353.99,16.09,$554.58
BSX,Boston Scientific,0.032,5,$42.68,2.29,$46.92,$42.20,11.18,$109.50
CSX,CSX Corp.,0.032,3,$47.53,2.15,$49.16,$31.40,56.56,$53.45
CASY,Casey's Gen'l Stores,0.032,3,$794.80,1.98,$761.19,$491.99,54.72,$927.15
WMB,Williams Cos.,0.032,3,$74.34,2.57,$74.75,$54.36,37.51,$79.49
VRTX,Vertex Pharmaceuticals,0.032,2,$496.73,1.51,$557.10,$374.17,48.89,$558.36
WPM,Wheaton Precious Metals Corp.,0.032,2,$112.32,2.63,$156.66,$92.01,70.26,$165.03
CLH,Clean Harbors Inc.,0.032,2,$298.75,2.59,$318.90,$201.34,58.39,$335.94
RDDT,Reddit Inc Cl A,0.032,2,$173.58,1.83,$156.65,$119.27,31.34,$282.95
LII,Lennox International,0.032,1,,2.60,$385.37,$371.65,3.69,$587.27
GGG,Graco Inc.,0.032,1,,2.63,$78.42,$72.23,8.57,$94.99
ITUB,ita Unibanco Holding S.A.,0.032,1,,2.59,$8.18,$6.06,34.98,$9.46
MTN,Vail Resorts Inc.,0.031,4,$136.15,2.23,$136.86,$116.69,17.29,$160.49
LEN.B,Lennar Corp. CL B,0.031,4,$88.71,2.12,$83.01,$78.02,6.40,$134.56
MAS,Masco Corp.,0.031,3,$81.37,1.33,$71.28,$57.51,23.94,$83.27
TME,Tencent Music Entertainment Grp,0.031,3,$8.35,1.49,$8.28,$7.94,4.28,$26.00
BAP,Credicorp Ltd.,0.031,3,$389.58,1.08,$383.43,$230.45,66.38,$413.25
TTWO,Take-Two Interactive Software,0.031,2,$249.98,1.89,$215.86,$187.63,15.05,$265.94
A,Agilent Technologies,0.031,2,$132.83,2.53,$150.26,$108.14,38.95,$163.75
JBS,Jbs Nv A,0.031,2,$11.85,2.54,$13.06,$11.45,14.06,$17.27
FIS,Fidelity National Information Services,0.031,2,$38.88,1.56,$42.02,$37.42,12.29,$68.07
RLI,RLI Corp.,0.031,2,$59.07,1.48,$64.39,$45.14,42.65,$66.81
WHK,Whitehawk Minerals Corp Cl A,0.031,1,,2.56,$28.05,$25.24,11.13,$28.48
JELD,JELD-WEN Holding Inc.,0.031,1,,2.53,$2.29,$0.93,146.24,$6.98
WFRD,Weatherford International plc,0.031,1,,2.51,$96.70,$59.53,62.44,$112.79
RMD,ResMed Inc.,0.031,1,,2.54,$229.76,$179.75,27.82,$281.89
IBM,International Business Machines,0.030,5,$281.21,2.36,$233.16,$197.77,17.89,$330.09
CL,Colgate-Palmolive,0.030,5,$91.68,1.24,$89.86,$73.21,22.74,$98.15
PAYX,Paychex Inc.,0.030,2,$98.33,2.35,$124.47,$83.50,49.07,$132.36
FOUR,Shift4 Payments Inc. CL A,0.030,2,$48.64,2.09,$44.12,$34.56,27.66,$89.55
SDRL,Seadrill Ltd,0.030,2,$37.82,2.45,$50.09,$28.10,78.26,$55.47
TRIP,TripAdvisor Inc.,0.030,2,$13.71,1.62,$9.38,$9.01,4.11,$20.16
BE,Bloom Energy Corp.,0.030,2,$302.69,2.36,$235.59,$50.05,370.71,$351.28
NWSA,News Corp.,0.030,2,$24.83,2.32,$30.87,$22.11,39.62,$31.66
ZBRA,Zebra Technologies Corp.,0.030,2,$263.26,2.42,$356.55,$199.05,79.13,$386.23
TTC,Toro Co.,0.030,2,$97.42,2.39,$92.79,$66.72,39.07,$104.28
PEG,Public Serv. Enterprise Inc.,0.030,2,$81.16,2.42,$73.92,$72.53,1.92,$86.18
LAZ,Lazard Inc.,0.030,2,$41.94,2.41,$44.30,$37.82,17.13,$57.45
CHRW,C.H. Robinson Worldwide,0.030,2,$188.34,1.33,$147.07,$122.31,20.24,$210.33
NXT,Nextracker Inc Cl A,0.030,1,,2.49,$83.64,$64.30,30.08,$163.13
ESRT,Empire State Realty Trust Inc.,0.030,1,,2.45,$4.43,$4.36,1.61,$7.90
OCSL,Oaktree Specialty Lending Corp,0.030,1,,2.49,$13.17,$10.33,27.49,$13.33
CSL,Carlisle Companies,0.029,4,$362.75,1.62,$344.04,$290.64,18.37,$428.80
DPC,Dpc Holdings Plc,0.029,4,$49.06,2.27,$41.13,$37.65,9.24,$57.25
BMRN,BioMarin Pharmaceutical Inc.,0.029,3,$57.22,1.24,$66.45,$49.26,34.90,$70.98
SUI,Sun Communities Inc.,0.029,3,$119.91,1.75,$119.79,$113.81,5.25,$135.36
CPRI,Capri Holdings Ltd,0.029,2,$18.57,2.29,$13.25,$12.62,4.99,$28.27
PTEN,Patterson-UTI Energy Inc.,0.029,1,,2.41,$12.58,$4.89,157.26,$13.31
VSEC,VSE Corp.,0.028,3,$228.50,2.18,$200.24,$154.36,29.72,$247.85
WST,West Pharmaceutical Services,0.028,2,$358.99,1.85,$341.71,$223.52,52.88,$385.75
PBH,Prestige Consumer Healthcare,0.028,2,$47.27,2.29,$52.38,$42.62,22.90,$71.07
AMLP,Alerian MLP ETF,0.028,1,,2.26,$55.76,$41.24,35.21,$56.04
MNST,Monster Beverage Corp.,0.028,1,,2.28,$44.35,$31.04,42.88,$50.17
FDXF,FedEx Freight Holding Co.,0.027,5,$151.00,1.02,$128.00,$125.27,2.18,$200.00
VEA,Vanguard FTSE Developed ETF,0.027,5,$71.25,1.63,$73.44,$56.47,30.05,$74.04
BLCO,Bausch + Lomb Corp,0.027,3,$16.56,1.51,$18.06,$13.77,31.15,$18.92
DINO,HF Sinclair Corp.,0.027,3,$69.65,1.99,$106.83,$44.66,139.21,$107.31
NESR,National Energy Services Reunited Corp.,0.027,3,$29.93,2.18,$34.47,$9.15,276.72,$36.94
GLIBK,GCI Liberty Inc. Series C,0.027,2,$21.56,2.18,$26.10,$19.30,35.23,$41.18
EXP,Eagle Materials Inc.,0.027,2,$225.00,2.21,$192.66,$171.79,12.15,$245.53
COIN,Coinbase Global Inc.,0.027,1,,2.24,$192.78,$139.11,38.58,$402.16
HLF,Herbalife Nutrition Ltd.,0.027,1,,2.25,$12.19,$7.56,61.24,$20.40
BOKF,BOK Financial Corp.,0.027,1,,2.25,$137.43,$100.84,36.29,$146.20
FAF,First Amer'n Corp.,0.027,1,,2.21,$76.75,$55.74,37.69,$79.87
ATGE,Adtalem Global Education,0.027,1,,2.20,,,,
KSPI,Jsc Kaspi.kz ADR,0.026,7,$86.62,0.96,$107.25,$65.63,63.42,$109.94
TFC,Truist Financial Corp.,0.026,4,$49.82,2.06,$51.63,$39.11,32.01,$54.51
ITRN,Ituran Location & Control Ltd.,0.026,3,$61.01,1.93,$51.08,$30.68,66.49,$67.77
FOSL,Fossil Inc.,0.026,2,$4.14,2.10,$5.15,$1.70,202.94,$6.25
GNTX,Gentex Corp.,0.026,2,$25.27,2.09,$22.77,$20.26,12.39,$28.80
CDW,CDW Corp.,0.026,2,$140.64,1.09,$153.42,$96.09,59.66,$168.13
DOX,Amdocs Ltd.,0.026,2,$50.54,2.07,$63.30,$49.24,28.55,$83.39
BBIO,BridgeBio Pharma Inc.,0.026,2,$74.48,2.11,$75.39,$48.78,54.55,$93.42
AIG,American International Group,0.026,2,$74.53,2.02,$76.99,$70.36,9.42,$86.21
FLS,Flowserve Corp.,0.026,2,$74.16,2.10,$77.06,$48.28,59.61,$91.86
BKV,Bkv Corporation,0.026,1,,2.17,$26.13,$20.08,30.13,$32.81
DHT,DHT Holdings Inc.,0.026,1,,2.13,$20.15,$9.43,113.68,$20.62
DVA,DaVita HealthCare Partners,0.026,1,,2.15,$180.93,$101.00,79.14,$247.49
TECK,Teck Resources,0.026,1,,2.14,$68.60,$31.45,118.12,$71.93
VAC,Marriott Vacations Worldwide,0.026,1,,2.16,$99.71,$43.02,131.78,$131.34
NFG,National Fuel Gas,0.026,1,,2.15,$83.96,$74.64,12.49,$96.03
SPCX,Space Exploration Technologies Corp.,0.025,5,$170.86,0.67,$151.95,$104.83,44.95,$225.64
BUD,Anheuser-Busch InBev,0.025,4,$82.40,1.27,$80.19,$56.78,41.23,$86.60
VOYA,Voya Financial Inc.,0.025,3,$90.53,1.08,$104.59,$63.83,63.86,$104.76
KVUE,Kenvue Inc,0.025,3,$19.11,1.90,$18.92,$13.38,41.41,$19.91
VSNT,Versant Media Group Inc.,0.025,3,$36.01,1.77,$41.29,$26.61,55.17,$45.11
MAA,Mid-America Apt Communties,0.025,2,$138.94,2.00,$128.52,$117.48,9.40,$142.76
COTY,Coty Inc.,0.025,2,$2.16,2.00,$2.91,$1.82,59.89,$4.56
ATI,Allegheny Technologies Inc.,0.025,2,$197.10,1.39,$204.40,$74.45,174.55,$243.57
ISRG,Intuitive Surgical Inc.,0.025,2,$397.68,1.53,$370.52,$328.57,12.77,$603.88
EOG,EOG Resources,0.025,2,$129.73,1.99,$147.11,$99.12,48.42,$153.67
SJM,J.M. Smucker Co,0.025,2,$112.50,2.02,$128.77,$86.47,48.92,$135.89
INSM,Insmed Inc.,0.025,1,,2.07,$125.24,$90.39,38.56,$212.75
FBTC,Fidelity Wise Origin Bitcoin,0.025,1,,2.07,$71.00,$50.48,40.65,$110.25
KBR,KBR Inc.,0.025,1,,2.07,$37.05,$29.80,24.33,$51.56
SHEN,Shenandoah Telecommunications Co.,0.025,1,,2.06,$12.55,$9.67,29.78,$17.35
BIDU,Baidu Inc.,0.024,4,$114.29,1.98,$95.64,$89.60,6.74,$165.30
MTB,M&T Bank Corp.,0.024,3,$238.01,1.52,$239.80,$169.89,41.15,$254.31
WRBY,Warby Parker Inc.,0.024,3,$30.34,1.89,$23.63,$14.96,57.95,$31.00
AXTA,Axalta Coating Systems Ltd.,0.024,2,$34.22,1.18,$35.96,$24.94,44.19,$38.61
UHS,Universal Health Services Inc.,0.024,2,$148.69,1.12,$169.61,$139.92,21.22,$245.26
PR,Permian Resources Corp.,0.024,2,$18.41,1.97,$23.76,$11.60,104.83,$24.09
ANET,Arista Networks Inc.,0.024,2,$169.88,1.94,$191.02,$114.52,66.80,$214.89
ECPG,Encore Capital Group Inc.,0.024,1,,1.94,$97.38,$39.95,143.75,$104.98
COLD,Americold Realty Trust,0.024,1,,1.98,$14.10,$9.59,47.03,$16.88
JXN,Jackson Financial Inc.,0.024,1,,1.94,$139.87,$87.44,59.96,$139.87
FCX,Freeport-McMoran Inc.,0.024,1,,2.00,$72.40,$34.78,108.17,$80.24
SPB,Spectrum Brands Holdings Inc.,0.023,4,$85.75,1.23,$88.11,$48.72,80.85,$98.53
LAMR,Lamar Advertising Co.,0.023,3,$155.98,1.64,$151.86,$110.33,37.64,$166.33
CAG,Conagra Brands Inc.,0.023,3,$13.46,1.76,$15.68,$12.39,26.55,$19.59
ADPT,Adaptive Biotechnologies Corp.,0.023,2,$21.45,1.83,$24.55,$12.00,104.58,$26.87
BATRK,Atlanta Braves Holdings Inc. Series C,0.023,2,$51.90,1.64,$51.15,$37.76,35.46,$54.46
AGX,Argan Inc.,0.023,2,$798.55,1.80,$417.43,$196.06,112.91,$805.09
PANW,Palo Alto Networks,0.023,2,$341.02,1.88,$330.07,$139.57,136.49,$398.88
WEC,WEC Energy Group,0.023,1,,1.92,$106.80,$100.35,6.43,$118.87
SHC,Sotera Health Co,0.023,1,,1.88,$18.93,$13.09,44.61,$19.85
PDRDF,Pernod Ricard,0.023,1,,1.92,$73.06,$65.28,11.92,$107.46
SWK,Stanley Black & Decker Inc.,0.023,1,,1.92,$96.34,$59.87,60.92,$104.68
WTM,White Mountains Insurance,0.023,1,,1.85,$2116.53,$1647.25,28.49,$2333.00
BYD,Boyd Gaming Corp.,0.023,1,,1.92,$78.25,$75.81,3.22,$91.41
LNT,Alliant Energy,0.023,1,,1.86,$68.14,$61.37,11.03,$78.22
CHRD,Chord Energy,0.023,1,,1.87,$147.67,$80.76,82.85,$153.00
TRV,Travelers Companies Inc.,0.022,4,$330.13,0.71,$375.92,$249.31,50.78,$398.70
ABEV,Ambev S.A.,0.022,3,$3.14,1.81,$3.05,$2.08,46.63,$3.44
HSIC,Henry Schein Inc.,0.022,3,$83.52,1.54,$90.61,$61.95,46.26,$92.18
GILD,Gilead Sciences,0.022,3,$126.34,1.57,$151.02,$106.44,41.88,$155.38
IWF,iShares Russell 1000 Growth ETF,0.022,3,$124.17,1.08,$123.58,$102.14,20.99,$129.03
GHC,Graham Holdings Co.,0.022,2,$1141.45,1.74,$1123.46,$923.50,21.65,$1262.35
IR,Ingersoll Rand Inc.,0.022,2,$81.99,0.92,$75.30,$68.05,10.65,$100.89
ECHO,EchoStar Corp.,0.022,2,$101.50,1.73,$89.73,$62.28,44.08,$147.25
CTVA,Corteva Inc.,0.022,2,$84.69,1.84,$88.27,$59.97,47.19,$90.78
PRMB,Primo Brands Corp,0.022,2,$24.44,1.77,$21.81,$14.04,55.34,$26.08
KRC,Kilroy Realty Corp.,0.022,1,,1.83,$36.93,$26.89,37.34,$42.39
UMBF,UMB Financial Corp.,0.022,1,,1.79,$143.21,$102.27,40.03,$153.32
JD,JD.com Inc.,0.021,5,$25.48,1.17,$27.73,$23.66,17.20,$35.59
ROL,Rollins Inc.,0.021,4,$41.74,0.57,$35.67,$35.48,0.54,$65.40
NTRS,Northern Trust Corp.,0.021,3,$173.84,1.69,$187.09,$119.17,56.99,$195.78
TKR,Timken Co.,0.021,3,$145.31,1.72,$121.07,$69.62,73.90,$145.98
CMCO,Columbus McKinnon Corp.,0.021,2,$15.13,1.71,$18.08,$11.95,51.30,$24.13
WIX,Wix.com Ltd.,0.021,2,$44.27,0.90,$81.43,$40.16,102.76,$190.93
ROK,Rockwell Automation Inc.,0.021,2,$495.08,1.17,$429.28,$328.32,30.75,$495.83
PSKY,Paramount Skydance Corp.,0.021,2,$9.86,0.99,$11.02,$7.62,44.62,$20.57
INGR,Ingredion Inc.,0.021,1,,1.72,$101.88,$93.62,8.82,$125.14
LBTYK,Liberty Global Ltd CL C,0.021,1,,1.74,$10.39,$9.30,11.72,$13.12
VNT,Vontier Corp.,0.021,1,,1.70,$33.09,$27.23,21.52,$48.13
VRSN,Verisign Inc.,0.020,3,$251.56,0.76,$292.43,$206.93,41.32,$311.57
CMI,Cummins Inc.,0.020,3,$713.22,1.05,$546.37,$383.91,42.32,$735.02
XP,XP Inc.,0.020,2,$16.26,1.34,$19.96,$14.80,34.86,$22.83
SD,SandRidge Energy Inc.,0.020,2,$13.70,0.84,$14.28,$10.60,34.72,$17.78
ROG,Rogers Corp.,0.020,2,$163.73,1.61,$125.47,$75.14,66.98,$169.00
CLB,Core Laboratories Inc.,0.020,1,,1.63,$12.55,$9.78,28.32,$20.32
ACGL,Arch Capital Group Ltd.,0.020,1,,1.67,$100.03,$82.45,21.32,$107.09
TGT,Target Corp.,0.019,4,$130.61,1.21,$163.84,$81.20,101.77,$170.75
DEI,Douglas Emmett Inc.,0.019,3,$11.80,1.30,$11.43,$8.79,30.03,$15.90
HP,Helmerich & Payne,0.019,2,$32.75,1.46,$45.35,$18.95,139.31,$48.17
VYM,Vanguard High Dvd Yield ETF,0.019,2,$158.03,1.42,$164.93,$134.19,22.91,$167.61
LLYVA,Liberty Media Corp. Series A Live,0.019,2,$101.26,1.41,$97.90,$77.12,26.95,$106.06
ST,Sensata Technologies Holding,0.019,2,$47.74,1.27,$42.03,$27.92,50.54,$53.75
LILAK,Liberty LiLAC Group C,0.019,1,,1.56,$8.69,$4.76,82.56,$8.84
HAE,Haemonetics Corp.,0.019,1,,1.54,$102.06,$47.32,115.68,$109.57
DNOW,NOW Inc.,0.018,4,$12.97,0.67,$15.76,$10.94,44.06,$17.26
BNS,Bank of Nova Scotia,0.018,3,$86.81,1.18,$94.74,$59.33,59.68,$95.23
AR,Antero Resources,0.018,2,$35.14,1.42,$39.94,$29.10,37.25,$45.75
ADM,Archer-Daniels-Midland,0.018,2,$76.40,0.88,$83.40,$54.00,54.44,$87.90
VSAT,Viasat Inc.,0.018,2,$89.81,1.50,$71.29,$26.10,173.14,$93.03
AMH,American Homes 4 Rent,0.018,2,$33.52,1.40,$32.67,$26.95,21.22,$35.07
SKY,Skyline Champion Corp.,0.018,2,$88.12,1.42,$86.14,$63.69,35.25,$99.17
LHX,L3Harris Technologies Inc.,0.018,2,$290.59,1.49,$260.87,$258.54,0.90,$376.39
FG,F&G Annuities & Life Inc.,0.018,1,,1.44,$24.83,$20.16,23.16,$34.42
EQX,Equinox Gold Corp,0.018,1,,1.47,$13.06,$8.47,54.19,$18.88
SWX,Southwest Gas Holdings Inc.,0.018,1,,1.51,$88.68,$74.40,19.19,$93.81
CRWV,Coreweave Inc Cl A,0.018,1,,1.44,$84.56,$60.55,39.65,$153.20
PAYC,Paycom Software Inc.,0.017,3,$125.68,0.70,$239.83,$104.16,130.25,$243.28
FDS,FactSet Research Systems,0.017,3,$230.08,0.65,$313.24,$182.47,71.67,$370.44
BKD,Brookdale Senior Living Inc.,0.017,3,$16.09,1.27,$11.90,$7.29,63.24,$17.09
AMP,Ameriprise Financial Inc.,0.017,3,$458.73,0.90,$564.66,$419.52,34.60,$572.56
CTAS,Cintas Corp.,0.017,3,$170.08,1.38,$200.93,$160.31,25.34,$218.60
BXP,BXP Inc.,0.017,3,$66.31,1.04,$68.18,$48.54,40.46,$75.95
RRX,Regal Rexnord Corp.,0.017,2,$238.19,1.43,$161.73,$127.19,27.16,$247.80
ITIC,Investors Title Co.,0.017,2,$273.68,0.96,$301.04,$208.58,44.33,$309.07
MMYT,MakeMyTrip Ltd,0.017,2,$53.29,1.39,$56.96,$32.67,74.35,$103.24
NAMS,Newamsterdam Pharma Co Nv,0.017,2,$33.89,1.00,$25.65,$23.05,11.28,$42.21
PINS,Pinterest Inc.,0.017,2,$21.03,1.14,$20.92,$13.84,51.16,$38.57
EXPE,Expedia Group Inc.,0.017,2,$255.88,1.43,$304.05,$184.28,64.99,$341.51
MANE,Veradermics Inc,0.017,2,$122.94,0.88,$97.87,$32.00,205.84,$131.24
DGX,Quest Diagnostics,0.017,2,$212.00,1.42,$239.19,$168.97,41.56,$247.19
JBLU,JetBlue Airways Corp.,0.017,1,,1.43,$4.63,$3.87,19.64,$6.62
STUB,Stubhub Holdings Inc Class A,0.017,1,,1.39,$6.65,$5.74,15.85,$27.89
MATW,Matthews Intl Corp. A,0.017,1,,1.37,$21.14,$20.21,4.60,$30.32
FSV,Firstservice Corp,0.017,1,,1.41,$143.65,$119.15,20.56,$208.07
ALX,Alexander's Inc.,0.017,1,,1.42,$265.91,$190.65,39.48,$284.73
AKAM,Akamai Technologies Inc.,0.017,1,,1.40,$105.63,$70.82,49.15,$165.45
NTES,NetEase.com Inc.,0.016,3,$128.14,0.80,$117.06,$105.44,11.02,$156.41
POOL,Pool Corp.,0.016,2,$214.93,1.06,$184.37,$171.55,7.47,$327.90
GSHD,Goosehead Insurance Inc.,0.016,2,$48.50,0.87,$68.30,$33.68,102.79,$85.53
RGA,Reinsurance Group of America Inc.,0.016,2,$212.65,1.33,$255.30,$175.13,45.78,$258.34
FUL,H.B. Fuller Co.,0.016,2,$58.29,1.30,$53.77,$48.30,11.33,$68.05
PRM,Perimeter Solutions SA,0.016,2,$35.65,1.11,$31.75,$19.70,61.17,$38.17
SHAZ,Sharonai Holdings Inc,0.016,2,$84.66,0.65,$54.72,$1.90,2780.00,$178.00
NOC,Northrop Grumman Corp.,0.016,2,$509.32,1.24,$526.09,$476.85,10.33,$767.12
BAM,Brookfield Asset Management,0.016,2,$44.85,0.75,$50.43,$41.36,21.93,$60.19
UPBD,Upbound Group Inc.,0.016,1,,1.29,$18.64,$14.83,25.69,$25.85
OSG,Octave Specialty Group Inc.,0.016,1,,1.34,$4.71,$3.88,21.39,$10.38
ACIW,ACI Worldwide Inc.,0.016,1,,1.28,$52.80,$38.05,38.76,$61.08
SAM,Boston Beer Company,0.016,1,,1.35,$172.79,$158.68,8.89,$264.46
AZO,AutoZone Inc.,0.016,1,,1.34,$2971.78,$2902.20,2.40,$4388.11
NICE,Nice Ltd Spon ADR,0.016,1,,1.32,$109.10,$83.10,31.29,$153.68
NVS,Novartis AG,0.015,5,$156.73,0.84,$163.04,$118.00,38.17,$165.46
FITB,Fifth Third Bancorp,0.015,3,$56.37,0.65,$55.07,$39.08,40.92,$59.50
NTR,Nutrien Ltd.,0.015,2,$62.95,1.04,$80.21,$51.72,55.09,$83.98
WRB,W.R. Berkley Corp.,0.015,2,$70.53,1.21,$69.78,$62.31,11.99,$77.45
DLR,Digital Realty Trust Inc.,0.015,2,$179.58,1.18,$186.70,$144.28,29.40,$207.47
ARLP,Alliance Resource Partners LP,0.015,2,$23.98,1.06,$26.22,$20.15,30.12,$28.08
MKTX,MarketAxess Holdings Inc.,0.015,2,$113.50,1.25,$163.36,$108.23,50.94,$193.95
CALM,Cal-Maine Foods Inc.,0.015,2,$80.56,1.18,$76.70,$70.97,8.07,$113.11
CRK,Comstock Resources Inc.,0.015,1,,1.26,$15.22,$12.12,25.58,$28.10
MTH,Meritage Homes Corp.,0.015,1,,1.26,$67.68,$57.65,17.40,$85.38
PB,Prosperity Bancshares Inc.,0.015,1,,1.19,$72.36,$59.51,21.59,$75.87
OPCH,Option Care Health Inc.,0.015,1,,1.26,$24.32,$18.01,35.04,$36.80
YPF,YPF S.A.,0.015,1,,1.19,$52.47,$22.82,129.93,$57.49
CLW,Clearwater Paper Corp.,0.015,1,,1.26,$20.64,$11.73,75.96,$23.59
DOLE,Dole Food Company,0.015,1,,1.25,$13.88,$12.30,12.85,$16.38
HLN,Haleon Plc ADR,0.014,5,$9.33,0.73,$9.81,$8.54,14.87,$11.06
IVV,Ishares Core S&P 500 ETF,0.014,3,$748.90,0.86,$777.13,$630.45,23.27,$783.09
GD,General Dynamics,0.014,3,$354.24,1.05,$363.92,$305.43,19.15,$400.00
BCS,Barclays plc ADR,0.014,2,$26.86,1.16,$26.83,$18.86,42.26,$28.37
SBAC,SBA Communications Corp.,0.014,2,$176.46,1.14,$192.74,$160.33,20.21,$221.58
SUPN,Supernus Pharmaceuticals,0.014,1,,1.14,$43.95,$42.45,3.53,$59.68
VLO,Valero Energy,0.014,1,,1.12,$370.66,$150.02,147.07,$373.50
ICFI,ICF International Inc.,0.014,1,,1.15,$89.22,$58.71,51.97,$100.91
ALG,Alamo Group Inc.,0.014,1,,1.11,$169.85,$145.46,16.77,$219.00
ADT,ADT Inc.,0.014,1,,1.16,$7.58,$6.15,23.25,$8.73
JAZZ,Jazz Pharmaceuticals plc,0.013,2,$240.97,1.10,$246.92,$123.88,99.32,$266.38
TAC,TransAlta Corp.,0.013,2,$13.83,1.10,$11.79,$11.29,4.43,$17.62
AXS,Axis Capital Holdings Ltd.,0.013,2,$107.44,1.00,$102.23,$86.98,17.53,$119.99
ABR,Arbor Realty Trust Inc.,0.013,2,$5.42,0.78,$5.25,$4.58,14.63,$11.02
FMS,Fresenius Medical Care AG & Co KCaG,0.013,2,$22.61,1.00,$22.44,$19.24,16.63,$26.57
VMRK,Vivmark Residential,0.013,2,$67.93,1.07,$64.62,$56.30,14.78,$71.50
COMP,Compass Inc.,0.013,2,$12.33,0.66,$11.21,$6.37,75.98,$13.96
FOXA,Fox Corporation,0.013,2,$52.16,0.76,$67.93,$48.13,41.14,$75.68
CASH,Meta Financial Group Inc.,0.013,1,,1.10,$82.92,$65.75,26.11,$101.20
AGCO,AGCO Corp.,0.013,1,,1.06,$123.47,$98.22,25.71,$142.68
HWM,Howmet Aerospace Inc.,0.013,1,,1.06,$260.27,$172.05,51.28,$309.85
MNRO,Monro Inc.,0.013,1,,1.05,$12.46,$10.82,15.16,$22.69
RWAY,Runway Growth Finance Corp,0.013,1,,1.04,$6.60,$4.94,33.60,$9.12
CPRX-OLD,Catalyst Pharmaceuticals Inc.,0.013,1,,1.06,$31.50,$19.05,65.35,$32.56
MSTR,MicroStrategy Inc.,0.013,1,,1.03,$143.23,$81.81,75.08,$365.21
COLL,Collegium Pharmaceutical Inc.,0.013,1,,1.06,$23.81,$23.68,0.55,$50.79
MYRG,MYR Group Inc.,0.013,1,,1.05,$285.10,$171.51,66.23,$503.57
G,Genpact Ltd.,0.012,5,$27.50,0.44,$38.09,$26.85,41.86,$48.12
SNY,Sanofi Aventis,0.012,4,$42.66,0.63,$44.30,$40.89,8.34,$49.91
DOW,Dow Inc.,0.012,3,$27.36,1.00,$30.43,$19.68,54.62,$41.82
TREX,Trex Company Inc.,0.012,2,$50.04,0.91,$43.61,$29.77,46.49,$66.06
EXR,Extra Space Storage Inc.,0.012,2,$145.30,0.93,$140.42,$121.45,15.62,$158.88
BKR,Baker Hughes Co.,0.012,2,$55.50,1.01,$63.69,$43.24,47.29,$69.92
NE,Noble Corp.,0.012,2,$37.30,0.86,$46.69,$25.73,81.46,$54.39
DAR,Darling Ingredients Inc.,0.012,2,$54.62,0.96,$65.44,$29.15,124.49,$69.98
CRDO,Credo Technology Group Holdi,0.012,2,$271.95,1.00,$164.79,$86.49,90.53,$308.67
KALU,Kaiser Aluminum Corp.,0.012,2,$195.62,0.93,$160.85,$71.41,125.25,$199.89
KN,Knowles Corp.,0.012,2,$41.48,0.94,$34.58,$20.57,68.11,$42.93
UGI,UGI Corp.,0.012,2,$34.54,0.99,$38.08,$30.66,24.20,$40.48
GL,Globe Life Inc.,0.012,2,$178.68,0.71,$176.40,$127.06,38.83,$191.55
XMTR,Xometry Inc.,0.012,1,,0.95,$92.69,$35.86,158.48,$106.08
SMG,Scotts Miracle-Gro Co.,0.012,1,,0.96,$59.20,$49.95,18.52,$74.53
PBF,PBF Energy Inc.,0.012,1,,0.95,$74.81,$25.16,197.34,$77.94
FWONA,Liberty Media Corp Formula One Series A,0.012,1,,0.95,$89.50,$73.70,21.44,$99.52
WCN,Waste Connections,0.012,1,,0.99,$166.70,$146.58,13.73,$181.36
BBW,Build-A-Bear Workshop Inc.,0.012,1,,0.97,$29.15,$27.50,6.00,$74.33
BATRA,Atlanta Braves Holdings Inc. Series A,0.012,1,,1.01,$56.59,$41.50,36.36,$58.37
IVZ,Invesco Ltd,0.012,1,,1.01,$32.67,$20.03,63.11,$33.66
FOA,Finance Of America Companies Inc.,0.012,1,,1.00,$17.54,$15.77,11.22,$29.79
MDB,MongoDB Inc.,0.012,1,,0.99,$383.64,$215.68,77.87,$473.10
EDU,New Oriental Education & Technology,0.012,1,,0.99,$58.44,$44.25,32.07,$64.22
YMM,Full Truck Alliance Spn ADR,0.012,1,,0.96,$8.59,$7.38,16.40,$13.69
VTOL,Bristow Group Inc.,0.012,1,,0.95,$43.80,$34.73,26.12,$50.10
SU,Suncor Energy Inc.,0.011,4,$53.69,0.71,$68.27,$36.86,85.21,$69.83
HRL,Hormel Foods Corp.,0.011,3,$24.82,0.77,$21.69,$19.47,11.40,$26.43
ACMR,ACM Research Inc.,0.011,3,$126.89,0.92,$69.34,$26.10,165.67,$127.19
AUR,Aurora Innovation Inc.,0.011,3,$6.82,0.72,$6.30,$3.60,75.00,$8.57
SOFI,SoFi Technologies Inc.,0.011,2,$17.93,0.90,$18.64,$14.88,25.27,$32.73
PHG,Koninklijke Philips Electronics NV,0.011,2,$27.19,0.90,$26.02,$23.85,9.10,$32.18
AM,Antero Midstream Corp.,0.011,2,$22.75,0.90,$22.52,$16.41,37.23,$23.35
AAP,Advance Auto Parts,0.011,2,$62.22,0.80,$42.35,$37.33,13.45,$64.62
W,Wayfair Inc.,0.011,2,$92.42,0.90,$97.88,$55.60,76.04,$119.98
ELAN,Elanco Animal Health Inc.,0.011,2,$24.61,0.87,$24.27,$17.11,41.85,$27.98
LZAGY,Lonza Group Ag Unspon ADR,0.011,1,,0.92,$70.84,$57.99,22.16,$74.36
NWL,Newell Brands Inc.,0.011,1,,0.87,$6.05,$2.87,110.80,$7.05
CZR,Caesars Entertainment,0.011,1,,0.89,$29.69,$17.86,66.24,$30.88
KD,Kyndryl Holdings Inc,0.011,1,,0.87,$13.27,$10.10,31.39,$33.90
AAON,AAON Inc.,0.011,1,,0.87,$77.64,$73.05,6.28,$150.36
COST,Costco Co.,0.010,7,$935.41,0.35,$928.06,$840.35,10.44,$1094.76
SHEL,Shell plc,0.010,5,$77.54,0.59,$92.54,$66.79,38.55,$94.70
IJR,Ishares Core S&P Small Cap E,0.010,3,$148.32,0.84,$144.79,$110.97,30.48,$150.69
LIND,Lindblad Expeditions Hldgs Inc.,0.010,2,$28.24,0.78,$25.94,$11.37,128.14,$35.00
VBIL,Vanguard 0 3m T Bill ETF,0.010,2,$75.68,0.58,$75.52,$72.76,3.79,$75.52
DT,Dynatrace Inc.,0.010,2,$43.92,0.43,$53.01,$31.64,67.54,$54.84
GFI,Gold Fields Ltd.,0.010,2,$33.59,0.63,$48.11,$31.11,54.64,$59.90
KR,Kroger Co.,0.010,2,$55.53,0.72,$58.65,$53.78,9.06,$75.66
TEM,Tempus Ai Inc,0.010,2,$57.93,0.77,$64.59,$40.77,58.43,$104.32
SLDE,Slide Insurance Holdings Inc,0.010,1,,0.84,$24.67,$12.49,97.52,$24.77
BCO,Brink's Co.,0.010,1,,0.86,$106.77,$90.86,17.51,$135.75
EEFT,Euronet Worldwide Inc.,0.010,1,,0.81,$73.52,$62.50,17.63,$92.45
WAL,Western Alliance Bancorp,0.010,1,,0.81,$80.86,$65.11,24.19,$95.75
QLYS,Qualys Inc.,0.010,1,,0.86,$173.81,$74.51,133.27,$201.54
NDAQ,Nasdaq Inc.,0.010,1,,0.85,$98.38,$76.55,28.52,$101.10
VNO,Vornado Realty Trust,0.010,1,,0.83,$36.51,$24.57,48.60,$42.43
TIC,Acuren Corporation,0.010,1,,0.83,$9.27,$6.36,45.75,$14.94
PCVX,Vaxcyte Inc.,0.010,1,,0.85,$60.85,$30.81,97.50,$65.00
CET,Central Securities Corp.,0.010,1,,0.85,$54.60,$47.04,16.07,$55.99
CFG,Citizens Financial Group Inc.,0.010,1,,0.82,$71.06,$46.55,52.65,$75.33
BRBR,BellRing Brands Inc. CL A,0.010,1,,0.84,$10.52,$7.82,34.53,$43.02
DUSA,Davis Select Us Equity ETF,0.010,1,,0.82,$57.27,$46.06,24.34,$58.53
CIGI,Colliers International Group Inc.,0.009,4,$93.70,0.60,$101.49,$88.24,15.02,$171.06
IWR,Ishares Russell Mid Cap ETF,0.009,3,$110.27,0.53,$112.07,$90.78,23.45,$114.97
MLKN,MillerKnoll Inc.,0.009,3,$20.46,0.52,$22.15,$13.23,67.42,$24.51
RJF,Raymond James Financial Inc.,0.009,2,$152.03,0.75,$181.16,$138.33,30.96,$182.73
CFR,Cullen Frost Bankers,0.009,2,$154.52,0.71,$163.26,$115.60,41.23,$169.71
AVB-OLD,AvalonBay Communities,0.009,2,$188.69,0.72,$184.30,$157.12,17.30,$198.63
MPWR,Monolithic Power Systems,0.009,2,$1382.24,0.76,$1210.27,$803.91,50.55,$1711.48
HPQ,HP Inc.,0.009,2,$21.93,0.49,$31.84,$17.07,86.53,$32.55
OCFC,OceanFirst Financial Corp.,0.009,1,,0.77,$19.32,$16.44,17.52,$20.12
FR,First Industrial Realty Trust Inc.,0.009,1,,0.76,$61.68,$49.03,25.80,$69.88
EME,Emcor Group,0.009,1,,0.74,$738.04,$564.01,30.86,$951.47
PSUS,Pershing Square Usa Ltd,0.009,1,,0.77,$39.27,$35.71,9.97,$44.00
HAS,Hasbro Inc.,0.009,1,,0.73,$93.02,$67.33,38.16,$104.60
RIOT,Riot Blockchain Inc.,0.009,1,,0.70,$20.86,$11.50,81.39,$30.32
CTRN,Citi Trends Inc.,0.009,1,,0.74,$68.56,$29.60,131.62,$77.91
MMM,3M Co.,0.008,4,$161.92,0.52,$168.07,$138.02,21.77,$184.09
BMI,Badger Meter Inc.,0.008,3,$148.38,0.31,$135.24,$111.36,21.44,$201.67
TROW,T. Rowe Price Group,0.008,3,$113.63,0.30,$110.81,$84.21,31.59,$122.00
ITW,Illinois Tool Works,0.008,2,$270.47,0.67,$271.57,$234.38,15.87,$301.92
TTE,TotalEnergies SE,0.008,2,$77.76,0.69,$89.75,$56.15,59.84,$93.00
BTDR,Bitdeer Technologies Group A,0.008,2,$15.87,0.68,$11.82,$6.92,70.81,$27.80
RELX,RELX plc,0.008,2,$31.67,0.61,$36.50,$26.84,35.99,$47.13
KT,KT Corp.,0.008,2,$17.28,0.37,$19.81,$17.13,15.65,$24.58
LXU,LSB Industries Inc.,0.008,2,$10.81,0.66,$11.22,$7.71,45.53,$17.22
FIGR,Figure Technology Solut Cl A,0.008,1,,0.65,$36.67,$24.11,52.09,$78.00
AD,Array Digital Infrastructure Inc.,0.008,1,,0.67,$38.76,$28.86,34.30,$46.04
KRYS,Krystal Biotech Inc.,0.008,1,,0.67,$368.43,$136.73,169.46,$382.54
BXC,BlueLinx Holdings Inc.,0.008,1,,0.64,$76.77,$44.78,71.44,$93.80
TX,Ternium S.A.,0.008,1,,0.65,$57.48,$31.27,83.82,$58.24
SBSI,Southside Bancshares Inc.,0.008,1,,0.66,$32.50,$25.12,29.38,$35.79
DMAC,DiaMedica Therapeutics Inc.,0.008,1,,0.68,$6.55,$5.14,27.43,$10.42
AGO,Assured Guaranty Ltd.,0.008,1,,0.63,$75.86,$72.39,4.79,$91.07
KRSP,Rice Acquisition Corp 3 A,0.008,1,,0.67,$10.54,$10.21,3.23,$11.89
HKHGF,Hongkong Land Holdings Ltd,0.008,1,,0.63,$8.56,$5.56,53.96,$8.63
NWG,NatWest Group Plc,0.008,1,,0.67,$18.91,$12.79,47.85,$19.21
ZD,Ziff Davis Inc.,0.008,1,,0.63,$56.36,$22.45,151.05,$58.06
IPGP,IPG Photonics Corp.,0.008,1,,0.65,$77.30,$69.41,11.37,$155.82
D,Dominion Energy Inc.,0.008,1,,0.65,$66.71,$54.72,21.91,$72.99
MMS,MAXIMUS Inc.,0.008,1,,0.64,$58.26,$52.42,11.14,$98.42
CLX,Clorox Co.,0.007,5,$95.44,0.24,$94.66,$83.72,13.07,$125.83
BTI,British American Tobacco plc,0.007,3,$61.76,0.37,$56.15,$47.79,17.49,$66.38
VTV,Vanguard Value ETF,0.007,3,$217.93,0.60,$226.85,$177.14,28.06,$228.57
TDY,Teledyne Technologies,0.007,3,$666.90,0.56,$607.19,$483.02,25.71,$697.67
MTD,Mettler-Toledo International Inc.,0.007,2,$1277.67,0.32,$1356.47,$1023.05,32.59,$1525.17
EQNR,Equinor ASA,0.007,2,$31.40,0.57,$42.73,$21.54,98.38,$44.33
ING,ING Group NV,0.007,2,$31.38,0.58,$37.00,$22.47,64.66,$37.01
TNC,Tennant Co.,0.007,2,$87.54,0.55,$70.39,$59.62,18.06,$91.52
BAH,Booz Allen Hamilton Hldg Corp.,0.007,2,$60.67,0.56,$73.55,$59.05,24.56,$107.37
AXSM,Axsome Therapeutics Inc.,0.007,2,$244.77,0.54,$210.12,$112.90,86.11,$260.19
SRTA,Strata Critical Medical Inc.,0.007,2,$5.27,0.58,$5.37,$3.85,39.48,$6.50
EPAM,EPAM Systems Inc.,0.007,1,,0.54,$120.18,$73.06,64.49,$222.53
EXPD,Expeditors Int'l,0.007,1,,0.54,$187.08,$111.78,67.36,$192.28
WVE,Wave Life Sciences Ltd.,0.007,1,,0.54,$4.69,$4.66,0.64,$21.73
AS,Amer Sports Inc,0.007,1,,0.57,$28.58,$28.21,1.31,$42.76
ANDG,Andersen Group Inc A,0.007,1,,0.61,$57.22,$18.12,215.78,$57.42
RAL,Ralliant Corp.,0.007,1,,0.54,$62.43,$37.20,67.82,$75.41
VYX,NCR Voyix Corp.,0.007,1,,0.56,$8.82,$6.02,46.51,$13.50
QMCO,Quantum Corp.,0.007,1,,0.59,$24.04,$4.19,473.75,$27.80
MMSI,Merit Medical Systems Inc.,0.007,1,,0.61,$88.84,$59.74,48.71,$94.75
TMUS,T-Mobile US Inc.,0.007,1,,0.56,$188.52,$164.71,14.46,$251.38
FSLR,First Solar Inc.,0.007,1,,0.57,$206.85,$182.99,13.04,$320.95
PAYP,Paypay Corp,0.007,1,,0.55,$16.94,$12.07,40.35,$24.89
BLTE,Belite Bio Inc ADR,0.007,1,,0.55,$170.01,$63.51,167.69,$200.00
WLTH,Wealthfront Corp,0.007,1,,0.57,$9.32,$7.20,29.44,$14.88
GCMG,Gcm Grosvenor Inc Class A,0.007,1,,0.54,$13.28,$9.12,45.61,$14.74
UL,Unilever PLC,0.006,5,$60.12,0.22,$64.12,$53.97,18.81,$73.09
TIGO,Millicom Intl Cellular S.a.,0.006,3,$90.76,0.39,$95.43,$41.60,129.40,$107.13
RNR,RenaissanceRe Holdings Ltd.,0.006,3,$316.90,0.32,$338.51,$230.19,47.06,$339.96
PBR.A,Petroleo Brasil Sp Pref ADR,0.006,2,$14.64,0.49,$18.67,$10.25,82.15,$19.35
PUK,Prudential Plc ADR,0.006,2,$26.81,0.49,$28.31,$24.61,15.03,$33.59
QRVO,Qorvo Inc.,0.006,2,$93.27,0.51,$100.75,$74.92,34.48,$109.49
VLTO,Veralto Corp.,0.006,2,$88.68,0.48,$97.75,$79.91,22.33,$109.28
CYD,China Yuchai Intl Ltd.,0.006,2,$47.42,0.51,$37.69,$28.09,34.18,$60.28
HWKN,Hawkins Inc.,0.006,2,$142.10,0.45,$129.47,$116.05,11.56,$185.12
CX,Cemex,0.006,2,$12.00,0.50,$10.84,$8.67,25.03,$13.64
BEKE,KE Holdings Inc.,0.006,2,$14.53,0.38,$17.95,$13.81,29.98,$20.60
KFY,Korn Ferry,0.006,2,$66.58,0.30,$84.25,$57.98,45.31,$87.51
GLOB,Globant S.A.,0.006,2,$28.94,0.33,$40.64,$27.56,47.46,$72.10
DTE,DTE Energy Co.,0.006,1,,0.53,$137.09,$124.26,10.33,$155.75
ZTO,ZTO Express,0.006,1,,0.48,$20.90,$17.31,20.74,$25.97
NGG,National Grid Plc Sp ADR,0.006,1,,0.53,$77.98,$65.50,19.05,$92.22
CART,Maplebear Inc,0.006,1,,0.51,$51.87,$32.73,58.48,$52.05
WEX,WEX Inc.,0.006,1,,0.47,$194.57,$125.29,55.30,$203.99
FND,Floor & Decor Holdings,0.006,1,,0.46,$49.06,$42.64,15.06,$92.41
SNN,Smith & Nephew plc,0.006,1,,0.49,$28.64,$28.56,0.28,$37.90
NBIX,Neurocrine Biosciences Inc.,0.006,1,,0.49,$158.24,$122.14,29.56,$186.12
MBC,Masterbrand Inc,0.006,1,,0.46,$8.16,$6.61,23.45,$14.22
AIT,Applied Industrial Tech.,0.006,1,,0.53,$320.74,$236.75,35.48,$374.27
BCE,BCE Inc.,0.006,1,,0.51,$23.82,$20.87,14.14,$26.12
PPL,PPL Corp.,0.006,1,,0.49,$35.08,$32.66,7.41,$39.79
IT,Gartner Inc.,0.006,1,,0.49,$194.91,$124.25,56.87,$265.85
AGL,Agilon Health Inc,0.006,1,,0.46,$86.44,$7.48,1055.61,$133.04
TWFG,Twfg Inc,0.006,1,,0.53,$29.17,$16.56,76.15,$31.30
DINT,Davis Select International,0.006,1,,0.48,$30.02,$25.76,16.54,$30.75
CRAI,CRA International Inc.,0.006,1,,0.47,$172.89,$131.23,31.75,$224.94
THG,Hanover Insurance Group,0.006,1,,0.46,$231.84,$164.23,41.17,$236.07
T,AT&T Inc.,0.005,3,$20.70,0.40,$26.14,$19.63,33.16,$28.75
BIL,SPDR Bloomberg 1 3 Month T B,0.005,3,$91.64,0.27,$91.42,$88.13,3.73,$91.42
LPX,Louisiana-Pacific Corp.,0.005,3,$78.66,0.21,$67.80,$65.85,2.96,$99.71
DCI,Donaldson Co.,0.005,3,$89.77,0.38,$90.39,$77.87,16.08,$112.05
EMR,Emerson Electric,0.005,3,$143.16,0.26,$150.12,$121.73,23.32,$165.79
ARCO,Arcos Dorados Holdings Inc.,0.005,3,$8.06,0.26,$8.30,$6.38,30.09,$9.67
FRFHF,Fairfax Financial Holdings Ltd.,0.005,2,$1644.34,0.26,$1636.00,$1500.00,9.07,$1933.22
HALO,Halozyme Therapeutics,0.005,2,$78.26,0.45,$110.15,$61.23,79.90,$110.15
EQPT,Equipmentshare.com Inc A,0.005,2,$19.66,0.38,$18.11,$15.71,15.28,$35.50
IDA,IDACORP Inc. Hldg. Co.,0.005,2,$151.30,0.43,$136.37,$119.22,14.39,$153.97
BWXT,BWX Technologies Inc.,0.005,2,$194.65,0.37,$160.29,$147.74,8.49,$241.12
DFNL,Davis Select Financial ETF,0.005,1,,0.45,$52.57,$42.56,23.52,$53.09
SARO,Standardaero Inc,0.005,1,,0.41,$24.54,$23.83,2.98,$34.48
DWLD,Davis Select Worldwide ETF,0.005,1,,0.38,$47.44,$42.44,11.78,$49.48
PRG,PROG Holdings Inc.,0.005,1,,0.40,$38.72,$25.48,51.96,$47.57
MEOH,Methanex Corp.,0.005,1,,0.43,$58.94,$31.63,86.34,$66.53
SGRY,Surgery Partners Inc.,0.005,1,,0.38,$13.97,$11.41,22.44,$23.44
TAL,TAL Education Group,0.005,1,,0.43,$12.08,$8.88,36.04,$13.37
AQN,Algonquin Power & Utilities,0.005,1,,0.39,$5.60,$5.13,9.16,$6.95
SMPL,Simply Good Foods Co.,0.005,1,,0.42,$11.53,$9.88,16.70,$28.95
SION,Sionna Therapeutics Inc,0.005,1,,0.40,$6.80,$4.01,69.58,$54.97
CNO,CNO Financial Group Inc.,0.005,1,,0.37,$56.79,$37.76,50.40,$57.59
QURE,uniQure NV,0.005,1,,0.38,$44.28,$8.73,407.22,$71.50
FRPH,FRP Holdings Inc.,0.005,1,,0.43,$22.56,$20.53,9.89,$25.77
WHR,Whirlpool Corp.,0.005,1,,0.38,$38.23,$35.45,7.84,$94.09
SMIN,Ishares Msci India Small Cap,0.005,1,,0.42,$72.41,$57.78,25.32,$74.41
SOPH,Sophia Genetics SA,0.005,1,,0.42,$8.02,$3.10,158.71,$8.98
ORKA,Oruka Therapeutics Inc,0.005,1,,0.41,$91.10,$14.67,521.00,$115.52
SNDX,Syndax Pharmaceuticals Inc.,0.005,1,,0.43,$20.63,$12.99,58.81,$25.59
LKFT,Lakefront Biotherapeutics,0.005,1,,0.37,$28.94,$25.68,12.69,$37.78
SUN,Sunoco Inc.,0.005,1,,0.43,$75.39,$45.10,67.16,$78.00
WK,Workiva Inc.,0.005,1,,0.37,$78.83,$43.34,81.89,$97.10
PKG,Packaging Corp. of America,0.005,1,,0.45,$235.13,$187.98,25.08,$259.98
KGS,Kodiak Gas Services Inc,0.005,1,,0.39,$61.43,$31.37,95.82,$77.10
HAL,Halliburton Co.,0.005,1,,0.39,$37.29,$20.98,77.74,$43.20
MLCO,Melco Resorts & Entertainment,0.005,1,,0.44,$5.18,$4.99,3.81,$10.15
HDB,HDFC Bank Ltd.,0.004,5,$25.83,0.12,$23.20,$22.26,4.22,$36.79
VTI,Vanguard Total Stock Mkt ETF,0.004,5,$370.00,0.19,$381.05,$309.51,23.11,$385.12
CCK,Crown Holdings,0.004,4,$111.82,0.19,$116.31,$88.12,31.99,$122.91
ONB,Old National Bancorp,0.004,3,$25.90,0.22,$25.99,$19.04,36.50,$27.36
LBRDA-OLD,Liberty Broadband Corp. CL A,0.004,3,$33.28,0.29,$35.98,$26.14,37.64,$65.40
HPE,Hewlett Packard Enterprise,0.004,3,$45.11,0.34,$52.21,$19.62,166.11,$64.06
SMFG,Sumitomo Mitsui Spons ADR,0.004,2,$23.58,0.36,$27.50,$15.18,81.16,$27.57
NOVT,Novanta Inc.,0.004,2,$162.28,0.27,$145.61,$98.27,48.17,$176.38
HLI,Houlihan Lokey Inc.,0.004,2,$134.13,0.33,$136.60,$112.24,21.70,$208.14
MDY,SPDR S&P Midcap 400 ETF Trst,0.004,2,$703.33,0.34,$689.80,$563.38,22.44,$717.35
AFL,AFLAC Inc.,0.004,2,$117.24,0.28,$118.66,$102.51,15.75,$129.57
COO,Cooper Cos Inc,0.004,2,$71.72,0.25,$70.51,$58.89,19.73,$89.83
VIST,"Vista Oil & Gas, S.A.B. de C.V.",0.004,2,$63.80,0.35,$74.64,$31.63,135.98,$81.44
UHAL,U-Haul Holding Co.,0.004,2,$65.44,0.26,$67.12,$41.95,60.00,$76.45
FCN,FTI Consulting Inc.,0.004,1,,0.30,$153.03,$137.65,11.17,$189.30
PAGS,PagSeguro Digital Ltd.,0.004,1,,0.31,$9.92,$8.24,20.39,$12.03
GLPI,Gaming and Leisure Properties Inc.,0.004,1,,0.32,$42.35,$39.81,6.38,$48.30
ALNY,Alnylam Pharmaceuticals,0.004,1,,0.31,$262.15,$197.81,32.53,$495.55
COYA,Coya Therapeutics Inc,0.004,1,,0.35,$4.48,$3.71,20.75,$7.75
ZM,Zoom Video Communications Inc.,0.004,1,,0.32,$97.84,$70.70,38.39,$114.74
PCAR,PACCAR Inc.,0.004,1,,0.35,$124.26,$90.03,38.02,$138.87
PIPR,Piper Sandler Companies,0.004,1,,0.36,$76.89,$68.34,12.51,$92.80
CCU,Compania Cervecerias Unidas SA,0.004,1,,0.30,$11.93,$10.56,12.97,$15.15
TCHP,T Rowe Price Blue Chip Growth ETF,0.004,1,,0.31,$50.93,$42.26,20.52,$53.26
SDGR,SCHRODINGER Inc.,0.004,1,,0.33,$20.56,$10.95,87.76,$23.02
INBX,Inhibrx,0.004,1,,0.30,$121.57,$26.19,364.18,$155.29
BTSG,Brightspring Health Services,0.004,1,,0.32,$60.91,$23.53,158.86,$73.75
MINE,Mayfair Gold Corp,0.004,1,,0.29,$3.22,$2.16,49.07,$4.88
SLQT,Selectquote Inc.,0.004,1,,0.32,$0.54,$0.48,12.50,$2.22
AGI,Alamos Gold Inc.,0.004,1,,0.31,$37.49,$27.05,38.60,$55.30
INDA,iShares MSCI India ETF,0.004,1,,0.34,$49.92,$45.21,10.42,$55.50
PRDO,Perdoceo Education Corp.,0.004,1,,0.30,$33.54,$26.14,28.31,$38.13
ATKR,Atkore International Group Inc.,0.004,1,,0.30,$93.67,$53.32,75.68,$93.96
XEL,Xcel Energy Inc.,0.004,1,,0.29,$76.25,$69.16,10.25,$83.22
PHVS,Pharvaris NV,0.004,1,,0.36,$35.58,$20.65,72.30,$38.13
SFM,Sprouts Farmers Market Inc.,0.004,1,,0.35,$79.09,$64.75,22.15,$141.24
EVLV,Evolv Technologies Holdings,0.004,1,,0.34,$4.96,$4.87,1.85,$8.81
GNE,Genie Energy Ltd.,0.004,1,,0.35,$15.41,$12.56,22.69,$15.95
JGRW,Jensen Quality Growth ETF,0.004,1,,0.36,$28.10,$23.56,19.27,$28.96
SWIM,Latham Group Inc,0.004,1,,0.32,$6.91,$4.64,48.92,$8.97
VUG,Vanguard Growth ETF,0.003,6,$86.16,0.13,$88.99,$69.56,27.93,$90.50
SPY,SPDR S&P 500 ETF Trust,0.003,6,$746.85,0.06,$773.42,$627.66,23.22,$779.37
RSP,Invesco S&P 500 Equal Weight,0.003,4,$212.87,0.22,$219.97,$179.92,22.26,$223.44
SNPS,Synopsys Inc.,0.003,4,$446.14,0.16,$415.40,$366.00,13.50,$615.79
VWO,Vanguard FTSE Emerging Marke,0.003,4,$59.69,0.22,$60.98,$49.80,22.45,$61.52
VIG,Vanguard Dividend Apprec ETF,0.003,3,$236.65,0.21,$243.17,$205.79,18.16,$247.45
IWM,iShares Russell 2000 ETF,0.003,3,$300.49,0.25,$294.87,$227.19,29.79,$305.18
ALL,Allstate Corp.,0.003,3,$237.94,0.28,$265.99,$184.51,44.16,$276.07
BC,Brunswick Corp.,0.003,2,$84.24,0.21,$72.01,$57.26,25.76,$88.81
COLB,Columbia Banking System Inc.,0.003,2,$32.05,0.20,$30.52,$22.66,34.69,$33.27
ASB,Associated Banc-Corp,0.003,2,$30.77,0.18,$30.96,$23.04,34.38,$32.21
VO,Vanguard Mid Cap ETF,0.003,2,$80.57,0.25,$82.38,$68.69,19.93,$84.59
SEIC,SEI Investments,0.003,2,$87.74,0.12,$111.11,$74.64,48.86,$112.15
ALSN,Allison Transmission Holdings,0.003,2,$112.75,0.19,$129.12,$75.21,71.68,$136.97
AYI,Acuity Brands Inc.,0.003,2,$376.66,0.25,$329.25,$256.71,28.26,$379.43
CNXC,Concentrix Corp.,0.003,2,$22.41,0.22,$32.83,$18.81,74.53,$55.22
THO,Thor Industries,0.003,2,$75.17,0.15,$74.86,$69.23,8.13,$121.16
HAFN,Hafnia Ltd,0.003,2,$6.62,0.21,$8.98,$4.86,84.77,$9.18
BSY,Bentley Systems Inc Class B,0.003,1,,0.27,$35.57,$28.08,26.67,$56.94
VSTM,Verastem Inc.,0.003,1,,0.27,$8.01,$3.43,133.53,$11.25
FBAK,First National Bank Alaska,0.003,1,,0.25,$202.54,$165.01,22.74,$211.60
JKHY,Jack Henry & Associates Inc.,0.003,1,,0.26,$168.33,$121.04,39.07,$191.83
PS,Pershing Square Inc.,0.003,1,,0.24,$36.97,$21.93,68.58,$54.75
GIII,G-III Apparel Group,0.003,1,,0.22,$27.46,$24.45,12.31,$37.54
LEGH,Legacy Housing Corp.,0.003,1,,0.24,$27.87,$18.29,52.38,$31.34
LBRT,Liberty Oilfield Services Inc.,0.003,1,,0.21,$20.31,$9.79,107.46,$34.38
NTB,Bank of N.T. Butterfield & Son Ltd,0.003,1,,0.26,$60.98,$39.10,55.96,$64.17
BMM,Blue Moon Metals Inc,0.003,1,,0.28,$6.02,$3.47,73.49,$8.63
SMRT,SmartRent Inc.,0.003,1,,0.24,$1.34,$0.91,47.25,$2.20
GLDM,SPDR Gold Minishares Trust,0.003,1,,0.22,$88.49,$69.98,26.45,$109.74
RUSHB,Rush Enterprises Inc. - CL B,0.003,1,,0.21,$50.84,$31.62,60.78,$54.35
OVV,Ovintiv Inc.,0.003,1,,0.21,$66.28,$34.83,90.30,$67.51
CGAU,Centerra Gold Inc,0.003,1,,0.22,$22.87,$8.15,180.61,$24.52
L,Loews Corp.,0.003,1,,0.27,$110.33,$94.88,16.28,$120.94
RCL,Royal Caribbean Cruises Ltd.,0.003,1,,0.21,$266.50,$230.90,15.42,$356.69
PLOW,Douglas Dynamics,0.003,1,,0.22,$41.45,$27.89,48.62,$55.00
HGTY,Hagerty Inc.,0.003,1,,0.27,$13.49,$9.36,44.12,$14.00
OGC,Oceanagold Corp,0.003,1,,0.25,$30.56,$18.44,65.73,$42.96
LESL,Leslie's Inc.,0.003,1,,0.24,$0.55,$0.50,10.00,$12.53
MO,Altria Group Inc.,0.002,5,$71.95,0.12,$69.82,$53.01,31.71,$77.06
IWD,Ishares Russell 1000 Value E,0.002,4,$244.40,0.12,$259.32,$196.25,32.14,$260.19
NUE,Nucor Corp.,0.002,3,$222.78,0.14,$261.35,$130.11,100.87,$280.11
OEC,Orion SA,0.002,3,$6.63,0.09,$5.97,$4.28,39.49,$10.70
AIR,AAR Corp.,0.002,3,$142.94,0.11,$124.60,$73.05,70.57,$154.00
AEBI,Aebi Schmidt Holding Ag,0.002,3,$12.55,0.16,$12.48,$8.87,40.70,$15.87
AMT,American Tower Corp.,0.002,3,$163.57,0.09,$178.15,$160.06,11.30,$195.26
APLD,Applied Digital Corp,0.002,3,$37.30,0.14,$25.72,$13.16,95.44,$50.73
ACWI,iShares MSCI ACWI ETF,0.002,3,$156.97,0.16,$161.98,$130.50,24.12,$162.80
SNA,Snap-On Inc.,0.002,2,$402.37,0.12,$382.54,$310.78,23.09,$420.41
PAAS,Pan American Silver Corp.,0.002,2,$44.79,0.18,$52.46,$32.65,60.67,$69.34
HLT,Hilton Worldwide Holdings,0.002,2,$330.48,0.12,$314.66,$253.04,24.35,$357.84
HUN,Huntsman Corp.,0.002,2,$10.62,0.16,$9.36,$7.15,30.91,$16.09
SMHI,SEACOR Marine Holdings Inc.,0.002,2,$7.65,0.18,$9.71,$5.55,74.95,$10.00
TD,Toronto-Dominion Bank,0.002,2,$121.55,0.13,$123.31,$71.76,71.84,$125.47
CECO,CECO Environmental Corp.,0.002,2,$90.74,0.11,$73.64,$42.82,71.98,$101.24
PLXS,Plexus Corp.,0.002,2,$300.67,0.11,$242.43,$132.03,83.62,$307.06
ERO,Ero Copper Corp,0.002,2,$26.74,0.19,$34.88,$14.36,142.90,$40.83
RF,Regions Financial Corp.,0.002,2,$30.20,0.16,$30.46,$21.82,39.60,$32.14
IBN,ICICI Bank Ltd.,0.002,2,$29.03,0.14,$30.47,$24.87,22.52,$32.76
HONA,Honeywell Aerospace Inc,0.002,2,$221.08,0.20,$155.00,$150.03,3.31,$266.62
FIX,Comfort Systems USA Inc.,0.002,2,$1981.92,0.20,$1581.02,$680.61,132.29,$2072.10
LPG,Dorian LPG Ltd,0.002,2,$34.79,0.11,$53.33,$22.18,140.44,$53.33
IWN,Ishares Russell 2000 Value E,0.002,2,$221.16,0.17,$223.61,$166.72,34.12,$227.86
NUVB,Nuvation Bio Inc.,0.002,2,$5.68,0.13,$6.67,$2.99,123.08,$9.75
MANH,Manhattan Associates,0.002,2,$139.25,0.18,$221.04,$119.06,85.65,$227.03
VALE,Vale SA,0.002,2,$15.04,0.19,$15.23,$9.54,59.64,$17.45
MX,MagnaChip Semiconductor Corp.,0.002,2,$4.73,0.19,$3.07,$2.18,40.83,$9.86
VREX,Varex Imaging Corp.,0.002,2,$10.43,0.13,$18.48,$9.09,103.30,$18.63
MTDR,Matador Resources Co.,0.002,2,$49.79,0.14,$59.47,$35.98,65.29,$65.88
GT,Goodyear Tire & Rubber,0.002,1,,0.13,$6.08,$5.43,11.97,$10.62
HXL,Hexcel Corp.,0.002,1,,0.14,$92.44,$59.77,54.66,$111.54
MOAT,Vaneck Morningstar Wide Moat,0.002,1,,0.14,$113.29,$94.07,20.43,$115.58
WB,Weibo Corp.,0.002,1,,0.18,$6.76,$6.75,0.15,$12.11
BULL,Webull Corp,0.002,1,,0.18,$10.00,$4.50,122.22,$16.04
HR,Healthcare Realty Trust Inc.,0.002,1,,0.13,$19.26,$15.71,22.60,$21.77
NSSC,Napco Security Technologies Inc.,0.002,1,,0.17,$36.97,$33.91,9.02,$51.77
IVVD,Invivyd Inc.,0.002,1,,0.15,$0.82,$0.53,54.72,$3.07
EVTC,EVERTEC Inc.,0.002,1,,0.19,$30.36,$21.73,39.71,$34.76
DOCN,DigitalOcean Holdings Inc.,0.002,1,,0.14,$110.65,$30.89,258.21,$187.50
XLE,Energy Select Sector SPDR,0.002,1,,0.15,$64.85,$41.42,56.57,$65.45
LILA,Liberty LiLAC Group A,0.002,1,,0.17,$8.76,$4.73,85.20,$8.90
GDXJ,Vaneck Junior Gold Miners,0.002,1,,0.20,$131.61,$80.28,63.94,$157.49
VSS,Vanguard FTSE All Wo X Us Sc,0.002,1,,0.14,$160.57,$132.72,20.98,$162.46
WU,Western Union Co.,0.002,1,,0.16,$7.25,$6.27,15.63,$9.78
RERE,AiHuiShou International Co. Ltd. ADS,0.002,1,,0.16,$4.17,$3.50,19.14,$6.32
FSM,Fortuna Mining Corp.,0.002,1,,0.19,$12.57,$7.55,66.49,$13.85
BNTX,Biontech Se ADR,0.002,1,,0.18,$103.02,$79.52,29.55,$124.00
WSFS,WSFS Financial Corp.,0.002,1,,0.20,$78.94,$49.37,59.89,$82.74
SEDG,SolarEdge Technologies Inc.,0.002,1,,0.18,$33.94,$28.21,20.31,$81.25
NTNX,Nutanix Inc.,0.002,1,,0.20,$68.00,$34.01,99.94,$82.42
HTLD,Heartland Express,0.002,1,,0.16,$12.38,$6.96,77.87,$16.61
CLFD,Clearfield Inc.,0.002,1,,0.14,$28.54,$23.76,20.12,$52.73
BRKR,Bruker Corp.,0.002,1,,0.15,$59.29,$28.39,108.84,$65.30
AMTM,Amentum Holdings Inc.,0.002,1,,0.17,$20.09,$19.80,1.46,$38.11
MSM,MSC Industrial Direct,0.002,1,,0.13,$117.27,$76.68,52.93,$130.46
ADNT,Adient plc,0.002,1,,0.20,$19.59,$17.68,10.80,$27.32
WGO,Winnebago Industries Inc.,0.002,1,,0.16,$29.73,$26.80,10.93,$49.03
GENI,Genius Sports Ltd,0.002,1,,0.16,$7.70,$3.83,101.04,$13.73
PSLV,Sprott Physical Silver Trust,0.002,1,,0.15,$21.96,$13.61,61.35,$38.13
HTZ,Hertz Global Hldgs Inc.,0.002,1,,0.17,$2.25,$1.45,55.17,$8.18
KOP,Koppers Holdings Inc.,0.002,1,,0.14,$46.96,$24.77,89.58,$52.90
SHOE,Shoe Carnival Inc.,0.002,1,,0.13,$13.50,$12.78,5.63,$25.61
PFG,Principal Financial Group,0.002,1,,0.13,$118.56,$75.88,56.25,$119.50
MMI,Marcus & Millichap Inc.,0.002,1,,0.20,$32.13,$24.20,32.77,$33.55
MORN,Morningstar Inc.,0.002,1,,0.15,$216.27,$141.06,53.32,$258.69
ORIC,ORIC Pharmaceuticals Inc.,0.002,1,,0.16,$12.60,$7.23,74.27,$14.93
NOG,Northern Oil and Gas Inc.,0.002,1,,0.16,$25.89,$17.18,50.70,$29.99
SLV,iShares Silver Trust,0.002,1,,0.19,$60.47,$36.63,65.08,$109.83
SABR,Sabre Corp.,0.002,1,,0.14,$2.07,$0.81,155.56,$2.30
BUDFF,Anheuser Busch Inbev SA NV,0.002,1,,0.16,$78.57,$57.09,37.62,$86.78
LAB,Standard Biotools Inc,0.002,1,,0.14,$0.68,$0.63,7.94,$1.72
MBUU,Malibu Boats Inc.,0.002,1,,0.14,$26.37,$23.84,10.61,$35.06
TRP,TC Energy,0.002,1,,0.17,$62.97,$47.80,31.74,$70.90
SPRY,Ars Pharmaceuticals Inc,0.002,1,,0.18,$5.69,$4.91,15.89,$13.15
IDCC,InterDigital Inc.,0.002,1,,0.13,$335.86,$248.51,35.15,$409.73
SCSC,ScanSource Inc.,0.002,1,,0.17,$57.59,$33.76,70.59,$66.78
TRMLF,Tourmaline Oil Corp,0.002,1,,0.18,$46.25,$38.60,19.82,$50.79
RCI,Rogers Communications Inc.,0.002,1,,0.18,$37.87,$31.38,20.68,$40.38
FNDF,Schwab Fndmn Intl Lrg Co ETF,0.002,1,,0.15,$56.18,$40.22,39.68,$56.26
CNP,CenterPoint Energy,0.002,1,,0.20,$39.95,$35.79,11.62,$44.99
EMBC,Embecta Corp,0.002,1,,0.17,$5.72,$2.76,107.25,$15.05
NOK,Nokia Corp.,0.002,1,,0.20,$9.73,$4.26,128.40,$17.36
BTE,Baytex Energy Corp.,0.002,1,,0.14,$4.95,$2.11,134.60,$5.34
ZIM,Zim Integrated Shipping Serv,0.002,1,,0.20,$27.60,$11.75,134.89,$29.56
DMRA,Damora Therapeutics Inc.,0.002,1,,0.17,$27.42,$2.45,1019.18,$38.33
AEG,Aegon Ltd,0.002,1,,0.20,$9.20,$6.56,40.24,$9.61
VT,Vanguard Tot World Stk ETF,0.001,4,$156.95,0.07,$161.77,$130.48,23.98,$162.71
HRI,HERC Holdings Inc.,0.001,3,$143.35,0.04,$139.98,$87.56,59.87,$185.59
CAH,Cardinal Health Inc.,0.001,3,$237.56,0.09,$248.02,$144.37,71.79,$258.30
XLK,Technology Select Sect SPDR,0.001,3,$190.45,0.04,$185.91,$126.53,46.93,$198.49
APA,APA Corp.,0.001,3,$32.57,0.06,$44.28,$20.84,112.48,$45.13
CW,Curtiss-Wright Corp.,0.001,3,$758.31,0.05,$568.59,$464.78,22.34,$808.16
QQQ,Invesco Qqq Trust Series 1,0.001,3,$736.46,0.09,$717.81,$554.99,29.34,$747.83
OTIS,Otis Worldwide Corp.,0.001,3,$71.61,0.07,$71.48,$68.74,3.99,$93.43
VECO,Veeco Instruments,0.001,3,$75.80,0.06,$43.10,$23.31,84.90,$86.63
MPC,Marathon Petroleum Corp.,0.001,3,$255.59,0.08,$389.48,$160.07,143.32,$397.25
JBTM,JBT Marel Corp.,0.001,3,$144.99,0.09,$116.97,$113.23,3.30,$169.81
AEIS,Advanced Energy Industries,0.001,3,$372.88,0.06,$272.11,$144.12,88.81,$397.18
SITM,SiTime Corp.,0.001,2,$745.53,0.04,$575.95,$222.12,159.30,$901.81
SIMO,Silicon Motion Technol ADR,0.001,2,$333.35,0.07,$233.64,$76.85,204.02,$354.28
UCTT,Ultra Clean Holdings Inc.,0.001,2,$142.59,0.08,$66.39,$21.49,208.93,$144.22
VPG,Vishay Precision Group,0.001,2,$149.92,0.04,$62.48,$27.54,126.87,$151.78
RXO,Rxo Inc,0.001,2,$27.60,0.06,$20.07,$10.43,92.43,$29.90
CM,Can Imperial Bk Of Commerce,0.001,2,$115.10,0.10,$117.82,$74.82,57.47,$124.86
WBS-OLD,Webster Financial Corp.,0.001,2,$76.34,0.05,$77.78,$51.49,51.06,$79.40
HOFT,Hooker Furniture Corp.,0.001,2,$17.83,0.08,$12.79,$8.38,52.63,$18.09
LASR,nLight Inc.,0.001,2,$69.62,0.08,$41.36,$27.22,51.95,$86.95
DLO,DLocal Ltd,0.001,2,$13.00,0.05,$15.88,$10.46,51.82,$16.50
GLBAV-OLD,GCI Liberty Inc. Series A,0.001,2,$21.90,0.08,,,,
LTH,Life Time Group Holdings Inc,0.001,2,$40.84,0.06,$42.83,$24.14,77.42,$47.24
TALO,Talos Energy Inc.,0.001,2,$12.91,0.05,$17.22,$8.87,94.14,$18.44
LEVI,Levi Strauss & Co.,0.001,2,$24.83,0.08,$20.67,$17.50,18.11,$25.70
RKLB,Rocket Lab Corp.,0.001,2,$101.58,0.07,$63.43,$37.57,68.83,$151.00
JOYY,JOYY Inc.,0.001,2,$65.99,0.08,$74.77,$51.36,45.58,$80.90
ZGN,Ermenegildo Zegna Nv,0.001,2,$13.02,0.04,$12.70,$8.14,56.02,$15.95
ONTO,Onto Innovation Inc.,0.001,2,$378.43,0.05,$251.54,$101.06,148.90,$386.46
BTG,B2Gold Corp.,0.001,2,$3.75,0.06,$5.64,$3.57,57.98,$6.23
GHM,Graham Corp.,0.001,2,$123.78,0.04,$84.64,$46.58,81.71,$125.82
WMG,Warner Music Group Corp. CL A,0.001,2,$27.07,0.06,$29.64,$23.04,28.65,$34.97
VICR,Vicor Corp.,0.001,2,$379.84,0.05,$178.26,$47.56,274.81,$382.65
FTK,Flotek Industries Inc.,0.001,2,$23.52,0.04,$23.57,$10.95,115.25,$39.67
DPZ,Dominos Pizza Inc.,0.001,2,$295.99,0.08,$347.75,$282.00,23.32,$460.00
CLS,Celestica Inc,0.001,2,$364.81,0.08,$311.32,$199.78,55.83,$474.03
ROST,Ross Stores Inc.,0.001,2,$212.84,0.09,$231.86,$142.48,62.73,$257.00
MAMA,Mama's Creations Inc,0.001,2,$17.85,0.04,$16.09,$8.67,85.58,$21.00
BKH,Black Hills,0.001,2,$74.40,0.07,$73.48,$55.88,31.50,$77.21
BWA,BorgWarner Inc.,0.001,2,$66.40,0.04,$65.77,$40.02,64.34,$78.61
JHX,James Hardie Industries PLC,0.001,2,$26.18,0.06,$29.43,$16.46,78.80,$31.36
EQIX,Equinix Inc.,0.001,2,$1042.41,0.09,$1036.07,$709.79,45.97,$1118.65
BSM,Black Stone Minerals L.P.,0.001,2,$13.97,0.09,$14.69,$10.79,36.14,$15.10
MRVI,Maravai LifeSciences Holdings Inc.,0.001,2,$6.24,0.07,$7.37,$2.30,220.43,$9.42
ASTE,Astec Industries,0.001,2,$61.20,0.03,$42.74,$40.16,6.42,$65.33
FFIV,F5 Networks,0.001,2,$415.93,0.08,$389.96,$223.76,74.28,$435.00
HL,Hecla Mining Co.,0.001,2,$15.41,0.06,$21.12,$8.74,141.65,$34.15
ATRO,Astronics Corp.,0.001,2,$81.26,0.03,$74.16,$36.49,103.23,$99.89
FTI,TechnipFMC plc,0.001,2,$66.26,0.05,$79.99,$35.18,127.37,$80.58
AMN,AMN Healthcare Services,0.001,2,$32.36,0.09,$33.19,$14.97,121.71,$37.22
SHG,Shinhan Financial Group Company,0.001,2,$63.25,0.12,$84.54,$46.26,82.75,$84.54
PLTR,Palantir Technologies Inc.,0.001,2,$116.72,0.04,$183.80,$106.37,72.79,$207.52
DOV,Dover Corp.,0.001,2,$224.29,0.05,$190.41,$157.36,21.00,$235.79
RDNT,RadNet Inc.,0.001,2,$61.67,0.08,$73.43,$50.82,44.49,$85.84
EHC,Encompass Health Corp.,0.001,1,,0.10,$122.32,$92.41,32.37,$127.50
MTRN,Materion Corp.,0.001,1,,0.06,$236.70,$107.36,120.47,$304.40
H,Hyatt Hotels Corp.,0.001,1,,0.08,$165.80,$133.71,24.00,$206.69
HVT,Haverty Furniture,0.001,1,,0.12,$27.68,$18.81,47.16,$29.47
ASGN,ASGN Inc.,0.001,1,,0.12,,,,
MINN,Mairs & Power Mn Muni Bond,0.001,1,,0.10,$21.67,$21.01,3.14,$22.85
TWST,Twist Bioscience Corp.,0.001,1,,0.05,$129.28,$23.30,454.85,$155.44
BWLP,Bw Lpg Ltd,0.001,1,,0.09,$24.49,$10.58,131.47,$25.48
COHU,Cohu Inc.,0.001,1,,0.07,$45.55,$18.67,143.97,$74.60
HII,Huntington Ingalls Industries,0.001,1,,0.06,$289.79,$259.68,11.60,$455.90
BELFB,Bel Fuse Inc. CL B,0.001,1,,0.09,$240.35,$129.82,85.14,$335.20
EAF,GrafTech International Ltd.,0.001,1,,0.08,$6.27,$4.92,27.44,$20.32
FROG,JFrog Ltd,0.001,1,,0.07,$92.37,$34.05,171.28,$105.76
FINV,Finvolution Group ADR,0.001,1,,0.12,$3.29,$3.22,2.17,$7.73
SEI,Solaris Energy Infrastructure Inc.,0.001,1,,0.06,$52.95,$24.32,117.72,$86.19
ADMA,ADMA Biologics Inc.,0.001,1,,0.10,$9.52,$7.21,32.04,$20.46
PATK,Patrick Industries Inc.,0.001,1,,0.08,$80.72,$80.72,0.00,$146.40
IEUR,iShares Core MSCI Europe ETF,0.001,1,,0.08,$77.52,$63.73,21.64,$78.90
HELE,Helen of Troy Ltd.,0.001,1,,0.06,$28.15,$13.85,103.25,$30.68
DCO,Ducommun Inc.,0.001,1,,0.05,$166.61,$84.76,96.57,$210.39
PEYUF,Peyto Exploration & Development Corp.,0.001,1,,0.08,$18.33,$12.27,49.39,$20.68
PLAY,Dave & Buster's Ent. Inc.,0.001,1,,0.08,$8.75,$8.30,5.42,$25.25
URA,Global X Uranium ETF,0.001,1,,0.05,$45.58,$37.18,22.59,$62.28
VRM,Vroom Inc,0.001,1,,0.11,$10.00,$6.80,47.06,$30.00
NSP,Insperity Inc.,0.001,1,,0.06,$51.80,$18.03,187.30,$55.25
EWT,Ishares Msci Taiwan ETF,0.001,1,,0.05,$110.06,$55.99,96.57,$112.78
WWD,Woodward Inc.,0.001,1,,0.05,$338.86,$232.45,45.78,$450.52
CCJ,Cameco Corp.,0.001,1,,0.06,$100.16,$74.43,34.57,$135.24
HTZWW,Hertz Global Hldgs Inc. WTS,0.001,1,,0.09,$1.07,$0.70,52.86,$4.13
EWJ,iShares MSCI Japan ETF,0.001,1,,0.05,$98.00,$74.40,31.72,$98.79
XOP,SPDR S&P Oil & Gas Exploration & Production ETF,0.001,1,,0.09,$192.54,$120.15,60.25,$194.83
ABCB,Ameris Bancorp,0.001,1,,0.05,$85.91,$68.29,25.80,$93.22
BATL,Battalion Oil Corp.,0.001,1,,0.10,$1.30,$1.00,30.00,$29.70
VYMI,Vanguard Int High Dvd Yld In,0.001,1,,0.08,$107.11,$80.08,33.75,$107.20
TBI,TrueBlue Inc.,0.001,1,,0.06,$9.72,$3.18,205.66,$11.03
CIFR,Cipher Mining Inc,0.001,1,,0.09,$17.14,$7.08,142.09,$30.14
PDLB,Ponce Financial Group Inc.,0.001,1,,0.05,$20.55,$13.91,47.74,$21.10
ESGD,Ishares Trust Ishares Esg Aw,0.001,1,,0.05,$107.15,$86.68,23.62,$108.00
IESC,IES Holdings Inc.,0.001,1,,0.05,$316.61,$168.47,87.93,$408.26
POWL,Powell Industries,0.001,1,,0.07,$175.41,$84.46,107.68,$327.74
ABVX,Abivax SA ADR,0.001,1,,0.05,$114.78,$69.81,64.42,$148.83
LINC,Lincoln Educational Services Corp.,0.001,1,,0.05,$25.86,$17.29,49.57,$56.34
ENOV,Enovis Corp.,0.001,1,,0.05,$19.46,$19.14,1.67,$34.28
SPSM,Ss SPDR P S&P 600 Small Cap,0.001,1,,0.08,$56.29,$43.14,30.48,$58.60
BTAI,Bioxcel Therapeutics Inc,0.001,1,,0.05,$0.12,$0.11,9.09,$4.29
CDLX,Cardlytics Inc.,0.001,1,,0.11,$3.64,$3.49,4.30,$32.80
UVV,Universal Corp.,0.001,1,,0.06,$46.00,$43.36,6.09,$57.51
KEY,KeyCorp,0.001,1,,0.11,$22.16,$15.82,40.08,$23.84
GBCI,Glacier Bancorp,0.001,1,,0.05,$46.49,$39.06,19.02,$54.58
CBOE,CBOE Holdings Inc.,0.001,1,,0.08,$300.05,$226.52,32.46,$369.38
OBT,Orange County Bancorp Inc,0.001,1,,0.05,$38.56,$22.84,68.83,$40.10
LYG,Lloyds TSB Grp Plc ADR,0.001,1,,0.07,$6.10,$4.09,49.14,$6.25
REAL,RealReal Inc.,0.001,1,,0.05,$10.14,$7.68,32.03,$17.39
MYE,Myers Indus,0.001,1,,0.08,$30.72,$15.25,101.44,$37.45
LW,Lamb Weston Hldgs Inc.,0.001,1,,0.12,$50.59,$37.02,36.66,$65.06
CEF,Sprott Physical Gold And Sil,0.001,1,,0.05,$45.72,$32.88,39.05,$61.38
SVC,Service Properties Trust,0.001,1,,0.09,$7.65,$5.58,37.10,$14.73
ALT,Altimmune Inc.,0.001,1,,0.06,$3.23,$2.56,26.17,$6.44
INFQ,Infleqtion Inc,0.001,1,,0.08,$12.70,$8.52,49.06,$21.28
KSA,Ishrs Msci Saudi Arabia ETF,0.001,1,,0.07,$38.57,$35.27,9.36,$40.39
BRX,Brixmor Property Group Inc.,0.001,1,,0.06,$29.33,$23.87,22.87,$32.86
SDY,SPDR S&P Dividend ETF,0.001,1,,0.05,$156.94,$132.64,18.32,$160.29
WRLC,Windrock Ltd Co,0.001,1,,0.07,,,,
DOCS,Doximity Inc.,0.001,1,,0.10,$26.83,$17.15,56.44,$76.51
HUBG,Hub Group 'A',0.001,1,,0.05,$36.34,$32.65,11.30,$52.92
QCRH,QCR Holdings Inc.,0.001,1,,0.08,$102.32,$66.45,53.98,$108.11
AMPX,Amprius Technologies Inc,0.001,1,,0.06,$9.53,$6.68,42.66,$24.23
SPG,Simon Property Group Inc.,0.001,1,,0.05,$211.05,$166.33,26.89,$238.50
DNA,Ginkgo Bioworks Holdings Inc.,0.001,1,,0.10,$6.83,$5.37,27.19,$17.58
MGPI,MGP Ingredients Inc.,0.001,1,,0.11,$16.28,$15.62,4.23,$29.02
STGW,Stagwell Inc.,0.001,1,,0.11,$8.79,$4.29,104.90,$9.55
RYCEY,Rolls Royce Holdings Sp ADR,0.001,1,,0.07,$19.62,$13.14,49.32,$21.22
TSCO,Tractor Supply,0.001,1,,0.07,$34.66,$28.17,23.04,$60.10
NPO,EnPro Industries,0.001,1,,0.06,$295.94,$201.04,47.20,$389.99
PHIN,PHINIA Inc.,0.001,1,,0.09,$68.30,$50.13,36.25,$86.94
SCHB,Schwab Us Broad Market ETF,0.001,1,,0.07,$29.84,$24.22,23.20,$30.15
DIA,SPDR Djia Trust,0.001,1,,0.05,$536.76,$443.74,20.96,$546.30
BHE,Benchmark Electronics,0.001,1,,0.06,$71.26,$35.59,100.22,$100.41
ARTV,Artiva Biotherapeutics Inc,0.001,1,,0.07,$11.02,$2.22,396.40,$14.53
INFY,Infosys Ltd.,0.001,1,,0.06,$12.09,$10.30,17.38,$29.37
CDP,Copt Defense Properties,0.001,1,,0.05,$35.47,$26.26,35.07,$38.90
FPAG,Fpa Global Equity ETF New,0.001,1,,0.07,$42.70,$34.34,24.34,$43.56
SPYX,SPDR S&P 500 Fossil Fuel Res,0.001,1,,0.07,$63.40,$51.17,23.90,$63.96
CIB,Grupo Cibest SA ADR,0.001,1,,0.12,$102.53,$47.73,114.81,$103.50
LDOS,Leidos Holdings,0.001,1,,0.07,$131.22,$98.86,32.73,$204.08
GWW,W.W. Grainger Inc.,0.001,1,,0.09,$1308.82,$901.22,45.23,$1417.14
MOD,Modine Mfg.,0.001,1,,0.07,$184.12,$111.18,65.61,$323.25
IMVT,Immunovant Inc.,0.001,1,,0.09,$38.84,$14.58,166.39,$45.42
UVSP,Univest Financial Corp.,0.001,1,,0.11,$42.06,$27.34,53.84,$45.22
ALRS,Alerus Financial Corp.,0.001,1,,0.06,$33.41,$19.80,68.74,$34.40
SONY,Sony Group Corp.,0.001,1,,0.05,$24.96,$19.32,29.19,$30.34
RRC,Range Resources Corp.,0.001,1,,0.05,$42.61,$32.52,31.03,$48.18
USNA,USANA Health Sciences,0.001,1,,0.08,$14.30,$12.57,13.76,$32.29
CUZ,Cousins Properties,0.001,1,,0.07,$29.29,$20.52,42.74,$32.95
ALGT,Allegiant Travel Company,0.001,1,,0.05,$75.87,$57.11,32.85,$123.63
RCKT,Rocket Pharmaceuticals Inc.,0.001,1,,0.12,$3.75,$2.53,48.22,$5.45
DRH,DiamondRock Hospitality Co.,0.001,1,,0.10,$12.09,$7.25,66.76,$13.79
VONG,Vanguard Russell 1000 Growth,0.001,1,,0.12,$127.23,$105.09,21.07,$132.77
FRVO,Fervo Energy Co A,0.001,1,,0.06,$17.18,$14.60,17.67,$42.65
GCO,Genesco Inc.,0.001,1,,0.11,$34.49,$21.93,57.27,$43.60
AMBA,Ambarella Inc.,0.001,1,,0.10,$63.49,$48.30,31.45,$96.69
VGK,Vanguard FTSE Europe ETF,0.001,1,,0.06,$91.68,$75.08,22.11,$93.29
QNT,Quantinuum Inc A,0.001,1,,0.07,$48.49,$46.54,4.19,$86.79
TPC,Tutor Perini Corp.,0.001,1,,0.05,$87.24,$57.70,51.20,$102.20
YOU,Clear Secure Inc.,0.001,1,,0.06,$44.91,$29.03,54.70,$69.07
NNBR,NN Inc.,0.001,1,,0.05,$3.45,$1.10,213.64,$4.48
EEM,Ishares Msci Emerging Market,0.001,1,,0.06,$67.43,$48.58,38.80,$71.57
KNF,Knife River Corp.,0.001,1,,0.10,$62.12,$58.72,5.79,$96.28
PSA,Public Storage,0.001,1,,0.05,$303.71,$251.62,20.70,$335.55
ENB,Enbridge Inc.,0.001,1,,0.07,$50.62,$43.08,17.50,$57.66
M,Macy's Inc.,0.001,1,,0.06,$22.41,$14.74,52.04,$26.59
AEHR,Aehr Test Systems,0.001,1,,0.05,$76.85,$18.70,310.96,$147.40
VSH,Vishay Intertechnology,0.001,1,,0.07,$30.73,$11.60,164.91,$69.47
RFL,Rafael Holdings Inc.,0.001,1,,0.08,$2.54,$1.12,126.79,$3.96
CRCL,Circle Internet Group Inc,0.001,1,,0.07,$102.44,$49.90,105.29,$159.47
DOC,Healthpeak Properties Inc.,0.001,1,,0.06,$21.09,$15.04,40.23,$22.84
BZH,Beazer Homes USA,0.001,1,,0.12,$33.21,$17.83,86.26,$34.54
UNFI,United Natural Foods,0.001,1,,0.05,$43.49,$27.92,55.77,$57.02
HNGE,Hinge Health Inc A,0.001,1,,0.06,$90.18,$30.08,199.80,$95.57
NG,NovaGold Resources,0.001,1,,0.07,$8.26,$5.08,62.60,$14.40
FPAS,Fpa Short Duration Govt ETF,0.001,1,,0.05,$24.34,$24.28,0.25,$25.00
WTFC,Wintrust Financial Corp.,0.001,1,,0.09,$153.55,$117.89,30.25,$166.65
SANM,Sanmina Corp.,0.000,3,$253.04,0.01,$194.90,$110.44,76.48,$288.68
VB,Vanguard Small Cap ETF,0.000,3,$302.93,0.03,$299.69,$238.70,25.55,$309.51
GIS,General Mills,0.000,3,$34.80,0.02,$39.19,$31.21,25.57,$48.32
OUT,Outfront Media Inc.,0.000,3,$32.76,0.02,$29.47,$16.42,79.48,$34.63
KB,Kb Financial Group Inc ADR,0.000,3,$104.97,0.03,$132.89,$76.31,74.14,$133.04
CPA,Copa Holdings SA,0.000,3,$155.53,0.03,$129.02,$104.75,23.17,$158.35
FORM,FormFactor Inc.,0.000,3,$159.91,0.03,$96.44,$28.04,243.94,$160.27
SNDK,SanDisk Corp.,0.000,2,$2273.04,0.01,$1544.98,$50.65,2950.31,$2354.39
CVLG,Covenant Transportation Group Inc. CL A,0.000,2,$44.18,0.03,$34.41,$17.87,92.56,$49.88
FTAI,FTAI Aviation Ltd.,0.000,2,,0.00,$198.25,$147.29,34.60,$321.70
ACLS,Axcelis Technologies,0.000,2,$189.45,0.02,$110.91,$73.60,50.69,$193.78
CAMT,Camtek Ltd,0.000,2,$163.15,0.01,$137.62,$75.75,81.68,$215.99
MT,ArcelorMittal,0.000,2,$60.21,0.01,$75.89,$32.03,136.93,$76.29
PH,Parker-Hannifin,0.000,2,,0.00,$963.56,$709.46,35.82,$1097.73
VV,Vanguard Large Cap ETF,0.000,2,$341.77,0.01,$356.42,$288.27,23.64,$359.22
MEC,Mayville Engineering Co. Inc.,0.000,2,$37.46,0.02,$19.33,$12.25,57.80,$38.76
AWK,American Water Works Inc.,0.000,2,$131.60,0.01,$140.69,$118.81,18.42,$142.27
WOLF,Wolfspeed Inc.,0.000,2,$48.27,0.02,$27.12,$1.20,2160.00,$80.82
KAR,KAR Auction Services,0.000,2,$41.24,0.02,$30.88,$17.08,80.80,$30.98
SCHD,Schwab Us Dvd Equity ETF,0.000,2,$31.66,0.02,$35.10,$25.63,36.95,$35.31
VEU,Vanguard FTSE All World ex US ETF,0.000,2,$83.76,0.01,$85.93,$66.88,28.48,$86.35
AXGN,AxoGen Inc.,0.000,2,$46.19,0.03,$47.45,$15.24,211.35,$52.91
LSCC,Lattice Semconductor,0.000,2,$152.94,0.01,$113.28,$60.50,87.24,$157.01
EGP,EastGroup Properties SBI,0.000,2,$202.54,0.04,$198.38,$157.68,25.81,$226.71
EXTR,Extreme Networks Inc.,0.000,2,$32.37,0.03,$22.01,$13.48,63.28,$33.73
VICI,VICI Properties Inc.,0.000,2,$26.55,0.02,$25.65,$25.36,1.14,$31.77
IVE,Ishares S&P 500 Value ETF,0.000,2,,0.00,$238.45,$197.92,20.48,$239.93
LITE,Lumentum Holdings Inc.,0.000,2,$858.53,0.01,$846.87,$130.97,546.61,$1085.68
LOCO,El Pollo Loco Holdings Inc.,0.000,2,$16.96,0.03,$15.01,$8.99,66.96,$17.40
VGT,Vanguard Info Tech ETF,0.000,2,$120.00,0.02,$120.86,$82.99,45.63,$125.85
CAKE,Cheesecake Factory,0.000,2,$79.54,0.02,$106.92,$42.54,151.34,$118.46
MTSI,MACOM Technology Solutions Hldg,0.000,2,$380.48,0.01,$259.15,$121.97,112.47,$418.90
ESI,Element Solutions Inc.,0.000,2,$47.76,0.03,$34.96,$22.64,54.42,$49.14
IWS,Ishares Russell Mid Cap Valu,0.000,2,,0.00,$170.83,$132.31,29.11,$173.52
UTZ,Utz Brands Inc.,0.000,2,$7.70,0.02,$14.20,$6.72,111.31,$14.27
MOS,Mosaic Co.,0.000,2,$21.19,0.03,$25.31,$19.80,27.83,$35.99
THC,Tenet Healthcare Corp.,0.000,2,,0.00,$264.07,$157.58,67.58,$283.05
DGII,Digi International,0.000,2,$74.95,0.03,$69.67,$33.41,108.53,$86.84
ADTN,ADTRAN Holdings Inc.,0.000,2,$13.90,0.03,$7.19,$7.11,1.13,$19.98
AAOI,Applied Optoelectronics Inc,0.000,2,$148.11,0.02,$100.28,$18.50,442.05,$233.67
BRC,Brady Corp.,0.000,2,$91.57,0.01,$90.88,$70.38,29.13,$99.25
CIEN,Ciena Corp.,0.000,2,$490.71,0.01,$315.27,$92.46,240.98,$637.51
SKYT-OLD,Skywater Technology Inc,0.000,2,,0.00,$32.49,$8.49,282.69,$39.93
HZO,MarineMax Inc.,0.000,2,$36.62,0.02,$52.17,$21.42,143.56,$52.46
ACWX,iShares MSCI ACWI EX U.S. ETF,0.000,2,$76.11,0.02,$78.06,$60.64,28.73,$78.45
SMTC,Semtech Corp.,0.000,2,$161.84,0.02,$135.09,$57.09,136.63,$177.35
IAU,iShares Gold Trust,0.000,2,,0.00,$84.11,$66.61,26.27,$104.40
IJH,Ishares Core S&P Midcap ETF,0.000,2,$77.11,0.03,$75.67,$61.62,22.80,$78.71
J,Jacobs Solutions Inc.,0.000,1,,0.01,$146.88,$105.09,39.77,$166.66
STM,Stmicroelectronics Nv Ny Shs,0.000,1,,0.01,$51.21,$20.95,144.44,$81.33
BLZE,Backblaze Inc A,0.000,1,,0.00,$13.17,$3.26,303.99,$23.99
STRW,Strawberry Fields Reit Inc,0.000,1,,0.01,$13.59,$10.71,26.89,$14.75
FLUT,Flutter Entertainment Plc,0.000,1,,0.03,$102.42,$89.71,14.17,$299.11
DNTH,Dianthus Therapeutics Inc,0.000,1,,0.01,$107.45,$23.66,354.14,$117.88
TTAM,Titan America SA,0.000,1,,0.01,$15.16,$13.83,9.62,$19.57
DOUG,Douglas Elliman Inc,0.000,1,,0.00,$1.83,$1.53,19.61,$3.19
AFYA,Afya Ltd,0.000,1,,0.00,$14.78,$12.45,18.71,$16.16
GKOS,Glaukos Corp.,0.000,1,,0.01,$179.60,$73.16,145.49,$191.62
VCTR,Victory Capital Holdings,0.000,1,,0.02,$113.01,$55.87,102.27,$123.55
EVER,EverQuote Inc. CL A,0.000,1,,0.01,$25.36,$13.88,82.71,$28.73
RNG,RingCentral Inc.,0.000,1,,0.01,$76.88,$24.01,220.20,$77.13
TAK,Takeda Pharmaceutical Co. Ltd,0.000,1,,0.00,$18.70,$12.99,43.96,$18.90
FBLA,Fb Bancorp Inc,0.000,1,,0.01,$15.83,$11.66,35.76,$16.00
HLLY,Holley Inc,0.000,1,,0.00,$3.05,$2.33,30.90,$4.48
OTEX,Open Text Corp.,0.000,1,,0.01,$24.74,$19.76,25.20,$38.70
PARR,Par Pacific Holdings,0.000,1,,0.02,$81.45,$32.24,152.64,$87.03
ITRI,Itron Inc.,0.000,1,,0.02,$96.07,$77.77,23.53,$142.00
EROC,Erock Inc A,0.000,1,,0.03,$11.59,$8.88,30.52,$20.70
NPKI,NPK International Inc.,0.000,1,,0.02,$13.09,$10.30,27.09,$16.50
ETN,Eaton Corp.,0.000,1,,0.03,$395.44,$309.33,27.84,$478.00
AVNW,Aviat Networks Inc.,0.000,1,,0.01,$19.18,$13.92,37.79,$27.02
STKL-OLD,SunOpta Inc.,0.000,1,,0.01,$6.50,$3.32,95.78,$6.94
CBT,Cabot Corp.,0.000,1,,0.03,$81.30,$56.94,42.78,$94.00
PBFS,Pioneer Bancorp Inc.,0.000,1,,0.04,$18.16,$12.64,43.67,$19.42
CNS,Cohen & Steers Inc.,0.000,1,,0.00,$78.74,$56.80,38.63,$86.56
METCB,Ramaco Resources Inc B,0.000,1,,0.01,$6.49,$5.80,11.90,$21.24
REG,Regency Centers Corp.,0.000,1,,0.04,$75.87,$65.10,16.54,$83.66
WYFI,Whitefiber Inc,0.000,1,,0.01,$18.57,$10.51,76.69,$46.87
NTAP,NetApp Inc.,0.000,1,,0.01,$184.31,$92.93,98.33,$209.06
TWI,Titan International Inc.,0.000,1,,0.01,$7.53,$6.37,18.21,$11.70
HOMB,Home Bancshares Inc.,0.000,1,,0.02,$29.95,$25.28,18.47,$31.54
COUR,Coursera Inc,0.000,1,,0.01,$6.07,$5.00,21.40,$12.32
DVDCF,Davide Campari-Milano S.p.A.,0.000,1,,0.01,$6.55,$6.07,7.91,$7.80
CATH,Global X S&P 500 Catholic Values ETF,0.000,1,,0.01,$92.29,$75.37,22.45,$93.05
XGN,Exagen Inc.,0.000,1,,0.00,$7.45,$2.59,187.64,$12.23
FULT,Fulton Financial Corp.,0.000,1,,0.01,$23.90,$16.16,47.90,$25.23
BBY,Best Buy Co. Inc.,0.000,1,,0.00,$87.29,$54.38,60.52,$91.27
FVR,Frontview Reit Inc,0.000,1,,0.02,$19.22,$12.16,58.06,$22.29
ESS,Essex Property Trust,0.000,1,,0.04,$278.12,$233.85,18.93,$303.35
ARM,Arvinmeritor Inc.,0.000,1,,0.01,$242.12,$100.02,142.07,$452.70
TRS,TriMas Corp.,0.000,1,,0.02,$38.96,$30.34,28.41,$45.38
JOUT,Johnson Outdoors Inc.,0.000,1,,0.01,$45.21,$34.91,29.50,$53.16
COPX,Global X Copper Miners ETF,0.000,1,,0.00,$90.83,$48.37,87.78,$99.65
MATV,Mativ Holdings Inc.,0.000,1,,0.00,$12.46,$7.01,77.75,$15.02
AMBQ,Ambiq Micro Inc,0.000,1,,0.04,$56.20,$22.12,154.07,$91.61
AVBH,Avidbank Holdings Inc,0.000,1,,0.02,$31.83,$24.03,32.46,$34.18
CDRE,Cadre Holdings Inc,0.000,1,,0.01,$29.60,$25.65,15.40,$48.44
BG,Bunge Global SA,0.000,1,,0.04,$118.66,$74.11,60.11,$134.02
PACK,Ranpak Holdings Corp. CL A,0.000,1,,0.01,$4.36,$3.22,35.40,$7.81
REXR,Rexford Industrial Realty Inc.,0.000,1,,0.03,$36.93,$31.48,17.31,$42.76
AIRJ,Airjoule Technologies Corp,0.000,1,,0.01,$4.47,$2.22,101.35,$6.75
RTLLF,Rational Ag,0.000,1,,0.02,$773.67,$673.93,14.80,$859.22
SLP,Simulations Plus Inc.,0.000,1,,0.03,$18.44,$11.09,66.28,$21.01
UMH,UMH Properties Inc.,0.000,1,,0.02,$16.02,$13.17,21.64,$16.77
SLF,Sun Life Financial Inc.,0.000,1,,0.00,$80.86,$55.24,46.38,$83.64
LRN,Stride Inc.,0.000,1,,0.02,$86.25,$60.61,42.30,$166.93
STNG,Scorpio Tankers Inc.,0.000,1,,0.03,$79.75,$48.08,65.87,$86.37
JJSF,J & J Snack Foods,0.000,1,,0.03,$86.37,$68.16,26.72,$106.83
BLLN,Billiontoone Inc Cl A,0.000,1,,0.02,$97.97,$61.96,58.12,$150.44
TITN,Titan Machinery Inc.,0.000,1,,0.03,$22.64,$13.21,71.39,$25.00
FMC,FMC Corp.,0.000,1,,0.04,$12.74,$9.95,28.04,$37.35
JOBY,Joby Aviation Inc.,0.000,1,,0.03,$6.89,$6.61,4.24,$19.98
GPRK,Geopark Ltd,0.000,1,,0.00,$11.87,$5.68,108.98,$12.59
DLG.MI,De'Longhi SPA,0.000,1,,0.02,,,,
ATAT,Atour Lifestyle Holdings ADR,0.000,1,,0.00,$34.62,$30.78,12.48,$42.49
GH,Guardant Health Inc.,0.000,1,,0.04,$161.55,$53.40,202.53,$176.58
EXEL,Exelixis Inc.,0.000,1,,0.00,$59.28,$33.76,75.59,$59.54
PIFYF,Pine Cliff Energy Ltd,0.000,1,,0.03,$0.40,$0.35,14.29,$0.65
UFCS,United Fire Group Inc.,0.000,1,,0.00,$56.39,$29.32,92.33,$56.49
BFLY,Butterfly Network Inc,0.000,1,,0.03,$7.32,$1.47,397.96,$10.05
JBHT,J.B. Hunt Transport Services Inc.,0.000,1,,0.00,$266.05,$129.06,106.14,$299.26
ASX,Ase Technology Holding ADR,0.000,1,,0.01,$37.31,$10.04,271.61,$45.27
TRN,Trinity Industries,0.000,1,,0.03,$28.21,$24.06,17.25,$38.31
KVHI,KVH Industries Inc.,0.000,1,,0.00,$7.10,$5.09,39.49,$13.00
FLYX.WS,Eg Acquisition Corp A WTS28,0.000,1,,0.00,,,,
SIL,Global X Silver Miners ETF,0.000,1,,0.00,$101.08,$59.08,71.09,$119.08
OIS,Oil States International Inc.,0.000,1,,0.03,$8.84,$5.37,64.62,$14.50
MTRX,Matrix Service Co.,0.000,1,,0.02,$10.59,$9.88,7.19,$15.97
BIRK,Birkenstock Holding Plc,0.000,1,,0.01,$33.85,$31.12,8.77,$51.37
XLF,Financial Select Sector SPDR,0.000,1,,0.00,$58.55,$47.50,23.26,$58.55
AMRC,Ameresco Inc. CL A,0.000,1,,0.03,$22.38,$18.38,21.76,$44.93
VNQ,Vanguard Real Estate ETF,0.000,1,,0.00,$96.58,$85.39,13.10,$101.80
TEO,Telecom Argentina S.A.,0.000,1,,0.04,$13.08,$6.29,107.95,$16.34
CAE,CAE Inc.,0.000,1,,0.04,$24.51,$22.76,7.69,$34.24
SBGI,Sinclair Broadcast Group Inc.,0.000,1,,0.00,$13.93,$11.82,17.85,$16.69
AKTS,Aktis Oncology Inc,0.000,1,,0.02,$26.22,$14.72,78.13,$34.19
SSPPF,Ssp Group Plc,0.000,1,,0.02,$2.55,$1.67,52.69,$2.55
PRGO,Perrigo Co.,0.000,1,,0.04,$14.14,$8.81,60.50,$21.64
SYNA,Synaptics Inc.,0.000,1,,0.02,$98.06,$58.28,68.26,$149.11
SBCF,Seacoast Banking Corp. of Florida,0.000,1,,0.04,$34.38,$28.07,22.48,$36.27
HSBC,HSBC Holdings plc,0.000,1,,0.01,$106.36,$61.56,72.77,$107.40
JBL,Jabil Inc.,0.000,1,,0.01,$305.28,$189.46,61.13,$428.84
NVMI,Nova Ltd,0.000,1,,0.01,$352.39,$232.73,51.42,$615.99
TDUP,ThredUp Inc.,0.000,1,,0.00,$2.71,$2.48,9.27,$11.90
KOD,Kodiak Sciences Inc.,0.000,1,,0.01,$36.60,$8.29,341.50,$47.84
CCRN-OLD,Cross Country Healthcare,0.000,1,,0.02,$13.25,$7.43,78.33,$14.99
OOMA,Ooma Inc.,0.000,1,,0.00,$23.32,$9.79,138.20,$26.19
ASR,Grupo Aeroportuario Sure SA de CV,0.000,1,,0.00,$257.39,$249.58,3.13,$374.42
EIKN,Eikon Therapeutics Inc,0.000,1,,0.00,$11.04,$7.90,39.75,$17.40
WILLF,Demant A s,0.000,1,,0.02,$44.03,$28.08,56.80,$45.00
SRRK,Scholar Rock Holding Corp.,0.000,1,,0.02,$55.52,$27.07,105.10,$61.76
PNR,Pentair plc,0.000,1,,0.04,$60.17,$57.35,4.92,$112.57
FIP,Ftai Infrastructure Inc,0.000,1,,0.02,$3.40,$3.03,12.21,$6.56
CALY,Callaway Golf Co.,0.000,1,,0.02,$15.65,$8.39,86.53,$20.28
WT,WisdomTree Investments,0.000,1,,0.02,$24.68,$10.64,131.95,$25.89
TRVG,Trivago Nv ADR,0.000,1,,0.00,$6.43,$2.59,148.26,$6.47
HYBB,Ishares Bb Rated Corp Bond,0.000,1,,0.00,$46.33,$44.12,5.01,$46.46
LNTH,Lantheus Holdings Inc.,0.000,1,,0.00,$100.82,$49.67,102.98,$111.86
FLYX,Flyexclusive Inc,0.000,1,,0.04,$1.15,$1.05,9.52,$8.88
ORI,Old Republic International,0.000,1,,0.02,$42.78,$35.42,20.78,$44.65
EWC,iShares MSCI Canada ETF,0.000,1,,0.02,$62.42,$47.96,30.15,$62.71
QQQM,Invesco Nasdaq 100 ETF,0.000,1,,0.02,$295.57,$228.49,29.36,$307.85
