Symbol,Stock,%▼,"Ownership
count",Hold Price*,Max %,"Current
Price","52 Week
Low","% Above
52 Week
Low","52 Week
High"
AMZN,Amazon.com Inc.,2.917,34,$238.34,32.21,$253.47,$196.00,29.32,$287.20
GOOG,Alphabet Inc. CL C,2.582,34,$353.33,23.39,$343.83,$236.07,45.65,$403.96
BRK.B,Berkshire Hathaway CL B,2.416,26,$500.39,33.89,$515.29,$464.01,11.05,$537.74
GOOGL,Alphabet Inc.,2.084,36,$357.37,24.55,$347.28,$235.23,47.63,$408.10
MSFT,Microsoft Corp.,1.779,37,$373.02,20.54,$506.41,$348.54,45.29,$549.20
BRK.A,Berkshire Hathaway CL A,1.758,17,$748851.77,42.42,$772829.25,$698000.00,10.72,$806102.81
V,Visa Inc.,1.713,30,$343.09,19.83,$374.32,$292.74,27.87,$385.57
META,Meta Platforms Inc.,1.580,31,$563.30,20.45,$664.70,$519.78,27.88,$788.22
CVNA,Carvana Co.,1.483,7,$65.82,78.85,$70.44,$54.46,29.34,$97.38
MA,Mastercard Inc.,1.419,22,$513.60,20.01,$572.37,$463.74,23.42,$601.23
AAPL,Apple Inc.,1.224,22,$289.36,41.05,$334.81,$228.18,46.73,$344.27
TSM,Taiwan Semiconductor S.A.,0.986,24,$477.55,10.55,$422.55,$255.60,65.32,$479.00
GE,GE Aerospace,0.968,10,$373.73,35.61,$317.19,$268.58,18.10,$388.84
MCO,Moody's Corp.,0.948,17,$452.92,19.14,$476.03,$399.61,19.12,$543.25
JOE,St. Joe Co.,0.932,1,,76.43,$65.08,$45.92,41.72,$73.02
TDG,TransDigm Group Inc.,0.751,6,$1332.04,27.51,$1114.52,$1109.50,0.45,$1463.03
BN,Brookfield Corp.,0.736,9,$42.59,16.29,$37.58,$37.40,0.48,$49.40
SPGI,S&P Global Inc.,0.730,15,$407.26,19.92,$418.50,$360.09,16.22,$521.12
ASML,ASML Holding NV,0.722,9,$1989.38,21.11,$1588.08,$801.01,98.26,$1997.36
NVDA,NVIDIA Corp.,0.720,18,$200.09,9.34,$212.17,$163.90,29.45,$236.00
IBKR,Interactive Brokers Group Inc.,0.706,6,$87.04,33.42,$90.35,$58.70,53.92,$98.66
IEP,Icahn Enterprises,0.658,1,,53.95,$7.03,$5.82,20.79,$7.44
FICO,Fair Isaac Corp.,0.581,8,$1194.78,25.77,$996.18,$870.01,14.50,$1998.01
HCC,Warrior Met Coal Inc.,0.580,3,$81.16,43.32,$96.12,$57.32,67.69,$111.42
LOAR,Loar Holdings Inc,0.575,1,,47.15,$64.82,$53.15,21.96,$83.43
MOH,Molina Healthcare Inc.,0.567,3,$193.75,43.49,$213.76,$121.06,76.57,$244.89
GPI,Group 1 Automotive,0.566,2,$291.17,46.41,$285.18,$249.03,14.52,$482.31
PDD,Pinduoduo Inc.,0.545,4,$76.28,22.17,$79.27,$71.94,10.19,$139.41
UBER,Uber Technologies Inc.,0.521,11,$72.16,12.72,$72.38,$65.41,10.66,$101.99
AMAT,Applied Materials,0.516,12,$723.00,19.48,$428.36,$166.26,157.64,$738.88
C,Citigroup Inc.,0.484,8,$139.96,18.50,$134.39,$91.72,46.52,$147.21
COF,Capital One Financial,0.470,16,$200.62,7.13,$207.27,$173.62,19.38,$256.63
AXP,American Express,0.464,16,$338.24,17.14,$327.61,$289.26,13.26,$384.36
SUNB,Sunbelt Rentals Holdings Inc,0.464,12,$75.05,10.59,$72.60,$60.40,20.20,$85.78
ELV,Elevance Health Inc.,0.457,12,$386.73,9.11,$425.45,$270.87,57.07,$434.35
SNX,SYNNEX Corp.,0.456,4,$267.34,26.38,$261.46,$141.15,85.24,$295.89
CROX,Crocs Inc.,0.443,6,$120.64,27.20,$111.89,$73.21,52.83,$141.28
DIS,Walt Disney Co.,0.432,20,$96.25,9.55,$108.76,$91.48,18.89,$115.42
LULU,Lululemon Athletica Inc.,0.403,4,$176.58,32.35,$100.52,$95.67,5.07,$225.98
CVS,CVS Health Corp.,0.396,10,$103.45,10.63,$95.93,$68.48,40.08,$110.00
EQH,Equitable Holdings Inc.,0.395,5,$43.88,30.38,$53.63,$34.72,54.46,$53.87
SLM,SLM Corp.,0.387,3,$27.27,24.16,$26.38,$17.46,51.09,$30.52
JHG-OLD,Janus Henderson Group,0.385,1,,31.53,$51.98,$37.96,36.93,$53.76
RIG,Transocean Ltd.,0.373,2,$4.89,30.53,$5.48,$3.03,80.86,$7.66
AVGO,Broadcom Inc.,0.368,13,$377.75,10.61,$345.33,$289.50,19.28,$494.22
ICLR,ICON plc,0.358,6,$173.71,11.94,$169.20,$66.57,154.17,$203.91
FERG,Ferguson Enterprises Inc.,0.339,11,$237.33,6.88,$221.90,$203.74,8.91,$268.59
SCHW,Charles Schwab Corp.,0.338,11,$92.27,6.56,$107.22,$83.72,28.07,$114.53
ADI,Analog Devices,0.319,11,$397.17,7.97,$362.97,$220.71,64.46,$444.56
AMR,Alpha Metallurgical Resources Inc.,0.318,1,,26.11,$199.85,$133.64,49.54,$253.82
MKL,Markel Group Inc.,0.309,5,$1953.01,10.89,$1797.50,$1719.41,4.54,$2207.59
UNH,United Health Group Inc.,0.302,17,$415.63,6.05,$384.70,$254.51,51.15,$461.62
TMO,Thermo Fisher Scientific,0.301,11,$501.36,9.81,$611.70,$434.83,40.68,$647.00
KHC,Kraft Heinz Co.,0.299,9,$23.61,12.80,$24.39,$20.34,19.91,$27.65
PYPL,PayPal Holdings Inc.,0.294,8,$43.18,10.61,$54.00,$38.12,41.66,$78.34
RKT,Rocket Companies Inc.,0.290,5,$15.75,11.65,$13.66,$12.17,12.24,$24.36
CVI,CVR Energy Inc.,0.289,1,,23.73,$48.99,$19.50,151.23,$52.40
VFC,V.F. Corp.,0.287,2,$16.68,23.36,$13.12,$12.46,5.30,$22.00
BABA,Alibaba Group Holdings,0.281,9,$95.98,16.92,$109.33,$91.99,18.85,$190.92
CAT,Caterpillar Inc.,0.275,6,$1064.90,19.65,$787.81,$423.93,85.83,$1071.47
CNH,CNH Industrial NV,0.271,5,$11.23,17.11,$13.81,$8.91,54.99,$14.46
WM,Waste Management Inc.,0.267,3,$222.88,17.30,$218.52,$190.92,14.46,$246.06
ORLA-OLD,Orla Mining Ltd,0.264,3,$9.73,21.55,$9.45,$8.43,12.10,$21.95
CP,Canadian Pacific Kansas City,0.261,7,$86.65,7.44,$90.01,$67.98,32.41,$96.90
LYV,Live Nation Inc.,0.257,8,$183.11,7.69,$172.40,$125.34,37.55,$189.25
APP,Applovin Corp.,0.257,4,$515.25,14.50,$333.43,$297.50,12.08,$745.61
ASH,Ashland Global Holdings Inc.,0.256,2,$65.89,17.47,$69.53,$45.04,54.37,$77.80
GM,General Motors,0.255,7,$77.08,11.46,$87.11,$53.87,61.70,$91.66
LEN,Lennar Corp.,0.255,4,$90.49,11.82,$80.26,$76.63,4.74,$137.24
BKNG,Booking Holdings Inc.,0.252,6,$178.24,8.46,$174.82,$149.40,17.01,$222.95
RPRX,Royalty Pharma plc,0.250,3,$56.07,8.82,$58.97,$33.97,73.59,$64.38
VRT,Vertiv Holdings Co.,0.250,3,$334.82,20.37,$239.44,$132.58,80.60,$379.86
NFLX,Netflix Inc.,0.248,11,$71.40,5.41,$80.28,$65.08,23.36,$124.86
CNI,Canadian Natl Railway Co.,0.247,6,$119.24,17.95,$122.43,$88.62,38.15,$130.84
DHR,Danaher Corp.,0.245,12,$190.48,7.64,$202.68,$160.60,26.20,$241.78
BAC,Bank of America Corp.,0.244,15,$56.98,9.20,$59.07,$45.64,29.43,$64.89
BDX,Becton Dickinson,0.238,7,$151.33,9.93,$182.29,$124.46,46.46,$191.94
QSR,Restaurant Brands International,0.238,3,$72.51,9.62,$79.16,$60.54,30.76,$81.88
GRBK,Green Brick Partners,0.237,2,$80.04,19.39,$69.01,$60.44,14.18,$83.18
CRM,Salesforce.com,0.235,10,$156.66,8.33,$259.26,$146.32,77.19,$268.27
AZN,AstraZeneca PLC,0.233,3,$187.18,19.03,$163.70,$90.90,80.09,$209.12
KKR,KKR & Co. L.P.,0.231,7,$91.78,8.95,$101.66,$82.35,23.45,$151.00
WFC,Wells Fargo,0.225,14,$82.64,3.11,$88.40,$72.36,22.17,$96.18
YETI,YETI Holdings Inc.,0.224,2,$49.56,18.33,$40.80,$31.66,28.87,$53.99
SGOV,Ishares 0 3 Month Treasury B,0.220,4,$100.67,10.59,$100.53,$96.89,3.76,$100.53
CACC,Credit Acceptance Corp.,0.220,2,$636.74,18.01,$602.85,$401.90,50.00,$668.86
RACE,Ferrari NV,0.216,4,$370.77,7.71,$408.06,$308.95,32.08,$498.75
PM,Philip Morris Intl.,0.212,10,$180.91,9.18,$194.11,$138.43,40.22,$207.76
SOLV,Solventum Corp,0.210,4,$77.15,15.02,$89.69,$62.38,43.78,$94.16
WBD,Warner Bros. Discovery Inc.,0.209,5,$26.66,11.68,$28.12,$17.08,64.64,$30.00
LAD,Lithia Motors Inc.,0.207,6,$290.49,13.20,$361.06,$238.86,51.16,$438.67
TXN,Texas Instruments,0.206,14,$298.07,3.93,$265.21,$150.20,76.57,$332.33
OMF,OneMain Holdings,0.200,4,$60.97,10.08,$62.97,$44.20,42.47,$68.16
EGO,Eldorado Gold Corp.,0.197,1,,16.18,$41.16,$24.30,69.38,$50.88
CPNG,Coupang Inc.,0.196,8,$17.37,6.89,$15.11,$14.45,4.57,$34.08
TKO,TKO Group Holdings Inc.,0.196,1,,16.07,$194.27,$173.96,11.68,$225.15
IFF,International Flavors & Fragrances Inc.,0.194,5,$79.22,5.43,$83.76,$58.13,44.09,$89.32
OXY,Occidental Petroleum,0.192,4,$48.57,7.02,$61.63,$38.26,61.08,$66.83
AON,Aon Plc,0.191,10,$331.69,4.91,$308.50,$302.44,2.00,$381.47
FWONK,Liberty Media Corp Formula One Series C,0.191,3,$95.14,7.73,$96.02,$80.15,19.80,$109.36
GXO,Gxo Logistics Inc.,0.189,1,,15.46,$46.78,$45.00,3.96,$66.85
EPD,Enterprise Products Partners LP,0.188,6,$36.76,13.46,$38.70,$28.18,37.33,$39.69
APTV,Aptiv PLC,0.187,2,$61.38,14.51,$44.35,$43.83,1.19,$78.49
AER,AerCap Holdings N.V.,0.185,3,$145.78,7.16,$139.47,$117.73,18.47,$158.38
ALC,Alcon Inc.,0.185,2,$67.33,15.19,$67.69,$61.84,9.46,$87.22
PEP,PepsiCo Inc.,0.184,12,$135.40,5.27,$136.67,$131.99,3.55,$166.41
MU,Micron Technology Inc.,0.184,5,$1154.29,15.06,$927.54,$152.96,506.39,$1254.81
CMCSA,Comcast Corp.,0.183,14,$24.55,3.15,$25.01,$21.28,17.53,$32.04
LLY,Eli Lilly & Co.,0.183,7,$1199.42,6.89,$1139.38,$707.59,61.02,$1292.65
KO,Coca Cola Co.,0.182,9,$81.27,10.86,$89.22,$64.04,39.32,$92.49
BLK,BlackRock Inc.,0.181,6,$961.57,9.93,$1064.87,$907.59,17.33,$1194.41
DASH,DoorDash Inc.,0.181,4,$184.53,7.46,$202.29,$143.30,41.17,$285.50
PVH,PVH Corp.,0.179,4,$74.26,9.92,$73.12,$59.55,22.79,$100.69
HGV,Hilton Grand Vacations Inc.,0.177,2,$52.37,14.48,$38.84,$36.79,5.57,$55.40
SIRI,SiriusXM Holdings Inc,0.175,5,$29.54,5.59,$29.46,$19.15,53.84,$32.37
ICE,Intercontinental Exchange Inc.,0.174,6,$123.11,4.90,$157.43,$121.79,29.26,$174.83
BAYRY,Bayer Ag Sponsored ADR,0.172,1,,14.12,$14.07,$7.46,88.61,$15.23
ACN,Accenture,0.170,12,$124.44,4.86,$193.86,$116.75,66.05,$285.21
BAX,Baxter International Inc.,0.170,7,$21.32,4.09,$23.79,$15.72,51.34,$29.99
CCL,Carnival Corp.,0.170,2,$28.57,12.78,$22.68,$22.28,1.80,$33.49
TOL,Toll Brothers,0.169,4,$164.75,10.71,$134.88,$122.93,9.72,$167.75
TRMD,Torm Plc,0.169,2,$25.79,13.87,$35.42,$16.70,112.10,$35.60
OKTA,Okta Inc.,0.168,1,,13.80,$188.10,$62.66,200.19,$188.94
TSLA,Tesla Inc.,0.167,6,$420.60,7.44,$359.56,$297.38,20.91,$498.83
DG,Dollar General,0.167,5,$115.11,8.66,$128.78,$93.78,37.32,$156.68
IONS,Ionis Pharmaceuticals Inc.,0.167,1,,13.70,$51.47,$50.01,2.92,$86.74
ROP,Roper Technologies Inc.,0.165,4,$338.39,7.80,$394.97,$305.19,29.42,$517.59
ORCL,Oracle Corp.,0.164,14,$146.55,4.51,$143.40,$114.50,25.24,$325.79
APH,Amphenol Corp.,0.164,7,$88.16,8.29,$79.23,$58.35,35.78,$89.26
SPOT,Spotify Technology S.A.,0.163,7,$459.13,4.96,$556.87,$405.00,37.50,$745.00
KEX,Kirby Corp.,0.161,1,,13.22,$137.50,$79.52,72.91,$157.69
PG,Procter & Gamble,0.160,9,$146.64,4.38,$146.32,$134.62,8.69,$164.77
GIL,Gildan Activewear Inc.,0.160,1,,13.10,$47.86,$46.35,3.26,$72.73
AJG,Arthur J. Gallagher & Co.,0.159,6,$229.57,6.43,$253.21,$189.61,33.54,$309.90
XRAY,DENTSPLY SIRONA Inc.,0.159,3,$10.61,12.18,$10.43,$9.41,10.84,$14.76
PFE,Pfizer Inc.,0.158,10,$24.08,3.07,$27.73,$22.03,25.87,$29.21
USB,U.S. Bancorp,0.157,6,$60.41,5.56,$62.62,$43.76,43.10,$66.08
ADP,Automatic Data Processing Inc.,0.157,6,$223.95,4.93,$276.07,$185.56,48.78,$288.48
VMC,Vulcan Materials,0.157,6,$295.01,5.62,$251.58,$246.20,2.19,$329.20
MDLN,Medline Inc Cl A,0.157,4,$39.44,6.28,$32.72,$31.87,2.67,$50.88
INTU,Intuit Inc.,0.156,8,$261.00,6.62,$338.46,$251.72,34.46,$697.25
SHW,Sherwin-Williams,0.155,7,$344.32,4.50,$327.28,$289.19,13.17,$375.09
NEM,Newmont Corp.,0.155,4,$93.40,6.25,$123.08,$75.34,63.37,$135.01
SGI,Somnigroup International Inc.,0.155,2,$78.40,8.30,$68.60,$60.08,14.18,$97.86
EXE,Expand Energy Corp.,0.154,1,,12.64,$93.34,$84.48,10.49,$124.43
HD,Home Depot,0.153,10,$352.68,5.61,$312.19,$284.85,9.60,$415.00
GEHC,GE HealthCare Technologies Inc.,0.153,8,$64.01,4.67,$64.44,$58.72,9.74,$89.64
EG,Everest Group Ltd,0.153,4,$357.23,11.28,$379.73,$295.27,28.60,$398.90
DE,Deere & Co.,0.152,7,$634.33,6.56,$680.43,$429.14,58.56,$705.88
CRH,CRH plc,0.152,5,$107.00,5.14,$89.11,$86.84,2.61,$130.09
UHAL.B,U Haul Holding Co Non Voting,0.152,4,$57.70,4.42,$56.01,$39.58,41.51,$66.90
ALK,Alaska Air Group,0.151,2,$52.20,10.58,$40.86,$33.03,23.71,$65.88
WAT,Waters Corp.,0.150,8,$375.04,6.25,$407.59,$282.77,44.14,$426.22
MSI,Motorola Solutions Inc.,0.148,8,$415.29,5.63,$476.90,$357.34,33.46,$494.85
TRU,TransUnion,0.148,3,$72.14,5.94,$77.94,$63.28,23.17,$94.90
INTC,Intel Corp.,0.147,7,$139.63,4.62,$98.13,$24.05,308.02,$142.35
JPM,JPMorgan Chase & Co.,0.146,15,$327.33,3.54,$350.10,$276.43,26.65,$366.50
HEI.A,HEICO Corp. CL A,0.146,4,$257.91,6.38,$226.70,$199.25,13.78,$279.52
UNP,Union Pacific,0.145,11,$272.00,5.95,$284.92,$209.48,36.01,$314.53
SW,Smurfit Westrock Plc,0.143,3,$46.26,7.56,$44.02,$31.79,38.47,$51.52
PPLI,People Inc.,0.143,3,$46.16,7.54,$38.75,$29.56,31.09,$48.32
FBIN,Fortune Brands Innovations Inc.,0.141,5,$54.90,4.83,$40.98,$31.92,28.38,$63.70
RBC,RBC Bearings Inc.,0.141,2,$644.06,10.70,$477.26,$364.50,30.94,$667.69
PGR,Progressive Corp.,0.140,7,$218.45,4.79,$220.50,$187.79,17.42,$239.38
OSK,Oshkosh Corp.,0.140,5,$153.48,6.69,$143.94,$115.83,24.27,$178.55
ET,Energy Transfer LP,0.140,4,$19.12,7.18,$21.46,$15.10,42.12,$21.84
SN,Sharkninja Inc,0.139,5,$152.27,10.67,$168.54,$83.12,102.77,$194.54
SYK,Stryker Corp.,0.139,4,$314.84,6.72,$282.94,$267.00,5.97,$389.48
KOF,Coca-Cola FEMSA S A CV,0.138,3,$106.25,9.34,$112.18,$76.77,46.12,$117.09
EQT,EQT Corp.,0.137,3,$53.17,6.19,$53.07,$47.79,11.05,$67.84
LRCX,Lam Research,0.136,7,$433.33,5.72,$276.60,$115.24,140.02,$438.50
BA,Boeing Co.,0.136,6,$216.47,3.38,$209.67,$176.77,18.61,$254.35
JNJ,Johnson & Johnson,0.135,12,$253.97,3.96,$267.30,$169.51,57.69,$281.07
DB,Deutsche Bank AG,0.135,4,$33.86,10.80,$39.29,$27.13,44.82,$41.62
MAT,Mattel Inc.,0.135,2,$13.88,8.92,$14.09,$12.73,10.68,$22.48
BLDR,Builders FirstSource Inc.,0.134,6,$89.48,5.60,$60.83,$58.13,4.64,$145.68
UAA,Under Armour Inc.,0.134,1,,10.98,$5.10,$4.13,23.49,$8.15
TEL,TE Connectivity plc,0.133,8,$201.61,3.93,$205.15,$189.53,8.24,$250.61
QCOM,QUALCOMM Inc.,0.133,7,$184.79,3.66,$180.52,$120.88,49.34,$257.56
SLB,Schlumberger Ltd.,0.132,8,$46.49,4.36,$53.32,$30.88,72.67,$60.15
DHI,D.R. Horton,0.132,4,$162.88,6.59,$139.85,$130.96,6.79,$178.50
BFAM,Bright Horizons Family Solutions Inc.,0.132,2,$70.88,8.28,$67.23,$57.63,16.66,$114.32
CB,Chubb Limited,0.131,6,$340.74,4.79,$341.31,$262.07,30.24,$364.81
PHM,PulteGroup Inc.,0.131,3,$137.21,8.64,$119.65,$108.26,10.52,$143.88
FISV,Fiserv Inc.,0.130,9,$49.05,2.79,$51.07,$47.04,8.57,$135.88
CBRE,CBRE Group,0.130,7,$134.69,3.67,$141.18,$121.69,16.02,$174.27
RYN,Rayonier Inc.,0.129,1,,10.54,$20.36,$19.25,5.77,$24.84
AIIR,Air Holdings Ltd,0.129,1,,10.61,$7.50,$5.29,41.78,$13.37
TSN,Tyson Foods,0.128,6,$57.25,3.11,$53.07,$48.84,8.66,$68.27
NCLH,Norwegian Cruise Line Hlgs Ltd.,0.128,3,$21.11,4.23,$14.85,$14.45,2.77,$27.18
FLG,Flagstar Financial Inc.,0.127,2,$14.94,9.62,$13.11,$10.54,24.38,$15.43
GEV,Ge Vernova Inc,0.126,10,$1174.86,3.91,$874.99,$529.18,65.35,$1195.94
TDS,Telephone & Data Systems,0.125,2,$37.01,5.17,$37.75,$31.51,19.80,$49.07
HHH,Howard Hughes Holdings Inc.,0.125,1,,10.23,$61.18,$61.01,0.28,$91.07
SE,Sea Ltd,0.124,8,$95.83,5.02,$108.12,$77.05,40.32,$197.74
TDW,Tidewater Inc.,0.124,3,$66.63,9.95,$89.52,$46.65,91.90,$101.58
ZS,Zscaler Inc.,0.124,1,,10.18,$190.01,$114.63,65.76,$336.99
NOW,ServiceNow Inc.,0.123,6,$99.28,4.59,$142.05,$81.24,74.85,$194.73
CI,Cigna Group,0.122,7,$275.68,2.67,$290.11,$234.20,23.87,$308.48
EFX,Equifax Inc.,0.121,9,$158.73,2.27,$170.16,$150.31,13.21,$268.77
FDX,FedEx Corp.,0.120,7,$313.13,3.18,$311.73,$177.38,75.74,$344.07
APD,Air Products & Chemicals,0.118,7,$293.18,3.96,$288.12,$224.64,28.26,$314.87
CSGP,CoStar Group Inc.,0.118,4,$28.32,6.49,$31.05,$25.89,19.93,$90.72
EWBC,East West Bancorp,0.118,1,,9.68,$129.78,$90.34,43.66,$137.47
URI,United Rentals,0.116,6,$1132.89,5.14,$997.71,$698.94,42.75,$1177.15
ABNB,Airbnb Inc.,0.116,5,$143.10,3.59,$169.96,$110.81,53.38,$193.45
RYAN,Ryan Specialty Holdings Inc,0.116,2,$37.76,9.09,$39.74,$29.07,36.70,$58.44
MRK,Merck & Co.,0.115,10,$128.49,4.43,$144.76,$75.81,90.95,$156.92
MRSH,Marsh,0.115,6,$166.67,3.98,$179.80,$155.72,15.46,$204.56
TECH,Bio-Techne Corp.,0.115,5,$70.65,3.68,$72.21,$43.07,67.66,$72.58
ACHC,Acadia Healthcare Co.,0.114,2,$29.53,6.00,$28.31,$11.43,147.68,$35.83
EVH,Evolent Health Inc.,0.114,1,,9.34,$4.07,$2.10,93.81,$9.63
GPC,Genuine Parts,0.110,6,$117.98,6.13,$133.03,$89.11,49.29,$147.43
IDXX,IDEXX Laboratories,0.110,6,$526.44,3.93,$509.68,$500.61,1.81,$769.98
VTRS,Viatris Inc.,0.110,3,$15.88,5.13,$16.71,$9.10,83.63,$18.25
REGN,Regeneron Pharmaceuticals,0.110,3,$623.54,4.95,$791.86,$538.24,47.12,$859.34
NU,Nu Holdings Ltd,0.108,5,$13.36,4.29,$14.40,$11.20,28.57,$18.98
NBR,Nabors Industries Ltd.,0.108,1,,8.85,$85.25,$36.62,132.80,$112.90
FRPT,Freshpet Inc.,0.108,1,,8.87,$64.23,$46.45,38.28,$86.00
ZBH,Zimmer Biomet Holdings,0.107,7,$86.09,3.36,$96.58,$78.91,22.39,$106.03
DECK,Deckers Outdoor,0.107,2,$99.29,7.52,$79.95,$78.91,1.32,$122.29
LIN,Linde plc,0.106,7,$518.94,4.94,$464.52,$384.00,20.97,$546.40
CFRHF,Compagnie Financiere Richemont SA,0.106,1,,8.67,$214.93,$163.00,31.86,$254.24
MELI,Mercadolibre Inc.,0.105,7,$1697.39,5.10,$1890.06,$1495.00,26.43,$2548.50
DCH,Dauch Corp.,0.105,3,$5.42,3.97,$6.26,$4.92,27.24,$9.25
SYF,Synchrony Financial,0.105,3,$76.05,7.84,$76.28,$62.56,21.93,$87.67
CVX,Chevron Corp.,0.104,11,$165.76,4.67,$212.19,$142.51,48.89,$217.60
WTW,Willis Towers Watson plc,0.104,5,$261.37,3.44,$323.20,$239.74,34.81,$351.51
WEN,Wendy's Co.,0.104,4,$8.29,5.97,$7.66,$6.02,27.24,$9.51
DVN,Devon Energy Corp.,0.103,5,$41.32,4.49,$49.77,$30.89,61.12,$52.34
TFX,Teleflex,0.103,3,$126.76,4.91,$130.76,$99.39,31.56,$144.64
CGNX,Cognex Corp.,0.103,2,$72.42,7.60,$60.39,$34.45,75.30,$72.78
CPRT,Copart Inc.,0.102,6,$28.19,4.41,$31.43,$26.81,17.23,$48.96
AMD,Advanced Micro Devices,0.101,6,$580.91,5.12,$495.57,$149.85,230.71,$584.73
FCNCA,First Citizens Bancshares,0.101,3,$2080.78,5.32,$2170.43,$1617.01,34.22,$2294.10
VST,Vistra Corp.,0.101,3,$158.63,4.70,$141.24,$132.47,6.62,$218.91
CNX,CNX Resources Corp.,0.101,1,,8.25,$35.56,$29.22,21.70,$43.62
UPS,United Parcel Service,0.100,7,$107.50,2.95,$102.40,$76.95,33.07,$116.86
MDT,Medtronic plc,0.100,7,$78.23,2.76,$93.74,$72.65,29.03,$103.76
BCC,Boise Cascade Company,0.100,3,$77.63,7.47,$75.74,$64.38,17.65,$91.16
ABM,ABM Industries,0.099,5,$44.24,7.10,$49.44,$36.45,35.64,$51.29
ORLY,O'Reilly Automotive,0.099,4,$92.09,3.90,$87.40,$82.59,5.82,$108.72
CNQ,Canadian Natural Resources,0.098,3,$39.50,8.04,$50.30,$28.47,76.68,$51.84
ABG,Asbury Automotive Group Inc.,0.098,2,$201.08,7.91,$209.82,$172.01,21.98,$258.75
EWY,iShares MSCI South Korea ETF,0.097,2,$201.90,6.55,$177.95,$76.55,132.46,$220.89
CR,Crane Co,0.097,2,$223.07,7.82,$199.27,$159.16,25.20,$230.22
BMY,Bristol-Myers Squibb,0.096,8,$57.62,2.88,$64.01,$41.13,55.63,$68.64
MGM,MGM Resorts International,0.096,4,$47.81,4.91,$39.91,$29.19,36.72,$51.59
MLM,Martin Marietta,0.096,3,$576.70,4.56,$501.91,$491.62,2.09,$707.94
GPN,Global Payments Inc.,0.095,4,$72.56,2.49,$89.79,$60.75,47.80,$95.61
AEM,Agnico-Eagle Mines Ltd.,0.094,3,$155.15,6.22,$197.40,$134.08,47.23,$254.05
APG,APi Group Corp.,0.094,3,$42.35,5.00,$37.18,$33.40,11.32,$49.99
URBN,Urban Outfitters Inc.,0.094,1,,7.72,$77.66,$59.54,30.43,$85.43
AU,AngloGold Ashanti Ltd.,0.093,3,$80.90,6.81,$100.50,$59.78,68.12,$124.69
NOMD,Nomad Foods Ltd,0.093,1,,7.61,$11.15,$8.86,25.85,$13.40
HKHHF,Heineken Holding NV,0.093,1,,7.61,$77.94,,,
AVTR,Avantor Inc.,0.091,5,$9.90,2.82,$15.03,$7.27,106.74,$15.93
KLAC,KLA Corp.,0.091,3,$301.71,5.78,$170.12,$94.99,79.09,$307.03
MAR,Marriott Int'l.,0.090,4,$370.59,7.02,$338.92,$254.64,33.10,$410.15
MEDP,Medpace Holdings Inc.,0.090,4,$529.59,4.52,$591.22,$373.00,58.50,$677.90
HUM,Humana Inc.,0.090,2,$397.22,5.13,$411.27,$161.90,154.03,$428.88
ARES,Ares Management LP,0.090,2,$111.31,6.45,$130.95,$93.57,39.95,$181.32
HUT,Hut 8 Corp,0.090,2,$115.44,4.07,$91.37,$31.67,188.51,$140.80
GTX,Garrett Motion Inc.,0.090,2,$36.23,7.28,$26.26,$12.09,117.20,$36.14
GWRE,Guidewire Software Inc.,0.089,1,,7.27,$152.02,$102.30,48.60,$255.91
BNY,Bank of New York Mellon Corp.,0.088,10,$144.61,2.21,$157.39,$101.34,55.31,$165.84
KMX,CarMax Inc.,0.088,5,$52.89,3.50,$61.68,$30.26,103.83,$65.28
ECL,Ecolab Inc.,0.088,4,$278.61,4.22,$275.52,$242.49,13.62,$307.61
Q,Qnity Electronics Inc.,0.088,3,$163.31,7.23,$117.41,$72.62,61.68,$177.16
SHOP,Shopify Inc.,0.088,3,$114.18,4.50,$133.80,$94.00,42.34,$182.19
DLTR,Dollar Tree Inc.,0.088,1,,7.25,$119.84,$84.71,41.47,$142.40
YNDX,Yandex N.V.,0.088,1,,7.19,$20.00,$14.09,41.94,$20.36
BL,BlackLine Inc.,0.088,1,,7.19,$29.98,$24.70,21.38,$59.57
GNRC,Generac Holdings Inc.,0.087,6,$292.81,2.91,$177.26,$134.80,31.50,$296.44
JEF,Jefferies Financial Group Inc.,0.087,4,$49.98,3.44,$49.62,$35.00,41.77,$68.96
FLR,Fluor Corp.,0.087,2,$52.39,6.24,$53.52,$39.33,36.08,$58.35
RUSHA,Rush Enterprises Inc.,0.087,2,$48.65,7.03,$48.30,$30.09,60.52,$55.58
XOM,ExxonMobil Holdings Corp.,0.086,11,$136.72,3.65,$164.39,$107.28,53.23,$174.09
STX,Seagate Technology,0.086,3,$965.00,5.90,$816.81,$191.74,326.00,$1144.18
ALLY,Ally Financial Inc.,0.085,4,$45.95,4.78,$41.90,$35.43,18.26,$46.96
TOST,Toast Inc.,0.085,2,$27.82,6.98,$33.37,$22.26,49.91,$42.15
GDS,GDS Holdings Ltd,0.085,2,$30.03,4.92,$30.45,$26.97,12.90,$48.61
CEG,Constellation Energy Corp.,0.085,2,$248.37,3.97,$264.81,$228.28,16.00,$410.41
ABT,Abbott Labs,0.084,7,$90.74,3.98,$103.02,$81.39,26.58,$134.38
RTX,RTX Corp.,0.084,7,$189.73,3.49,$194.78,$153.36,27.01,$226.41
PFGC,Performance Food Group,0.084,4,$111.79,4.00,$93.82,$80.82,16.09,$117.48
QXO,Qxo Inc,0.084,3,$17.28,4.10,$12.25,$12.05,1.66,$27.61
MGA,Magna International Inc.,0.084,3,$91.94,6.54,$64.89,$41.73,55.50,$73.22
CTSH,Cognizant Technology Solutions,0.083,6,$38.73,3.02,$63.84,$36.86,73.20,$85.48
GTN,Gray Television Inc.,0.083,1,,6.80,$4.90,$3.55,38.03,$6.30
KEYS,Keysight Technologies Inc.,0.082,5,$350.07,4.48,$318.02,$158.79,100.28,$374.96
APO,Apollo Global Management,0.082,3,$118.31,4.46,$127.17,$98.73,28.81,$151.39
JLL,Jones Lang Lasalle Inc.,0.081,5,$309.95,3.28,$343.70,$259.83,32.28,$393.84
INDV,Indivior Pharmaceuticals Inc.,0.081,1,,6.65,$34.82,$27.68,25.79,$42.81
CRS,Carpenter Technology,0.080,3,$616.84,3.63,$422.38,$227.48,85.68,$625.72
CSCO,Cisco Systems,0.079,7,$117.46,5.40,$110.67,$64.79,70.81,$129.88
GSK,GSK plc,0.079,6,$52.42,3.51,$50.19,$37.94,32.29,$60.12
IQV,IQVIA Holdings Inc.,0.079,4,$193.22,3.13,$265.00,$154.50,71.52,$271.80
BIIB,Biogen Inc.,0.079,3,$216.06,3.75,$217.46,$135.39,60.62,$225.80
EBAY,eBay Inc.,0.079,2,$111.75,4.74,$108.71,$77.32,40.60,$118.62
TEVA,Teva Pharmaceutical Industries Ltd.,0.079,2,$33.88,3.97,$38.46,$18.21,111.20,$38.88
RHI,Robert Half International,0.079,2,$30.70,5.93,$38.34,$21.08,81.88,$46.09
ADBE,Adobe Inc.,0.078,10,$205.01,2.57,$262.84,$190.12,38.25,$370.86
MANU,Manchester United plc,0.078,3,$22.93,2.41,$20.26,$14.59,38.86,$24.45
CME,CME Group,0.077,7,$220.83,2.52,$280.86,$217.29,29.26,$318.35
COP,ConocoPhillips,0.077,7,$103.96,2.10,$136.58,$82.95,64.65,$139.76
HTHT,H World Group Ltd ADR,0.077,3,$41.72,5.59,$43.00,$34.93,23.10,$54.14
ZTS,Zoetis Inc.,0.076,5,$71.86,3.03,$73.79,$70.98,3.96,$147.22
BP,BP plc,0.076,4,$36.95,3.65,$45.76,$31.12,47.04,$47.14
AMGN,Amgen,0.076,4,$362.12,3.21,$380.22,$262.49,44.85,$447.03
MCK,McKesson Corp.,0.076,2,$755.61,5.95,$909.92,$684.98,32.84,$996.84
VEEV,Veeva Systems Inc.,0.075,6,$177.47,1.93,$265.15,$148.05,79.09,$310.50
JCI,Johnson Controls Intl. plc,0.075,4,$146.11,4.27,$137.80,$103.53,33.10,$157.06
NSRGY,Nestle,0.075,1,,6.11,$95.33,$84.97,12.19,$107.17
AN,AutoNation Inc.,0.075,1,,6.17,$206.79,$176.62,17.08,$235.81
MSCI,MSCI Inc.,0.074,6,$560.04,3.24,$548.36,$495.54,10.66,$642.47
OLN,Olin Corp.,0.074,4,$19.82,4.83,$17.01,$16.73,1.67,$29.90
MDLZ,Mondelez International,0.074,4,$57.84,5.64,$62.27,$50.34,23.70,$66.65
NYT,New York Times CL A,0.074,3,$69.98,4.55,$70.09,$53.65,30.64,$86.83
MTZ,MasTec Inc.,0.074,2,$416.06,3.42,$229.18,$182.34,25.69,$441.43
ACI,Albertsons Co Inc.,0.074,1,,6.09,$12.72,$10.86,17.13,$19.18
DAL,Delta Air Lines Inc.,0.073,5,$93.66,2.16,$80.27,$54.60,47.01,$95.44
SBUX,Starbucks Corp.,0.073,5,$102.19,3.13,$99.21,$76.05,30.45,$109.88
FTV,Fortive Corp.,0.073,4,$61.09,3.47,$55.21,$47.10,17.22,$64.48
BRZE,Braze Inc A,0.073,2,$21.69,5.99,$25.29,$15.26,65.73,$37.33
VAL,Valaris plc,0.073,1,,5.99,$81.39,$46.70,74.28,$114.12
Z,Zillow Group Inc.,0.072,1,,5.89,$33.17,$29.23,13.48,$93.88
ENTG,Entegris Inc.,0.071,6,$179.86,2.70,$130.81,$67.81,92.91,$186.78
WCC,WESCO International Inc.,0.071,5,$345.38,4.23,$338.99,$202.09,67.74,$384.81
RYAAY,Ryanair Holdings PLC,0.071,3,$64.75,5.59,$53.40,$52.40,1.91,$73.75
HOG,Harley-Davidson,0.071,2,$24.46,5.79,$27.70,$16.96,63.33,$30.44
SPUU,Dir Dai S&P 500 Bu 2x ETF Us,0.071,1,,5.81,$221.74,$154.62,43.41,$232.39
PLGO,Pelagos Insurance Capital,0.071,1,,5.84,$25.12,$16.58,51.51,$26.34
FNF,Fidelity National Financial Inc.,0.070,3,$47.16,3.54,$44.23,$42.32,4.51,$57.15
FIVE,Five Below Inc.,0.070,2,$179.79,3.62,$251.27,$137.77,82.38,$263.88
XYZ,Block Inc.,0.070,2,$76.00,4.26,$79.19,$48.21,64.26,$86.92
OGN,Organon & Co.,0.070,1,,5.72,$13.65,$5.67,140.74,$13.79
NVST,Envista Holdings Corp.,0.069,5,$26.35,2.87,$25.85,$18.77,37.72,$30.42
MCHP,Microchip Technology,0.069,4,$91.20,5.37,$72.03,$47.28,52.35,$104.75
ODFL,Old Dominion Freight Line,0.069,3,$216.60,4.93,$181.78,$125.23,45.16,$251.64
DELL,Dell Technologies Inc.,0.069,3,$431.46,5.68,$538.82,$109.70,391.18,$567.75
MSA,MSA Safety Inc.,0.069,3,$174.58,4.68,$181.41,$149.32,21.49,$207.14
UAN,CVR Partners LP,0.069,1,,5.62,$131.99,$76.17,73.28,$136.82
NOV,Nov Inc.,0.068,4,$18.55,1.98,$20.42,$12.01,70.02,$21.84
WAB,WABTEC Corp.,0.068,3,$269.60,4.93,$279.60,$183.40,52.45,$306.32
MRP,Millrose Properties,0.068,2,$30.05,3.95,$29.69,$25.60,15.98,$32.17
BLMN,Bloomin Brands Inc.,0.068,1,,5.59,$8.84,$5.19,70.33,$12.63
GLD,SPDR Gold Trust,0.067,6,$1293.45,2.35,$394.35,$333.81,18.14,$509.70
CCC,CCC Intelligent Solutions Hldgs Inc.,0.067,2,$5.16,3.02,$6.75,$4.08,65.44,$9.90
UBS,UBS AG,0.066,4,$44.91,2.66,$52.90,$35.38,49.52,$55.99
LYB,LyondellBasell Industries,0.065,3,$52.65,2.87,$62.67,$39.12,60.20,$82.22
MBI,MBIA Inc.,0.065,2,$6.52,4.34,$4.63,$4.53,2.21,$8.17
CRGY,Crescent Energy Inc A,0.065,2,$9.82,4.86,$14.59,$7.46,95.58,$14.98
OZK,Bank OZK,0.065,2,$52.09,3.22,$49.32,$41.16,19.83,$53.18
RGLD,Royal Gold Inc.,0.065,2,$199.61,5.09,$248.56,$167.81,48.12,$304.97
CLF,Cleveland-Cliffs Inc.,0.065,2,$9.39,5.30,$11.65,$7.73,50.71,$16.70
PHYS,Sprott Physical Gold Trust,0.065,2,$30.17,5.29,$32.45,$27.85,16.52,$42.07
PRI,Primerica Inc.,0.065,1,,5.36,$294.01,$227.14,29.44,$325.96
TTMI,TTM Technologies Inc.,0.064,4,$187.02,3.13,$116.24,$46.01,152.64,$223.83
NSC,Norfolk Southern Corp.,0.064,4,$314.59,4.13,$320.64,$269.02,19.19,$357.18
FANG,Diamondback Energy Inc.,0.064,2,$175.78,3.02,$204.89,$131.14,56.24,$216.90
SGU,Star Gas Partners LP,0.064,1,,5.26,$12.75,$10.70,19.16,$13.33
CTRI,Centuri Holdings Inc,0.064,1,,5.25,$19.67,$19.04,3.31,$42.99
TRUP,Trupanion Inc.,0.064,1,,5.28,$26.15,$21.16,23.58,$46.98
SAP,SAP SE,0.063,7,$154.11,2.96,$217.76,$144.97,50.21,$276.56
BIO,Bio-Rad Laboratories Inc.,0.063,3,$293.61,2.39,$369.21,$236.73,55.96,$396.23
NXPI,NXP Semiconductors NV,0.063,3,$281.03,2.48,$226.31,$180.63,25.29,$338.80
UA,Under Armour CL C,0.063,1,,5.18,$4.98,$3.95,26.08,$7.91
BF.B,Brown-Forman Corp.,0.062,5,$26.65,3.33,$26.24,$22.23,18.04,$30.85
LPLA,LPL Financial Holdings Inc.,0.062,4,$281.68,2.10,$342.78,$259.94,31.87,$399.03
PLD,Prologis Inc.,0.062,3,$135.47,2.70,$135.54,$108.51,24.91,$153.35
TLN,Talen Energy Corp,0.062,3,$384.26,3.37,$288.40,$288.40,0.00,$451.28
LNC,Lincoln National,0.062,2,$35.35,5.04,$43.73,$31.40,39.27,$47.67
VGNT,Versigent Plc,0.062,2,$42.01,2.64,$45.91,$26.27,74.76,$50.75
MIR,Mirion Technologies Inc,0.062,2,$17.93,4.24,$15.64,$14.11,10.84,$30.28
AAL,American Airlines Group Inc.,0.062,2,$18.07,3.31,$13.21,$10.09,30.92,$18.79
GPGI,GPGI Inc.,0.062,1,,5.09,$12.90,$11.22,14.97,$26.77
QUAD,Quad/Graphics Inc.,0.062,1,,5.06,$10.23,$4.93,107.51,$11.03
PTLO,Portillo's Inc Cl A,0.062,1,,5.05,$4.06,$3.78,7.41,$6.83
XPO,XPO Logistics,0.060,4,$205.29,4.84,$180.09,$121.48,48.25,$232.05
LKQ,LKQ Corp.,0.060,4,$26.33,2.86,$23.89,$20.92,14.20,$35.92
MHK,Mohawk Industries,0.060,3,$121.33,2.37,$129.31,$92.99,39.06,$140.30
MET,MetLife Inc.,0.060,2,$84.61,2.76,$97.43,$66.41,46.71,$100.93
VZ,Verizon Communications,0.059,7,$42.34,1.76,$51.37,$36.55,40.55,$51.38
MS,Morgan Stanley,0.059,5,$209.04,3.54,$206.89,$148.47,39.35,$230.98
NEE,NextEra Energy Inc.,0.059,4,$87.77,3.10,$81.95,$67.43,21.53,$97.30
LEA,Lear Corp.,0.059,3,$134.06,2.61,$128.69,$93.67,37.39,$149.08
AME,Ametek Inc.,0.059,2,$241.94,4.87,$234.89,$178.41,31.66,$261.16
DJCO,Daily Journal Corp.,0.059,1,,4.80,$671.55,$348.63,92.63,$675.43
GS,Goldman Sachs Group,0.058,5,$1011.37,2.77,$987.49,$725.74,36.07,$1148.37
OKE,ONEOK Inc.,0.058,2,$86.94,3.08,$96.18,$61.67,55.96,$99.85
BRCC,BRC Inc.,0.058,1,,4.79,$9.00,$6.00,50.00,$18.55
MP,MP Materials Corp.,0.058,1,,4.74,$50.90,$37.81,34.62,$100.25
MNDY,monday.com Ltd.,0.058,1,,4.77,$95.61,$57.50,66.28,$220.80
LFUS,Littelfuse Inc.,0.057,7,$455.33,2.52,$398.12,$231.54,71.94,$499.60
ARW,Arrow Electronics,0.057,4,$213.41,4.35,$213.43,$101.79,109.68,$237.33
AVT,Avnet Inc.,0.057,3,$88.82,3.87,$93.33,$43.35,115.29,$99.92
CHD,Church & Dwight,0.057,2,$96.88,4.58,$95.13,$80.29,18.48,$105.37
CNR,Core Natural Resources Inc.,0.057,1,,4.67,$96.77,$71.56,35.23,$114.56
ALAB,Astera Labs Inc,0.057,1,,4.65,$260.49,$97.89,166.10,$499.48
PNC,PNC Financial Services,0.056,5,$246.22,3.78,$242.59,$172.82,40.37,$258.96
BHF,Brighthouse Financial Inc.,0.056,1,,4.60,$50.02,$44.51,12.38,$66.80
GLW,Corning Inc.,0.055,4,$255.43,4.26,$144.31,$75.11,92.13,$271.27
OC,Owens Corning,0.055,3,$158.94,2.86,$129.84,$95.63,35.77,$159.88
YUMC,Yum China Holdings Inc.,0.055,3,$40.87,4.25,$42.79,$39.90,7.24,$57.33
SEG,Seaport Entertainment Group,0.055,2,$26.60,3.86,$25.32,$17.74,42.73,$29.61
BGC,BGC Group Inc.,0.055,1,,4.48,$12.35,$8.20,50.61,$12.86
CNDT,Conduent Inc.,0.055,1,,4.48,$1.59,$1.15,38.26,$2.98
B,Barrick Mining Corp.,0.054,5,$36.73,3.12,$42.55,$27.80,53.06,$53.80
BX,Blackstone Group,0.054,4,$117.67,3.30,$128.15,$99.78,28.43,$182.67
AMRZ,Amrize Ltd,0.054,3,$53.30,2.13,$39.73,$39.61,0.30,$65.13
KGC,Kinross Gold Corp.,0.054,3,$23.62,4.14,$28.18,$21.82,29.15,$38.96
TER,Teradyne Inc.,0.054,2,$483.84,4.42,$335.47,$109.35,206.79,$487.72
LLYVK,Liberty Media Corp. Series C Live,0.054,2,$105.64,4.07,$99.66,$78.68,26.66,$109.75
FAST,Fastenal,0.054,2,$48.03,2.72,$49.63,$38.34,29.45,$52.92
NMIH,NMI Holdings,0.054,2,$41.09,4.39,$44.32,$34.84,27.21,$46.74
MAVF,Matrix Advisors Value ETF,0.054,1,,4.41,$137.63,$113.25,21.53,$142.84
TJX,TJX Companies Inc.,0.053,3,$151.50,2.52,$126.16,$124.87,1.03,$169.47
TMHC-OLD,Taylor Morrison Home Corp.,0.053,3,$71.74,3.30,$72.46,$54.15,33.81,$72.50
TDAY,Gannett Co.,0.053,2,$8.55,2.83,$6.56,$3.42,91.81,$9.21
SYY,Sysco Corp.,0.052,5,$83.44,1.81,$83.90,$67.23,24.80,$90.56
OMC,Omnicom Group,0.052,4,$72.83,2.53,$80.56,$64.98,23.98,$89.57
MPLX,MPLX LP,0.052,2,$56.33,3.90,$58.91,$44.22,33.22,$60.39
MSGE,Madison Square Garden Entertainment Corp.,0.052,1,,4.28,$80.49,$41.65,93.25,$90.41
VNOM,Viper Energy Inc.,0.052,1,,4.25,$44.70,$33.67,32.76,$49.62
MCD,McDonald's Corp.,0.051,7,$270.31,2.18,$257.83,$252.15,2.25,$335.18
RMNI,Rimini Street Inc.,0.051,2,$4.26,4.15,$4.69,$2.87,63.41,$5.68
OSW,OneSpaWorld Holdings Ltd,0.051,1,,4.19,$22.07,$18.94,16.53,$29.19
DEO,Diageo ADR,0.050,8,$80.38,1.60,$88.66,$71.73,23.60,$101.71
NKE,NIKE Inc.,0.050,7,$41.05,2.32,$37.13,$36.55,1.59,$74.51
ABBV,AbbVie Inc.,0.050,7,$251.64,3.09,$261.87,$189.40,38.26,$267.47
REZI,Resideo Technologies Inc.,0.050,5,$31.10,1.90,$19.47,$18.50,5.24,$32.01
PPG,PPG Industries,0.050,3,$121.29,2.78,$105.94,$91.35,15.97,$130.99
KDP,Keurig Dr Pepper Inc.,0.050,2,$32.73,4.04,$31.59,$24.43,29.31,$33.82
CRL,Charles River Labs,0.050,2,$226.79,3.41,$269.29,$144.26,86.67,$303.31
FTNT,Fortinet Inc.,0.050,1,,4.09,$169.56,$73.55,130.54,$173.89
NTRA,Natera Inc.,0.049,4,$271.45,3.32,$338.99,$157.43,115.33,$343.18
CRBG,Corebridge Financial Inc.,0.049,3,$28.63,2.84,$34.77,$21.90,58.77,$35.00
LBTYA,Liberty Global Ltd CL A,0.049,3,$11.37,2.57,$10.65,$9.43,12.94,$13.52
IEX,IDEX Corp.,0.049,2,$226.95,3.97,$222.59,$155.87,42.80,$243.80
CHTR,Charter Communications,0.048,6,$142.21,1.95,$145.45,$111.55,30.39,$285.82
FN,Fabrinet,0.047,4,$562.08,3.30,$387.88,$348.01,11.46,$748.89
LUV,Southwest Airlines,0.047,2,$51.42,3.87,$39.79,$28.75,38.40,$54.38
SEB,Seaboard Corp.,0.047,2,$4464.28,3.80,$4279.74,$3133.55,36.58,$5983.34
LUMN,Lumen Technologies Inc.,0.047,1,,3.87,$7.05,$5.45,29.36,$11.95
MAIR,Madison Air Solutions Corp A,0.047,1,,3.87,$23.93,$23.53,1.70,$44.50
WDAY,Workday Inc.,0.046,4,$122.42,1.78,$193.21,$110.36,75.07,$249.85
CNC,Centene Corp.,0.046,3,$64.19,2.71,$69.48,$31.63,119.66,$69.48
WULF,Terawulf Inc,0.046,2,$24.70,3.65,$15.61,$10.04,55.48,$29.84
DKS,Dick's Sporting Goods Inc.,0.046,2,$226.81,3.02,$131.26,$119.27,10.05,$242.09
CNA,CNA Financial Corp.,0.046,1,,3.77,$47.97,$40.34,18.91,$55.19
CG,Carlyle Group,0.045,4,$42.11,1.91,$41.68,$39.32,6.00,$67.95
FLEX,Flex Ltd.,0.045,3,$162.07,3.66,$110.23,$53.07,107.71,$166.86
SDHC,Smith Douglas Homes Corp,0.045,3,$15.54,3.67,$10.81,$10.01,7.99,$23.49
NVT,nVent Electric plc,0.045,3,$169.61,3.19,$148.08,$92.78,59.60,$184.40
NVR,NVR Inc.,0.045,3,$6813.41,3.03,$6316.32,$5501.01,14.82,$8544.39
STLA,Stellantis N.V.,0.045,2,$5.74,3.69,$5.27,$5.05,4.36,$12.22
TWLO,Twilio Inc.,0.045,2,$206.33,3.70,$231.92,$98.44,135.60,$258.35
DD,DuPont de Nemours Inc.,0.045,2,$135.65,3.71,$124.74,$86.86,43.61,$156.04
NRP,Natural Resource Partners,0.045,1,,3.69,$109.07,$94.82,15.03,$126.18
HSY,Hershey Co.,0.044,5,$175.44,2.08,$174.20,$156.70,11.17,$235.80
COHR,Coherent Corp.,0.044,4,$394.47,3.50,$271.16,$100.63,169.46,$440.00
ILMN,Illumina Inc.,0.044,2,$175.83,2.02,$207.88,$88.00,136.23,$231.81
USFD,US Foods Holding Corp.,0.044,2,$102.25,3.07,$96.07,$69.88,37.48,$111.42
SSNC,SS&C Technologies Holdings Inc.,0.044,2,$62.05,2.01,$80.94,$61.18,32.30,$88.93
ERFSF,Eurofins Scientific SE,0.044,1,,3.60,$82.98,$64.33,28.99,$87.51
PGEN,Precigen Inc.,0.044,1,,3.61,$6.88,$2.99,130.10,$7.72
PSX,Phillips 66,0.043,6,$169.05,2.96,$256.15,$123.09,108.10,$265.43
LBRDK-OLD,Liberty Broadband Corp. CL C,0.043,4,$33.26,1.94,$35.99,$26.25,37.10,$65.73
CORZ,Core Scientific Inc,0.043,3,$25.59,3.38,$17.05,$13.36,27.62,$30.46
AERO,Grupo Aeromexico Sab De Cv,0.043,2,$18.00,1.89,$15.41,$12.26,25.69,$23.05
BFH,Bread Financial Holdings Inc.,0.043,2,$108.35,3.40,$109.27,$53.23,105.28,$114.28
AFRM,Affirm Holdings Inc.,0.043,2,$81.55,3.51,$73.12,$42.10,73.68,$92.56
SA,Seabridge Gold Inc.,0.043,1,,3.52,$29.73,$18.51,60.62,$40.06
MSGS,Madison Square Garden Sports Corp.,0.042,4,$401.84,2.64,$397.13,$207.90,91.02,$438.93
ROIV,Roivant Sciences Ltd,0.042,4,$35.39,1.95,$40.56,$13.81,193.70,$42.50
CHYM,Chime Financial Inc Cl A,0.042,3,$20.48,2.78,$33.91,$15.88,113.54,$35.55
TAP,Molson Coors Beverage Co.,0.042,3,$38.94,2.94,$38.99,$37.60,3.70,$53.00
AMG,Affiliated Managers Group,0.042,3,$338.40,3.37,$349.17,$230.07,51.77,$392.91
FOX,Fox Corporation CL B,0.042,2,$46.84,3.27,$60.83,$43.86,38.69,$67.48
NRG,NRG Energy Inc.,0.042,1,,3.44,$108.15,$108.05,0.09,$188.71
ALV,Autoliv Inc.,0.041,2,$116.17,3.37,$118.69,$97.72,21.46,$131.23
INCY,Incyte Corp.,0.041,2,$113.36,2.64,$122.48,$81.09,51.04,$132.60
GFL,Gfl Environmental Inc Sub Vt,0.041,1,,3.39,$42.77,$33.32,28.36,$48.07
CPT,Camden Property Trust,0.040,3,$114.49,1.76,$103.58,$94.30,9.84,$119.81
UAL,United Airlines Holdings Inc.,0.040,2,$135.99,3.31,$109.68,$84.64,29.58,$138.77
WSC,WillScot Mobile Mini Hldgs Corp.,0.040,2,$28.86,3.28,$18.54,$14.72,25.95,$29.66
SSD,Simpson Manufacturing,0.040,2,$209.35,3.09,$172.02,$155.55,10.59,$213.18
PENN,Penn National Gaming Inc.,0.040,2,$21.36,3.20,$17.92,$11.65,53.82,$22.36
STZ,Constellation Brands,0.039,4,$139.09,1.58,$125.35,$120.25,4.24,$166.17
RS,Reliance Steel & Aluminum,0.039,2,$373.60,3.23,$384.63,$256.46,49.98,$432.62
CE,Celanese Corp.,0.039,2,$46.00,2.82,$45.00,$35.07,28.31,$70.65
IDT,IDT Corp. CL B,0.039,1,,3.23,$70.37,$45.54,54.52,$71.17
SWKS,Skyworks Solutions Inc.,0.039,1,,3.18,$80.46,$51.48,56.29,$92.30
STT,State Street Corp.,0.038,5,$169.60,1.93,$188.30,$102.75,83.26,$195.93
NVO,Novo Nordisk A S,0.038,4,$47.94,1.05,$43.48,$34.20,27.13,$61.21
EW,Edwards Lifesciences Corp.,0.038,2,$90.46,3.09,$85.90,$72.30,18.81,$96.29
IBP,Installed Building Products,0.038,2,$229.84,3.07,$201.40,$192.75,4.49,$345.54
PCG,PG&E Corp.,0.038,2,$16.82,2.85,$13.72,$12.59,8.98,$19.04
STRL,Sterling Construction Co. Inc.,0.038,1,,3.13,$474.09,$281.58,68.37,$1005.68
FPH,Five Point Holdings LLC,0.038,1,,3.11,$5.03,$4.60,9.35,$6.64
LMT,Lockheed Martin Corp.,0.037,5,$509.46,1.38,$530.49,$429.47,23.52,$683.27
AEP,American Electric Power,0.037,3,$136.81,1.72,$122.55,$102.52,19.54,$139.52
LH,Labcorp Holdings Inc.,0.037,3,$280.00,1.92,$315.24,$242.07,30.23,$341.06
FNV,Franco Nevada Corp.,0.037,2,$208.45,1.81,$262.29,$180.18,45.57,$284.12
FMX,Fomento Economico Mexicano,0.037,2,$127.90,2.74,$121.68,$83.34,46.00,$141.47
ALGN,Align Technology Inc.,0.037,1,,3.07,$153.61,$122.00,25.91,$200.44
RBLX,Roblox Corp.,0.037,1,,3.04,$50.63,$33.88,49.44,$142.00
MICC,Magnum Ice Cream Co NV,0.036,7,$16.98,0.91,$19.95,$12.94,54.17,$20.69
ONON,On Holding AG,0.036,4,$35.42,2.88,$27.39,$26.60,2.97,$51.08
CARR,Carrier Global Corp.,0.036,4,$73.35,1.74,$57.35,$49.67,15.46,$76.49
SNOW,Snowflake Inc.,0.036,3,$254.50,2.25,$331.68,$118.30,180.37,$384.56
YUM,Yum! Brands Inc.,0.036,3,$159.86,2.01,$146.34,$134.71,8.63,$169.29
EL,Estee Lauder Cos.,0.036,3,$78.94,2.87,$98.64,$65.74,50.05,$120.38
SPHR,Sphere Entertainment Co.,0.036,2,$173.03,2.87,$147.37,$55.87,163.77,$181.63
AWI,Armstrong World Industries Inc.,0.036,2,$160.42,1.50,$160.75,$150.00,7.17,$204.82
TPG,Tpg Inc,0.036,1,,2.92,$47.53,$36.07,31.77,$67.83
CPAY,Corpay Inc.,0.036,1,,2.99,$411.58,$252.84,62.78,$427.46
WMT,Walmart Inc.,0.035,6,$113.26,2.76,$109.58,$98.06,11.75,$134.83
BF.A,Brown-Forman Corp. CL A,0.035,3,$27.36,2.22,$26.64,$22.63,17.72,$30.62
TW,Tradeweb Markets Inc.,0.035,3,$99.66,1.63,$104.24,$91.30,14.17,$127.35
EMBJ,Embraer SA,0.035,3,$63.80,2.09,$74.79,$53.37,40.13,$80.46
BRO,Brown & Brown Inc.,0.035,3,$64.15,1.62,$68.13,$53.69,26.90,$95.63
TRGP,Targa Resources Corp.,0.035,2,$268.14,2.83,$287.08,$141.11,103.44,$307.94
RGEN,Repligen Corp.,0.035,2,$136.44,2.44,$166.90,$100.99,65.26,$188.73
CDNS,Cadence Design Systems,0.035,2,$375.32,2.81,$280.02,$262.75,6.57,$416.69
UNF,UniFirst Corp.,0.035,2,$264.46,2.03,$270.54,$146.76,84.34,$306.26
ULS,Ul Solutions Inc Class A,0.035,1,,2.91,$69.91,$65.74,6.34,$107.17
PRVA,Privia Health Group Inc.,0.035,1,,2.91,$20.85,$19.53,6.76,$28.82
VOO,Vanguard S&P 500 ETF,0.034,6,$686.82,1.77,$700.24,$576.78,21.41,$716.39
TCOM,Trip.com Group Ltd,0.034,3,$39.84,1.50,$39.12,$38.04,2.84,$78.99
CPB,Campbell's Co.,0.034,3,$22.27,2.60,$21.37,$19.23,11.13,$32.13
BR,Broadridge Financial Solutions,0.034,2,$136.95,1.49,$173.95,$133.01,30.78,$250.02
WSO,Watsco Inc.,0.034,2,$416.73,1.90,$311.84,$295.75,5.44,$455.09
IMO,Imperial Oil Ltd.,0.034,2,$112.17,2.51,$131.89,$82.02,60.80,$138.09
CBRS,Cerebras Systems Inc A,0.034,1,,2.76,$181.83,$160.81,13.07,$386.34
CMPR,Cimpress plc,0.034,1,,2.77,$84.20,$56.34,49.45,$106.58
MIDD,Middleby Corp.,0.034,1,,2.82,$109.29,$88.87,22.98,$148.55
EFA,iShares MSCI EAFE ETF,0.033,5,$103.87,2.39,$106.10,$88.19,20.31,$108.89
WY,Weyerhaeuser Co.,0.033,4,$23.94,2.02,$22.30,$20.41,9.26,$27.03
LOW,Lowe's Cos.,0.033,3,$220.49,1.43,$199.35,$195.06,2.20,$289.87
CTO,CTO Realty Growth Inc.,0.033,1,,2.74,$20.78,$13.94,49.07,$22.31
GPK,Graphic Packaging Hldg Co.,0.033,1,,2.69,$9.62,$8.69,10.70,$20.53
ATS,Ats Corp,0.033,1,,2.67,$19.47,$18.41,5.76,$35.82
FER,Ferrovial Se,0.033,1,,2.72,$54.63,$54.19,0.81,$74.07
KNSL,Kinsale Capital Group Inc.,0.033,1,,2.67,$362.25,$287.01,26.22,$483.75
VRSK,Verisk Analytics Inc.,0.032,5,$179.53,1.65,$186.91,$155.52,20.18,$264.67
HCA,HCA Healthcare Inc.,0.032,5,$389.89,2.12,$424.40,$353.99,19.89,$554.58
BSX,Boston Scientific,0.032,5,$42.68,2.29,$45.02,$42.20,6.68,$105.65
CSX,CSX Corp.,0.032,3,$47.53,2.15,$48.78,$31.77,53.54,$53.45
CASY,Casey's Gen'l Stores,0.032,3,$794.80,1.98,$621.94,$496.20,25.34,$927.15
WMB,Williams Cos.,0.032,3,$74.34,2.57,$71.99,$54.53,32.02,$78.91
VRTX,Vertex Pharmaceuticals,0.032,2,$496.73,1.51,$519.16,$374.17,38.75,$560.25
WPM,Wheaton Precious Metals Corp.,0.032,2,$112.32,2.63,$149.86,$92.01,62.87,$165.03
CLH,Clean Harbors Inc.,0.032,2,$298.75,2.59,$323.37,$201.34,60.61,$335.94
RDDT,Reddit Inc Cl A,0.032,2,$173.58,1.83,$163.87,$119.27,37.39,$282.95
LII,Lennox International,0.032,1,,2.60,$366.95,$357.60,2.61,$587.27
GGG,Graco Inc.,0.032,1,,2.63,$76.74,$72.23,6.24,$94.99
ITUB,ita Unibanco Holding S.A.,0.032,1,,2.59,$8.22,$6.06,35.64,$9.46
MTN,Vail Resorts Inc.,0.031,4,$136.15,2.23,$138.52,$116.69,18.71,$160.49
LEN.B,Lennar Corp. CL B,0.031,4,$88.71,2.12,$78.78,$75.19,4.77,$131.33
MAS,Masco Corp.,0.031,3,$81.37,1.33,$69.61,$57.51,21.04,$83.27
TME,Tencent Music Entertainment Grp,0.031,3,$8.35,1.49,$8.14,$7.77,4.76,$26.00
BAP,Credicorp Ltd.,0.031,3,$389.58,1.08,$375.05,$230.45,62.75,$413.25
A,Agilent Technologies,0.031,2,$132.83,2.53,$146.20,$108.14,35.20,$163.75
TTWO,Take-Two Interactive Software,0.031,2,$249.98,1.89,$221.56,$187.63,18.08,$265.94
JBS,Jbs Nv A,0.031,2,$11.85,2.54,$12.55,$11.45,9.61,$17.27
FIS,Fidelity National Information Services,0.031,2,$38.88,1.56,$38.31,$36.99,3.57,$66.59
RLI,RLI Corp.,0.031,2,$59.07,1.48,$61.15,$45.14,35.47,$66.81
WHK,Whitehawk Minerals Corp Cl A,0.031,1,,2.56,$28.40,$25.24,12.52,$28.94
JELD,JELD-WEN Holding Inc.,0.031,1,,2.53,$2.03,$0.93,118.28,$6.59
WFRD,Weatherford International plc,0.031,1,,2.51,$83.85,$60.12,39.47,$112.79
RMD,ResMed Inc.,0.031,1,,2.54,$223.01,$179.75,24.07,$281.89
IBM,International Business Machines,0.030,5,$281.21,2.36,$249.20,$197.77,26.00,$330.09
CL,Colgate-Palmolive,0.030,5,$91.68,1.24,$88.54,$73.21,20.94,$98.15
PAYX,Paychex Inc.,0.030,2,$98.33,2.35,$118.28,$83.50,41.65,$130.23
TRIP,TripAdvisor Inc.,0.030,2,$13.71,1.62,$9.07,$8.41,7.85,$20.16
BE,Bloom Energy Corp.,0.030,2,$302.69,2.36,$258.95,$61.37,321.95,$351.28
FOUR,Shift4 Payments Inc. CL A,0.030,2,$48.64,2.09,$45.18,$34.56,30.73,$88.51
SDRL,Seadrill Ltd,0.030,2,$37.82,2.45,$46.40,$28.10,65.12,$55.47
NWSA,News Corp.,0.030,2,$24.83,2.32,$30.58,$22.03,38.81,$31.55
TTC,Toro Co.,0.030,2,$97.42,2.39,$93.92,$66.72,40.77,$104.28
ZBRA,Zebra Technologies Corp.,0.030,2,$263.26,2.42,$353.97,$199.05,77.83,$386.23
PEG,Public Serv. Enterprise Inc.,0.030,2,$81.16,2.42,$71.07,$70.86,0.30,$85.40
LAZ,Lazard Inc.,0.030,2,$41.94,2.41,$39.53,$37.82,4.52,$57.45
CHRW,C.H. Robinson Worldwide,0.030,2,$188.34,1.33,$156.90,$121.78,28.84,$209.43
NXT,Nextracker Inc Cl A,0.030,1,,2.49,$82.80,$65.75,25.93,$163.13
ESRT,Empire State Realty Trust Inc.,0.030,1,,2.45,$4.29,$4.13,3.87,$7.90
OCSL,Oaktree Specialty Lending Corp,0.030,1,,2.49,$12.70,$10.33,22.94,$13.33
CSL,Carlisle Companies,0.029,4,$362.75,1.62,$329.94,$290.64,13.52,$428.80
DPC,Dpc Holdings Plc,0.029,4,$49.06,2.27,$40.09,$37.65,6.48,$57.25
BMRN,BioMarin Pharmaceutical Inc.,0.029,3,$57.22,1.24,$66.23,$49.26,34.45,$70.98
SUI,Sun Communities Inc.,0.029,3,$119.91,1.75,$118.33,$113.80,3.98,$135.36
CPRI,Capri Holdings Ltd,0.029,2,$18.57,2.29,$14.02,$12.40,13.06,$28.27
PTEN,Patterson-UTI Energy Inc.,0.029,1,,2.41,$12.35,$4.89,152.56,$13.39
VSEC,VSE Corp.,0.028,3,$228.50,2.18,$187.38,$154.36,21.39,$247.85
WST,West Pharmaceutical Services,0.028,2,$358.99,1.85,$355.55,$223.52,59.07,$385.75
PBH,Prestige Consumer Healthcare,0.028,2,$47.27,2.29,$47.21,$42.62,10.77,$71.07
AMLP,Alerian MLP ETF,0.028,1,,2.26,$55.50,$41.24,34.58,$56.43
MNST,Monster Beverage Corp.,0.028,1,,2.28,$44.21,$31.51,40.30,$50.17
FDXF,FedEx Freight Holding Co.,0.027,5,$151.00,1.02,$129.88,$122.44,6.08,$200.00
VEA,Vanguard FTSE Developed ETF,0.027,5,$71.25,1.63,$71.93,$57.44,25.23,$74.04
BLCO,Bausch + Lomb Corp,0.027,3,$16.56,1.51,$17.54,$13.77,27.38,$18.92
DINO,HF Sinclair Corp.,0.027,3,$69.65,1.99,$106.55,$44.66,138.58,$112.17
NESR,National Energy Services Reunited Corp.,0.027,3,$29.93,2.18,$32.65,$9.92,229.13,$36.94
GLIBK,GCI Liberty Inc. Series C,0.027,2,$21.56,2.18,$25.88,$19.30,34.09,$41.18
EXP,Eagle Materials Inc.,0.027,2,$225.00,2.21,$183.97,$171.79,7.09,$245.53
COIN,Coinbase Global Inc.,0.027,1,,2.24,$190.61,$139.11,37.02,$402.16
HLF,Herbalife Nutrition Ltd.,0.027,1,,2.25,$12.13,$7.56,60.45,$20.40
BOKF,BOK Financial Corp.,0.027,1,,2.25,$136.53,$100.84,35.39,$146.20
FAF,First Amer'n Corp.,0.027,1,,2.21,$72.69,$55.74,30.41,$79.87
CVSA,Covista Inc.,0.027,1,,2.20,$125.08,$86.97,43.82,$156.26
KSPI,Jsc Kaspi.kz ADR,0.026,7,$86.62,0.96,$100.40,$64.26,56.24,$107.58
TFC,Truist Financial Corp.,0.026,4,$49.82,2.06,$50.25,$39.11,28.48,$54.51
ITRN,Ituran Location & Control Ltd.,0.026,3,$61.01,1.93,$51.51,$32.34,59.28,$67.77
FOSL,Fossil Inc.,0.026,2,$4.14,2.10,$4.98,$1.70,192.94,$6.25
GNTX,Gentex Corp.,0.026,2,$25.27,2.09,$22.47,$20.26,10.91,$28.80
CDW,CDW Corp.,0.026,2,$140.64,1.09,$151.67,$96.09,57.84,$165.82
DOX,Amdocs Ltd.,0.026,2,$50.54,2.07,$63.10,$49.24,28.15,$83.39
BBIO,BridgeBio Pharma Inc.,0.026,2,$74.48,2.11,$72.37,$48.78,48.36,$93.42
AIG,American International Group,0.026,2,$74.53,2.02,$76.14,$70.36,8.21,$86.21
FLS,Flowserve Corp.,0.026,2,$74.16,2.10,$71.56,$48.28,48.22,$91.86
BKV,Bkv Corporation,0.026,1,,2.17,$23.88,$20.08,18.92,$32.81
DVA,DaVita HealthCare Partners,0.026,1,,2.15,$189.78,$101.00,87.90,$247.49
DHT,DHT Holdings Inc.,0.026,1,,2.13,$22.08,$9.43,134.15,$22.35
TECK,Teck Resources,0.026,1,,2.14,$66.06,$37.80,74.76,$72.56
VAC,Marriott Vacations Worldwide,0.026,1,,2.16,$102.42,$43.02,138.08,$131.34
NFG,National Fuel Gas,0.026,1,,2.15,$80.59,$74.64,7.97,$96.03
SPCX,Space Exploration Technologies Corp.,0.025,5,$170.86,0.67,$150.40,$104.83,43.47,$225.64
BUD,Anheuser-Busch InBev,0.025,4,$82.40,1.27,$80.03,$56.78,40.95,$86.60
VOYA,Voya Financial Inc.,0.025,3,$90.53,1.08,$102.95,$63.83,61.29,$105.64
KVUE,Kenvue Inc,0.025,3,$19.11,1.90,$18.08,$13.38,35.13,$19.91
VSNT,Versant Media Group Inc.,0.025,3,$36.01,1.77,$37.75,$26.61,41.86,$45.11
MAA,Mid-America Apt Communties,0.025,2,$138.94,2.00,$125.27,$117.48,6.63,$142.76
ATI,Allegheny Technologies Inc.,0.025,2,$197.10,1.39,$189.47,$75.02,152.56,$243.57
COTY,Coty Inc.,0.025,2,$2.16,2.00,$2.71,$1.82,48.90,$4.56
ISRG,Intuitive Surgical Inc.,0.025,2,$397.68,1.53,$376.78,$328.57,14.67,$603.88
SJM,J.M. Smucker Co,0.025,2,$112.50,2.02,$122.37,$86.47,41.52,$135.89
EOG,EOG Resources,0.025,2,$129.73,1.99,$148.08,$99.12,49.39,$153.67
INSM,Insmed Inc.,0.025,1,,2.07,$125.22,$90.39,38.53,$212.75
FBTC,Fidelity Wise Origin Bitcoin,0.025,1,,2.07,$68.89,$50.48,36.47,$110.25
KBR,KBR Inc.,0.025,1,,2.07,$36.78,$29.80,23.42,$51.56
SHEN,Shenandoah Telecommunications Co.,0.025,1,,2.06,$11.81,$9.67,22.13,$17.35
BIDU,Baidu Inc.,0.024,4,$114.29,1.98,$92.13,$89.60,2.82,$165.30
MTB,M&T Bank Corp.,0.024,3,$238.01,1.52,$237.52,$169.89,39.81,$254.31
WRBY,Warby Parker Inc.,0.024,3,$30.34,1.89,$25.66,$14.96,71.52,$31.00
AXTA,Axalta Coating Systems Ltd.,0.024,2,$34.22,1.18,$33.80,$24.94,35.53,$38.61
UHS,Universal Health Services Inc.,0.024,2,$148.69,1.12,$173.12,$139.92,23.73,$245.26
PR,Permian Resources Corp.,0.024,2,$18.41,1.97,$23.78,$11.60,105.00,$24.46
ANET,Arista Networks Inc.,0.024,2,$169.88,1.94,$189.19,$114.52,65.20,$214.89
ECPG,Encore Capital Group Inc.,0.024,1,,1.94,$99.76,$39.95,149.71,$104.98
COLD,Americold Realty Trust,0.024,1,,1.98,$14.87,$9.59,55.06,$16.88
JXN,Jackson Financial Inc.,0.024,1,,1.94,$137.81,$87.44,57.61,$140.90
FCX,Freeport-McMoran Inc.,0.024,1,,2.00,$69.43,$34.78,99.63,$80.24
SPB,Spectrum Brands Holdings Inc.,0.023,4,$85.75,1.23,$85.14,$48.72,74.75,$98.53
LAMR,Lamar Advertising Co.,0.023,3,$155.98,1.64,$148.96,$110.33,35.01,$166.33
CAG,Conagra Brands Inc.,0.023,3,$13.46,1.76,$14.86,$12.39,19.94,$19.59
ADPT,Adaptive Biotechnologies Corp.,0.023,2,$21.45,1.83,$24.69,$12.00,105.75,$26.87
BATRK,Atlanta Braves Holdings Inc. Series C,0.023,2,$51.90,1.64,$50.09,$37.76,32.65,$54.46
AGX,Argan Inc.,0.023,2,$798.55,1.80,$397.10,$226.71,75.16,$805.09
PANW,Palo Alto Networks,0.023,2,$341.02,1.88,$375.46,$139.57,169.01,$398.88
WEC,WEC Energy Group,0.023,1,,1.92,$104.93,$100.35,4.56,$118.87
SHC,Sotera Health Co,0.023,1,,1.88,$18.47,$13.09,41.10,$19.85
PDRDF,Pernod Ricard,0.023,1,,1.92,$68.42,$65.28,4.81,$104.93
SWK,Stanley Black & Decker Inc.,0.023,1,,1.92,$89.35,$59.35,50.55,$103.78
WTM,White Mountains Insurance,0.023,1,,1.85,$2055.18,$1647.25,24.76,$2333.00
BYD,Boyd Gaming Corp.,0.023,1,,1.92,$77.18,$74.80,3.18,$91.41
LNT,Alliant Energy,0.023,1,,1.86,$67.09,$61.37,9.32,$78.22
CHRD,Chord Energy,0.023,1,,1.87,$151.37,$80.76,87.43,$155.86
TRV,Travelers Companies Inc.,0.022,4,$330.13,0.71,$377.08,$248.46,51.77,$397.34
HSIC,Henry Schein Inc.,0.022,3,$83.52,1.54,$88.86,$61.95,43.44,$92.18
ABEV,Ambev S.A.,0.022,3,$3.14,1.81,$3.04,$2.08,46.15,$3.44
GILD,Gilead Sciences,0.022,3,$126.34,1.57,$145.79,$106.44,36.97,$155.38
IWF,iShares Russell 1000 Growth ETF,0.022,3,$124.17,1.08,$121.46,$102.14,18.92,$129.03
GHC,Graham Holdings Co.,0.022,2,$1141.45,1.74,$1161.86,$923.50,25.81,$1262.35
IR,Ingersoll Rand Inc.,0.022,2,$81.99,0.92,$72.49,$68.05,6.52,$100.89
ECHO,EchoStar Corp.,0.022,2,$101.50,1.73,$94.20,$65.76,43.25,$147.25
CTVA,Corteva Inc.,0.022,2,$84.69,1.84,$82.90,$59.97,38.24,$90.87
PRMB,Primo Brands Corp,0.022,2,$24.44,1.77,$21.15,$14.04,50.64,$26.08
KRC,Kilroy Realty Corp.,0.022,1,,1.83,$34.83,$26.89,29.53,$42.39
UMBF,UMB Financial Corp.,0.022,1,,1.79,$140.04,$101.90,37.43,$152.78
JD,JD.com Inc.,0.021,5,$25.48,1.17,$27.32,$23.66,15.47,$35.59
ROL,Rollins Inc.,0.021,4,$41.74,0.57,$35.11,$34.35,2.21,$65.40
NTRS,Northern Trust Corp.,0.021,3,$173.84,1.69,$181.06,$118.61,52.65,$194.86
TKR,Timken Co.,0.021,3,$145.31,1.72,$117.02,$69.62,68.08,$145.98
CMCO,Columbus McKinnon Corp.,0.021,2,$15.13,1.71,$16.49,$11.95,37.99,$24.13
WIX,Wix.com Ltd.,0.021,2,$44.27,0.90,$83.56,$40.16,108.07,$190.93
ROK,Rockwell Automation Inc.,0.021,2,$495.08,1.17,$419.61,$328.32,27.81,$495.83
PSKY,Paramount Skydance Corp.,0.021,2,$9.86,0.99,$10.90,$7.62,43.04,$20.57
INGR,Ingredion Inc.,0.021,1,,1.72,$98.69,$93.62,5.42,$123.71
LBTYK,Liberty Global Ltd CL C,0.021,1,,1.74,$10.45,$9.30,12.37,$13.12
VNT,Vontier Corp.,0.021,1,,1.70,$32.60,$27.21,19.81,$48.09
VRSN,Verisign Inc.,0.020,3,$251.56,0.76,$298.45,$206.93,44.23,$311.57
CMI,Cummins Inc.,0.020,3,$713.22,1.05,$542.43,$394.95,37.34,$735.02
XP,XP Inc.,0.020,2,$16.26,1.34,$19.48,$14.80,31.62,$22.83
SD,SandRidge Energy Inc.,0.020,2,$13.70,0.84,$14.51,$10.60,36.89,$17.78
ROG,Rogers Corp.,0.020,2,$163.73,1.61,$131.47,$75.14,74.97,$169.00
CLB,Core Laboratories Inc.,0.020,1,,1.63,$12.07,$9.78,23.42,$20.32
ACGL,Arch Capital Group Ltd.,0.020,1,,1.67,$97.63,$82.45,18.41,$107.09
TGT,Target Corp.,0.019,4,$130.61,1.21,$159.11,$81.20,95.95,$170.75
DEI,Douglas Emmett Inc.,0.019,3,$11.80,1.30,$10.57,$8.79,20.25,$15.79
HP,Helmerich & Payne,0.019,2,$32.75,1.46,$42.23,$19.75,113.82,$48.17
VYM,Vanguard High Dvd Yield ETF,0.019,2,$158.03,1.42,$161.80,$134.88,19.96,$167.61
LLYVA,Liberty Media Corp. Series A Live,0.019,2,$101.26,1.41,$96.29,$77.12,24.86,$106.06
ST,Sensata Technologies Holding,0.019,2,$47.74,1.27,$41.69,$27.92,49.32,$53.75
LILAK,Liberty LiLAC Group C,0.019,1,,1.56,$8.81,$4.76,85.08,$8.84
HAE,Haemonetics Corp.,0.019,1,,1.54,$106.80,$47.32,125.70,$109.57
DNOW,NOW Inc.,0.018,4,$12.97,0.67,$15.60,$10.94,42.60,$17.26
BNS,Bank of Nova Scotia,0.018,3,$86.81,1.18,$93.06,$60.51,53.79,$95.34
AR,Antero Resources,0.018,2,$35.14,1.42,$38.06,$29.10,30.79,$45.75
ADM,Archer-Daniels-Midland,0.018,2,$76.40,0.88,$86.28,$54.00,59.78,$88.75
VSAT,Viasat Inc.,0.018,2,$89.81,1.50,$72.34,$26.10,177.16,$93.03
SKY,Skyline Champion Corp.,0.018,2,$88.12,1.42,$84.30,$63.69,32.36,$99.17
AMH,American Homes 4 Rent,0.018,2,$33.52,1.40,$31.56,$26.95,17.11,$35.07
LHX,L3Harris Technologies Inc.,0.018,2,$290.59,1.49,$249.15,$244.76,1.79,$374.59
FG,F&G Annuities & Life Inc.,0.018,1,,1.44,$23.20,$20.16,15.08,$34.38
EQX,Equinox Gold Corp,0.018,1,,1.47,$11.93,$8.47,40.85,$18.88
CRWV,Coreweave Inc Cl A,0.018,1,,1.44,$83.87,$60.55,38.51,$153.20
SWX,Southwest Gas Holdings Inc.,0.018,1,,1.51,$86.62,$74.55,16.19,$93.81
PAYC,Paycom Software Inc.,0.017,3,$125.68,0.70,$221.58,$104.16,112.73,$244.98
FDS,FactSet Research Systems,0.017,3,$230.08,0.65,$275.95,$182.47,51.23,$364.45
BKD,Brookdale Senior Living Inc.,0.017,3,$16.09,1.27,$12.13,$7.29,66.39,$17.09
AMP,Ameriprise Financial Inc.,0.017,3,$458.73,0.90,$556.61,$419.52,32.68,$572.56
CTAS,Cintas Corp.,0.017,3,$170.08,1.38,$200.76,$160.31,25.23,$218.60
BXP,BXP Inc.,0.017,3,$66.31,1.04,$64.38,$48.54,32.63,$75.95
RRX,Regal Rexnord Corp.,0.017,2,$238.19,1.43,$154.73,$127.19,21.65,$247.80
ITIC,Investors Title Co.,0.017,2,$273.68,0.96,$302.95,$208.58,45.24,$309.07
MMYT,MakeMyTrip Ltd,0.017,2,$53.29,1.39,$50.72,$32.67,55.25,$103.24
NAMS,Newamsterdam Pharma Co Nv,0.017,2,$33.89,1.00,$22.65,$21.23,6.69,$42.21
PINS,Pinterest Inc.,0.017,2,$21.03,1.14,$19.51,$13.84,40.97,$37.05
MANE,Veradermics Inc,0.017,2,$122.94,0.88,$102.74,$32.00,221.06,$131.24
EXPE,Expedia Group Inc.,0.017,2,$255.88,1.43,$286.10,$184.28,55.25,$341.51
DGX,Quest Diagnostics,0.017,2,$212.00,1.42,$239.76,$168.97,41.90,$247.19
JBLU,JetBlue Airways Corp.,0.017,1,,1.43,$4.44,$3.87,14.73,$6.62
STUB,Stubhub Holdings Inc Class A,0.017,1,,1.39,$6.05,$5.74,5.40,$27.89
FSV,Firstservice Corp,0.017,1,,1.41,$135.26,$119.15,13.52,$207.17
MATW,Matthews Intl Corp. A,0.017,1,,1.37,$19.87,$19.60,1.38,$30.32
ALX,Alexander's Inc.,0.017,1,,1.42,$250.02,$190.65,31.14,$284.73
AKAM,Akamai Technologies Inc.,0.017,1,,1.40,$106.14,$70.82,49.87,$165.45
NTES,NetEase.com Inc.,0.016,3,$128.14,0.80,$118.15,$105.01,12.51,$155.78
POOL,Pool Corp.,0.016,2,$214.93,1.06,$172.50,$171.32,0.69,$327.90
FUL,H.B. Fuller Co.,0.016,2,$58.29,1.30,$51.35,$48.30,6.31,$68.05
GSHD,Goosehead Insurance Inc.,0.016,2,$48.50,0.87,$59.90,$33.68,77.85,$84.36
RGA,Reinsurance Group of America Inc.,0.016,2,$212.65,1.33,$249.20,$175.13,42.29,$257.81
PRM,Perimeter Solutions SA,0.016,2,$35.65,1.11,$31.27,$19.70,58.73,$38.17
SHAZ,Sharonai Holdings Inc,0.016,2,$84.66,0.65,$53.18,$1.90,2698.95,$178.00
NOC,Northrop Grumman Corp.,0.016,2,$509.32,1.24,$528.26,$476.85,10.78,$767.12
BAM,Brookfield Asset Management,0.016,2,$44.85,0.75,$46.31,$41.36,11.97,$60.19
UPBD,Upbound Group Inc.,0.016,1,,1.29,$18.30,$14.83,23.40,$25.85
OSG,Octave Specialty Group Inc.,0.016,1,,1.34,$4.97,$3.88,28.09,$10.38
ACIW,ACI Worldwide Inc.,0.016,1,,1.28,$52.53,$38.05,38.06,$61.08
SAM,Boston Beer Company,0.016,1,,1.35,$172.07,$158.68,8.44,$264.46
AZO,AutoZone Inc.,0.016,1,,1.34,$2964.63,$2865.13,3.47,$4363.29
NICE,Nice Ltd Spon ADR,0.016,1,,1.32,$106.36,$83.10,27.99,$153.68
NVS,Novartis AG,0.015,5,$156.73,0.84,$139.55,$118.00,18.26,$165.46
FITB,Fifth Third Bancorp,0.015,3,$56.37,0.65,$54.48,$39.08,39.41,$59.50
NTR,Nutrien Ltd.,0.015,2,$62.95,1.04,$77.01,$51.72,48.90,$83.98
WRB,W.R. Berkley Corp.,0.015,2,$70.53,1.21,$70.46,$62.31,13.08,$77.45
DLR,Digital Realty Trust Inc.,0.015,2,$179.58,1.18,$179.80,$144.28,24.62,$207.47
ARLP,Alliance Resource Partners LP,0.015,2,$23.98,1.06,$26.16,$20.42,28.11,$28.08
MKTX,MarketAxess Holdings Inc.,0.015,2,$113.50,1.25,$163.09,$108.23,50.69,$193.95
CALM,Cal-Maine Foods Inc.,0.015,2,$80.56,1.18,$75.43,$70.97,6.28,$108.42
CRK,Comstock Resources Inc.,0.015,1,,1.26,$14.42,$12.12,18.98,$28.10
MTH,Meritage Homes Corp.,0.015,1,,1.26,$65.00,$57.65,12.75,$85.38
PB,Prosperity Bancshares Inc.,0.015,1,,1.19,$71.68,$59.51,20.45,$75.87
OPCH,Option Care Health Inc.,0.015,1,,1.26,$23.88,$18.01,32.59,$36.80
YPF,YPF S.A.,0.015,1,,1.19,$55.92,$22.82,145.05,$57.49
CLW,Clearwater Paper Corp.,0.015,1,,1.26,$21.18,$11.73,80.56,$23.59
DOLE,Dole Food Company,0.015,1,,1.25,$13.26,$12.30,7.80,$16.38
HLN,Haleon Plc ADR,0.014,5,$9.33,0.73,$9.41,$8.54,10.19,$11.06
IVV,Ishares Core S&P 500 ETF,0.014,3,$748.90,0.86,$765.36,$630.45,21.40,$783.09
GD,General Dynamics,0.014,3,$354.24,1.05,$357.03,$305.43,16.89,$400.00
BCS,Barclays plc ADR,0.014,2,$26.86,1.16,$25.83,$18.86,36.96,$28.37
SBAC,SBA Communications Corp.,0.014,2,$176.46,1.14,$184.38,$160.33,15.00,$221.58
SUPN,Supernus Pharmaceuticals,0.014,1,,1.14,$42.10,$41.11,2.41,$59.68
VLO,Valero Energy,0.014,1,,1.12,$380.30,$152.07,150.08,$399.26
ICFI,ICF International Inc.,0.014,1,,1.15,$87.57,$58.62,49.39,$100.76
ALG,Alamo Group Inc.,0.014,1,,1.11,$169.11,$145.46,16.26,$219.00
ADT,ADT Inc.,0.014,1,,1.16,$7.13,$6.10,16.89,$8.66
JAZZ,Jazz Pharmaceuticals plc,0.013,2,$240.97,1.10,$245.58,$123.88,98.24,$266.38
TAC,TransAlta Corp.,0.013,2,$13.83,1.10,$11.80,$11.29,4.52,$17.62
AXS,Axis Capital Holdings Ltd.,0.013,2,$107.44,1.00,$99.88,$86.98,14.83,$119.99
ABR,Arbor Realty Trust Inc.,0.013,2,$5.42,0.78,$4.70,$4.58,2.62,$11.02
FMS,Fresenius Medical Care AG & Co KCaG,0.013,2,$22.61,1.00,$22.88,$19.24,18.92,$26.57
VMRK,Vivmark Residential,0.013,2,$67.93,1.07,$66.24,$56.30,17.66,$71.50
COMP,Compass Inc.,0.013,2,$12.33,0.66,$10.71,$6.37,68.13,$13.96
FOXA,Fox Corporation,0.013,2,$52.16,0.76,$68.34,$48.13,41.99,$75.68
CASH,Meta Financial Group Inc.,0.013,1,,1.10,$79.10,$65.71,20.38,$101.13
HWM,Howmet Aerospace Inc.,0.013,1,,1.06,$228.04,$182.40,25.02,$309.85
AGCO,AGCO Corp.,0.013,1,,1.06,$122.41,$98.22,24.63,$142.68
MNRO,Monro Inc.,0.013,1,,1.05,$12.86,$10.82,18.85,$22.69
RWAY,Runway Growth Finance Corp,0.013,1,,1.04,$6.68,$4.94,35.22,$8.96
CPRX-OLD,Catalyst Pharmaceuticals Inc.,0.013,1,,1.06,$31.50,$19.05,65.35,$32.56
MSTR,MicroStrategy Inc.,0.013,1,,1.03,$136.32,$81.81,66.63,$365.21
COLL,Collegium Pharmaceutical Inc.,0.013,1,,1.06,$23.01,$22.58,1.90,$50.79
MYRG,MYR Group Inc.,0.013,1,,1.05,$273.12,$171.51,59.24,$503.57
G,Genpact Ltd.,0.012,5,$27.50,0.44,$36.55,$26.71,36.84,$47.87
SNY,Sanofi Aventis,0.012,4,$42.66,0.63,$43.44,$40.89,6.24,$49.91
DOW,Dow Inc.,0.012,3,$27.36,1.00,$28.86,$19.68,46.65,$41.82
TREX,Trex Company Inc.,0.012,2,$50.04,0.91,$44.16,$29.77,48.34,$61.97
EXR,Extra Space Storage Inc.,0.012,2,$145.30,0.93,$139.76,$121.45,15.08,$158.88
BKR,Baker Hughes Co.,0.012,2,$55.50,1.01,$56.72,$43.24,31.17,$69.92
NE,Noble Corp.,0.012,2,$37.30,0.86,$43.68,$25.46,71.56,$53.83
DAR,Darling Ingredients Inc.,0.012,2,$54.62,0.96,$65.32,$29.15,124.08,$69.98
KALU,Kaiser Aluminum Corp.,0.012,2,$195.62,0.93,$150.40,$71.41,110.61,$199.89
KN,Knowles Corp.,0.012,2,$41.48,0.94,$34.80,$20.57,69.18,$42.93
CRDO,Credo Technology Group Holdi,0.012,2,$271.95,1.00,$152.06,$86.49,75.81,$308.67
GL,Globe Life Inc.,0.012,2,$178.68,0.71,$172.11,$127.06,35.46,$191.55
UGI,UGI Corp.,0.012,2,$34.54,0.99,$37.74,$30.66,23.09,$40.48
SMG,Scotts Miracle-Gro Co.,0.012,1,,0.96,$55.97,$49.95,12.05,$74.53
XMTR,Xometry Inc.,0.012,1,,0.95,$85.17,$35.86,137.51,$106.08
PBF,PBF Energy Inc.,0.012,1,,0.95,$71.82,$25.16,185.45,$82.61
FWONA,Liberty Media Corp Formula One Series A,0.012,1,,0.95,$87.82,$73.70,19.16,$99.52
WCN,Waste Connections,0.012,1,,0.99,$161.42,$146.58,10.12,$178.40
BBW,Build-A-Bear Workshop Inc.,0.012,1,,0.97,$27.36,$27.36,0.00,$74.33
IVZ,Invesco Ltd,0.012,1,,1.01,$31.33,$20.03,56.42,$33.66
BATRA,Atlanta Braves Holdings Inc. Series A,0.012,1,,1.01,$55.55,$41.50,33.86,$58.37
MDB,MongoDB Inc.,0.012,1,,0.99,$381.46,$215.68,76.86,$473.10
EDU,New Oriental Education & Technology,0.012,1,,0.99,$56.89,$44.25,28.56,$64.22
FOA,Finance Of America Companies Inc.,0.012,1,,1.00,$15.02,$15.02,0.00,$29.79
YMM,Full Truck Alliance Spn ADR,0.012,1,,0.96,$8.14,$7.38,10.30,$13.69
VTOL,Bristow Group Inc.,0.012,1,,0.95,$41.79,$34.73,20.33,$50.10
SU,Suncor Energy Inc.,0.011,4,$53.69,0.71,$68.88,$36.63,88.04,$70.55
HRL,Hormel Foods Corp.,0.011,3,$24.82,0.77,$21.05,$19.47,8.12,$26.43
ACMR,ACM Research Inc.,0.011,3,$126.89,0.92,$67.95,$28.46,138.76,$127.19
AUR,Aurora Innovation Inc.,0.011,3,$6.82,0.72,$6.39,$3.60,77.50,$8.57
SOFI,SoFi Technologies Inc.,0.011,2,$17.93,0.90,$17.62,$14.88,18.41,$32.73
PHG,Koninklijke Philips Electronics NV,0.011,2,$27.19,0.90,$25.15,$23.85,5.45,$32.18
AM,Antero Midstream Corp.,0.011,2,$22.75,0.90,$21.63,$16.41,31.81,$23.35
AAP,Advance Auto Parts,0.011,2,$62.22,0.80,$45.24,$37.33,21.19,$64.62
W,Wayfair Inc.,0.011,2,$92.42,0.90,$105.81,$55.60,90.31,$119.98
ELAN,Elanco Animal Health Inc.,0.011,2,$24.61,0.87,$23.25,$18.22,27.61,$27.98
LZAGY,Lonza Group Ag Unspon ADR,0.011,1,,0.92,$65.61,$57.99,13.14,$74.36
NWL,Newell Brands Inc.,0.011,1,,0.87,$5.85,$2.87,103.83,$7.05
CZR,Caesars Entertainment,0.011,1,,0.89,$29.68,$17.86,66.18,$30.88
KD,Kyndryl Holdings Inc,0.011,1,,0.87,$13.49,$10.10,33.56,$32.65
AAON,AAON Inc.,0.011,1,,0.87,$75.56,$72.95,3.58,$150.16
COST,Costco Co.,0.010,7,$935.41,0.35,$919.01,$840.35,9.36,$1094.76
SHEL,Shell plc,0.010,5,$77.54,0.59,$96.21,$66.79,44.05,$97.44
IJR,Ishares Core S&P Small Cap E,0.010,3,$148.32,0.84,$141.59,$110.97,27.59,$150.69
VBIL,Vanguard 0 3m T Bill ETF,0.010,2,$75.68,0.58,$75.59,$72.85,3.76,$75.60
LIND,Lindblad Expeditions Hldgs Inc.,0.010,2,$28.24,0.78,$25.99,$11.37,128.58,$35.00
DT,Dynatrace Inc.,0.010,2,$43.92,0.43,$52.90,$31.64,67.19,$54.84
GFI,Gold Fields Ltd.,0.010,2,$33.59,0.63,$43.18,$30.42,41.95,$58.66
KR,Kroger Co.,0.010,2,$55.53,0.72,$60.68,$53.78,12.83,$75.66
TEM,Tempus Ai Inc,0.010,2,$57.93,0.77,$62.49,$40.77,53.27,$104.32
SLDE,Slide Insurance Holdings Inc,0.010,1,,0.84,$26.12,$12.49,109.13,$26.31
BCO,Brink's Co.,0.010,1,,0.86,$109.70,$90.86,20.74,$135.75
EEFT,Euronet Worldwide Inc.,0.010,1,,0.81,$71.37,$62.50,14.19,$91.58
WAL,Western Alliance Bancorp,0.010,1,,0.81,$79.50,$65.11,22.10,$95.75
QLYS,Qualys Inc.,0.010,1,,0.86,$172.96,$74.51,132.13,$201.54
NDAQ,Nasdaq Inc.,0.010,1,,0.85,$91.28,$76.29,19.65,$100.76
VNO,Vornado Realty Trust,0.010,1,,0.83,$35.05,$24.57,42.65,$42.43
TIC,Acuren Corporation,0.010,1,,0.83,$9.53,$6.36,49.84,$14.94
PCVX,Vaxcyte Inc.,0.010,1,,0.85,$59.91,$30.81,94.45,$65.00
CET,Central Securities Corp.,0.010,1,,0.85,$55.75,$47.33,17.79,$56.00
BRBR,BellRing Brands Inc. CL A,0.010,1,,0.84,$9.28,$7.82,18.67,$38.77
CFG,Citizens Financial Group Inc.,0.010,1,,0.82,$70.49,$46.55,51.43,$75.33
DUSA,Davis Select Us Equity ETF,0.010,1,,0.82,$57.05,$46.06,23.86,$58.53
CIGI,Colliers International Group Inc.,0.009,4,$93.70,0.60,$94.11,$88.24,6.65,$171.06
IWR,Ishares Russell Mid Cap ETF,0.009,3,$110.27,0.53,$109.67,$90.78,20.81,$114.97
MLKN,MillerKnoll Inc.,0.009,3,$20.46,0.52,$21.27,$13.23,60.77,$24.51
RJF,Raymond James Financial Inc.,0.009,2,$152.03,0.75,$170.87,$138.33,23.52,$182.73
CFR,Cullen Frost Bankers,0.009,2,$154.52,0.71,$163.83,$115.60,41.72,$169.71
AVB-OLD,AvalonBay Communities,0.009,2,$188.69,0.72,$184.30,$157.12,17.30,$198.63
MPWR,Monolithic Power Systems,0.009,2,$1382.24,0.76,$1156.25,$824.23,40.28,$1711.48
HPQ,HP Inc.,0.009,2,$21.93,0.49,$34.34,$16.91,103.08,$36.23
OCFC,OceanFirst Financial Corp.,0.009,1,,0.77,$18.82,$16.44,14.48,$20.12
FR,First Industrial Realty Trust Inc.,0.009,1,,0.76,$61.37,$49.03,25.17,$69.88
EME,Emcor Group,0.009,1,,0.74,$750.00,$564.01,32.98,$951.47
PSUS,Pershing Square Usa Ltd,0.009,1,,0.77,$38.66,$35.71,8.26,$44.00
HAS,Hasbro Inc.,0.009,1,,0.73,$91.28,$67.33,35.57,$104.60
RIOT,Riot Blockchain Inc.,0.009,1,,0.70,$20.91,$11.50,81.83,$30.32
CTRN,Citi Trends Inc.,0.009,1,,0.74,$60.19,$29.60,103.34,$77.91
MMM,3M Co.,0.008,4,$161.92,0.52,$162.38,$138.02,17.65,$184.09
BMI,Badger Meter Inc.,0.008,3,$148.38,0.31,$128.43,$111.36,15.33,$201.67
TROW,T. Rowe Price Group,0.008,3,$113.63,0.30,$105.68,$84.21,25.50,$122.00
ITW,Illinois Tool Works,0.008,2,$270.47,0.67,$270.60,$234.38,15.45,$301.92
BTDR,Bitdeer Technologies Group A,0.008,2,$15.87,0.68,$11.57,$6.92,67.20,$27.80
TTE,TotalEnergies SE,0.008,2,$77.76,0.69,$91.20,$56.15,62.42,$93.00
RELX,RELX plc,0.008,2,$31.67,0.61,$35.63,$26.84,32.75,$47.13
KT,KT Corp.,0.008,2,$17.28,0.37,$19.98,$17.13,16.64,$24.58
LXU,LSB Industries Inc.,0.008,2,$10.81,0.66,$11.08,$7.71,43.71,$17.22
FIGR,Figure Technology Solut Cl A,0.008,1,,0.65,$35.79,$24.11,48.44,$78.00
KRYS,Krystal Biotech Inc.,0.008,1,,0.67,$342.13,$141.25,142.22,$382.54
AD,Array Digital Infrastructure Inc.,0.008,1,,0.67,$38.17,$28.86,32.26,$46.04
BXC,BlueLinx Holdings Inc.,0.008,1,,0.64,$80.31,$44.78,79.34,$93.80
TX,Ternium S.A.,0.008,1,,0.65,$56.02,$31.27,79.15,$58.73
SBSI,Southside Bancshares Inc.,0.008,1,,0.66,$32.21,$25.12,28.22,$35.79
DMAC,DiaMedica Therapeutics Inc.,0.008,1,,0.68,$6.54,$5.25,24.57,$10.42
AGO,Assured Guaranty Ltd.,0.008,1,,0.63,$73.15,$72.13,1.41,$91.07
HKHGF,Hongkong Land Holdings Ltd,0.008,1,,0.63,$8.51,$5.51,54.45,$8.55
KRSP,Rice Acquisition Corp 3 A,0.008,1,,0.67,$10.60,$10.21,3.82,$11.89
NWG,NatWest Group Plc,0.008,1,,0.67,$18.46,$12.79,44.33,$19.21
ZD,Ziff Davis Inc.,0.008,1,,0.63,$56.88,$22.45,153.36,$58.06
D,Dominion Energy Inc.,0.008,1,,0.65,$64.60,$54.17,19.25,$72.26
MMS,MAXIMUS Inc.,0.008,1,,0.64,$59.49,$52.42,13.49,$98.42
IPGP,IPG Photonics Corp.,0.008,1,,0.65,$76.19,$69.41,9.77,$155.82
CLX,Clorox Co.,0.007,5,$95.44,0.24,$89.64,$83.72,7.07,$125.83
VTV,Vanguard Value ETF,0.007,3,$217.93,0.60,$223.04,$179.98,23.92,$228.57
BTI,British American Tobacco plc,0.007,3,$61.76,0.37,$57.39,$47.79,20.09,$66.38
TDY,Teledyne Technologies,0.007,3,$666.90,0.56,$598.76,$483.02,23.96,$697.67
MTD,Mettler-Toledo International Inc.,0.007,2,$1277.67,0.32,$1287.99,$1023.05,25.90,$1525.17
EQNR,Equinor ASA,0.007,2,$31.40,0.57,$44.45,$21.54,106.36,$45.55
ING,ING Group NV,0.007,2,$31.38,0.58,$36.92,$22.49,64.16,$37.52
BAH,Booz Allen Hamilton Hldg Corp.,0.007,2,$60.67,0.56,$79.19,$59.05,34.11,$106.66
TNC,Tennant Co.,0.007,2,$87.54,0.55,$69.21,$59.62,16.09,$91.52
AXSM,Axsome Therapeutics Inc.,0.007,2,$244.77,0.54,$217.15,$112.90,92.34,$260.19
SRTA,Strata Critical Medical Inc.,0.007,2,$5.27,0.58,$5.40,$3.95,36.71,$6.50
EPAM,EPAM Systems Inc.,0.007,1,,0.54,$124.61,$73.06,70.56,$222.53
EXPD,Expeditors Int'l,0.007,1,,0.54,$192.55,$111.78,72.26,$193.94
WVE,Wave Life Sciences Ltd.,0.007,1,,0.54,$4.55,$4.50,1.11,$21.73
AS,Amer Sports Inc,0.007,1,,0.57,$27.74,$27.21,1.95,$42.76
ANDG,Andersen Group Inc A,0.007,1,,0.61,$56.43,$18.12,211.42,$57.62
RAL,Ralliant Corp.,0.007,1,,0.54,$65.69,$37.17,76.73,$75.35
VYX,NCR Voyix Corp.,0.007,1,,0.56,$8.32,$6.02,38.21,$13.50
QMCO,Quantum Corp.,0.007,1,,0.59,$23.43,$4.19,459.19,$27.80
MMSI,Merit Medical Systems Inc.,0.007,1,,0.61,$86.96,$59.74,45.56,$94.75
TMUS,T-Mobile US Inc.,0.007,1,,0.56,$183.14,$164.71,11.19,$239.19
FSLR,First Solar Inc.,0.007,1,,0.57,$208.01,$182.99,13.67,$320.95
PAYP,Paypay Corp,0.007,1,,0.55,$18.62,$12.07,54.27,$24.89
GCMG,Gcm Grosvenor Inc Class A,0.007,1,,0.54,$12.67,$9.12,38.93,$14.74
BLTE,Belite Bio Inc ADR,0.007,1,,0.55,$173.67,$64.80,168.01,$200.00
WLTH,Wealthfront Corp,0.007,1,,0.57,$10.62,$7.20,47.50,$14.88
UL,Unilever PLC,0.006,5,$60.12,0.22,$63.81,$53.97,18.23,$73.09
TIGO,Millicom Intl Cellular S.a.,0.006,3,$90.76,0.39,$95.28,$42.37,124.88,$107.13
RNR,RenaissanceRe Holdings Ltd.,0.006,3,$316.90,0.32,$330.15,$230.19,43.42,$340.24
PBR.A,Petroleo Brasil Sp Pref ADR,0.006,2,$14.64,0.49,$18.95,$10.25,84.88,$19.49
PUK,Prudential Plc ADR,0.006,2,$26.81,0.49,$26.63,$24.45,8.92,$33.36
VLTO,Veralto Corp.,0.006,2,$88.68,0.48,$96.06,$79.91,20.21,$109.28
QRVO,Qorvo Inc.,0.006,2,$93.27,0.51,$109.08,$74.92,45.60,$120.52
CX,Cemex,0.006,2,$12.00,0.50,$10.44,$8.67,20.42,$13.64
CYD,China Yuchai Intl Ltd.,0.006,2,$47.42,0.51,$35.22,$28.09,25.38,$60.28
HWKN,Hawkins Inc.,0.006,2,$142.10,0.45,$120.97,$116.05,4.24,$185.12
BEKE,KE Holdings Inc.,0.006,2,$14.53,0.38,$16.77,$13.81,21.43,$20.60
KFY,Korn Ferry,0.006,2,$66.58,0.30,$78.00,$57.98,34.53,$87.51
GLOB,Globant S.A.,0.006,2,$28.94,0.33,$40.38,$27.56,46.52,$72.10
DTE,DTE Energy Co.,0.006,1,,0.53,$131.73,$124.26,6.01,$155.75
ZTO,ZTO Express,0.006,1,,0.48,$20.93,$17.83,17.39,$25.97
NGG,National Grid Plc Sp ADR,0.006,1,,0.53,$75.16,$67.23,11.80,$92.22
CART,Maplebear Inc,0.006,1,,0.51,$49.25,$32.73,50.47,$52.68
WEX,WEX Inc.,0.006,1,,0.47,$199.16,$125.29,58.96,$203.99
FND,Floor & Decor Holdings,0.006,1,,0.46,$48.18,$42.64,12.99,$92.41
NBIX,Neurocrine Biosciences Inc.,0.006,1,,0.49,$157.04,$122.14,28.57,$186.12
SNN,Smith & Nephew plc,0.006,1,,0.49,$28.45,$27.23,4.48,$37.55
MBC,Masterbrand Inc,0.006,1,,0.46,$7.25,$6.61,9.68,$14.22
AIT,Applied Industrial Tech.,0.006,1,,0.53,$319.44,$236.75,34.93,$374.27
PPL,PPL Corp.,0.006,1,,0.49,$33.82,$32.39,4.41,$39.46
BCE,BCE Inc.,0.006,1,,0.51,$23.54,$20.87,12.79,$26.12
IT,Gartner Inc.,0.006,1,,0.49,$194.94,$124.25,56.89,$265.85
AGL,Agilon Health Inc,0.006,1,,0.46,$92.14,$7.48,1131.82,$133.04
DINT,Davis Select International,0.006,1,,0.48,$29.36,$25.77,13.93,$30.75
TWFG,Twfg Inc,0.006,1,,0.53,$28.14,$16.56,69.93,$31.30
CRAI,CRA International Inc.,0.006,1,,0.47,$165.98,$131.23,26.48,$224.94
THG,Hanover Insurance Group,0.006,1,,0.46,$231.30,$163.54,41.43,$235.06
T,AT&T Inc.,0.005,3,$20.70,0.40,$26.52,$19.63,35.10,$28.75
BIL,SPDR Bloomberg 1 3 Month T B,0.005,3,$91.64,0.27,$91.50,$88.25,3.68,$91.51
LPX,Louisiana-Pacific Corp.,0.005,3,$78.66,0.21,$67.00,$65.35,2.52,$99.15
DCI,Donaldson Co.,0.005,3,$89.77,0.38,$88.60,$78.40,13.01,$112.05
EMR,Emerson Electric,0.005,3,$143.16,0.26,$148.32,$121.73,21.84,$165.79
ARCO,Arcos Dorados Holdings Inc.,0.005,3,$8.06,0.26,$7.92,$6.38,24.14,$9.67
FRFHF,Fairfax Financial Holdings Ltd.,0.005,2,$1644.34,0.26,$1599.79,$1500.00,6.65,$1933.22
HALO,Halozyme Therapeutics,0.005,2,$78.26,0.45,$107.75,$61.23,75.98,$111.15
IDA,IDACORP Inc. Hldg. Co.,0.005,2,$151.30,0.43,$134.45,$121.03,11.09,$153.97
EQPT,Equipmentshare.com Inc A,0.005,2,$19.66,0.38,$18.01,$15.71,14.64,$35.50
BWXT,BWX Technologies Inc.,0.005,2,$194.65,0.37,$148.53,$146.87,1.13,$241.12
DWLD,Davis Select Worldwide ETF,0.005,1,,0.38,$46.74,$42.44,10.13,$49.48
DFNL,Davis Select Financial ETF,0.005,1,,0.45,$51.37,$42.56,20.70,$53.09
SARO,Standardaero Inc,0.005,1,,0.41,$23.59,$23.52,0.30,$34.48
MEOH,Methanex Corp.,0.005,1,,0.43,$62.44,$31.63,97.41,$66.53
SGRY,Surgery Partners Inc.,0.005,1,,0.38,$14.15,$11.41,24.01,$23.44
PRG,PROG Holdings Inc.,0.005,1,,0.40,$37.37,$25.48,46.66,$47.57
TAL,TAL Education Group,0.005,1,,0.43,$11.65,$8.88,31.19,$13.37
AQN,Algonquin Power & Utilities,0.005,1,,0.39,$5.38,$5.13,4.87,$6.95
CNO,CNO Financial Group Inc.,0.005,1,,0.37,$55.37,$37.63,47.14,$57.40
SMPL,Simply Good Foods Co.,0.005,1,,0.42,$10.11,$9.83,2.85,$27.53
SION,Sionna Therapeutics Inc,0.005,1,,0.40,$8.30,$4.01,106.98,$54.97
FRPH,FRP Holdings Inc.,0.005,1,,0.43,$21.87,$20.53,6.53,$25.74
QURE,uniQure NV,0.005,1,,0.38,$44.74,$8.73,412.49,$71.50
SMIN,Ishares Msci India Small Cap,0.005,1,,0.42,$71.00,$57.78,22.88,$74.41
SOPH,Sophia Genetics SA,0.005,1,,0.42,$7.88,$3.10,154.19,$8.98
WHR,Whirlpool Corp.,0.005,1,,0.38,$34.11,$34.11,0.00,$93.59
ORKA,Oruka Therapeutics Inc,0.005,1,,0.41,$96.68,$14.67,559.03,$115.52
SNDX,Syndax Pharmaceuticals Inc.,0.005,1,,0.43,$18.40,$12.99,41.65,$25.59
SUN,Sunoco Inc.,0.005,1,,0.43,$78.69,$45.10,74.48,$79.04
LKFT,Lakefront Biotherapeutics,0.005,1,,0.37,$26.76,$25.68,4.21,$37.78
PKG,Packaging Corp. of America,0.005,1,,0.45,$234.40,$187.98,24.69,$259.98
WK,Workiva Inc.,0.005,1,,0.37,$75.70,$43.34,74.67,$97.10
KGS,Kodiak Gas Services Inc,0.005,1,,0.39,$57.68,$31.43,83.52,$77.10
MLCO,Melco Resorts & Entertainment,0.005,1,,0.44,$4.84,$4.81,0.62,$9.95
HAL,Halliburton Co.,0.005,1,,0.39,$34.80,$21.03,65.48,$43.20
HDB,HDFC Bank Ltd.,0.004,5,$25.83,0.12,$23.03,$21.77,5.79,$36.79
VTI,Vanguard Total Stock Mkt ETF,0.004,5,$370.00,0.19,$375.11,$309.51,21.19,$385.12
CCK,Crown Holdings,0.004,4,$111.82,0.19,$112.63,$88.12,27.81,$122.91
ONB,Old National Bancorp,0.004,3,$25.90,0.22,$25.83,$18.93,36.45,$27.21
LBRDA-OLD,Liberty Broadband Corp. CL A,0.004,3,$33.28,0.29,$35.98,$26.14,37.64,$65.40
HPE,Hewlett Packard Enterprise,0.004,3,$45.11,0.34,$56.04,$19.62,185.63,$64.06
SMFG,Sumitomo Mitsui Spons ADR,0.004,2,$23.58,0.36,$27.19,$15.18,79.12,$27.62
HLI,Houlihan Lokey Inc.,0.004,2,$134.13,0.33,$136.86,$112.24,21.94,$208.14
MDY,SPDR S&P Midcap 400 ETF Trst,0.004,2,$703.33,0.34,$673.61,$563.38,19.57,$717.35
AFL,AFLAC Inc.,0.004,2,$117.24,0.28,$116.89,$103.27,13.19,$129.57
COO,Cooper Cos Inc,0.004,2,$71.72,0.25,$54.17,$51.01,6.19,$89.83
VIST,"Vista Oil & Gas, S.A.B. de C.V.",0.004,2,$63.80,0.35,$75.97,$33.37,127.66,$81.44
UHAL,U-Haul Holding Co.,0.004,2,$65.44,0.26,$63.57,$41.95,51.54,$76.45
FCN,FTI Consulting Inc.,0.004,1,,0.30,$150.80,$137.65,9.55,$189.30
GLPI,Gaming and Leisure Properties Inc.,0.004,1,,0.32,$41.11,$39.02,5.36,$47.34
ALNY,Alnylam Pharmaceuticals,0.004,1,,0.31,$248.08,$197.81,25.41,$495.55
PAGS,PagSeguro Digital Ltd.,0.004,1,,0.31,$9.97,$8.24,21.00,$12.03
COYA,Coya Therapeutics Inc,0.004,1,,0.35,$4.64,$3.71,25.07,$7.75
ZM,Zoom Video Communications Inc.,0.004,1,,0.32,$95.13,$70.70,34.55,$114.74
PIPR,Piper Sandler Companies,0.004,1,,0.36,$75.03,$68.34,9.79,$92.80
PCAR,PACCAR Inc.,0.004,1,,0.35,$122.67,$90.03,36.25,$138.87
CCU,Compania Cervecerias Unidas SA,0.004,1,,0.30,$11.54,$10.56,9.28,$15.15
TCHP,T Rowe Price Blue Chip Growth ETF,0.004,1,,0.31,$49.90,$42.26,18.08,$53.26
SDGR,SCHRODINGER Inc.,0.004,1,,0.33,$20.56,$10.95,87.76,$23.02
INBX,Inhibrx,0.004,1,,0.30,$109.99,$26.19,319.97,$155.29
BTSG,Brightspring Health Services,0.004,1,,0.32,$60.48,$25.93,133.24,$73.75
MINE,Mayfair Gold Corp,0.004,1,,0.29,$2.93,$2.16,35.65,$4.88
SLQT,Selectquote Inc.,0.004,1,,0.32,$0.50,$0.48,4.17,$2.22
AGI,Alamos Gold Inc.,0.004,1,,0.31,$35.68,$27.02,32.05,$55.24
PRDO,Perdoceo Education Corp.,0.004,1,,0.30,$32.89,$26.14,25.82,$38.13
INDA,iShares MSCI India ETF,0.004,1,,0.34,$48.48,$45.21,7.23,$55.50
PHVS,Pharvaris NV,0.004,1,,0.36,$40.22,$20.65,94.77,$43.25
XEL,Xcel Energy Inc.,0.004,1,,0.29,$74.43,$69.76,6.69,$83.22
ATKR,Atkore International Group Inc.,0.004,1,,0.30,$94.10,$53.32,76.48,$94.39
SFM,Sprouts Farmers Market Inc.,0.004,1,,0.35,$75.82,$64.75,17.10,$139.71
EVLV,Evolv Technologies Holdings,0.004,1,,0.34,$5.18,$4.86,6.58,$8.81
GNE,Genie Energy Ltd.,0.004,1,,0.35,$15.87,$12.56,26.35,$16.27
SWIM,Latham Group Inc,0.004,1,,0.32,$6.40,$4.64,37.93,$8.97
JGRW,Jensen Quality Growth ETF,0.004,1,,0.36,$27.29,$23.56,15.83,$28.96
VUG,Vanguard Growth ETF,0.003,6,$86.16,0.13,$87.86,$69.56,26.31,$90.50
SPY,SPDR S&P 500 ETF Trust,0.003,6,$746.85,0.06,$761.75,$627.66,21.36,$779.37
RSP,Invesco S&P 500 Equal Weight,0.003,4,$212.87,0.22,$215.16,$179.92,19.59,$223.44
SNPS,Synopsys Inc.,0.003,4,$446.14,0.16,$384.38,$366.00,5.02,$539.48
VWO,Vanguard FTSE Emerging Marke,0.003,4,$59.69,0.22,$59.72,$51.34,16.32,$61.54
VIG,Vanguard Dividend Apprec ETF,0.003,3,$236.65,0.21,$238.86,$209.12,14.22,$247.45
IWM,iShares Russell 2000 ETF,0.003,3,$300.49,0.25,$288.46,$227.19,26.97,$305.18
ALL,Allstate Corp.,0.003,3,$237.94,0.28,$257.80,$184.51,39.72,$276.07
BC,Brunswick Corp.,0.003,2,$84.24,0.21,$70.33,$57.26,22.83,$88.81
COLB,Columbia Banking System Inc.,0.003,2,$32.05,0.20,$30.21,$22.66,33.32,$33.27
ASB,Associated Banc-Corp,0.003,2,$30.77,0.18,$30.06,$23.04,30.47,$32.21
VO,Vanguard Mid Cap ETF,0.003,2,$80.57,0.25,$80.72,$68.69,17.51,$84.59
SEIC,SEI Investments,0.003,2,$87.74,0.12,$105.18,$74.64,40.92,$112.15
ALSN,Allison Transmission Holdings,0.003,2,$112.75,0.19,$123.13,$75.21,63.71,$136.97
AYI,Acuity Brands Inc.,0.003,2,$376.66,0.25,$309.80,$256.71,20.68,$379.43
CNXC,Concentrix Corp.,0.003,2,$22.41,0.22,$29.97,$18.81,59.33,$55.22
HAFN,Hafnia Ltd,0.003,2,$6.62,0.21,$9.37,$4.60,103.70,$9.60
THO,Thor Industries,0.003,2,$75.17,0.15,$73.72,$69.23,6.49,$121.16
BSY,Bentley Systems Inc Class B,0.003,1,,0.27,$31.70,$28.08,12.89,$56.94
VSTM,Verastem Inc.,0.003,1,,0.27,$7.55,$3.43,120.12,$10.82
FBAK,First National Bank Alaska,0.003,1,,0.25,$202.54,$165.01,22.74,$211.60
JKHY,Jack Henry & Associates Inc.,0.003,1,,0.26,$165.33,$120.60,37.09,$191.13
PS,Pershing Square Inc.,0.003,1,,0.24,$40.15,$21.93,83.08,$54.75
GIII,G-III Apparel Group,0.003,1,,0.22,$27.95,$24.45,14.31,$37.54
LBRT,Liberty Oilfield Services Inc.,0.003,1,,0.21,$19.45,$10.51,85.06,$34.23
LEGH,Legacy Housing Corp.,0.003,1,,0.24,$27.63,$18.29,51.07,$31.34
NTB,Bank of N.T. Butterfield & Son Ltd,0.003,1,,0.26,$59.96,$39.10,53.35,$64.17
BMM,Blue Moon Metals Inc,0.003,1,,0.28,$5.63,$3.47,62.25,$8.63
SMRT,SmartRent Inc.,0.003,1,,0.24,$1.17,$0.91,28.57,$2.20
GLDM,SPDR Gold Minishares Trust,0.003,1,,0.22,$85.08,$71.81,18.48,$109.74
OVV,Ovintiv Inc.,0.003,1,,0.21,$64.91,$34.83,86.36,$67.51
RUSHB,Rush Enterprises Inc. - CL B,0.003,1,,0.21,$52.14,$31.53,65.37,$54.20
CGAU,Centerra Gold Inc,0.003,1,,0.22,$21.83,$8.84,146.95,$24.52
L,Loews Corp.,0.003,1,,0.27,$108.88,$95.49,14.02,$120.94
RCL,Royal Caribbean Cruises Ltd.,0.003,1,,0.21,$255.52,$230.90,10.66,$352.67
PLOW,Douglas Dynamics,0.003,1,,0.22,$39.97,$27.89,43.31,$55.00
HGTY,Hagerty Inc.,0.003,1,,0.27,$13.81,$9.36,47.54,$14.00
OGC,Oceanagold Corp,0.003,1,,0.25,$29.45,$19.14,53.87,$42.96
LESL,Leslie's Inc.,0.003,1,,0.24,$0.50,$0.49,2.04,$12.53
MO,Altria Group Inc.,0.002,5,$71.95,0.12,$70.52,$53.01,33.03,$77.06
IWD,Ishares Russell 1000 Value E,0.002,4,$244.40,0.12,$255.55,$197.07,29.67,$260.19
NUE,Nucor Corp.,0.002,3,$222.78,0.14,$254.60,$130.11,95.68,$280.11
OEC,Orion SA,0.002,3,$6.63,0.09,$5.97,$4.28,39.49,$9.89
AEBI,Aebi Schmidt Holding Ag,0.002,3,$12.55,0.16,$12.02,$8.87,35.51,$15.87
AIR,AAR Corp.,0.002,3,$142.94,0.11,$121.55,$73.26,65.92,$154.00
AMT,American Tower Corp.,0.002,3,$163.57,0.09,$178.23,$160.06,11.35,$194.23
APLD,Applied Digital Corp,0.002,3,$37.30,0.14,$24.85,$17.25,44.06,$50.73
ACWI,iShares MSCI ACWI ETF,0.002,3,$156.97,0.16,$159.23,$132.79,19.91,$162.80
SNA,Snap-On Inc.,0.002,2,$402.37,0.12,$378.69,$312.34,21.24,$420.41
PAAS,Pan American Silver Corp.,0.002,2,$44.79,0.18,$48.73,$32.65,49.25,$69.34
HLT,Hilton Worldwide Holdings,0.002,2,$330.48,0.12,$310.37,$253.04,22.66,$357.84
SMHI,SEACOR Marine Holdings Inc.,0.002,2,$7.65,0.18,$9.45,$5.55,70.27,$10.00
HUN,Huntsman Corp.,0.002,2,$10.62,0.16,$9.39,$7.15,31.33,$16.09
TD,Toronto-Dominion Bank,0.002,2,$121.55,0.13,$120.43,$74.04,62.66,$125.47
CECO,CECO Environmental Corp.,0.002,2,$90.74,0.11,$72.03,$42.82,68.22,$101.24
PLXS,Plexus Corp.,0.002,2,$300.67,0.11,$242.85,$132.03,83.94,$307.06
RF,Regions Financial Corp.,0.002,2,$30.20,0.16,$30.05,$21.82,37.72,$32.14
ERO,Ero Copper Corp,0.002,2,$26.74,0.19,$33.50,$16.37,104.64,$40.83
IBN,ICICI Bank Ltd.,0.002,2,$29.03,0.14,$29.29,$24.87,17.77,$32.76
NUVB,Nuvation Bio Inc.,0.002,2,$5.68,0.13,$5.95,$2.99,99.00,$9.75
MANH,Manhattan Associates,0.002,2,$139.25,0.18,$211.79,$119.06,77.89,$227.03
LPG,Dorian LPG Ltd,0.002,2,$34.79,0.11,$55.28,$22.18,149.23,$55.62
FIX,Comfort Systems USA Inc.,0.002,2,$1981.92,0.20,$1592.31,$750.31,112.22,$2072.10
IWN,Ishares Russell 2000 Value E,0.002,2,$221.16,0.17,$219.79,$166.72,31.83,$227.86
HONA,Honeywell Aerospace Inc,0.002,2,$221.08,0.20,$164.44,$149.19,10.22,$266.62
VALE,Vale SA,0.002,2,$15.04,0.19,$14.67,$9.94,47.59,$17.45
VREX,Varex Imaging Corp.,0.002,2,$10.43,0.13,$18.48,$9.09,103.30,$18.63
MX,MagnaChip Semiconductor Corp.,0.002,2,$4.73,0.19,$2.91,$2.18,33.49,$9.86
MTDR,Matador Resources Co.,0.002,2,$49.79,0.14,$60.99,$35.98,69.51,$65.88
HXL,Hexcel Corp.,0.002,1,,0.14,$91.02,$59.77,52.28,$111.54
GT,Goodyear Tire & Rubber,0.002,1,,0.13,$5.34,$5.34,0.00,$10.62
MOAT,Vaneck Morningstar Wide Moat,0.002,1,,0.14,$109.97,$94.07,16.90,$115.58
WB,Weibo Corp.,0.002,1,,0.18,$6.67,$6.59,1.21,$12.11
BULL,Webull Corp,0.002,1,,0.18,$8.96,$4.50,99.11,$16.04
HR,Healthcare Realty Trust Inc.,0.002,1,,0.13,$18.96,$15.71,20.69,$21.77
IVVD,Invivyd Inc.,0.002,1,,0.15,$0.90,$0.53,69.81,$3.07
EVTC,EVERTEC Inc.,0.002,1,,0.19,$29.30,$21.73,34.84,$34.51
DOCN,DigitalOcean Holdings Inc.,0.002,1,,0.14,$120.23,$33.69,256.87,$187.50
XLE,Energy Select Sector SPDR,0.002,1,,0.15,$64.37,$41.42,55.41,$66.17
LILA,Liberty LiLAC Group A,0.002,1,,0.17,$8.86,$4.73,87.32,$8.90
GDXJ,Vaneck Junior Gold Miners,0.002,1,,0.20,$121.18,$83.67,44.83,$157.49
NSSC,Napco Security Technologies Inc.,0.002,1,,0.17,$36.03,$33.75,6.76,$51.52
VSS,Vanguard FTSE All Wo X Us Sc,0.002,1,,0.14,$156.94,$132.72,18.25,$162.46
WU,Western Union Co.,0.002,1,,0.16,$7.05,$6.27,12.44,$9.78
RERE,AiHuiShou International Co. Ltd. ADS,0.002,1,,0.16,$4.00,$3.50,14.29,$6.32
BNTX,Biontech Se ADR,0.002,1,,0.18,$99.42,$79.52,25.03,$124.00
FSM,Fortuna Mining Corp.,0.002,1,,0.19,$11.64,$7.69,51.37,$13.85
WSFS,WSFS Financial Corp.,0.002,1,,0.20,$80.67,$49.37,63.40,$82.74
HTLD,Heartland Express,0.002,1,,0.16,$12.39,$6.96,78.02,$16.61
CLFD,Clearfield Inc.,0.002,1,,0.14,$29.07,$23.76,22.35,$52.73
SEDG,SolarEdge Technologies Inc.,0.002,1,,0.18,$35.94,$28.21,27.40,$81.25
NTNX,Nutanix Inc.,0.002,1,,0.20,$67.14,$34.01,97.41,$82.42
ADNT,Adient plc,0.002,1,,0.20,$18.86,$17.68,6.67,$27.32
BRKR,Bruker Corp.,0.002,1,,0.15,$52.47,$29.99,74.96,$65.30
AMTM,Amentum Holdings Inc.,0.002,1,,0.17,$19.76,$19.21,2.86,$38.11
MSM,MSC Industrial Direct,0.002,1,,0.13,$119.90,$76.68,56.36,$130.46
GENI,Genius Sports Ltd,0.002,1,,0.16,$6.79,$3.83,77.28,$13.69
PSLV,Sprott Physical Silver Trust,0.002,1,,0.15,$20.58,$13.96,47.42,$38.13
WGO,Winnebago Industries Inc.,0.002,1,,0.16,$28.46,$26.48,7.48,$48.44
KOP,Koppers Holdings Inc.,0.002,1,,0.14,$46.03,$24.77,85.83,$52.90
MMI,Marcus & Millichap Inc.,0.002,1,,0.20,$30.88,$24.20,27.60,$33.55
SHOE,Shoe Carnival Inc.,0.002,1,,0.13,$12.89,$10.20,26.37,$23.23
PFG,Principal Financial Group,0.002,1,,0.13,$116.55,$75.30,54.78,$121.18
HTZ,Hertz Global Hldgs Inc.,0.002,1,,0.17,$1.94,$1.45,33.79,$8.18
NOG,Northern Oil and Gas Inc.,0.002,1,,0.16,$26.43,$17.18,53.84,$29.99
SLV,iShares Silver Trust,0.002,1,,0.19,$57.31,$37.35,53.44,$109.83
ORIC,ORIC Pharmaceuticals Inc.,0.002,1,,0.16,$12.42,$7.23,71.78,$14.93
MORN,Morningstar Inc.,0.002,1,,0.15,$200.59,$141.06,42.20,$258.69
LAB,Standard Biotools Inc,0.002,1,,0.14,$0.69,$0.63,9.52,$1.72
BUDFF,Anheuser Busch Inbev SA NV,0.002,1,,0.16,$77.80,$57.09,36.28,$86.78
SABR,Sabre Corp.,0.002,1,,0.14,$2.18,$0.81,169.14,$2.30
MBUU,Malibu Boats Inc.,0.002,1,,0.14,$24.66,$23.84,3.44,$35.06
TRP,TC Energy,0.002,1,,0.17,$61.37,$47.80,28.39,$70.90
SPRY,Ars Pharmaceuticals Inc,0.002,1,,0.18,$4.59,$4.59,0.00,$13.15
SCSC,ScanSource Inc.,0.002,1,,0.17,$58.55,$33.76,73.43,$66.78
RCI,Rogers Communications Inc.,0.002,1,,0.18,$36.81,$31.08,18.44,$39.99
TRMLF,Tourmaline Oil Corp,0.002,1,,0.18,$45.10,$40.23,12.11,$50.79
IDCC,InterDigital Inc.,0.002,1,,0.13,$345.33,$248.51,38.96,$409.73
CNP,CenterPoint Energy,0.002,1,,0.20,$38.61,$36.59,5.52,$44.99
EMBC,Embecta Corp,0.002,1,,0.17,$5.24,$2.76,89.86,$15.05
FNDF,Schwab Fndmn Intl Lrg Co ETF,0.002,1,,0.15,$55.45,$40.86,35.71,$56.48
BTE,Baytex Energy Corp.,0.002,1,,0.14,$5.01,$2.16,131.94,$5.34
ZIM,Zim Integrated Shipping Serv,0.002,1,,0.20,$29.67,$11.75,152.51,$30.40
DMRA,Damora Therapeutics Inc.,0.002,1,,0.17,$28.78,$2.53,1037.55,$38.33
NOK,Nokia Corp.,0.002,1,,0.20,$9.75,$4.39,122.10,$17.36
AEG,Aegon Ltd,0.002,1,,0.20,$9.04,$6.39,41.47,$9.35
VT,Vanguard Tot World Stk ETF,0.001,4,$156.95,0.07,$159.01,$132.62,19.90,$162.71
HRI,HERC Holdings Inc.,0.001,3,$143.35,0.04,$140.62,$87.56,60.60,$185.59
CAH,Cardinal Health Inc.,0.001,3,$237.56,0.09,$234.98,$144.37,62.76,$258.30
XLK,Technology Select Sect SPDR,0.001,3,$190.45,0.04,$185.09,$126.53,46.28,$198.49
APA,APA Corp.,0.001,3,$32.57,0.06,$45.04,$21.13,113.16,$46.50
CW,Curtiss-Wright Corp.,0.001,3,$758.31,0.05,$552.24,$489.89,12.73,$808.16
QQQ,Invesco Qqq Trust Series 1,0.001,3,$736.46,0.09,$710.99,$554.99,28.11,$747.83
OTIS,Otis Worldwide Corp.,0.001,3,$71.61,0.07,$70.58,$67.64,4.35,$93.43
MPC,Marathon Petroleum Corp.,0.001,3,$255.59,0.08,$394.00,$160.07,146.14,$409.11
VECO,Veeco Instruments,0.001,3,$75.80,0.06,$40.39,$25.28,59.77,$86.63
JBTM,JBT Marel Corp.,0.001,3,$144.99,0.09,$112.30,$110.19,1.91,$169.81
AEIS,Advanced Energy Industries,0.001,3,$372.88,0.06,$257.90,$154.85,66.55,$397.18
RXO,Rxo Inc,0.001,2,$27.60,0.06,$19.53,$10.43,87.25,$29.90
SITM,SiTime Corp.,0.001,2,$745.53,0.04,$561.18,$243.68,130.29,$901.81
CM,Can Imperial Bk Of Commerce,0.001,2,$115.10,0.10,$113.89,$76.49,48.90,$124.86
SIMO,Silicon Motion Technol ADR,0.001,2,$333.35,0.07,$243.80,$79.13,208.10,$354.28
UCTT,Ultra Clean Holdings Inc.,0.001,2,$142.59,0.08,$67.25,$21.49,212.94,$144.22
VPG,Vishay Precision Group,0.001,2,$149.92,0.04,$60.79,$29.08,109.04,$151.78
HOFT,Hooker Furniture Corp.,0.001,2,$17.83,0.08,$13.49,$8.38,60.98,$18.09
WBS-OLD,Webster Financial Corp.,0.001,2,$76.34,0.05,$77.78,$51.49,51.06,$79.40
LASR,nLight Inc.,0.001,2,$69.62,0.08,$39.11,$27.22,43.68,$86.95
DLO,DLocal Ltd,0.001,2,$13.00,0.05,$14.82,$10.46,41.68,$16.50
GLBAV-OLD,GCI Liberty Inc. Series A,0.001,2,$21.90,0.08,,,,
LTH,Life Time Group Holdings Inc,0.001,2,$40.84,0.06,$41.79,$24.14,73.12,$47.24
LEVI,Levi Strauss & Co.,0.001,2,$24.83,0.08,$20.23,$17.50,15.60,$25.70
TALO,Talos Energy Inc.,0.001,2,$12.91,0.05,$17.66,$8.87,99.10,$18.44
RKLB,Rocket Lab Corp.,0.001,2,$101.58,0.07,$62.04,$37.57,65.13,$151.00
JOYY,JOYY Inc.,0.001,2,$65.99,0.08,$77.16,$51.36,50.23,$80.90
ZGN,Ermenegildo Zegna Nv,0.001,2,$13.02,0.04,$11.62,$8.55,35.91,$15.95
ONTO,Onto Innovation Inc.,0.001,2,$378.43,0.05,$252.78,$107.55,135.03,$386.46
BTG,B2Gold Corp.,0.001,2,$3.75,0.06,$5.22,$3.56,46.63,$6.21
GHM,Graham Corp.,0.001,2,$123.78,0.04,$84.00,$48.47,73.30,$125.82
WMG,Warner Music Group Corp. CL A,0.001,2,$27.07,0.06,$29.27,$23.04,27.04,$34.97
VICR,Vicor Corp.,0.001,2,$379.84,0.05,$188.68,$47.56,296.72,$382.65
DPZ,Dominos Pizza Inc.,0.001,2,$295.99,0.08,$324.08,$282.00,14.92,$449.60
CLS,Celestica Inc,0.001,2,$364.81,0.08,$318.97,$227.00,40.52,$474.03
FTK,Flotek Industries Inc.,0.001,2,$23.52,0.04,$26.48,$11.27,134.96,$39.67
BWA,BorgWarner Inc.,0.001,2,$66.40,0.04,$63.69,$40.02,59.15,$78.61
MAMA,Mama's Creations Inc,0.001,2,$17.85,0.04,$14.90,$9.23,61.43,$21.00
JHX,James Hardie Industries PLC,0.001,2,$26.18,0.06,$28.46,$16.46,72.90,$31.43
BKH,Black Hills,0.001,2,$74.40,0.07,$71.02,$55.92,27.00,$77.21
ROST,Ross Stores Inc.,0.001,2,$212.84,0.09,$230.42,$142.21,62.03,$256.50
EQIX,Equinix Inc.,0.001,2,$1042.41,0.09,$999.35,$709.79,40.80,$1118.65
ASTE,Astec Industries,0.001,2,$61.20,0.03,$41.39,$40.16,3.06,$65.33
FFIV,F5 Networks,0.001,2,$415.93,0.08,$411.10,$223.76,83.72,$435.00
MRVI,Maravai LifeSciences Holdings Inc.,0.001,2,$6.24,0.07,$6.76,$2.55,165.10,$9.42
ATRO,Astronics Corp.,0.001,2,$81.26,0.03,$71.08,$39.14,81.60,$99.89
AMN,AMN Healthcare Services,0.001,2,$32.36,0.09,$33.81,$14.97,125.85,$37.22
FTI,TechnipFMC plc,0.001,2,$66.26,0.05,$73.07,$35.18,107.70,$80.70
HL,Hecla Mining Co.,0.001,2,$15.41,0.06,$19.02,$10.37,83.41,$34.15
SHG,Shinhan Financial Group Company,0.001,2,$63.25,0.12,$84.16,$47.05,78.87,$85.57
PLTR,Palantir Technologies Inc.,0.001,2,$116.72,0.04,$172.81,$106.37,62.46,$207.52
RDNT,RadNet Inc.,0.001,2,$61.67,0.08,$75.71,$50.82,48.98,$85.84
DOV,Dover Corp.,0.001,2,$224.29,0.05,$189.52,$157.36,20.44,$235.79
HVT,Haverty Furniture,0.001,1,,0.12,$27.90,$18.81,48.33,$29.47
H,Hyatt Hotels Corp.,0.001,1,,0.08,$164.18,$133.71,22.79,$206.69
ASGN,ASGN Inc.,0.001,1,,0.12,,,,
EHC,Encompass Health Corp.,0.001,1,,0.10,$122.88,$92.41,32.97,$127.50
MTRN,Materion Corp.,0.001,1,,0.06,$242.61,$109.25,122.07,$304.40
BWLP,Bw Lpg Ltd,0.001,1,,0.09,$25.03,$10.17,146.12,$25.37
EAF,GrafTech International Ltd.,0.001,1,,0.08,$6.53,$4.92,32.72,$20.32
COHU,Cohu Inc.,0.001,1,,0.07,$50.80,$18.67,172.09,$74.60
BELFB,Bel Fuse Inc. CL B,0.001,1,,0.09,$233.57,$129.82,79.92,$335.20
TWST,Twist Bioscience Corp.,0.001,1,,0.05,$135.90,$23.30,483.26,$155.44
FROG,JFrog Ltd,0.001,1,,0.07,$93.64,$34.05,175.01,$105.76
MINN,Mairs & Power Mn Muni Bond,0.001,1,,0.10,$21.28,$21.10,0.85,$22.85
HII,Huntington Ingalls Industries,0.001,1,,0.06,$281.22,$262.40,7.17,$455.90
FINV,Finvolution Group ADR,0.001,1,,0.12,$3.43,$3.22,6.52,$7.57
SEI,Solaris Energy Infrastructure Inc.,0.001,1,,0.06,$61.30,$29.70,106.40,$86.19
ADMA,ADMA Biologics Inc.,0.001,1,,0.10,$9.14,$7.21,26.77,$20.46
HELE,Helen of Troy Ltd.,0.001,1,,0.06,$27.50,$13.85,98.56,$30.68
PATK,Patrick Industries Inc.,0.001,1,,0.08,$73.81,$73.06,1.03,$146.40
IEUR,iShares Core MSCI Europe ETF,0.001,1,,0.08,$75.62,$64.30,17.60,$78.90
EWT,Ishares Msci Taiwan ETF,0.001,1,,0.05,$107.79,$58.01,85.81,$112.78
VRM,Vroom Inc,0.001,1,,0.11,$9.96,$6.80,46.47,$30.00
DCO,Ducommun Inc.,0.001,1,,0.05,$167.81,$84.76,97.98,$210.39
PEYUF,Peyto Exploration & Development Corp.,0.001,1,,0.08,$17.87,$12.27,45.64,$20.68
NSP,Insperity Inc.,0.001,1,,0.06,$50.60,$18.03,180.64,$55.25
PLAY,Dave & Buster's Ent. Inc.,0.001,1,,0.08,$8.30,$7.94,4.53,$24.99
URA,Global X Uranium ETF,0.001,1,,0.05,$42.21,$37.18,13.53,$62.28
XOP,SPDR S&P Oil & Gas Exploration & Production ETF,0.001,1,,0.09,$193.56,$120.15,61.10,$199.01
ABCB,Ameris Bancorp,0.001,1,,0.05,$85.08,$68.29,24.59,$93.22
BATL,Battalion Oil Corp.,0.001,1,,0.10,$1.30,$1.00,30.00,$29.70
ESGD,Ishares Trust Ishares Esg Aw,0.001,1,,0.05,$105.04,$87.40,20.18,$108.00
VYMI,Vanguard Int High Dvd Yld In,0.001,1,,0.08,$105.52,$80.34,31.34,$107.29
WWD,Woodward Inc.,0.001,1,,0.05,$324.62,$232.45,39.65,$450.52
CIFR,Cipher Mining Inc,0.001,1,,0.09,$15.84,$9.85,60.81,$30.14
PDLB,Ponce Financial Group Inc.,0.001,1,,0.05,$20.36,$13.91,46.37,$21.10
TBI,TrueBlue Inc.,0.001,1,,0.06,$9.40,$3.18,195.60,$11.03
CCJ,Cameco Corp.,0.001,1,,0.06,$93.37,$77.31,20.77,$135.24
HTZWW,Hertz Global Hldgs Inc. WTS,0.001,1,,0.09,$0.95,$0.70,35.71,$4.13
EWJ,iShares MSCI Japan ETF,0.001,1,,0.05,$97.82,$74.98,30.46,$98.79
SPSM,Ss SPDR P S&P 600 Small Cap,0.001,1,,0.08,$55.07,$43.14,27.65,$58.60
BTAIQ,Bioxcel Therapeutics Inc,0.001,1,,0.05,$0.05,$0.02,150.00,$0.06
CDLX,Cardlytics Inc.,0.001,1,,0.11,$3.99,$3.49,14.33,$32.80
POWL,Powell Industries,0.001,1,,0.07,$172.37,$92.10,87.16,$327.74
KEY,KeyCorp,0.001,1,,0.11,$21.90,$15.82,38.43,$23.84
ENOV,Enovis Corp.,0.001,1,,0.05,$18.27,$18.08,1.05,$34.28
UVV,Universal Corp.,0.001,1,,0.06,$45.23,$43.36,4.31,$57.51
IESC,IES Holdings Inc.,0.001,1,,0.05,$323.68,$170.07,90.32,$408.26
ABVX,Abivax SA ADR,0.001,1,,0.05,$113.40,$69.81,62.44,$148.83
LINC,Lincoln Educational Services Corp.,0.001,1,,0.05,$24.58,$17.29,42.16,$56.34
MYE,Myers Indus,0.001,1,,0.08,$29.85,$15.25,95.74,$37.45
REAL,RealReal Inc.,0.001,1,,0.05,$9.88,$8.05,22.73,$17.39
LW,Lamb Weston Hldgs Inc.,0.001,1,,0.12,$48.41,$37.02,30.77,$65.06
GBCI,Glacier Bancorp,0.001,1,,0.05,$45.98,$39.06,17.72,$54.58
CBOE,CBOE Holdings Inc.,0.001,1,,0.08,$285.43,$226.52,26.01,$369.38
OBT,Orange County Bancorp Inc,0.001,1,,0.05,$38.28,$22.74,68.34,$39.91
LYG,Lloyds TSB Grp Plc ADR,0.001,1,,0.07,$5.89,$4.20,40.24,$6.25
CEF,Sprott Physical Gold And Sil,0.001,1,,0.05,$43.58,$33.83,28.82,$61.38
SVC,Service Properties Trust,0.001,1,,0.09,$6.71,$5.58,20.25,$14.73
ALT,Altimmune Inc.,0.001,1,,0.06,$3.30,$2.56,28.91,$6.44
INFQ,Infleqtion Inc,0.001,1,,0.08,$12.69,$8.52,48.94,$21.28
BRX,Brixmor Property Group Inc.,0.001,1,,0.06,$28.63,$23.87,19.94,$32.86
WRLC,Windrock Ltd Co,0.001,1,,0.07,,,,
KSA,Ishrs Msci Saudi Arabia ETF,0.001,1,,0.07,$37.79,$35.27,7.14,$40.39
SDY,SPDR S&P Dividend ETF,0.001,1,,0.05,$154.17,$132.64,16.23,$160.29
DOCS,Doximity Inc.,0.001,1,,0.10,$25.84,$17.15,50.67,$76.51
DNA,Ginkgo Bioworks Holdings Inc.,0.001,1,,0.10,$6.99,$5.37,30.17,$17.58
AMPX,Amprius Technologies Inc,0.001,1,,0.06,$9.27,$7.71,20.23,$24.23
STGW,Stagwell Inc.,0.001,1,,0.11,$8.70,$4.29,102.80,$9.55
RYCEY,Rolls Royce Holdings Sp ADR,0.001,1,,0.07,$19.27,$13.14,46.65,$21.22
TSCO,Tractor Supply,0.001,1,,0.07,$33.94,$28.17,20.48,$59.42
HUBG,Hub Group 'A',0.001,1,,0.05,$34.89,$32.65,6.86,$52.92
QCRH,QCR Holdings Inc.,0.001,1,,0.08,$102.83,$66.45,54.75,$108.11
MGPI,MGP Ingredients Inc.,0.001,1,,0.11,$14.94,$14.72,1.49,$27.66
SPG,Simon Property Group Inc.,0.001,1,,0.05,$205.29,$164.57,24.74,$235.97
CIB,Grupo Cibest SA ADR,0.001,1,,0.12,$101.66,$48.20,110.91,$105.60
DIA,SPDR Djia Trust,0.001,1,,0.05,$525.04,$448.28,17.12,$546.30
BHE,Benchmark Electronics,0.001,1,,0.06,$72.89,$35.59,104.80,$100.41
ARTV,Artiva Biotherapeutics Inc,0.001,1,,0.07,$10.20,$2.22,359.46,$14.53
CDP,Copt Defense Properties,0.001,1,,0.05,$34.86,$26.26,32.75,$38.90
FPAG,Fpa Global Equity ETF New,0.001,1,,0.07,$41.93,$34.34,22.10,$43.56
LDOS,Leidos Holdings,0.001,1,,0.07,$133.30,$98.86,34.84,$204.08
GWW,W.W. Grainger Inc.,0.001,1,,0.09,$1279.81,$901.22,42.01,$1417.14
MOD,Modine Mfg.,0.001,1,,0.07,$182.83,$111.18,64.45,$323.25
NPO,EnPro Industries,0.001,1,,0.06,$285.16,$201.04,41.84,$389.99
PHIN,PHINIA Inc.,0.001,1,,0.09,$63.06,$49.91,26.35,$86.55
INFY,Infosys Ltd.,0.001,1,,0.06,$11.55,$10.30,12.14,$29.37
SCHB,Schwab Us Broad Market ETF,0.001,1,,0.07,$29.37,$24.22,21.26,$30.15
SPYX,SPDR S&P 500 Fossil Fuel Res,0.001,1,,0.07,$62.45,$51.17,22.04,$63.96
RRC,Range Resources Corp.,0.001,1,,0.05,$40.79,$32.44,25.74,$48.07
IMVT,Immunovant Inc.,0.001,1,,0.09,$37.59,$14.58,157.82,$45.42
USNA,USANA Health Sciences,0.001,1,,0.08,$15.16,$12.57,20.60,$31.15
CUZ,Cousins Properties,0.001,1,,0.07,$27.84,$20.52,35.67,$32.95
UVSP,Univest Financial Corp.,0.001,1,,0.11,$42.98,$27.34,57.21,$45.22
TRVI,Trevi Therapeutics Inc.,0.001,1,,0.08,$15.94,$7.65,108.37,$20.22
SONY,Sony Group Corp.,0.001,1,,0.05,$24.53,$19.32,26.97,$30.34
ALRS,Alerus Financial Corp.,0.001,1,,0.06,$33.21,$19.80,67.73,$34.40
VONG,Vanguard Russell 1000 Growth,0.001,1,,0.12,$125.05,$105.09,18.99,$132.77
FRVO,Fervo Energy Co A,0.001,1,,0.06,$14.98,$14.60,2.60,$42.65
ALGT,Allegiant Travel Company,0.001,1,,0.05,$77.93,$57.11,36.46,$123.63
RCKT,Rocket Pharmaceuticals Inc.,0.001,1,,0.12,$3.43,$2.53,35.57,$5.45
DRH,DiamondRock Hospitality Co.,0.001,1,,0.10,$12.34,$7.25,70.21,$13.79
AMBA,Ambarella Inc.,0.001,1,,0.10,$64.61,$48.30,33.77,$96.69
VGK,Vanguard FTSE Europe ETF,0.001,1,,0.06,$89.45,$75.70,18.16,$93.29
GCO,Genesco Inc.,0.001,1,,0.11,$35.24,$21.93,60.69,$43.60
EEM,Ishares Msci Emerging Market,0.001,1,,0.06,$66.24,$50.83,30.32,$71.57
KNF,Knife River Corp.,0.001,1,,0.10,$57.00,$56.45,0.97,$96.28
NNBR,NN Inc.,0.001,1,,0.05,$3.53,$1.10,220.91,$4.48
QNT,Quantinuum Inc A,0.001,1,,0.07,$50.14,$46.54,7.74,$86.79
PSA,Public Storage,0.001,1,,0.05,$296.58,$251.62,17.87,$335.55
ENB,Enbridge Inc.,0.001,1,,0.07,$48.33,$43.08,12.19,$57.66
TPC,Tutor Perini Corp.,0.001,1,,0.05,$85.39,$57.70,47.99,$102.20
YOU,Clear Secure Inc.,0.001,1,,0.06,$42.58,$28.93,47.18,$68.83
RFL,Rafael Holdings Inc.,0.001,1,,0.08,$2.17,$1.12,93.75,$3.96
CRCL,Circle Internet Group Inc,0.001,1,,0.07,$95.90,$49.90,92.18,$159.47
M,Macy's Inc.,0.001,1,,0.06,$23.02,$15.98,44.06,$26.59
AEHR,Aehr Test Systems,0.001,1,,0.05,$86.02,$18.70,360.00,$147.40
VSH,Vishay Intertechnology,0.001,1,,0.07,$31.16,$11.56,169.55,$69.25
HNGE,Hinge Health Inc A,0.001,1,,0.06,$93.72,$30.08,211.57,$95.57
NG,NovaGold Resources,0.001,1,,0.07,$7.28,$5.08,43.31,$14.40
WTFC,Wintrust Financial Corp.,0.001,1,,0.09,$152.07,$117.89,28.99,$166.65
FPAS,Fpa Short Duration Govt ETF,0.001,1,,0.05,$24.17,$24.09,0.33,$25.00
DOC,Healthpeak Properties Inc.,0.001,1,,0.06,$20.25,$15.04,34.64,$22.84
UNFI,United Natural Foods,0.001,1,,0.05,$45.89,$27.97,64.07,$57.02
BZH,Beazer Homes USA,0.001,1,,0.12,$33.28,$17.83,86.65,$34.54
SANM,Sanmina Corp.,0.000,3,$253.04,0.01,$198.75,$110.44,79.96,$288.68
VB,Vanguard Small Cap ETF,0.000,3,$302.93,0.03,$292.71,$238.70,22.63,$309.51
OUT,Outfront Media Inc.,0.000,3,$32.76,0.02,$28.64,$16.24,76.35,$34.24
GIS,General Mills,0.000,3,$34.80,0.02,$36.50,$31.21,16.95,$48.32
KB,Kb Financial Group Inc ADR,0.000,3,$104.97,0.03,$132.69,$77.44,71.35,$134.50
CPA,Copa Holdings SA,0.000,3,$155.53,0.03,$127.72,$104.75,21.93,$158.35
FORM,FormFactor Inc.,0.000,3,$159.91,0.03,$105.70,$30.09,251.28,$160.27
SNDK,SanDisk Corp.,0.000,2,$2273.04,0.01,$1561.86,$82.28,1798.23,$2354.39
FTAI,FTAI Aviation Ltd.,0.000,2,,0.00,$176.04,$148.67,18.41,$321.70
ACLS,Axcelis Technologies,0.000,2,$189.45,0.02,$105.82,$73.60,43.78,$193.78
CAMT,Camtek Ltd,0.000,2,$163.15,0.01,$135.65,$82.59,64.25,$215.99
CVLG,Covenant Transportation Group Inc. CL A,0.000,2,$44.18,0.03,$35.85,$17.83,101.07,$49.78
VV,Vanguard Large Cap ETF,0.000,2,$341.77,0.01,$351.31,$288.27,21.87,$359.22
MEC,Mayville Engineering Co. Inc.,0.000,2,$37.46,0.02,$18.35,$12.25,49.80,$38.76
AWK,American Water Works Inc.,0.000,2,$131.60,0.01,$139.19,$118.81,17.15,$142.37
WOLF,Wolfspeed Inc.,0.000,2,$48.27,0.02,$24.27,$1.20,1922.50,$80.82
MT,ArcelorMittal,0.000,2,$60.21,0.01,$72.99,$33.69,116.65,$79.68
PH,Parker-Hannifin,0.000,2,,0.00,$928.00,$709.46,30.80,$1097.73
SCHD,Schwab Us Dvd Equity ETF,0.000,2,$31.66,0.02,$34.35,$25.63,34.02,$35.31
VEU,Vanguard FTSE All World ex US ETF,0.000,2,$83.76,0.01,$84.34,$68.47,23.18,$86.52
AXGN,AxoGen Inc.,0.000,2,$46.19,0.03,$43.55,$15.27,185.20,$52.91
KAR,KAR Auction Services,0.000,2,$41.24,0.02,$30.88,$17.08,80.80,$30.98
LSCC,Lattice Semconductor,0.000,2,$152.94,0.01,$106.71,$60.50,76.38,$157.01
EGP,EastGroup Properties SBI,0.000,2,$202.54,0.04,$198.35,$158.81,24.90,$226.71
EXTR,Extreme Networks Inc.,0.000,2,$32.37,0.03,$21.80,$13.48,61.72,$33.73
VICI,VICI Properties Inc.,0.000,2,$26.55,0.02,$25.08,$24.66,1.70,$31.43
IVE,Ishares S&P 500 Value ETF,0.000,2,,0.00,$235.27,$199.98,17.65,$239.93
VGT,Vanguard Info Tech ETF,0.000,2,$120.00,0.02,$119.67,$82.99,44.20,$125.85
LITE,Lumentum Holdings Inc.,0.000,2,$858.53,0.01,$837.23,$144.52,479.32,$1085.68
LOCO,El Pollo Loco Holdings Inc.,0.000,2,$16.96,0.03,$15.25,$8.99,69.63,$17.40
CAKE,Cheesecake Factory,0.000,2,$79.54,0.02,$105.46,$42.54,147.91,$118.46
MTSI,MACOM Technology Solutions Hldg,0.000,2,$380.48,0.01,$242.40,$121.97,98.74,$418.90
ESI,Element Solutions Inc.,0.000,2,$47.76,0.03,$32.10,$22.64,41.78,$49.14
IWS,Ishares Russell Mid Cap Valu,0.000,2,,0.00,$166.94,$132.31,26.17,$173.52
UTZ,Utz Brands Inc.,0.000,2,$7.70,0.02,$14.24,$6.72,111.90,$14.32
MOS,Mosaic Co.,0.000,2,$21.19,0.03,$24.72,$19.63,25.93,$35.68
THC,Tenet Healthcare Corp.,0.000,2,,0.00,$263.62,$157.58,67.29,$283.05
DGII,Digi International,0.000,2,$74.95,0.03,$66.38,$34.41,92.91,$86.84
ADTN,ADTRAN Holdings Inc.,0.000,2,$13.90,0.03,$7.12,$7.02,1.42,$19.98
BRC,Brady Corp.,0.000,2,$91.57,0.01,$87.14,$70.38,23.81,$99.25
CIEN,Ciena Corp.,0.000,2,$490.71,0.01,$322.31,$130.13,147.68,$637.51
AAOI,Applied Optoelectronics Inc,0.000,2,$148.11,0.02,$97.51,$18.50,427.08,$233.67
HZO,MarineMax Inc.,0.000,2,$36.62,0.02,$52.23,$21.42,143.84,$52.46
SKYT-OLD,Skywater Technology Inc,0.000,2,,0.00,$32.49,$8.49,282.69,$39.93
ACWX,iShares MSCI ACWI EX U.S. ETF,0.000,2,$76.11,0.02,$76.42,$62.17,22.92,$78.78
IAU,iShares Gold Trust,0.000,2,,0.00,$80.85,$68.35,18.29,$104.40
IJH,Ishares Core S&P Midcap ETF,0.000,2,$77.11,0.03,$73.89,$61.62,19.91,$78.71
SMTC,Semtech Corp.,0.000,2,$161.84,0.02,$149.72,$57.50,160.38,$177.35
PARR,Par Pacific Holdings,0.000,1,,0.02,$81.24,$32.24,151.99,$87.03
HLLY,Holley Inc,0.000,1,,0.00,$2.73,$2.33,17.17,$4.48
ETN,Eaton Corp.,0.000,1,,0.03,$394.61,$309.33,27.57,$478.00
EPC,Edgewell Personal Care Co.,0.000,1,,0.03,$27.05,$15.53,74.18,$29.79
UTI,Universal Technical Institute,0.000,1,,0.04,$19.63,$19.53,0.51,$51.34
ITRI,Itron Inc.,0.000,1,,0.02,$92.31,$77.77,18.70,$142.00
EROC,Erock Inc A,0.000,1,,0.03,$11.45,$8.88,28.94,$20.70
NPKI,NPK International Inc.,0.000,1,,0.02,$13.00,$10.50,23.81,$16.50
AVNW,Aviat Networks Inc.,0.000,1,,0.01,$19.92,$13.92,43.10,$27.02
STKL-OLD,SunOpta Inc.,0.000,1,,0.01,$6.50,$3.32,95.78,$6.94
J,Jacobs Solutions Inc.,0.000,1,,0.01,$143.90,$105.09,36.93,$166.66
CBT,Cabot Corp.,0.000,1,,0.03,$79.87,$56.94,40.27,$94.00
PBFS,Pioneer Bancorp Inc.,0.000,1,,0.04,$18.26,$12.64,44.46,$19.91
CNS,Cohen & Steers Inc.,0.000,1,,0.00,$74.17,$56.80,30.58,$86.56
METCB,Ramaco Resources Inc B,0.000,1,,0.01,$5.69,$5.64,0.89,$21.24
REG,Regency Centers Corp.,0.000,1,,0.04,$74.61,$64.44,15.78,$82.82
STRW,Strawberry Fields Reit Inc,0.000,1,,0.01,$14.01,$10.71,30.81,$14.75
XCEM,Columbia Em Core Ex China,0.000,1,,0.01,$50.69,$34.59,46.55,$55.43
WYFI,Whitefiber Inc,0.000,1,,0.01,$17.77,$10.51,69.08,$46.87
RTLLF,Rational Ag,0.000,1,,0.02,$695.20,$673.93,3.16,$859.22
SLF,Sun Life Financial Inc.,0.000,1,,0.00,$80.23,$55.24,45.24,$83.64
AIRJ,Airjoule Technologies Corp,0.000,1,,0.01,$4.16,$2.22,87.39,$6.75
SLP,Simulations Plus Inc.,0.000,1,,0.03,$18.42,$11.09,66.10,$21.01
NTAP,NetApp Inc.,0.000,1,,0.01,$190.58,$92.93,105.08,$209.06
UMH,UMH Properties Inc.,0.000,1,,0.02,$15.66,$13.17,18.91,$16.77
LRN,Stride Inc.,0.000,1,,0.02,$82.60,$60.61,36.28,$161.81
COUR,Coursera Inc,0.000,1,,0.01,$5.37,$5.00,7.40,$12.32
STNG,Scorpio Tankers Inc.,0.000,1,,0.03,$85.50,$48.08,77.83,$86.37
TWI,Titan International Inc.,0.000,1,,0.01,$7.16,$6.37,12.40,$11.70
HOMB,Home Bancshares Inc.,0.000,1,,0.02,$30.08,$25.28,18.99,$31.54
CATH,Global X S&P 500 Catholic Values ETF,0.000,1,,0.01,$90.63,$75.37,20.25,$93.05
XGN,Exagen Inc.,0.000,1,,0.00,$7.15,$2.59,176.06,$12.23
BBY,Best Buy Co. Inc.,0.000,1,,0.00,$94.44,$54.38,73.67,$94.44
DVDCF,Davide Campari-Milano S.p.A.,0.000,1,,0.01,$6.86,$6.07,13.01,$7.78
FVR,Frontview Reit Inc,0.000,1,,0.02,$18.22,$12.39,47.05,$22.29
FULT,Fulton Financial Corp.,0.000,1,,0.01,$23.81,$16.16,47.34,$25.23
ESS,Essex Property Trust,0.000,1,,0.04,$274.77,$233.85,17.50,$303.35
ARM,Arvinmeritor Inc.,0.000,1,,0.01,$241.50,$100.02,141.45,$452.70
TRS,TriMas Corp.,0.000,1,,0.02,$38.30,$30.34,26.24,$45.38
JOUT,Johnson Outdoors Inc.,0.000,1,,0.01,$44.67,$34.91,27.96,$53.16
COPX,Global X Copper Miners ETF,0.000,1,,0.00,$85.83,$50.96,68.43,$99.65
MATV,Mativ Holdings Inc.,0.000,1,,0.00,$12.05,$7.01,71.90,$15.02
AMBQ,Ambiq Micro Inc,0.000,1,,0.04,$60.01,$22.12,171.29,$91.61
AVBH,Avidbank Holdings Inc,0.000,1,,0.02,$31.73,$24.03,32.04,$34.18
CDRE,Cadre Holdings Inc,0.000,1,,0.01,$28.42,$25.65,10.80,$48.44
BG,Bunge Global SA,0.000,1,,0.04,$120.31,$74.11,62.34,$134.02
PACK,Ranpak Holdings Corp. CL A,0.000,1,,0.01,$3.94,$3.22,22.36,$7.81
REXR,Rexford Industrial Realty Inc.,0.000,1,,0.03,$38.34,$31.48,21.79,$42.76
SSPPF,Ssp Group Plc,0.000,1,,0.02,$2.54,$1.67,52.10,$2.55
AKTS,Aktis Oncology Inc,0.000,1,,0.02,$22.96,$14.72,55.98,$34.19
PRGO,Perrigo Co.,0.000,1,,0.04,$13.84,$8.81,57.09,$20.70
JJSF,J & J Snack Foods,0.000,1,,0.03,$83.13,$68.16,21.96,$103.78
BLLN,Billiontoone Inc Cl A,0.000,1,,0.02,$101.40,$61.96,63.65,$150.44
FMC,FMC Corp.,0.000,1,,0.04,$11.11,$9.95,11.66,$37.35
JOBY,Joby Aviation Inc.,0.000,1,,0.03,$6.30,$6.20,1.61,$19.98
SYNA,Synaptics Inc.,0.000,1,,0.02,$95.68,$58.28,64.17,$149.11
SBCF,Seacoast Banking Corp. of Florida,0.000,1,,0.04,$34.38,$28.07,22.48,$36.27
GPRK,Geopark Ltd,0.000,1,,0.00,$11.41,$5.68,100.88,$13.13
TITN,Titan Machinery Inc.,0.000,1,,0.03,$24.09,$13.21,82.36,$26.90
ATAT,Atour Lifestyle Holdings ADR,0.000,1,,0.00,$32.59,$30.78,5.88,$42.49
GH,Guardant Health Inc.,0.000,1,,0.04,$165.27,$53.40,209.49,$176.58
EXEL,Exelixis Inc.,0.000,1,,0.00,$56.35,$33.76,66.91,$59.72
DLG.MI,De'Longhi SPA,0.000,1,,0.02,,,,
PIFYF,Pine Cliff Energy Ltd,0.000,1,,0.03,$0.38,$0.35,8.57,$0.65
UFCS,United Fire Group Inc.,0.000,1,,0.00,$55.56,$29.21,90.21,$56.74
BFLY,Butterfly Network Inc,0.000,1,,0.03,$7.39,$1.52,386.18,$10.05
JBHT,J.B. Hunt Transport Services Inc.,0.000,1,,0.00,$273.18,$129.06,111.67,$299.26
ASX,Ase Technology Holding ADR,0.000,1,,0.01,$37.33,$10.82,245.01,$45.27
TRN,Trinity Industries,0.000,1,,0.03,$28.15,$24.06,17.00,$38.31
KVHI,KVH Industries Inc.,0.000,1,,0.00,$7.07,$5.09,38.90,$13.00
FLYX.WS,Eg Acquisition Corp A WTS28,0.000,1,,0.00,,,,
SIL,Global X Silver Miners ETF,0.000,1,,0.00,$93.34,$61.06,52.87,$119.08
OIS,Oil States International Inc.,0.000,1,,0.03,$8.36,$5.50,52.00,$14.50
MTRX,Matrix Service Co.,0.000,1,,0.02,$10.04,$9.70,3.51,$15.97
XLF,Financial Select Sector SPDR,0.000,1,,0.00,$56.93,$47.50,19.85,$58.60
AMRC,Ameresco Inc. CL A,0.000,1,,0.03,$22.75,$18.38,23.78,$44.93
VNQ,Vanguard Real Estate ETF,0.000,1,,0.00,$94.52,$85.39,10.69,$101.80
BIRK,Birkenstock Holding Plc,0.000,1,,0.01,$30.87,$30.25,2.05,$50.73
TEO,Telecom Argentina S.A.,0.000,1,,0.04,$13.68,$6.29,117.49,$16.34
CAE,CAE Inc.,0.000,1,,0.04,$24.32,$22.76,6.85,$34.24
SBGI,Sinclair Broadcast Group Inc.,0.000,1,,0.00,$14.42,$11.82,22.00,$16.69
TFII,Tfi International Inc,0.000,1,,0.02,$131.28,$79.64,64.84,$167.14
ALH,Alliance Laundry Holdings In,0.000,1,,0.00,$21.23,$18.64,13.89,$28.23
HSBC,HSBC Holdings plc,0.000,1,,0.01,$104.03,$61.80,68.33,$107.43
JBL,Jabil Inc.,0.000,1,,0.01,$303.64,$189.46,60.27,$428.84
SMBK,SmartFinancial Inc.,0.000,1,,0.02,$52.14,$32.74,59.25,$54.14
NVMI,Nova Ltd,0.000,1,,0.01,$338.77,$266.43,27.15,$615.99
KOD,Kodiak Sciences Inc.,0.000,1,,0.01,$33.18,$8.91,272.39,$47.84
TALK-OLD,Talkspace Inc.,0.000,1,,0.01,$5.25,$2.49,110.84,$5.25
CCRN-OLD,Cross Country Healthcare,0.000,1,,0.02,$13.25,$7.43,78.33,$14.99
ASR,Grupo Aeroportuario Sure SA de CV,0.000,1,,0.00,$252.23,$249.58,1.06,$374.42
EIKN,Eikon Therapeutics Inc,0.000,1,,0.00,$9.30,$7.90,17.72,$17.40
TDUP,ThredUp Inc.,0.000,1,,0.00,$2.72,$2.48,9.68,$11.08
OOMA,Ooma Inc.,0.000,1,,0.00,$22.86,$9.79,133.50,$26.19
PNR,Pentair plc,0.000,1,,0.04,$56.38,$56.18,0.36,$112.57
WILLF,Demant A s,0.000,1,,0.02,$45.55,$28.08,62.22,$45.55
SRRK,Scholar Rock Holding Corp.,0.000,1,,0.02,$52.35,$27.07,93.39,$61.76
FIP,Ftai Infrastructure Inc,0.000,1,,0.02,$3.03,$2.99,1.34,$6.56
CALY,Callaway Golf Co.,0.000,1,,0.02,$15.22,$8.39,81.41,$20.28
TRVG,Trivago Nv ADR,0.000,1,,0.00,$5.78,$2.59,123.17,$6.49
LNTH,Lantheus Holdings Inc.,0.000,1,,0.00,$100.27,$49.67,101.87,$111.86
FLYX,Flyexclusive Inc,0.000,1,,0.04,$1.13,$1.05,7.62,$8.88
ORI,Old Republic International,0.000,1,,0.02,$41.27,$35.16,17.38,$44.32
