Symbol,Stock,%▼,"Ownership
count",Hold Price*,Max %,"Current
Price","52 Week
Low","% Above
52 Week
Low","52 Week
High"
AMZN,Amazon.com Inc.,2.917,34,$238.34,32.21,$262.43,$196.00,33.89,$287.20
GOOG,Alphabet Inc. CL C,2.582,34,$353.33,23.39,$347.86,$236.07,47.35,$403.96
BRK.B,Berkshire Hathaway CL B,2.416,26,$500.39,33.89,$515.62,$464.01,11.12,$537.74
GOOGL,Alphabet Inc.,2.084,36,$357.37,24.55,$351.66,$235.23,49.50,$408.10
MSFT,Microsoft Corp.,1.779,37,$373.02,20.54,$535.07,$348.54,53.52,$549.20
BRK.A,Berkshire Hathaway CL A,1.758,17,$748851.77,42.42,$774295.00,$698000.00,10.93,$806102.81
V,Visa Inc.,1.713,30,$343.09,19.83,$385.45,$292.74,31.67,$386.84
META,Meta Platforms Inc.,1.580,31,$563.30,20.45,$718.67,$519.37,38.37,$779.82
CVNA,Carvana Co.,1.483,7,$65.82,78.85,$63.73,$54.46,17.02,$97.38
MA,Mastercard Inc.,1.419,22,$513.60,20.01,$589.14,$463.04,27.23,$600.32
AAPL,Apple Inc.,1.224,22,$289.36,41.05,$336.64,$242.76,38.67,$345.34
TSM,Taiwan Semiconductor S.A.,0.986,24,$477.55,10.55,$453.31,$264.09,71.65,$487.47
GE,GE Aerospace,0.968,10,$373.73,35.61,$308.20,$268.17,14.93,$388.25
MCO,Moody's Corp.,0.948,17,$452.92,19.14,$464.23,$399.61,16.17,$543.25
JOE,St. Joe Co.,0.932,1,,76.43,$64.86,$45.92,41.25,$73.02
TDG,TransDigm Group Inc.,0.751,6,$1332.04,27.51,$1107.99,$1071.25,3.43,$1463.03
BN,Brookfield Corp.,0.736,9,$42.59,16.29,$37.09,$35.69,3.92,$49.31
SPGI,S&P Global Inc.,0.730,15,$407.26,19.92,$407.82,$360.09,13.26,$521.12
ASML,ASML Holding NV,0.722,9,$1989.38,21.11,$1780.34,$929.28,91.58,$1997.38
NVDA,NVIDIA Corp.,0.720,18,$200.09,9.34,$229.28,$163.90,39.89,$243.37
IBKR,Interactive Brokers Group Inc.,0.706,6,$87.04,33.42,$87.87,$58.70,49.69,$98.66
IEP,Icahn Enterprises,0.658,1,,53.95,$6.56,$5.82,12.71,$7.44
FICO,Fair Isaac Corp.,0.581,8,$1194.78,25.77,$667.58,$586.05,13.91,$1858.91
HCC,Warrior Met Coal Inc.,0.580,3,$81.16,43.32,$93.07,$61.64,50.99,$111.42
LOAR,Loar Holdings Inc,0.575,1,,47.15,$62.07,$53.15,16.78,$83.43
MOH,Molina Healthcare Inc.,0.567,3,$193.75,43.49,$196.93,$121.06,62.67,$244.89
GPI,Group 1 Automotive,0.566,2,$291.17,46.41,$232.01,$227.88,1.81,$458.18
PDD,Pinduoduo Inc.,0.545,4,$76.28,22.17,$81.35,$71.94,13.08,$139.41
UBER,Uber Technologies Inc.,0.521,11,$72.16,12.72,$71.51,$65.41,9.33,$100.35
AMAT,Applied Materials,0.516,12,$723.00,19.48,$507.03,$202.28,150.66,$738.88
C,Citigroup Inc.,0.484,8,$139.96,18.50,$129.64,$91.72,41.34,$147.21
COF,Capital One Financial,0.470,16,$200.62,7.13,$199.26,$173.62,14.77,$256.63
AXP,American Express,0.464,16,$338.24,17.14,$308.17,$288.37,6.87,$383.18
SUNB,Sunbelt Rentals Holdings Inc,0.464,12,$75.05,10.59,$75.17,$60.16,24.95,$85.44
ELV,Elevance Health Inc.,0.457,12,$386.73,9.11,$412.70,$270.87,52.36,$434.35
SNX,SYNNEX Corp.,0.456,4,$267.34,26.38,$273.37,$141.15,93.67,$298.77
CROX,Crocs Inc.,0.443,6,$120.64,27.20,$114.98,$73.21,57.06,$141.28
DIS,Walt Disney Co.,0.432,20,$96.25,9.55,$108.05,$91.48,18.11,$115.42
LULU,Lululemon Athletica Inc.,0.403,4,$176.58,32.35,$94.50,$90.38,4.56,$225.98
CVS,CVS Health Corp.,0.396,10,$103.45,10.63,$86.16,$68.48,25.82,$110.00
EQH,Equitable Holdings Inc.,0.395,5,$43.88,30.38,$52.92,$34.72,52.42,$55.23
SLM,SLM Corp.,0.387,3,$27.27,24.16,$22.52,$17.46,28.98,$30.52
JHG-OLD,Janus Henderson Group,0.385,1,,31.53,$51.98,$37.96,36.93,$53.76
RIG,Transocean Ltd.,0.373,2,$4.89,30.53,$5.51,$3.07,79.48,$7.66
AVGO,Broadcom Inc.,0.368,13,$377.75,10.61,$361.54,$288.98,25.11,$493.32
ICLR,ICON plc,0.358,6,$173.71,11.94,$164.17,$66.57,146.61,$203.91
FERG,Ferguson Enterprises Inc.,0.339,11,$237.33,6.88,$220.04,$212.13,3.73,$268.59
SCHW,Charles Schwab Corp.,0.338,11,$92.27,6.56,$96.70,$83.72,15.50,$114.53
ADI,Analog Devices,0.319,11,$397.17,7.97,$406.19,$220.71,84.04,$444.56
AMR,Alpha Metallurgical Resources Inc.,0.318,1,,26.11,$181.57,$133.64,35.87,$253.82
MKL,Markel Group Inc.,0.309,5,$1953.01,10.89,$1760.74,$1704.17,3.32,$2207.59
UNH,United Health Group Inc.,0.302,17,$415.63,6.05,$379.30,$252.95,49.95,$458.79
TMO,Thermo Fisher Scientific,0.301,11,$501.36,9.81,$658.02,$434.50,51.44,$694.33
KHC,Kraft Heinz Co.,0.299,9,$23.61,12.80,$22.27,$20.34,9.49,$27.65
PYPL,PayPal Holdings Inc.,0.294,8,$43.18,10.61,$55.53,$38.12,45.67,$78.34
RKT,Rocket Companies Inc.,0.290,5,$15.75,11.65,$11.48,$10.99,4.46,$24.36
CVI,CVR Energy Inc.,0.289,1,,23.73,$58.02,$19.50,197.54,$61.09
VFC,V.F. Corp.,0.287,2,$16.68,23.36,$15.00,$12.46,20.39,$22.00
BABA,Alibaba Group Holdings,0.281,9,$95.98,16.92,$111.37,$91.99,21.07,$180.84
CAT,Caterpillar Inc.,0.275,6,$1064.90,19.65,$800.47,$486.92,64.39,$1071.47
CNH,CNH Industrial NV,0.271,5,$11.23,17.11,$11.39,$8.91,27.83,$14.46
WM,Waste Management Inc.,0.267,3,$222.88,17.30,$208.83,$190.92,9.38,$246.06
ORLA-OLD,Orla Mining Ltd,0.264,3,$9.73,21.55,$9.45,$8.43,12.10,$21.95
CP,Canadian Pacific Kansas City,0.261,7,$86.65,7.44,$84.46,$67.83,24.52,$96.69
LYV,Live Nation Inc.,0.257,8,$183.11,7.69,$170.33,$125.34,35.89,$189.25
APP,Applovin Corp.,0.257,4,$515.25,14.50,$277.04,$266.84,3.82,$738.01
ASH,Ashland Global Holdings Inc.,0.256,2,$65.89,17.47,$70.57,$45.84,53.95,$77.80
GM,General Motors,0.255,7,$77.08,11.46,$82.73,$53.87,53.57,$91.66
LEN,Lennar Corp.,0.255,4,$90.49,11.82,$76.69,$73.27,4.67,$130.83
BKNG,Booking Holdings Inc.,0.252,6,$178.24,8.46,$160.34,$149.40,7.32,$219.22
RPRX,Royalty Pharma plc,0.250,3,$56.07,8.82,$56.93,$34.56,64.73,$64.38
VRT,Vertiv Holdings Co.,0.250,3,$334.82,20.37,$242.78,$147.72,64.35,$379.76
NFLX,Netflix Inc.,0.248,11,$71.40,5.41,$70.30,$65.08,8.02,$124.86
CNI,Canadian Natl Railway Co.,0.247,6,$119.24,17.95,$117.78,$88.62,32.90,$130.84
DHR,Danaher Corp.,0.245,12,$190.48,7.64,$219.81,$160.31,37.12,$241.35
BAC,Bank of America Corp.,0.244,15,$56.98,9.20,$54.32,$45.64,19.02,$64.89
BDX,Becton Dickinson,0.238,7,$151.33,9.93,$183.75,$124.46,47.64,$191.94
QSR,Restaurant Brands International,0.238,3,$72.51,9.62,$70.95,$62.26,13.96,$81.15
GRBK,Green Brick Partners,0.237,2,$80.04,19.39,$62.86,$60.44,4.00,$83.18
CRM,Salesforce.com,0.235,10,$156.66,8.33,$229.13,$146.06,56.87,$267.80
AZN,AstraZeneca PLC,0.233,3,$187.18,19.03,$159.20,$90.90,75.14,$209.12
KKR,KKR & Co. L.P.,0.231,7,$91.78,8.95,$90.95,$82.35,10.44,$144.02
WFC,Wells Fargo,0.225,14,$82.64,3.11,$83.55,$72.36,15.46,$96.18
YETI,YETI Holdings Inc.,0.224,2,$49.56,18.33,$39.79,$31.66,25.68,$53.99
SGOV,Ishares 0 3 Month Treasury B,0.220,4,$100.67,10.59,$100.51,$96.89,3.74,$100.52
CACC,Credit Acceptance Corp.,0.220,2,$636.74,18.01,$547.60,$401.90,36.25,$668.86
RACE,Ferrari NV,0.216,4,$370.77,7.71,$389.91,$308.95,26.20,$437.15
PM,Philip Morris Intl.,0.212,10,$180.91,9.18,$201.19,$137.25,46.59,$205.99
SOLV,Solventum Corp,0.210,4,$77.15,15.02,$87.29,$62.38,39.93,$94.16
WBD-OLD,Warner Bros. Discovery Inc.,0.209,5,$26.66,11.68,$30.99,$17.08,81.44,$30.99
LAD,Lithia Motors Inc.,0.207,6,$290.49,13.20,$290.24,$238.86,21.51,$438.67
TXN,Texas Instruments,0.206,14,$298.07,3.93,$283.74,$150.20,88.91,$332.33
OMF,OneMain Holdings,0.200,4,$60.97,10.08,$56.07,$44.20,26.86,$68.16
EGO,Eldorado Gold Corp.,0.197,1,,16.18,$37.66,$24.30,54.98,$50.88
CPNG,Coupang Inc.,0.196,8,$17.37,6.89,$15.82,$13.35,18.50,$32.70
TKO,TKO Group Holdings Inc.,0.196,1,,16.07,$178.01,$171.19,3.98,$224.23
IFF,International Flavors & Fragrances Inc.,0.194,5,$79.22,5.43,$84.55,$57.85,46.15,$88.89
OXY,Occidental Petroleum,0.192,4,$48.57,7.02,$60.11,$38.26,57.11,$66.83
AON,Aon Plc,0.191,10,$331.69,4.91,$273.47,$266.33,2.68,$381.47
FWONK,Liberty Media Corp Formula One Series C,0.191,3,$95.14,7.73,$94.04,$80.15,17.33,$107.31
GXO,Gxo Logistics Inc.,0.189,1,,15.46,$46.56,$43.61,6.76,$66.85
EPD,Enterprise Products Partners LP,0.188,6,$36.76,13.46,$36.08,$28.18,28.03,$39.69
APTV,Aptiv PLC,0.187,2,$61.38,14.51,$43.80,$42.56,2.91,$78.49
AER,AerCap Holdings N.V.,0.185,3,$145.78,7.16,$144.72,$117.76,22.89,$158.38
ALC,Alcon Inc.,0.185,2,$67.33,15.19,$64.11,$61.84,3.67,$87.22
PEP,PepsiCo Inc.,0.184,12,$135.40,5.27,$125.97,$123.47,2.02,$166.41
MU,Micron Technology Inc.,0.184,5,$1154.29,15.06,$1029.00,$179.43,473.48,$1254.81
CMCSA,Comcast Corp.,0.183,14,$24.55,3.15,$20.66,$20.48,0.88,$31.55
LLY,Eli Lilly & Co.,0.183,7,$1199.42,6.89,$1179.27,$778.93,51.40,$1292.65
KO,Coca Cola Co.,0.182,9,$81.27,10.86,$88.05,$64.29,36.96,$91.94
BLK,BlackRock Inc.,0.181,6,$961.57,9.93,$1082.39,$907.59,19.26,$1194.41
DASH,DoorDash Inc.,0.181,4,$184.53,7.46,$196.50,$143.30,37.12,$285.50
PVH,PVH Corp.,0.179,4,$74.26,9.92,$81.35,$59.55,36.61,$100.69
HGV,Hilton Grand Vacations Inc.,0.177,2,$52.37,14.48,$34.53,$33.99,1.59,$55.40
SIRI,SiriusXM Holdings Inc,0.175,5,$29.54,5.59,$26.51,$19.15,38.43,$32.37
ICE,Intercontinental Exchange Inc.,0.174,6,$123.11,4.90,$156.19,$121.39,28.67,$174.25
BAYRY,Bayer Ag Sponsored ADR,0.172,1,,14.12,$12.07,$7.46,61.80,$15.23
ACN,Accenture,0.170,12,$124.44,4.86,$209.06,$116.75,79.07,$285.21
BAX,Baxter International Inc.,0.170,7,$21.32,4.09,$24.35,$15.72,54.90,$29.99
CCL,Carnival Corp.,0.170,2,$28.57,12.78,$26.35,$21.45,22.84,$33.49
TOL,Toll Brothers,0.169,4,$164.75,10.71,$133.13,$122.69,8.51,$167.43
TRMD,Torm Plc,0.169,2,$25.79,13.87,$39.94,$16.70,139.16,$41.55
OKTA,Okta Inc.,0.168,1,,13.80,$232.13,$62.66,270.46,$232.98
TSLA,Tesla Inc.,0.167,6,$420.60,7.44,$382.70,$297.38,28.69,$498.83
DG,Dollar General,0.167,5,$115.11,8.66,$127.23,$93.32,36.34,$155.91
IONS,Ionis Pharmaceuticals Inc.,0.167,1,,13.70,$45.28,$42.63,6.22,$86.74
ROP,Roper Technologies Inc.,0.165,4,$338.39,7.80,$364.09,$304.43,19.60,$515.87
ORCL,Oracle Corp.,0.164,14,$146.55,4.51,$141.40,$114.08,23.95,$318.28
APH,Amphenol Corp.,0.164,7,$88.16,8.29,$87.24,$58.82,48.32,$89.93
SPOT,Spotify Technology S.A.,0.163,7,$459.13,4.96,$529.14,$405.00,30.65,$700.12
KEX,Kirby Corp.,0.161,1,,13.22,$136.25,$79.52,71.34,$157.69
PG,Procter & Gamble,0.160,9,$146.64,4.38,$151.23,$134.62,12.34,$164.77
GIL,Gildan Activewear Inc.,0.160,1,,13.10,$41.97,$39.93,5.11,$72.73
AJG,Arthur J. Gallagher & Co.,0.159,6,$229.57,6.43,$232.70,$189.61,22.73,$302.18
XRAY,DENTSPLY SIRONA Inc.,0.159,3,$10.61,12.18,$8.83,$8.38,5.37,$14.76
PFE,Pfizer Inc.,0.158,10,$24.08,3.07,$28.28,$22.57,25.30,$29.21
USB,U.S. Bancorp,0.157,6,$60.41,5.56,$57.08,$43.35,31.67,$65.46
ADP,Automatic Data Processing Inc.,0.157,6,$223.95,4.93,$270.88,$185.56,45.98,$286.17
VMC,Vulcan Materials,0.157,6,$295.01,5.62,$244.58,$237.03,3.19,$329.20
MDLN,Medline Inc Cl A,0.157,4,$39.44,6.28,$36.26,$31.49,15.15,$50.88
INTU,Intuit Inc.,0.156,8,$261.00,6.62,$302.75,$250.56,20.83,$679.59
SHW,Sherwin-Williams,0.155,7,$344.32,4.50,$319.36,$289.19,10.43,$375.09
NEM,Newmont Corp.,0.155,4,$93.40,6.25,$117.84,$75.34,56.41,$135.01
SGI,Somnigroup International Inc.,0.155,2,$78.40,8.30,$62.19,$60.08,3.51,$97.86
EXE,Expand Energy Corp.,0.154,1,,12.64,$88.22,$83.25,5.97,$124.43
HD,Home Depot,0.153,10,$352.68,5.61,$290.74,$277.15,4.90,$389.18
GEHC,GE HealthCare Technologies Inc.,0.153,8,$64.01,4.67,$65.74,$58.72,11.96,$89.64
EG,Everest Group Ltd,0.153,4,$357.23,11.28,$368.37,$295.27,24.76,$398.90
DE,Deere & Co.,0.152,7,$634.33,6.56,$620.93,$428.12,45.04,$719.50
CRH,CRH plc,0.152,5,$107.00,5.14,$81.54,$80.13,1.76,$130.09
UHAL.B,U Haul Holding Co Non Voting,0.152,4,$57.70,4.42,$50.37,$39.55,27.36,$66.84
ALK,Alaska Air Group,0.151,2,$52.20,10.58,$39.36,$33.03,19.16,$60.63
WAT,Waters Corp.,0.150,8,$375.04,6.25,$433.77,$282.77,53.40,$454.54
MSI,Motorola Solutions Inc.,0.148,8,$415.29,5.63,$444.18,$356.42,24.62,$493.57
TRU,TransUnion,0.148,3,$72.14,5.94,$65.48,$60.96,7.41,$88.68
INTC,Intel Corp.,0.147,7,$139.63,4.62,$104.70,$32.89,218.33,$142.35
JPM,JPMorgan Chase & Co.,0.146,15,$327.33,3.54,$332.99,$275.06,21.06,$364.68
HEI.A,HEICO Corp. CL A,0.146,4,$257.91,6.38,$223.05,$199.25,11.94,$279.52
UNP,Union Pacific,0.145,11,$272.00,5.95,$278.34,$211.08,31.86,$314.53
SW,Smurfit Westrock Plc,0.143,3,$46.26,7.56,$41.29,$31.79,29.88,$51.52
PPLI,People Inc.,0.143,3,$46.16,7.54,$40.89,$29.56,38.33,$48.32
FBIN,Fortune Brands Innovations Inc.,0.141,5,$54.90,4.83,$39.01,$31.92,22.21,$63.70
RBC,RBC Bearings Inc.,0.141,2,$644.06,10.70,$503.68,$364.50,38.18,$667.69
PGR,Progressive Corp.,0.140,7,$218.45,4.79,$217.43,$187.70,15.84,$239.26
OSK,Oshkosh Corp.,0.140,5,$153.48,6.69,$125.23,$115.83,8.12,$178.55
ET,Energy Transfer LP,0.140,4,$19.12,7.18,$20.41,$15.10,35.17,$21.84
SN,Sharkninja Inc,0.139,5,$152.27,10.67,$184.98,$83.12,122.55,$194.54
SYK,Stryker Corp.,0.139,4,$314.84,6.72,$277.33,$266.16,4.20,$388.25
KOF,Coca-Cola FEMSA S A CV,0.138,3,$106.25,9.34,$109.86,$76.87,42.92,$115.93
EQT,EQT Corp.,0.137,3,$53.17,6.19,$52.83,$47.79,10.55,$67.84
LRCX,Lam Research,0.136,7,$433.33,5.72,$318.84,$130.42,144.47,$438.03
BA,Boeing Co.,0.136,6,$216.47,3.38,$190.37,$176.77,7.69,$254.35
JNJ,Johnson & Johnson,0.135,12,$253.97,3.96,$261.44,$180.59,44.77,$281.07
DB,Deutsche Bank AG,0.135,4,$33.86,10.80,$33.68,$27.13,24.14,$41.62
MAT,Mattel Inc.,0.135,2,$13.88,8.92,$16.69,$12.40,34.60,$22.48
BLDR,Builders FirstSource Inc.,0.134,6,$89.48,5.60,$52.85,$52.06,1.52,$131.50
UAA,Under Armour Inc.,0.134,1,,10.98,$4.93,$4.13,19.37,$8.15
TEL,TE Connectivity plc,0.133,8,$201.61,3.93,$218.29,$189.53,15.17,$250.61
QCOM,QUALCOMM Inc.,0.133,7,$184.79,3.66,$175.50,$120.88,45.19,$257.56
SLB,Schlumberger Ltd.,0.132,8,$46.49,4.36,$48.95,$30.88,58.52,$60.15
DHI,D.R. Horton,0.132,4,$162.88,6.59,$134.88,$130.96,2.99,$170.28
BFAM,Bright Horizons Family Solutions Inc.,0.132,2,$70.88,8.28,$69.45,$57.63,20.51,$109.86
CB,Chubb Limited,0.131,6,$340.74,4.79,$341.20,$262.07,30.19,$364.81
PHM,PulteGroup Inc.,0.131,3,$137.21,8.64,$112.12,$108.02,3.80,$143.57
FISV,Fiserv Inc.,0.130,9,$49.05,2.79,$45.63,$43.87,4.01,$128.78
CBRE,CBRE Group,0.130,7,$134.69,3.67,$130.80,$121.69,7.49,$174.27
RYN,Rayonier Inc.,0.129,1,,10.54,$18.98,$17.71,7.17,$23.97
AIIR,Air Holdings Ltd,0.129,1,,10.61,$7.44,$5.29,40.64,$13.37
TSN,Tyson Foods,0.128,6,$57.25,3.11,$53.43,$48.84,9.40,$68.27
NCLH,Norwegian Cruise Line Hlgs Ltd.,0.128,3,$21.11,4.23,$15.57,$13.63,14.23,$25.13
FLG,Flagstar Financial Inc.,0.127,2,$14.94,9.62,$11.32,$10.54,7.40,$15.43
GEV,Ge Vernova Inc,0.126,10,$1174.86,3.91,$1004.73,$529.18,89.87,$1195.94
TDS,Telephone & Data Systems,0.125,2,$37.01,5.17,$33.53,$31.48,6.51,$49.02
HHH,Howard Hughes Holdings Inc.,0.125,1,,10.23,$73.73,$60.09,22.70,$91.07
SE,Sea Ltd,0.124,8,$95.83,5.02,$95.25,$77.05,23.62,$189.78
TDW,Tidewater Inc.,0.124,3,$66.63,9.95,$85.42,$46.65,83.11,$101.58
ZS,Zscaler Inc.,0.124,1,,10.18,$233.73,$114.63,103.90,$336.99
NOW,ServiceNow Inc.,0.123,6,$99.28,4.59,$140.86,$81.24,73.39,$192.97
CI,Cigna Group,0.122,7,$275.68,2.67,$282.43,$234.20,20.59,$304.44
EFX,Equifax Inc.,0.121,9,$158.73,2.27,$145.78,$137.01,6.40,$236.24
FDX,FedEx Corp.,0.120,7,$313.13,3.18,$291.71,$176.88,64.92,$342.73
APD,Air Products & Chemicals,0.118,7,$293.18,3.96,$281.26,$223.18,26.02,$312.82
CSGP,CoStar Group Inc.,0.118,4,$28.32,6.49,$29.67,$25.89,14.60,$79.08
EWBC,East West Bancorp,0.118,1,,9.68,$125.53,$90.34,38.95,$137.47
URI,United Rentals,0.116,6,$1132.89,5.14,$1056.37,$698.94,51.14,$1177.15
ABNB,Airbnb Inc.,0.116,5,$143.10,3.59,$165.87,$110.81,49.69,$193.45
RYAN,Ryan Specialty Holdings Inc,0.116,2,$37.76,9.09,$37.01,$29.07,27.31,$58.29
MRK,Merck & Co.,0.115,10,$128.49,4.43,$145.60,$79.67,82.75,$156.00
MRSH,Marsh,0.115,6,$166.67,3.98,$175.76,$154.82,13.53,$203.37
TECH,Bio-Techne Corp.,0.115,5,$70.65,3.68,$72.46,$43.07,68.24,$72.69
ACHC,Acadia Healthcare Co.,0.114,2,$29.53,6.00,$29.25,$11.43,155.91,$35.83
EVH,Evolent Health Inc.,0.114,1,,9.34,$4.04,$2.10,92.38,$8.33
IDXX,IDEXX Laboratories,0.110,6,$526.44,3.93,$518.00,$500.61,3.47,$769.98
GPC,Genuine Parts,0.110,6,$117.98,6.13,$127.02,$89.11,42.54,$147.43
REGN,Regeneron Pharmaceuticals,0.110,3,$623.54,4.95,$746.54,$538.24,38.70,$859.34
VTRS,Viatris Inc.,0.110,3,$15.88,5.13,$17.64,$9.36,88.46,$18.43
NU,Nu Holdings Ltd,0.108,5,$13.36,4.29,$16.12,$11.20,43.93,$18.98
NBR,Nabors Industries Ltd.,0.108,1,,8.85,$80.67,$36.66,120.05,$112.90
FRPT,Freshpet Inc.,0.108,1,,8.87,$64.07,$46.45,37.93,$86.00
ZBH,Zimmer Biomet Holdings,0.107,7,$86.09,3.36,$89.14,$78.70,13.27,$105.75
DECK,Deckers Outdoor,0.107,2,$99.29,7.52,$82.89,$77.20,7.37,$122.29
LIN,Linde plc,0.106,7,$518.94,4.94,$483.73,$384.00,25.97,$546.40
CFRHF,Compagnie Financiere Richemont SA,0.106,1,,8.67,$200.86,$158.90,26.41,$247.85
MELI,Mercadolibre Inc.,0.105,7,$1697.39,5.10,$1889.85,$1495.00,26.41,$2428.00
DCH,Dauch Corp.,0.105,3,$5.42,3.97,$5.67,$4.92,15.24,$9.25
SYF,Synchrony Financial,0.105,3,$76.05,7.84,$72.80,$62.56,16.37,$87.67
CVX,Chevron Corp.,0.104,11,$165.76,4.67,$211.98,$142.51,48.75,$217.78
WTW,Willis Towers Watson plc,0.104,5,$261.37,3.44,$296.26,$238.94,23.99,$350.34
WEN,Wendy's Co.,0.104,4,$8.29,5.97,$6.23,$5.94,4.88,$9.51
DVN,Devon Energy Corp.,0.103,5,$41.32,4.49,$48.26,$30.69,57.25,$52.00
TFX,Teleflex,0.103,3,$126.76,4.91,$125.12,$99.39,25.89,$144.64
CGNX,Cognex Corp.,0.103,2,$72.42,7.60,$62.92,$34.45,82.64,$72.78
CPRT,Copart Inc.,0.102,6,$28.19,4.41,$27.32,$26.39,3.52,$45.89
AMD,Advanced Micro Devices,0.101,6,$580.91,5.12,$608.10,$188.22,223.08,$658.52
FCNCA,First Citizens Bancshares,0.101,3,$2080.78,5.32,$2068.39,$1617.01,27.91,$2294.10
VST,Vistra Corp.,0.101,3,$158.63,4.70,$161.48,$132.26,22.09,$215.85
CNX,CNX Resources Corp.,0.101,1,,8.25,$34.03,$30.78,10.56,$43.62
UPS,United Parcel Service,0.100,7,$107.50,2.95,$94.57,$76.95,22.90,$116.86
MDT,Medtronic plc,0.100,7,$78.23,2.76,$88.48,$72.06,22.79,$102.92
BCC,Boise Cascade Company,0.100,3,$77.63,7.47,$73.57,$64.38,14.27,$91.16
ABM,ABM Industries,0.099,5,$44.24,7.10,$49.63,$36.23,36.99,$50.98
ORLY,O'Reilly Automotive,0.099,4,$92.09,3.90,$86.45,$82.59,4.67,$104.06
CNQ,Canadian Natural Resources,0.098,3,$39.50,8.04,$49.65,$28.47,74.39,$51.85
ABG,Asbury Automotive Group Inc.,0.098,2,$201.08,7.91,$167.60,$164.34,1.98,$258.75
EWY,iShares MSCI South Korea ETF,0.097,2,$201.90,6.55,$177.24,$78.86,124.75,$220.89
CR,Crane Co,0.097,2,$223.07,7.82,$204.75,$159.16,28.64,$230.22
BMY,Bristol-Myers Squibb,0.096,8,$57.62,2.88,$59.12,$40.71,45.22,$67.94
MGM,MGM Resorts International,0.096,4,$47.81,4.91,$29.27,$29.19,0.27,$51.59
MLM,Martin Marietta,0.096,3,$576.70,4.56,$478.35,$470.19,1.74,$707.94
GPN,Global Payments Inc.,0.095,4,$72.56,2.49,$82.20,$60.75,35.31,$95.61
AEM,Agnico-Eagle Mines Ltd.,0.094,3,$155.15,6.22,$189.02,$134.08,40.98,$254.05
APG,APi Group Corp.,0.094,3,$42.35,5.00,$40.32,$33.52,20.29,$49.99
URBN,Urban Outfitters Inc.,0.094,1,,7.72,$82.18,$59.54,38.02,$85.43
AU,AngloGold Ashanti Ltd.,0.093,3,$80.90,6.81,$94.16,$59.78,57.51,$124.69
NOMD,Nomad Foods Ltd,0.093,1,,7.61,$11.08,$8.86,25.06,$12.66
HKHHF,Heineken Holding NV,0.093,1,,7.61,$73.59,$64.00,14.98,$84.80
AVTR,Avantor Inc.,0.091,5,$9.90,2.82,$15.67,$7.27,115.54,$16.38
KLAC,KLA Corp.,0.091,3,$301.71,5.78,$195.57,$97.57,100.44,$307.03
MAR,Marriott Int'l.,0.090,4,$370.59,7.02,$365.88,$254.64,43.69,$410.15
MEDP,Medpace Holdings Inc.,0.090,4,$529.59,4.52,$612.05,$373.00,64.09,$677.90
HUM,Humana Inc.,0.090,2,$397.22,5.13,$431.87,$161.90,166.75,$456.50
ARES,Ares Management LP,0.090,2,$111.31,6.45,$117.22,$92.59,26.60,$173.99
HUT,Hut 8 Corp,0.090,2,$115.44,4.07,$84.27,$31.67,166.09,$140.80
GTX,Garrett Motion Inc.,0.090,2,$36.23,7.28,$26.24,$12.09,117.04,$36.14
GWRE,Guidewire Software Inc.,0.089,1,,7.27,$167.32,$102.30,63.56,$255.89
BNY,Bank of New York Mellon Corp.,0.088,10,$144.61,2.21,$142.71,$101.34,40.82,$165.84
KMX,CarMax Inc.,0.088,5,$52.89,3.50,$52.61,$30.26,73.86,$65.28
ECL,Ecolab Inc.,0.088,4,$278.61,4.22,$281.83,$241.85,16.53,$306.79
Q,Qnity Electronics Inc.,0.088,3,$163.31,7.23,$126.60,$72.62,74.33,$177.16
SHOP,Shopify Inc.,0.088,3,$114.18,4.50,$170.85,$94.00,81.76,$182.19
DLTR,Dollar Tree Inc.,0.088,1,,7.25,$118.64,$85.88,38.15,$142.40
YNDX,Yandex N.V.,0.088,1,,7.19,$20.00,$14.09,41.94,$20.36
BL,BlackLine Inc.,0.088,1,,7.19,$29.77,$24.70,20.53,$59.57
GNRC,Generac Holdings Inc.,0.087,6,$292.81,2.91,$224.94,$134.80,66.87,$296.44
JEF,Jefferies Financial Group Inc.,0.087,4,$49.98,3.44,$44.38,$35.00,26.80,$65.11
FLR,Fluor Corp.,0.087,2,$52.39,6.24,$50.68,$39.33,28.86,$58.35
RUSHA,Rush Enterprises Inc.,0.087,2,$48.65,7.03,$44.52,$30.09,47.96,$55.58
XOM,ExxonMobil Holdings Corp.,0.086,11,$136.72,3.65,$168.94,$107.28,57.48,$174.09
STX,Seagate Technology,0.086,3,$965.00,5.90,$783.00,$207.78,276.84,$1143.27
ALLY,Ally Financial Inc.,0.085,4,$45.95,4.78,$37.59,$35.43,6.10,$46.96
TOST,Toast Inc.,0.085,2,$27.82,6.98,$31.31,$22.26,40.66,$39.73
GDS,GDS Holdings Ltd,0.085,2,$30.03,4.92,$30.97,$26.97,14.83,$48.61
CEG,Constellation Energy Corp.,0.085,2,$248.37,3.97,$298.07,$228.28,30.57,$410.41
ABT,Abbott Labs,0.084,7,$90.74,3.98,$99.60,$81.39,22.37,$131.46
RTX,RTX Corp.,0.084,7,$189.73,3.49,$185.97,$153.36,21.26,$226.41
PFGC,Performance Food Group,0.084,4,$111.79,4.00,$94.88,$80.82,17.40,$117.48
QXO,Qxo Inc,0.084,3,$17.28,4.10,$10.81,$10.75,0.56,$27.61
MGA,Magna International Inc.,0.084,3,$91.94,6.54,$63.99,$41.73,53.34,$73.22
CTSH,Cognizant Technology Solutions,0.083,6,$38.73,3.02,$59.20,$36.86,60.61,$85.48
GTN,Gray Television Inc.,0.083,1,,6.80,$4.54,$3.49,30.09,$6.20
KEYS,Keysight Technologies Inc.,0.082,5,$350.07,4.48,$382.75,$158.79,141.04,$389.93
APO,Apollo Global Management,0.082,3,$118.31,4.46,$118.65,$98.73,20.18,$151.39
JLL,Jones Lang Lasalle Inc.,0.081,5,$309.95,3.28,$299.87,$259.83,15.41,$393.84
INDV,Indivior Pharmaceuticals Inc.,0.081,1,,6.65,$35.83,$27.68,29.44,$42.81
CRS,Carpenter Technology,0.080,3,$616.84,3.63,$385.81,$233.24,65.41,$625.72
CSCO,Cisco Systems,0.079,7,$117.46,5.40,$118.39,$65.60,80.47,$129.38
GSK,GSK plc,0.079,6,$52.42,3.51,$46.50,$41.38,12.37,$60.12
IQV,IQVIA Holdings Inc.,0.079,4,$193.22,3.13,$259.88,$154.50,68.21,$277.40
BIIB,Biogen Inc.,0.079,3,$216.06,3.75,$225.71,$138.00,63.56,$230.49
EBAY,eBay Inc.,0.079,2,$111.75,4.74,$112.19,$77.32,45.10,$118.62
TEVA,Teva Pharmaceutical Industries Ltd.,0.079,2,$33.88,3.97,$41.10,$16.74,145.52,$42.02
RHI,Robert Half International,0.079,2,$30.70,5.93,$33.93,$21.08,60.96,$46.09
ADBE,Adobe Inc.,0.078,10,$205.01,2.57,$242.27,$190.12,27.43,$363.70
MANU,Manchester United plc,0.078,3,$22.93,2.41,$20.51,$14.85,38.11,$24.45
CME,CME Group,0.077,7,$220.83,2.52,$280.56,$217.29,29.12,$318.35
COP,ConocoPhillips,0.077,7,$103.96,2.10,$134.10,$82.95,61.66,$141.62
HTHT,H World Group Ltd ADR,0.077,3,$41.72,5.59,$44.16,$34.95,26.35,$54.14
ZTS,Zoetis Inc.,0.076,5,$71.86,3.03,$74.81,$68.77,8.78,$145.51
BP,BP plc,0.076,4,$36.95,3.65,$46.25,$31.12,48.62,$47.14
AMGN,Amgen,0.076,4,$362.12,3.21,$414.87,$280.23,48.05,$447.03
MCK,McKesson Corp.,0.076,2,$755.61,5.95,$938.84,$722.11,30.01,$996.84
VEEV,Veeva Systems Inc.,0.075,6,$177.47,1.93,$296.13,$148.05,100.02,$302.17
JCI,Johnson Controls Intl. plc,0.075,4,$146.11,4.27,$157.44,$103.24,52.50,$160.41
NSRGY,Nestle,0.075,1,,6.11,$92.13,$87.52,5.27,$107.17
AN,AutoNation Inc.,0.075,1,,6.17,$157.38,$152.86,2.96,$235.81
MSCI,MSCI Inc.,0.074,6,$560.04,3.24,$565.12,$495.54,14.04,$642.47
OLN,Olin Corp.,0.074,4,$19.82,4.83,$14.89,$14.82,0.47,$29.90
MDLZ,Mondelez International,0.074,4,$57.84,5.64,$60.41,$49.90,21.06,$66.07
NYT,New York Times CL A,0.074,3,$69.98,4.55,$66.32,$53.45,24.08,$86.52
MTZ,MasTec Inc.,0.074,2,$416.06,3.42,$212.65,$182.34,16.62,$441.43
ACI,Albertsons Co Inc.,0.074,1,,6.09,$12.19,$10.86,12.25,$19.18
DAL,Delta Air Lines Inc.,0.073,5,$93.66,2.16,$82.17,$54.60,50.49,$95.44
SBUX,Starbucks Corp.,0.073,5,$102.19,3.13,$90.75,$76.05,19.33,$109.88
FTV,Fortive Corp.,0.073,4,$61.09,3.47,$57.26,$47.50,20.55,$64.48
BRZE,Braze Inc A,0.073,2,$21.69,5.99,$29.06,$15.26,90.43,$37.33
VAL,Valaris plc,0.073,1,,5.99,$83.65,$46.70,79.12,$114.12
Z,Zillow Group Inc.,0.072,1,,5.89,$29.01,$26.67,8.77,$79.40
ENTG,Entegris Inc.,0.071,6,$179.86,2.70,$165.79,$67.81,144.49,$186.78
WCC,WESCO International Inc.,0.071,5,$345.38,4.23,$365.69,$206.05,77.48,$388.64
RYAAY,Ryanair Holdings PLC,0.071,3,$64.75,5.59,$54.24,$51.68,4.95,$72.60
HOG,Harley-Davidson,0.071,2,$24.46,5.79,$26.90,$16.84,59.74,$28.66
SPUU,Dir Dai S&P 500 Bu 2x ETF Us,0.071,1,,5.81,$230.97,$154.45,49.54,$232.69
PLGO,Pelagos Insurance Capital,0.071,1,,5.84,$24.28,$17.09,42.07,$26.18
FNF,Fidelity National Financial Inc.,0.070,3,$47.16,3.54,$38.80,$37.88,2.43,$56.47
FIVE,Five Below Inc.,0.070,2,$179.79,3.62,$214.73,$137.77,55.86,$263.88
XYZ,Block Inc.,0.070,2,$76.00,4.26,$77.24,$48.21,60.22,$86.92
OGN,Organon & Co.,0.070,1,,5.72,$13.81,$5.67,143.56,$13.83
NVST,Envista Holdings Corp.,0.069,5,$26.35,2.87,$23.00,$18.77,22.54,$30.42
MCHP,Microchip Technology,0.069,4,$91.20,5.37,$75.55,$47.28,59.79,$104.75
ODFL,Old Dominion Freight Line,0.069,3,$216.60,4.93,$181.97,$125.23,45.31,$251.64
DELL,Dell Technologies Inc.,0.069,3,$431.46,5.68,$586.06,$109.70,434.24,$595.51
MSA,MSA Safety Inc.,0.069,3,$174.58,4.68,$180.71,$149.32,21.02,$207.14
UAN,CVR Partners LP,0.069,1,,5.62,$124.75,$78.61,58.69,$136.82
NOV,Nov Inc.,0.068,4,$18.55,1.98,$18.97,$12.01,57.95,$21.84
WAB,WABTEC Corp.,0.068,3,$269.60,4.93,$285.43,$185.19,54.13,$306.32
MRP,Millrose Properties,0.068,2,$30.05,3.95,$22.36,$21.66,3.23,$31.14
BLMN,Bloomin Brands Inc.,0.068,1,,5.59,$8.60,$5.19,65.70,$12.63
GLD,SPDR Gold Trust,0.067,6,$1293.45,2.35,$384.58,$360.12,6.79,$509.70
CCC,CCC Intelligent Solutions Hldgs Inc.,0.067,2,$5.16,3.02,$7.02,$4.08,72.06,$9.45
UBS,UBS AG,0.066,4,$44.91,2.66,$48.13,$35.38,36.04,$55.99
LYB,LyondellBasell Industries,0.065,3,$52.65,2.87,$60.03,$39.12,53.45,$82.22
MBI,MBIA Inc.,0.065,2,$6.52,4.34,$4.52,$4.19,7.88,$7.87
CRGY,Crescent Energy Inc A,0.065,2,$9.82,4.86,$12.66,$7.46,69.71,$15.47
OZK,Bank OZK,0.065,2,$52.09,3.22,$44.41,$41.16,7.90,$53.18
RGLD,Royal Gold Inc.,0.065,2,$199.61,5.09,$236.23,$167.47,41.06,$304.35
CLF,Cleveland-Cliffs Inc.,0.065,2,$9.39,5.30,$12.98,$7.73,67.92,$16.70
PHYS,Sprott Physical Gold Trust,0.065,2,$30.17,5.29,$31.70,$29.30,8.19,$42.07
PRI,Primerica Inc.,0.065,1,,5.36,$275.29,$227.14,21.20,$325.96
TTMI,TTM Technologies Inc.,0.064,4,$187.02,3.13,$121.01,$53.36,126.78,$223.83
NSC,Norfolk Southern Corp.,0.064,4,$314.59,4.13,$317.79,$273.59,16.16,$357.18
FANG,Diamondback Energy Inc.,0.064,2,$175.78,3.02,$192.13,$133.81,43.58,$216.90
SGU,Star Gas Partners LP,0.064,1,,5.26,$12.99,$10.82,20.06,$13.33
CTRI,Centuri Holdings Inc,0.064,1,,5.25,$20.90,$19.03,9.83,$42.99
TRUP,Trupanion Inc.,0.064,1,,5.28,$26.06,$21.16,23.16,$46.98
SAP,SAP SE,0.063,7,$154.11,2.96,$214.78,$144.97,48.15,$276.54
BIO,Bio-Rad Laboratories Inc.,0.063,3,$293.61,2.39,$366.16,$236.73,54.67,$396.23
NXPI,NXP Semiconductors NV,0.063,3,$281.03,2.48,$227.52,$179.82,26.53,$337.28
UA,Under Armour CL C,0.063,1,,5.18,$4.78,$3.95,21.01,$7.91
BF.B,Brown-Forman Corp.,0.062,5,$26.65,3.33,$26.39,$22.23,18.71,$30.85
LPLA,LPL Financial Holdings Inc.,0.062,4,$281.68,2.10,$330.88,$259.94,27.29,$399.03
PLD,Prologis Inc.,0.062,3,$135.47,2.70,$129.49,$107.65,20.29,$152.14
TLN,Talen Energy Corp,0.062,3,$384.26,3.37,$378.57,$279.77,35.31,$449.84
LNC,Lincoln National,0.062,2,$35.35,5.04,$40.23,$31.06,29.52,$47.14
VGNT,Versigent Plc,0.062,2,$42.01,2.64,$44.19,$26.27,68.21,$50.75
MIR,Mirion Technologies Inc,0.062,2,$17.93,4.24,$16.62,$14.04,18.38,$30.28
AAL,American Airlines Group Inc.,0.062,2,$18.07,3.31,$12.76,$10.09,26.46,$18.79
GPGI,GPGI Inc.,0.062,1,,5.09,$12.60,$11.17,12.80,$26.77
QUAD,Quad/Graphics Inc.,0.062,1,,5.06,$9.34,$4.93,89.45,$11.03
PTLO,Portillo's Inc Cl A,0.062,1,,5.05,$4.02,$3.29,22.19,$6.69
XPO,XPO Logistics,0.060,4,$205.29,4.84,$183.47,$121.48,51.03,$232.05
LKQ,LKQ Corp.,0.060,4,$26.33,2.86,$21.84,$20.92,4.40,$35.92
MHK,Mohawk Industries,0.060,3,$121.33,2.37,$118.07,$92.99,26.97,$140.30
MET,MetLife Inc.,0.060,2,$84.61,2.76,$98.33,$66.41,48.07,$100.93
VZ,Verizon Communications,0.059,7,$42.34,1.76,$41.65,$36.00,15.69,$50.88
MS,Morgan Stanley,0.059,5,$209.04,3.54,$190.02,$148.47,27.99,$230.98
NEE,NextEra Energy Inc.,0.059,4,$87.77,3.10,$77.38,$74.41,3.99,$97.30
LEA,Lear Corp.,0.059,3,$134.06,2.61,$118.03,$93.67,26.01,$149.08
AME,Ametek Inc.,0.059,2,$241.94,4.87,$248.58,$178.15,39.53,$260.78
DJCO,Daily Journal Corp.,0.059,1,,4.80,$642.18,$348.63,84.20,$692.50
GS,Goldman Sachs Group,0.058,5,$1011.37,2.77,$895.32,$725.74,23.37,$1148.37
OKE,ONEOK Inc.,0.058,2,$86.94,3.08,$89.80,$84.15,6.71,$97.66
BRCC,BRC Inc.,0.058,1,,4.79,$9.69,$6.00,61.50,$18.55
MP,MP Materials Corp.,0.058,1,,4.74,$46.14,$37.81,22.03,$100.25
MNDY,monday.com Ltd.,0.058,1,,4.77,$88.96,$57.50,54.71,$210.49
LFUS,Littelfuse Inc.,0.057,7,$455.33,2.52,$426.50,$231.54,84.20,$499.60
ARW,Arrow Electronics,0.057,4,$213.41,4.35,$227.90,$101.79,123.89,$249.43
AVT,Avnet Inc.,0.057,3,$88.82,3.87,$99.36,$43.35,129.20,$108.63
CHD,Church & Dwight,0.057,2,$96.88,4.58,$98.11,$80.29,22.19,$105.37
CNR,Core Natural Resources Inc.,0.057,1,,4.67,$88.46,$74.41,18.88,$114.56
ALAB,Astera Labs Inc,0.057,1,,4.65,$342.21,$97.89,249.59,$499.48
PNC,PNC Financial Services,0.056,5,$246.22,3.78,$219.21,$172.82,26.84,$258.96
BHF,Brighthouse Financial Inc.,0.056,1,,4.60,$48.53,$44.51,9.03,$66.80
GLW,Corning Inc.,0.055,4,$255.43,4.26,$156.68,$76.98,103.53,$271.27
OC,Owens Corning,0.055,3,$158.94,2.86,$114.16,$95.63,19.38,$159.88
YUMC,Yum China Holdings Inc.,0.055,3,$40.87,4.25,$42.92,$39.72,8.06,$57.33
SEG,Seaport Entertainment Group,0.055,2,$26.60,3.86,$22.25,$17.74,25.42,$29.61
BGC,BGC Group Inc.,0.055,1,,4.48,$11.48,$8.20,40.00,$12.86
CNDT,Conduent Inc.,0.055,1,,4.48,$1.60,$1.15,39.13,$2.67
B,Barrick Mining Corp.,0.054,5,$36.73,3.12,$41.06,$29.73,38.11,$53.80
BX,Blackstone Group,0.054,4,$117.67,3.30,$114.29,$99.78,14.54,$160.11
KGC,Kinross Gold Corp.,0.054,3,$23.62,4.14,$23.74,$21.89,8.45,$38.96
AMRZ,Amrize Ltd,0.054,3,$53.30,2.13,$36.20,$35.79,1.15,$65.13
TER,Teradyne Inc.,0.054,2,$483.84,4.42,$402.68,$131.50,206.22,$487.72
LLYVK,Liberty Media Corp. Series C Live,0.054,2,$105.64,4.07,$98.20,$78.68,24.81,$109.75
NMIH,NMI Holdings,0.054,2,$41.09,4.39,$40.01,$34.84,14.84,$46.74
FAST,Fastenal,0.054,2,$48.03,2.72,$50.75,$38.34,32.37,$52.92
MAVF,Matrix Advisors Value ETF,0.054,1,,4.41,$139.76,$113.25,23.41,$142.84
TJX,TJX Companies Inc.,0.053,3,$151.50,2.52,$138.76,$122.78,13.02,$169.47
TMHC-OLD,Taylor Morrison Home Corp.,0.053,3,$71.74,3.30,$72.46,$54.15,33.81,$72.50
TDAY,Gannett Co.,0.053,2,$8.55,2.83,$6.82,$3.42,99.42,$9.21
SYY,Sysco Corp.,0.052,5,$83.44,1.81,$78.14,$66.76,17.05,$89.92
OMC,Omnicom Group,0.052,4,$72.83,2.53,$76.48,$64.32,18.91,$88.65
MPLX,MPLX LP,0.052,2,$56.33,3.90,$56.30,$44.22,27.32,$60.39
MSGE,Madison Square Garden Entertainment Corp.,0.052,1,,4.28,$80.84,$41.69,93.91,$90.41
VNOM,Viper Energy Inc.,0.052,1,,4.25,$42.99,$33.67,27.68,$49.62
MCD,McDonald's Corp.,0.051,7,$270.31,2.18,$235.23,$229.20,2.63,$335.18
RMNI,Rimini Street Inc.,0.051,2,$4.26,4.15,$4.16,$2.87,44.95,$5.68
OSW,OneSpaWorld Holdings Ltd,0.051,1,,4.19,$23.74,$18.94,25.34,$29.19
DEO,Diageo ADR,0.050,8,$80.38,1.60,$86.73,$71.73,20.91,$101.71
NKE,NIKE Inc.,0.050,7,$41.05,2.32,$34.71,$31.97,8.57,$68.19
ABBV,AbbVie Inc.,0.050,7,$251.64,3.09,$276.47,$189.40,45.97,$277.60
REZI,Resideo Technologies Inc.,0.050,5,$31.10,1.90,$17.07,$16.79,1.67,$32.01
PPG,PPG Industries,0.050,3,$121.29,2.78,$103.96,$91.35,13.80,$130.99
KDP,Keurig Dr Pepper Inc.,0.050,2,$32.73,4.04,$31.76,$24.52,29.53,$33.58
CRL,Charles River Labs,0.050,2,$226.79,3.41,$301.79,$146.20,106.42,$333.30
FTNT,Fortinet Inc.,0.050,1,,4.09,$194.75,$73.55,164.79,$194.95
NTRA,Natera Inc.,0.049,4,$271.45,3.32,$400.71,$167.99,138.53,$437.41
CRBG,Corebridge Financial Inc.,0.049,3,$28.63,2.84,$34.09,$21.74,56.81,$35.64
LBTYA,Liberty Global Ltd CL A,0.049,3,$11.37,2.57,$8.66,$8.35,3.71,$13.52
IEX,IDEX Corp.,0.049,2,$226.95,3.97,$234.29,$157.11,49.12,$243.02
CHTR,Charter Communications,0.048,6,$142.21,1.95,$103.38,$102.37,0.99,$269.68
FN,Fabrinet,0.047,4,$562.08,3.30,$486.28,$361.19,34.63,$748.89
LUV,Southwest Airlines,0.047,2,$51.42,3.87,$41.66,$28.75,44.90,$54.38
SEB,Seaboard Corp.,0.047,2,$4464.28,3.80,$3976.00,$3133.55,26.88,$5983.34
LUMN,Lumen Technologies Inc.,0.047,1,,3.87,$5.28,$5.13,2.92,$11.95
MAIR,Madison Air Solutions Corp A,0.047,1,,3.87,$24.22,$22.91,5.72,$44.50
WDAY,Workday Inc.,0.046,4,$122.42,1.78,$186.59,$110.36,69.07,$247.40
CNC,Centene Corp.,0.046,3,$64.19,2.71,$65.36,$31.63,106.64,$69.63
WULF,Terawulf Inc,0.046,2,$24.70,3.65,$13.77,$10.47,31.52,$29.84
DKS,Dick's Sporting Goods Inc.,0.046,2,$226.81,3.02,$136.65,$119.27,14.57,$242.09
CNA,CNA Financial Corp.,0.046,1,,3.77,$46.17,$40.34,14.45,$55.19
CG,Carlyle Group,0.045,4,$42.11,1.91,$38.42,$37.08,3.61,$65.91
FLEX,Flex Ltd.,0.045,3,$162.07,3.66,$119.83,$53.07,125.80,$166.86
SDHC,Smith Douglas Homes Corp,0.045,3,$15.54,3.67,$10.15,$9.75,4.10,$23.49
NVT,nVent Electric plc,0.045,3,$169.61,3.19,$167.43,$92.78,80.46,$184.40
NVR,NVR Inc.,0.045,3,$6813.41,3.03,$5899.16,$5501.01,7.24,$8200.00
STLA,Stellantis N.V.,0.045,2,$5.74,3.69,$4.48,$4.30,4.19,$12.22
TWLO,Twilio Inc.,0.045,2,$206.33,3.70,$289.47,$104.50,177.00,$308.40
DD,DuPont de Nemours Inc.,0.045,2,$135.65,3.71,$130.00,$86.86,49.67,$156.04
NRP,Natural Resource Partners,0.045,1,,3.69,$111.11,$94.82,17.18,$126.18
HSY,Hershey Co.,0.044,5,$175.44,2.08,$162.74,$156.16,4.21,$235.80
COHR,Coherent Corp.,0.044,4,$394.47,3.50,$312.62,$108.19,188.95,$440.00
ILMN,Illumina Inc.,0.044,2,$175.83,2.02,$278.17,$88.00,216.10,$309.35
USFD,US Foods Holding Corp.,0.044,2,$102.25,3.07,$97.43,$69.88,39.42,$111.42
SSNC,SS&C Technologies Holdings Inc.,0.044,2,$62.05,2.01,$81.03,$61.18,32.45,$88.93
ERFSF,Eurofins Scientific SE,0.044,1,,3.60,$83.04,$64.33,29.08,$92.97
PGEN,Precigen Inc.,0.044,1,,3.61,$7.81,$2.99,161.20,$8.98
PSX,Phillips 66,0.043,6,$169.05,2.96,$278.18,$123.09,126.00,$286.57
LBRDK-OLD,Liberty Broadband Corp. CL C,0.043,4,$33.26,1.94,$35.99,$26.25,37.10,$65.73
CORZ,Core Scientific Inc,0.043,3,$25.59,3.38,$15.41,$13.36,15.34,$30.46
AERO,Grupo Aeromexico Sab De Cv,0.043,2,$18.00,1.89,$15.57,$12.26,27.00,$23.05
BFH,Bread Financial Holdings Inc.,0.043,2,$108.35,3.40,$100.58,$53.23,88.95,$114.28
AFRM,Affirm Holdings Inc.,0.043,2,$81.55,3.51,$80.70,$42.10,91.69,$90.44
SA,Seabridge Gold Inc.,0.043,1,,3.52,$28.08,$21.67,29.58,$40.06
MSGS,Madison Square Garden Sports Corp.,0.042,4,$401.84,2.64,$402.30,$207.90,93.51,$438.93
ROIV,Roivant Sciences Ltd,0.042,4,$35.39,1.95,$35.44,$15.90,122.89,$42.50
CHYM,Chime Financial Inc Cl A,0.042,3,$20.48,2.78,$30.08,$15.88,89.42,$35.55
TAP,Molson Coors Beverage Co.,0.042,3,$38.94,2.94,$37.20,$35.52,4.73,$53.00
AMG,Affiliated Managers Group,0.042,3,$338.40,3.37,$387.26,$230.23,68.21,$393.42
FOX,Fox Corporation CL B,0.042,2,$46.84,3.27,$55.89,$43.86,27.43,$67.48
NRG,NRG Energy Inc.,0.042,1,,3.44,$107.97,$93.36,15.65,$188.71
ALV,Autoliv Inc.,0.041,2,$116.17,3.37,$109.76,$97.72,12.32,$131.23
INCY,Incyte Corp.,0.041,2,$113.36,2.64,$112.79,$82.82,36.19,$132.60
GFL,Gfl Environmental Inc Sub Vt,0.041,1,,3.39,$42.78,$33.32,28.39,$46.95
CPT,Camden Property Trust,0.040,3,$114.49,1.76,$97.58,$93.28,4.61,$118.52
UAL,United Airlines Holdings Inc.,0.040,2,$135.99,3.31,$107.46,$84.64,26.96,$138.77
WSC,WillScot Mobile Mini Hldgs Corp.,0.040,2,$28.86,3.28,$17.07,$14.72,15.96,$29.66
SSD,Simpson Manufacturing,0.040,2,$209.35,3.09,$171.12,$155.27,10.21,$212.80
PENN,Penn National Gaming Inc.,0.040,2,$21.36,3.20,$15.48,$11.65,32.88,$22.36
STZ,Constellation Brands,0.039,4,$139.09,1.58,$122.64,$110.60,10.89,$166.17
RS,Reliance Steel & Aluminum,0.039,2,$373.60,3.23,$402.45,$256.46,56.93,$432.62
CE,Celanese Corp.,0.039,2,$46.00,2.82,$45.02,$35.07,28.37,$70.65
IDT,IDT Corp. CL B,0.039,1,,3.23,$81.49,$45.50,79.10,$82.31
SWKS,Skyworks Solutions Inc.,0.039,1,,3.18,$76.35,$51.48,48.31,$92.80
STT,State Street Corp.,0.038,5,$169.60,1.93,$174.96,$102.21,71.18,$194.90
NVO,Novo Nordisk A S,0.038,4,$47.94,1.05,$38.64,$34.20,12.98,$61.21
EW,Edwards Lifesciences Corp.,0.038,2,$90.46,3.09,$85.21,$72.30,17.86,$96.29
IBP,Installed Building Products,0.038,2,$229.84,3.07,$185.44,$178.54,3.86,$344.87
PCG,PG&E Corp.,0.038,2,$16.82,2.85,$13.13,$11.72,12.03,$18.97
STRL,Sterling Construction Co. Inc.,0.038,1,,3.13,$513.00,$281.58,82.19,$1005.68
FPH,Five Point Holdings LLC,0.038,1,,3.11,$4.48,$4.43,1.13,$6.47
LMT,Lockheed Martin Corp.,0.037,5,$509.46,1.38,$509.59,$429.47,18.66,$683.27
AEP,American Electric Power,0.037,3,$136.81,1.72,$122.81,$110.01,11.64,$139.52
LH,Labcorp Holdings Inc.,0.037,3,$280.00,1.92,$312.15,$242.07,28.95,$341.06
FNV,Franco Nevada Corp.,0.037,2,$208.45,1.81,$244.85,$180.18,35.89,$284.12
FMX,Fomento Economico Mexicano,0.037,2,$127.90,2.74,$119.24,$84.80,40.61,$141.47
ALGN,Align Technology Inc.,0.037,1,,3.07,$142.71,$124.91,14.25,$200.44
RBLX,Roblox Corp.,0.037,1,,3.04,$48.09,$33.88,41.94,$141.95
MICC,Magnum Ice Cream Co NV,0.036,7,$16.98,0.91,$17.28,$12.94,33.54,$20.69
ONON,On Holding AG,0.036,4,$35.42,2.88,$35.09,$26.37,33.07,$51.08
CARR,Carrier Global Corp.,0.036,4,$73.35,1.74,$55.56,$49.67,11.86,$76.49
SNOW,Snowflake Inc.,0.036,3,$254.50,2.25,$368.89,$118.30,211.83,$384.56
YUM,Yum! Brands Inc.,0.036,3,$159.86,2.01,$144.82,$134.26,7.87,$169.29
EL,Estee Lauder Cos.,0.036,3,$78.94,2.87,$98.05,$65.74,49.15,$120.38
SPHR,Sphere Entertainment Co.,0.036,2,$173.03,2.87,$106.41,$58.18,82.90,$181.63
AWI,Armstrong World Industries Inc.,0.036,2,$160.42,1.50,$161.87,$150.00,7.91,$204.82
TPG,Tpg Inc,0.036,1,,2.92,$45.26,$36.07,25.48,$67.83
CPAY,Corpay Inc.,0.036,1,,2.99,$397.92,$252.84,57.38,$427.46
WMT,Walmart Inc.,0.035,6,$113.26,2.76,$111.35,$98.06,13.55,$134.83
TW,Tradeweb Markets Inc.,0.035,3,$99.66,1.63,$111.08,$91.30,21.66,$127.35
BF.A,Brown-Forman Corp. CL A,0.035,3,$27.36,2.22,$26.91,$22.63,18.91,$30.62
EMBJ,Embraer SA,0.035,3,$63.80,2.09,$71.16,$53.26,33.61,$80.29
BRO,Brown & Brown Inc.,0.035,3,$64.15,1.62,$62.88,$53.69,17.12,$95.21
TRGP,Targa Resources Corp.,0.035,2,$268.14,2.83,$286.70,$141.11,103.17,$307.94
RGEN,Repligen Corp.,0.035,2,$136.44,2.44,$173.88,$100.99,72.18,$198.87
CDNS,Cadence Design Systems,0.035,2,$375.32,2.81,$352.84,$262.75,34.29,$416.69
UNF,UniFirst Corp.,0.035,2,$264.46,2.03,$260.85,$146.76,77.74,$306.26
ULS,Ul Solutions Inc Class A,0.035,1,,2.91,$69.99,$63.17,10.80,$107.17
PRVA,Privia Health Group Inc.,0.035,1,,2.91,$20.85,$18.92,10.20,$28.82
VOO,Vanguard S&P 500 ETF,0.034,6,$686.82,1.77,$715.59,$575.30,24.39,$718.47
TCOM,Trip.com Group Ltd,0.034,3,$39.84,1.50,$38.90,$37.58,3.51,$78.99
CPB,Campbell's Co.,0.034,3,$22.27,2.60,$19.21,$18.60,3.28,$30.11
BR,Broadridge Financial Solutions,0.034,2,$136.95,1.49,$165.45,$133.01,24.39,$230.75
WSO,Watsco Inc.,0.034,2,$416.73,1.90,$279.90,$277.34,0.92,$455.09
IMO,Imperial Oil Ltd.,0.034,2,$112.17,2.51,$123.01,$82.02,49.98,$138.09
CBRS,Cerebras Systems Inc A,0.034,1,,2.76,$164.17,$160.81,2.09,$386.34
CMPR,Cimpress plc,0.034,1,,2.77,$74.21,$60.59,22.48,$106.58
MIDD,Middleby Corp.,0.034,1,,2.82,$105.95,$88.87,19.22,$148.55
EFA,iShares MSCI EAFE ETF,0.033,5,$103.87,2.39,$103.40,$88.19,17.25,$108.89
WY,Weyerhaeuser Co.,0.033,4,$23.94,2.02,$19.10,$18.26,4.60,$27.03
LOW,Lowe's Cos.,0.033,3,$220.49,1.43,$186.00,$178.45,4.23,$289.87
CTO,CTO Realty Growth Inc.,0.033,1,,2.74,$20.49,$14.12,45.11,$22.31
GPK,Graphic Packaging Hldg Co.,0.033,1,,2.69,$8.35,$8.21,1.71,$17.53
ATS,Ats Corp,0.033,1,,2.67,$17.65,$17.32,1.91,$35.82
KNSL,Kinsale Capital Group Inc.,0.033,1,,2.67,$336.98,$287.01,17.41,$477.47
FER,Ferrovial Se,0.033,1,,2.72,$50.15,$49.43,1.46,$74.07
VRSK,Verisk Analytics Inc.,0.032,5,$179.53,1.65,$177.63,$155.10,14.53,$245.74
HCA,HCA Healthcare Inc.,0.032,5,$389.89,2.12,$451.09,$353.34,27.66,$553.56
BSX,Boston Scientific,0.032,5,$42.68,2.29,$42.73,$41.39,3.24,$105.65
CSX,CSX Corp.,0.032,3,$47.53,2.15,$47.26,$33.20,42.35,$53.45
CASY,Casey's Gen'l Stores,0.032,3,$794.80,1.98,$646.27,$496.20,30.24,$927.15
WMB,Williams Cos.,0.032,3,$74.34,2.57,$72.67,$54.53,33.27,$78.91
VRTX,Vertex Pharmaceuticals,0.032,2,$496.73,1.51,$510.08,$402.58,26.70,$560.25
WPM,Wheaton Precious Metals Corp.,0.032,2,$112.32,2.63,$138.65,$92.01,50.69,$165.03
CLH,Clean Harbors Inc.,0.032,2,$298.75,2.59,$316.93,$201.34,57.41,$335.94
RDDT,Reddit Inc Cl A,0.032,2,$173.58,1.83,$159.91,$119.27,34.07,$263.50
LII,Lennox International,0.032,1,,2.60,$356.44,$348.90,2.16,$585.05
GGG,Graco Inc.,0.032,1,,2.63,$78.21,$72.23,8.28,$94.99
ITUB,ita Unibanco Holding S.A.,0.032,1,,2.59,$10.16,$6.05,67.93,$10.20
MTN,Vail Resorts Inc.,0.031,4,$136.15,2.23,$146.03,$114.90,27.09,$158.03
LEN.B,Lennar Corp. CL B,0.031,4,$88.71,2.12,$76.02,$72.13,5.39,$122.65
MAS,Masco Corp.,0.031,3,$81.37,1.33,$68.75,$57.51,19.54,$83.27
TME,Tencent Music Entertainment Grp,0.031,3,$8.35,1.49,$8.38,$7.66,9.40,$23.23
BAP,Credicorp Ltd.,0.031,3,$389.58,1.08,$381.21,$219.79,73.44,$413.25
TTWO,Take-Two Interactive Software,0.031,2,$249.98,1.89,$213.44,$187.63,13.76,$265.94
A,Agilent Technologies,0.031,2,$132.83,2.53,$170.54,$107.98,57.94,$176.79
FIS,Fidelity National Information Services,0.031,2,$38.88,1.56,$34.04,$32.10,6.04,$66.50
JBS,Jbs Nv A,0.031,2,$11.85,2.54,$12.98,$10.61,22.34,$17.27
RLI,RLI Corp.,0.031,2,$59.07,1.48,$55.71,$45.14,23.42,$66.81
WHK,Whitehawk Minerals Corp Cl A,0.031,1,,2.56,$26.25,$24.06,9.10,$29.07
JELD,JELD-WEN Holding Inc.,0.031,1,,2.53,$1.54,$0.93,65.59,$4.92
WFRD,Weatherford International plc,0.031,1,,2.51,$77.92,$60.12,29.61,$112.79
RMD,ResMed Inc.,0.031,1,,2.54,$230.05,$179.75,27.98,$275.42
IBM,International Business Machines,0.030,5,$281.21,2.36,$227.13,$197.77,14.85,$330.09
CL,Colgate-Palmolive,0.030,5,$91.68,1.24,$88.27,$73.21,20.57,$98.15
PAYX,Paychex Inc.,0.030,2,$98.33,2.35,$103.98,$83.50,24.53,$127.98
TRIP,TripAdvisor Inc.,0.030,2,$13.71,1.62,$8.68,$8.02,8.23,$17.82
BE,Bloom Energy Corp.,0.030,2,$302.69,2.36,$280.50,$75.70,270.54,$351.28
FOUR,Shift4 Payments Inc. CL A,0.030,2,$48.64,2.09,$40.00,$34.56,15.74,$79.93
SDRL,Seadrill Ltd,0.030,2,$37.82,2.45,$46.15,$28.10,64.23,$55.47
NWSA,News Corp.,0.030,2,$24.83,2.32,$29.12,$22.03,32.18,$31.55
TTC,Toro Co.,0.030,2,$97.42,2.39,$95.79,$66.46,44.13,$103.87
ZBRA,Zebra Technologies Corp.,0.030,2,$263.26,2.42,$387.18,$199.05,94.51,$390.80
PEG,Public Serv. Enterprise Inc.,0.030,2,$81.16,2.42,$72.28,$66.15,9.27,$85.40
LAZ,Lazard Inc.,0.030,2,$41.94,2.41,$36.75,$34.76,5.72,$57.45
CHRW,C.H. Robinson Worldwide,0.030,2,$188.34,1.33,$142.31,$121.78,16.86,$209.43
NXT,Nextracker Inc Cl A,0.030,1,,2.49,$86.11,$76.72,12.24,$163.13
ESRT,Empire State Realty Trust Inc.,0.030,1,,2.45,$4.63,$3.93,17.81,$7.83
OCSL,Oaktree Specialty Lending Corp,0.030,1,,2.49,$11.60,$10.07,15.19,$12.98
CSL,Carlisle Companies,0.029,4,$362.75,1.62,$320.36,$290.64,10.23,$428.80
DPC,Dpc Holdings Plc,0.029,4,$49.06,2.27,$38.73,$37.65,2.87,$57.25
BMRN,BioMarin Pharmaceutical Inc.,0.029,3,$57.22,1.24,$54.80,$49.26,11.25,$70.98
SUI,Sun Communities Inc.,0.029,3,$119.91,1.75,$114.00,$109.29,4.31,$134.01
CPRI,Capri Holdings Ltd,0.029,2,$18.57,2.29,$14.95,$12.40,20.56,$28.27
PTEN,Patterson-UTI Energy Inc.,0.029,1,,2.41,$11.31,$5.02,125.30,$13.39
VSEC,VSE Corp.,0.028,3,$228.50,2.18,$173.63,$154.36,12.48,$247.85
WST,West Pharmaceutical Services,0.028,2,$358.99,1.85,$366.00,$223.52,63.74,$385.75
PBH,Prestige Consumer Healthcare,0.028,2,$47.27,2.29,$48.23,$42.62,13.16,$71.07
AMLP,Alerian MLP ETF,0.028,1,,2.26,$52.56,$41.24,27.45,$56.43
MNST,Monster Beverage Corp.,0.028,1,,2.28,$43.64,$32.94,32.48,$50.17
FDXF,FedEx Freight Holding Co.,0.027,5,$151.00,1.02,$115.47,$107.67,7.24,$200.00
VEA,Vanguard FTSE Developed ETF,0.027,5,$71.25,1.63,$70.35,$57.35,22.67,$73.85
BLCO,Bausch + Lomb Corp,0.027,3,$16.56,1.51,$17.30,$13.77,25.64,$18.92
DINO,HF Sinclair Corp.,0.027,3,$69.65,1.99,$121.30,$44.66,171.61,$124.22
NESR,National Energy Services Reunited Corp.,0.027,3,$29.93,2.18,$22.78,$10.01,127.57,$36.94
GLIBK,GCI Liberty Inc. Series C,0.027,2,$21.56,2.18,$20.05,$19.30,3.89,$41.18
EXP,Eagle Materials Inc.,0.027,2,$225.00,2.21,$164.70,$164.09,0.37,$245.20
COIN,Coinbase Global Inc.,0.027,1,,2.24,$179.39,$139.11,28.96,$402.16
HLF,Herbalife Nutrition Ltd.,0.027,1,,2.25,$13.03,$7.56,72.35,$20.40
BOKF,BOK Financial Corp.,0.027,1,,2.25,$125.47,$100.84,24.42,$146.20
FAF,First Amer'n Corp.,0.027,1,,2.21,$61.20,$55.23,10.81,$79.13
CVSA,Covista Inc.,0.027,1,,2.20,$129.38,$86.97,48.76,$156.26
KSPI,Jsc Kaspi.kz ADR,0.026,7,$86.62,0.96,$92.99,$64.26,44.71,$107.58
TFC,Truist Financial Corp.,0.026,4,$49.82,2.06,$46.11,$39.11,17.90,$54.51
ITRN,Ituran Location & Control Ltd.,0.026,3,$61.01,1.93,$52.22,$32.98,58.34,$67.11
FOSL,Fossil Inc.,0.026,2,$4.14,2.10,$7.15,$1.70,320.59,$7.33
GNTX,Gentex Corp.,0.026,2,$25.27,2.09,$21.04,$20.15,4.42,$26.43
CDW,CDW Corp.,0.026,2,$140.64,1.09,$142.17,$96.09,47.96,$158.05
DOX,Amdocs Ltd.,0.026,2,$50.54,2.07,$58.84,$48.76,20.67,$82.57
BBIO,BridgeBio Pharma Inc.,0.026,2,$74.48,2.11,$65.35,$52.75,23.89,$93.42
AIG,American International Group,0.026,2,$74.53,2.02,$77.04,$69.90,10.21,$85.64
FLS,Flowserve Corp.,0.026,2,$74.16,2.10,$72.28,$48.14,50.15,$91.59
BKV,Bkv Corporation,0.026,1,,2.17,$24.24,$20.08,20.72,$32.81
DHT,DHT Holdings Inc.,0.026,1,,2.13,$24.64,$9.43,161.29,$25.07
DVA,DaVita HealthCare Partners,0.026,1,,2.15,$179.25,$101.00,77.48,$247.49
TECK,Teck Resources,0.026,1,,2.14,$68.05,$37.75,80.26,$72.46
VAC,Marriott Vacations Worldwide,0.026,1,,2.16,$105.34,$42.68,146.81,$130.30
NFG,National Fuel Gas,0.026,1,,2.15,$78.66,$74.10,6.15,$95.34
SPCX,Space Exploration Technologies Corp.,0.025,5,$170.86,0.67,$162.57,$104.83,55.08,$225.64
BUD,Anheuser-Busch InBev,0.025,4,$82.40,1.27,$77.33,$57.93,33.49,$86.60
VOYA,Voya Financial Inc.,0.025,3,$90.53,1.08,$94.67,$63.83,48.32,$105.64
KVUE,Kenvue Inc,0.025,3,$19.11,1.90,$17.70,$13.22,33.89,$19.67
VSNT,Versant Media Group Inc.,0.025,3,$36.01,1.77,$30.64,$26.30,16.50,$44.57
MAA,Mid-America Apt Communties,0.025,2,$138.94,2.00,$116.86,$113.95,2.55,$142.76
COTY,Coty Inc.,0.025,2,$2.16,2.00,$2.85,$1.82,56.59,$4.47
ATI,Allegheny Technologies Inc.,0.025,2,$197.10,1.39,$191.84,$79.29,141.95,$243.57
ISRG,Intuitive Surgical Inc.,0.025,2,$397.68,1.53,$423.96,$328.57,29.03,$603.88
EOG,EOG Resources,0.025,2,$129.73,1.99,$148.16,$99.12,49.48,$154.16
SJM,J.M. Smucker Co,0.025,2,$112.50,2.02,$119.83,$86.47,38.58,$135.89
INSM,Insmed Inc.,0.025,1,,2.07,$100.60,$90.39,11.30,$212.75
FBTC,Fidelity Wise Origin Bitcoin,0.025,1,,2.07,$71.54,$50.48,41.72,$106.97
KBR,KBR Inc.,0.025,1,,2.07,$35.34,$29.67,19.11,$44.75
SHEN,Shenandoah Telecommunications Co.,0.025,1,,2.06,$10.41,$9.67,7.65,$17.35
BIDU,Baidu Inc.,0.024,4,$114.29,1.98,$85.33,$82.86,2.98,$165.30
MTB,M&T Bank Corp.,0.024,3,$238.01,1.52,$217.49,$169.89,28.02,$254.31
WRBY,Warby Parker Inc.,0.024,3,$30.34,1.89,$25.30,$14.96,69.12,$31.00
AXTA,Axalta Coating Systems Ltd.,0.024,2,$34.22,1.18,$32.63,$24.94,30.83,$38.61
UHS,Universal Health Services Inc.,0.024,2,$148.69,1.12,$177.35,$139.92,26.75,$245.26
PR,Permian Resources Corp.,0.024,2,$18.41,1.97,$23.03,$11.52,99.91,$24.48
ANET,Arista Networks Inc.,0.024,2,$169.88,1.94,$216.74,$114.52,89.26,$217.41
ECPG,Encore Capital Group Inc.,0.024,1,,1.94,$99.77,$39.95,149.74,$104.98
COLD,Americold Realty Trust,0.024,1,,1.98,$13.99,$9.44,48.20,$16.61
JXN,Jackson Financial Inc.,0.024,1,,1.94,$129.71,$86.88,49.30,$140.33
FCX,Freeport-McMoran Inc.,0.024,1,,2.00,$73.69,$38.27,92.55,$80.24
SPB,Spectrum Brands Holdings Inc.,0.023,4,$85.75,1.23,$77.37,$48.72,58.81,$98.53
LAMR,Lamar Advertising Co.,0.023,3,$155.98,1.64,$146.47,$109.09,34.27,$164.46
CAG,Conagra Brands Inc.,0.023,3,$13.46,1.76,$13.49,$12.39,8.88,$19.59
ADPT,Adaptive Biotechnologies Corp.,0.023,2,$21.45,1.83,$26.49,$12.00,120.75,$30.74
BATRK,Atlanta Braves Holdings Inc. Series C,0.023,2,$51.90,1.64,$52.00,$37.76,37.71,$54.86
AGX,Argan Inc.,0.023,2,$798.55,1.80,$392.61,$254.39,54.33,$805.09
PANW,Palo Alto Networks,0.023,2,$341.02,1.88,$418.78,$139.57,200.05,$432.33
WEC,WEC Energy Group,0.023,1,,1.92,$103.74,$99.80,3.95,$118.87
SHC,Sotera Health Co,0.023,1,,1.88,$18.06,$13.09,37.97,$19.85
PDRDF,Pernod Ricard,0.023,1,,1.92,$68.21,$65.20,4.62,$100.90
SWK,Stanley Black & Decker Inc.,0.023,1,,1.92,$88.57,$59.35,49.23,$103.78
WTM,White Mountains Insurance,0.023,1,,1.85,$2060.63,$1829.30,12.65,$2333.00
BYD,Boyd Gaming Corp.,0.023,1,,1.92,$68.93,$65.00,6.05,$91.17
LNT,Alliant Energy,0.023,1,,1.86,$65.85,$62.41,5.51,$78.22
CHRD,Chord Energy,0.023,1,,1.87,$141.54,$80.76,75.26,$157.06
TRV,Travelers Companies Inc.,0.022,4,$330.13,0.71,$368.75,$248.46,48.41,$397.34
ABEV,Ambev S.A.,0.022,3,$3.14,1.81,$3.19,$2.07,54.11,$3.42
HSIC,Henry Schein Inc.,0.022,3,$83.52,1.54,$84.01,$61.95,35.61,$92.18
GILD,Gilead Sciences,0.022,3,$126.34,1.57,$151.17,$111.27,35.86,$154.51
IWF,iShares Russell 1000 Growth ETF,0.022,3,$124.17,1.08,$127.91,$102.05,25.34,$129.80
GHC,Graham Holdings Co.,0.022,2,$1141.45,1.74,$1173.16,$923.50,27.03,$1262.35
IR,Ingersoll Rand Inc.,0.022,2,$81.99,0.92,$78.75,$68.05,15.72,$100.89
ECHO,EchoStar Corp.,0.022,2,$101.50,1.73,$94.84,$65.76,44.22,$147.25
CTVA,Corteva Inc.,0.022,2,$84.69,1.84,$13.24,$9.00,47.11,$14.62
PRMB,Primo Brands Corp,0.022,2,$24.44,1.77,$19.27,$14.04,37.25,$26.08
KRC,Kilroy Realty Corp.,0.022,1,,1.83,$34.25,$26.46,29.44,$40.89
UMBF,UMB Financial Corp.,0.022,1,,1.79,$130.30,$101.90,27.87,$152.78
JD,JD.com Inc.,0.021,5,$25.48,1.17,$27.09,$23.66,14.50,$34.30
ROL,Rollins Inc.,0.021,4,$41.74,0.57,$31.98,$29.29,9.18,$65.40
NTRS,Northern Trust Corp.,0.021,3,$173.84,1.69,$168.21,$118.61,41.82,$194.86
TKR,Timken Co.,0.021,3,$145.31,1.72,$116.12,$69.62,66.79,$145.98
CMCO,Columbus McKinnon Corp.,0.021,2,$15.13,1.71,$15.99,$11.95,33.81,$24.13
WIX,Wix.com Ltd.,0.021,2,$44.27,0.90,$76.56,$40.16,90.64,$148.33
ROK,Rockwell Automation Inc.,0.021,2,$495.08,1.17,$432.59,$328.32,31.76,$495.83
SKYD,Skydance Corp.,0.021,2,$9.86,0.99,$9.16,$7.58,20.84,$17.77
INGR,Ingredion Inc.,0.021,1,,1.72,$95.09,$92.81,2.46,$120.48
LBTYK,Liberty Global Ltd CL C,0.021,1,,1.74,$8.52,$8.21,3.78,$13.12
VNT,Vontier Corp.,0.021,1,,1.70,$32.24,$27.21,18.49,$48.09
VRSN,Verisign Inc.,0.020,3,$251.56,0.76,$303.74,$206.93,46.78,$311.57
CMI,Cummins Inc.,0.020,3,$713.22,1.05,$523.39,$394.95,32.52,$735.02
XP,XP Inc.,0.020,2,$16.26,1.34,$32.22,$14.80,117.70,$32.29
SD,SandRidge Energy Inc.,0.020,2,$13.70,0.84,$13.84,$10.70,29.35,$17.78
ROG,Rogers Corp.,0.020,2,$163.73,1.61,$147.41,$75.14,96.18,$169.00
CLB,Core Laboratories Inc.,0.020,1,,1.63,$10.09,$9.63,4.78,$20.32
ACGL,Arch Capital Group Ltd.,0.020,1,,1.67,$95.57,$82.45,15.91,$107.09
TGT,Target Corp.,0.019,4,$130.61,1.21,$153.64,$81.20,89.21,$170.75
DEI,Douglas Emmett Inc.,0.019,3,$11.80,1.30,$9.79,$8.62,13.57,$13.42
HP,Helmerich & Payne,0.019,2,$32.75,1.46,$39.88,$21.12,88.83,$48.17
VYM,Vanguard High Dvd Yield ETF,0.019,2,$158.03,1.42,$158.75,$134.14,18.35,$166.68
LLYVA,Liberty Media Corp. Series A Live,0.019,2,$101.26,1.41,$95.33,$77.12,23.61,$106.06
ST,Sensata Technologies Holding,0.019,2,$47.74,1.27,$42.29,$27.92,51.47,$53.75
LILAK,Liberty LiLAC Group C,0.019,1,,1.56,$8.12,$4.76,70.59,$9.00
HAE,Haemonetics Corp.,0.019,1,,1.54,$118.69,$48.17,146.40,$121.19
DNOW,NOW Inc.,0.018,4,$12.97,0.67,$15.57,$10.94,42.32,$17.26
BNS,Bank of Nova Scotia,0.018,3,$86.81,1.18,$88.45,$60.49,46.22,$94.89
AR,Antero Resources,0.018,2,$35.14,1.42,$35.90,$29.10,23.37,$45.75
ADM,Archer-Daniels-Midland,0.018,2,$76.40,0.88,$79.89,$54.00,47.94,$88.75
VSAT,Viasat Inc.,0.018,2,$89.81,1.50,$72.01,$29.13,147.20,$93.03
AMH,American Homes 4 Rent,0.018,2,$33.52,1.40,$30.85,$26.66,15.72,$34.70
SKY,Skyline Champion Corp.,0.018,2,$88.12,1.42,$79.63,$63.69,25.03,$99.17
LHX,L3Harris Technologies Inc.,0.018,2,$290.59,1.49,$236.97,$232.34,1.99,$374.59
FG,F&G Annuities & Life Inc.,0.018,1,,1.44,$19.26,$19.25,0.05,$34.01
EQX,Equinox Gold Corp,0.018,1,,1.47,$11.42,$8.47,34.83,$18.88
SWX,Southwest Gas Holdings Inc.,0.018,1,,1.51,$84.14,$74.55,12.86,$93.81
CRWV,Coreweave Inc Cl A,0.018,1,,1.44,$82.08,$60.55,35.56,$153.20
PAYC,Paycom Software Inc.,0.017,3,$125.68,0.70,$232.22,$104.16,122.95,$244.98
BKD,Brookdale Senior Living Inc.,0.017,3,$16.09,1.27,$10.12,$8.02,26.18,$17.09
FDS,FactSet Research Systems,0.017,3,$230.08,0.65,$287.18,$182.47,57.38,$320.48
AMP,Ameriprise Financial Inc.,0.017,3,$458.73,0.90,$500.51,$419.52,19.31,$572.56
CTAS,Cintas Corp.,0.017,3,$170.08,1.38,$202.41,$160.31,26.26,$218.60
BXP,BXP Inc.,0.017,3,$66.31,1.04,$59.05,$47.99,23.05,$74.09
RRX,Regal Rexnord Corp.,0.017,2,$238.19,1.43,$165.03,$126.91,30.04,$247.24
ITIC,Investors Title Co.,0.017,2,$273.68,0.96,$296.95,$208.58,42.37,$309.07
MMYT,MakeMyTrip Ltd,0.017,2,$53.29,1.39,$44.73,$32.67,36.91,$96.60
NAMS,Newamsterdam Pharma Co Nv,0.017,2,$33.89,1.00,$21.58,$20.91,3.20,$42.21
PINS,Pinterest Inc.,0.017,2,$21.03,1.14,$21.40,$13.84,54.62,$35.42
EXPE,Expedia Group Inc.,0.017,2,$255.88,1.43,$274.22,$184.28,48.81,$341.51
MANE,Veradermics Inc,0.017,2,$122.94,0.88,$130.90,$32.00,309.06,$136.72
DGX,Quest Diagnostics,0.017,2,$212.00,1.42,$230.97,$168.34,37.20,$247.92
JBLU,JetBlue Airways Corp.,0.017,1,,1.43,$3.84,$3.79,1.32,$6.62
STUB,Stubhub Holdings Inc Class A,0.017,1,,1.39,$6.12,$5.22,17.24,$21.49
FSV,Firstservice Corp,0.017,1,,1.41,$129.73,$118.87,9.14,$187.45
MATW,Matthews Intl Corp. A,0.017,1,,1.37,$18.61,$18.54,0.38,$30.32
ALX,Alexander's Inc.,0.017,1,,1.42,$240.99,$190.65,26.40,$284.73
AKAM,Akamai Technologies Inc.,0.017,1,,1.40,$106.95,$70.82,51.02,$165.45
NTES,NetEase.com Inc.,0.016,3,$128.14,0.80,$124.24,$105.01,18.31,$152.74
POOL,Pool Corp.,0.016,2,$214.93,1.06,$159.54,$152.70,4.48,$298.13
RGA,Reinsurance Group of America Inc.,0.016,2,$212.65,1.33,$255.98,$175.13,46.17,$258.53
FUL,H.B. Fuller Co.,0.016,2,$58.29,1.30,$49.56,$46.70,6.12,$68.05
GSHD,Goosehead Insurance Inc.,0.016,2,$48.50,0.87,$43.51,$33.68,29.19,$79.85
PRM,Perimeter Solutions SA,0.016,2,$35.65,1.11,$27.75,$19.70,40.86,$38.17
SHAZ,Sharonai Holdings Inc,0.016,2,$84.66,0.65,$37.93,$1.90,1896.32,$178.00
NOC,Northrop Grumman Corp.,0.016,2,$509.32,1.24,$480.72,$470.06,2.27,$767.12
BAM,Brookfield Asset Management,0.016,2,$44.85,0.75,$45.88,$41.36,10.93,$57.07
UPBD,Upbound Group Inc.,0.016,1,,1.29,$15.40,$14.46,6.50,$22.53
OSG,Octave Specialty Group Inc.,0.016,1,,1.34,$4.62,$3.88,19.07,$10.38
ACIW,ACI Worldwide Inc.,0.016,1,,1.28,$50.87,$38.05,33.69,$61.08
SAM,Boston Beer Company,0.016,1,,1.35,$170.51,$158.68,7.46,$264.46
AZO,AutoZone Inc.,0.016,1,,1.34,$2939.85,$2730.65,7.66,$4146.42
NICE,Nice Ltd Spon ADR,0.016,1,,1.32,$117.49,$83.10,41.38,$138.58
NVS,Novartis AG,0.015,5,$156.73,0.84,$143.75,$118.00,21.82,$165.46
FITB,Fifth Third Bancorp,0.015,3,$56.37,0.65,$50.64,$38.75,30.68,$59.01
NTR,Nutrien Ltd.,0.015,2,$62.95,1.04,$67.48,$51.33,31.46,$83.34
WRB,W.R. Berkley Corp.,0.015,2,$70.53,1.21,$71.91,$62.22,15.57,$77.34
DLR,Digital Realty Trust Inc.,0.015,2,$179.58,1.18,$178.76,$143.30,24.75,$206.06
ARLP,Alliance Resource Partners LP,0.015,2,$23.98,1.06,$24.62,$20.88,17.91,$28.08
MKTX,MarketAxess Holdings Inc.,0.015,2,$113.50,1.25,$164.58,$108.23,52.07,$193.95
CALM,Cal-Maine Foods Inc.,0.015,2,$80.56,1.18,$64.35,$61.88,3.99,$95.25
MTH,Meritage Homes Corp.,0.015,1,,1.26,$58.81,$57.22,2.78,$84.75
CRK,Comstock Resources Inc.,0.015,1,,1.26,$13.71,$12.12,13.12,$28.10
PB,Prosperity Bancshares Inc.,0.015,1,,1.19,$66.11,$59.01,12.03,$75.23
OPCH,Option Care Health Inc.,0.015,1,,1.26,$31.07,$18.01,72.52,$36.80
YPF,YPF S.A.,0.015,1,,1.19,$50.04,$24.00,108.50,$57.87
CLW,Clearwater Paper Corp.,0.015,1,,1.26,$18.97,$11.73,61.72,$23.59
DOLE,Dole Food Company,0.015,1,,1.25,$13.14,$12.22,7.53,$16.27
HLN,Haleon Plc ADR,0.014,5,$9.33,0.73,$9.32,$8.59,8.50,$11.06
IVV,Ishares Core S&P 500 ETF,0.014,3,$748.90,0.86,$781.97,$628.63,24.39,$785.03
GD,General Dynamics,0.014,3,$354.24,1.05,$331.27,$303.95,8.99,$398.07
SBAC,SBA Communications Corp.,0.014,2,$176.46,1.14,$182.49,$156.60,16.53,$221.58
BCS,Barclays plc ADR,0.014,2,$26.86,1.16,$22.95,$18.85,21.75,$28.36
SUPN,Supernus Pharmaceuticals,0.014,1,,1.14,$42.67,$40.51,5.33,$59.68
VLO,Valero Energy,0.014,1,,1.12,$433.75,$152.07,185.23,$449.77
ICFI,ICF International Inc.,0.014,1,,1.15,$87.55,$58.62,49.35,$97.47
ALG,Alamo Group Inc.,0.014,1,,1.11,$152.42,$145.46,4.78,$219.00
ADT,ADT Inc.,0.014,1,,1.16,$6.43,$6.03,6.63,$8.61
JAZZ,Jazz Pharmaceuticals plc,0.013,2,$240.97,1.10,$218.42,$128.80,69.58,$266.38
TAC,TransAlta Corp.,0.013,2,$13.83,1.10,$13.13,$11.29,16.30,$17.62
AXS,Axis Capital Holdings Ltd.,0.013,2,$107.44,1.00,$96.73,$86.58,11.72,$119.44
ABR,Arbor Realty Trust Inc.,0.013,2,$5.42,0.78,$2.87,$2.78,3.24,$10.68
FMS,Fresenius Medical Care AG & Co KCaG,0.013,2,$22.61,1.00,$21.06,$19.25,9.40,$26.48
VMRK,Vivmark Residential,0.013,2,$67.93,1.07,$61.16,$55.64,9.92,$70.66
COMP,Compass Inc.,0.013,2,$12.33,0.66,$9.39,$6.37,47.41,$13.96
FOXA,Fox Corporation,0.013,2,$52.16,0.76,$62.41,$48.13,29.67,$75.68
CASH,Meta Financial Group Inc.,0.013,1,,1.10,$71.87,$65.71,9.37,$101.13
AGCO,AGCO Corp.,0.013,1,,1.06,$103.28,$98.22,5.15,$142.68
HWM,Howmet Aerospace Inc.,0.013,1,,1.06,$225.26,$183.45,22.79,$309.85
MNRO,Monro Inc.,0.013,1,,1.05,$13.57,$10.82,25.42,$22.69
RWAY,Runway Growth Finance Corp,0.013,1,,1.04,$6.40,$4.94,29.55,$8.55
CPRX-OLD,Catalyst Pharmaceuticals Inc.,0.013,1,,1.06,$31.50,$19.05,65.35,$32.56
MSTR,MicroStrategy Inc.,0.013,1,,1.03,$154.34,$81.81,88.66,$323.43
COLL,Collegium Pharmaceutical Inc.,0.013,1,,1.06,$22.09,$21.43,3.08,$50.79
MYRG,MYR Group Inc.,0.013,1,,1.05,$311.63,$190.14,63.90,$503.57
G,Genpact Ltd.,0.012,5,$27.50,0.44,$34.40,$26.71,28.79,$47.87
SNY,Sanofi Aventis,0.012,4,$42.66,0.63,$40.07,$39.18,2.27,$49.91
DOW,Dow Inc.,0.012,3,$27.36,1.00,$28.42,$19.68,44.41,$41.82
TREX,Trex Company Inc.,0.012,2,$50.04,0.91,$44.78,$29.77,50.42,$54.30
EXR,Extra Space Storage Inc.,0.012,2,$145.30,0.93,$134.65,$120.04,12.17,$157.03
BKR,Baker Hughes Co.,0.012,2,$55.50,1.01,$56.70,$43.24,31.13,$69.92
NE,Noble Corp.,0.012,2,$37.30,0.86,$42.36,$25.46,66.38,$53.83
DAR,Darling Ingredients Inc.,0.012,2,$54.62,0.96,$60.26,$29.15,106.72,$69.98
KN,Knowles Corp.,0.012,2,$41.48,0.94,$37.56,$20.57,82.60,$42.93
CRDO,Credo Technology Group Holdi,0.012,2,$271.95,1.00,$216.55,$86.49,150.38,$308.67
KALU,Kaiser Aluminum Corp.,0.012,2,$195.62,0.93,$151.51,$74.71,102.80,$199.89
GL,Globe Life Inc.,0.012,2,$178.68,0.71,$164.17,$126.81,29.46,$191.17
UGI,UGI Corp.,0.012,2,$34.54,0.99,$37.12,$30.36,22.27,$40.08
XMTR,Xometry Inc.,0.012,1,,0.95,$111.07,$35.86,209.73,$112.94
SMG,Scotts Miracle-Gro Co.,0.012,1,,0.96,$49.86,$47.90,4.09,$74.53
PBF,PBF Energy Inc.,0.012,1,,0.95,$84.27,$25.16,234.94,$89.48
FWONA,Liberty Media Corp Formula One Series A,0.012,1,,0.95,$86.67,$73.70,17.60,$98.79
WCN,Waste Connections,0.012,1,,0.99,$152.83,$146.58,4.26,$178.40
BBW,Build-A-Bear Workshop Inc.,0.012,1,,0.97,$25.53,$23.94,6.64,$70.63
IVZ,Invesco Ltd,0.012,1,,1.01,$29.51,$20.03,47.33,$33.66
BATRA,Atlanta Braves Holdings Inc. Series A,0.012,1,,1.01,$57.57,$41.50,38.72,$60.48
FOA,Finance Of America Companies Inc.,0.012,1,,1.00,$12.82,$12.15,5.51,$29.79
MDB,MongoDB Inc.,0.012,1,,0.99,$385.93,$215.68,78.94,$473.10
EDU,New Oriental Education & Technology,0.012,1,,0.99,$58.63,$44.25,32.50,$64.22
YMM,Full Truck Alliance Spn ADR,0.012,1,,0.96,$8.56,$7.38,15.99,$13.13
VTOL,Bristow Group Inc.,0.012,1,,0.95,$40.69,$34.73,17.16,$50.10
SU,Suncor Energy Inc.,0.011,4,$53.69,0.71,$72.23,$36.63,97.19,$72.46
HRL,Hormel Foods Corp.,0.011,3,$24.82,0.77,$19.19,$19.16,0.16,$26.43
ACMR,ACM Research Inc.,0.011,3,$126.89,0.92,$71.37,$28.46,150.77,$127.19
AUR,Aurora Innovation Inc.,0.011,3,$6.82,0.72,$5.83,$3.60,61.94,$8.57
SOFI,SoFi Technologies Inc.,0.011,2,$17.93,0.90,$15.80,$14.88,6.18,$32.73
PHG,Koninklijke Philips Electronics NV,0.011,2,$27.19,0.90,$24.24,$23.62,2.62,$32.21
AM,Antero Midstream Corp.,0.011,2,$22.75,0.90,$21.09,$16.41,28.52,$23.35
AAP,Advance Auto Parts,0.011,2,$62.22,0.80,$42.30,$37.11,13.99,$64.24
W,Wayfair Inc.,0.011,2,$92.42,0.90,$105.74,$55.60,90.18,$119.98
ELAN,Elanco Animal Health Inc.,0.011,2,$24.61,0.87,$22.92,$19.40,18.14,$27.98
LZAGY,Lonza Group Ag Unspon ADR,0.011,1,,0.92,$68.25,$57.99,17.69,$74.36
NWL,Newell Brands Inc.,0.011,1,,0.87,$5.64,$2.87,96.52,$7.05
CZR,Caesars Entertainment,0.011,1,,0.89,$29.50,$17.86,65.17,$30.88
KD,Kyndryl Holdings Inc,0.011,1,,0.87,$11.75,$10.10,16.34,$29.87
AAON,AAON Inc.,0.011,1,,0.87,$86.16,$72.95,18.11,$150.16
COST,Costco Co.,0.010,7,$935.41,0.35,$946.92,$840.35,12.68,$1094.76
SHEL,Shell plc,0.010,5,$77.54,0.59,$100.18,$66.79,49.99,$101.17
IJR,Ishares Core S&P Small Cap E,0.010,3,$148.32,0.84,$137.55,$110.57,24.40,$150.15
LIND,Lindblad Expeditions Hldgs Inc.,0.010,2,$28.24,0.78,$35.82,$11.37,215.04,$36.36
VBIL,Vanguard 0 3m T Bill ETF,0.010,2,$75.68,0.58,$75.60,$72.87,3.75,$75.60
DT,Dynatrace Inc.,0.010,2,$43.92,0.43,$63.50,$31.64,100.70,$63.78
GFI,Gold Fields Ltd.,0.010,2,$33.59,0.63,$36.82,$30.43,21.00,$58.68
KR,Kroger Co.,0.010,2,$55.53,0.72,$61.64,$53.78,14.62,$75.66
TEM,Tempus Ai Inc,0.010,2,$57.93,0.77,$70.93,$40.77,73.98,$101.56
BCO,Brink's Co.,0.010,1,,0.86,$103.40,$90.86,13.80,$135.75
SLDE,Slide Insurance Holdings Inc,0.010,1,,0.84,$25.14,$14.15,77.67,$26.75
EEFT,Euronet Worldwide Inc.,0.010,1,,0.81,$64.60,$61.62,4.84,$89.44
WAL,Western Alliance Bancorp,0.010,1,,0.81,$74.27,$65.11,14.07,$95.75
NDAQ,Nasdaq Inc.,0.010,1,,0.85,$93.65,$76.29,22.76,$100.76
QLYS,Qualys Inc.,0.010,1,,0.86,$202.42,$74.51,171.67,$204.41
VNO,Vornado Realty Trust,0.010,1,,0.83,$33.63,$24.57,36.87,$41.60
TIC,Acuren Corporation,0.010,1,,0.83,$8.91,$6.36,40.09,$13.52
PCVX,Vaxcyte Inc.,0.010,1,,0.85,$71.38,$39.87,79.03,$90.75
CET,Central Securities Corp.,0.010,1,,0.85,$55.87,$47.33,18.04,$57.39
BRBR,BellRing Brands Inc. CL A,0.010,1,,0.84,$8.55,$7.33,16.64,$35.67
CFG,Citizens Financial Group Inc.,0.010,1,,0.82,$63.57,$46.55,36.56,$75.33
DUSA,Davis Select Us Equity ETF,0.010,1,,0.82,$55.72,$46.06,20.97,$58.53
CIGI,Colliers International Group Inc.,0.009,4,$93.70,0.60,$86.60,$83.70,3.46,$171.06
IWR,Ishares Russell Mid Cap ETF,0.009,3,$110.27,0.53,$109.82,$90.51,21.33,$114.63
MLKN,MillerKnoll Inc.,0.009,3,$20.46,0.52,$20.88,$13.23,57.82,$24.51
RJF,Raymond James Financial Inc.,0.009,2,$152.03,0.75,$158.38,$137.85,14.89,$182.11
CFR,Cullen Frost Bankers,0.009,2,$154.52,0.71,$150.24,$115.60,29.97,$169.71
AVB-OLD,AvalonBay Communities,0.009,2,$188.69,0.72,$184.30,$157.12,17.30,$198.63
MPWR,Monolithic Power Systems,0.009,2,$1382.24,0.76,$1386.29,$827.63,67.50,$1708.95
HPQ,HP Inc.,0.009,2,$21.93,0.49,$30.20,$16.91,78.59,$36.23
OCFC,OceanFirst Financial Corp.,0.009,1,,0.77,$16.08,$16.06,0.12,$20.12
FR,First Industrial Realty Trust Inc.,0.009,1,,0.76,$59.43,$48.63,22.21,$69.31
EME,Emcor Group,0.009,1,,0.74,$789.45,$564.01,39.97,$951.47
PSUS,Pershing Square Usa Ltd,0.009,1,,0.77,$37.76,$35.71,5.74,$44.00
HAS,Hasbro Inc.,0.009,1,,0.73,$93.32,$67.33,38.60,$104.60
RIOT,Riot Blockchain Inc.,0.009,1,,0.70,$16.89,$11.50,46.87,$30.32
CTRN,Citi Trends Inc.,0.009,1,,0.74,$51.55,$34.43,49.72,$77.91
MMM,3M Co.,0.008,4,$161.92,0.52,$159.96,$138.02,15.90,$184.09
BMI,Badger Meter Inc.,0.008,3,$148.38,0.31,$131.38,$111.36,17.98,$201.67
TROW,T. Rowe Price Group,0.008,3,$113.63,0.30,$105.16,$83.17,26.44,$120.50
ITW,Illinois Tool Works,0.008,2,$270.47,0.67,$264.13,$232.87,13.42,$299.98
BTDR,Bitdeer Technologies Group A,0.008,2,$15.87,0.68,$9.63,$6.92,39.16,$27.80
TTE,TotalEnergies SE,0.008,2,$77.76,0.69,$86.11,$53.98,59.52,$92.37
RELX,RELX plc,0.008,2,$31.67,0.61,$36.13,$26.84,34.61,$45.98
KT,KT Corp.,0.008,2,$17.28,0.37,$18.30,$16.93,8.09,$23.90
LXU,LSB Industries Inc.,0.008,2,$10.81,0.66,$9.81,$8.12,20.81,$17.22
FIGR,Figure Technology Solut Cl A,0.008,1,,0.65,$28.54,$24.11,18.37,$78.00
AD,Array Digital Infrastructure Inc.,0.008,1,,0.67,$33.39,$28.86,15.70,$46.04
KRYS,Krystal Biotech Inc.,0.008,1,,0.67,$331.61,$179.19,85.06,$382.54
BXC,BlueLinx Holdings Inc.,0.008,1,,0.64,$70.76,$44.78,58.02,$93.80
TX,Ternium S.A.,0.008,1,,0.65,$58.18,$31.27,86.06,$59.32
SBSI,Southside Bancshares Inc.,0.008,1,,0.66,$30.20,$25.12,20.22,$35.79
DMAC,DiaMedica Therapeutics Inc.,0.008,1,,0.68,$8.33,$5.25,58.67,$10.42
AGO,Assured Guaranty Ltd.,0.008,1,,0.63,$70.03,$67.24,4.15,$91.07
KRSP,Rice Acquisition Corp 3 A,0.008,1,,0.67,$10.54,$10.21,3.23,$11.89
HKHGF,Hongkong Land Holdings Ltd,0.008,1,,0.63,$8.57,$5.51,55.54,$8.57
NWG,NatWest Group Plc,0.008,1,,0.67,$17.13,$13.51,26.79,$19.21
ZD,Ziff Davis Inc.,0.008,1,,0.63,$56.52,$22.45,151.76,$60.48
IPGP,IPG Photonics Corp.,0.008,1,,0.65,$78.27,$69.41,12.76,$155.82
D,Dominion Energy Inc.,0.008,1,,0.65,$61.64,$54.17,13.79,$72.26
MMS,MAXIMUS Inc.,0.008,1,,0.64,$59.39,$51.04,16.36,$98.42
CLX,Clorox Co.,0.007,5,$95.44,0.24,$83.80,$79.12,5.92,$125.83
VTV,Vanguard Value ETF,0.007,3,$217.93,0.60,$220.59,$179.15,23.13,$227.52
BTI,British American Tobacco plc,0.007,3,$61.76,0.37,$55.50,$47.05,17.96,$65.34
TDY,Teledyne Technologies,0.007,3,$666.90,0.56,$613.66,$483.02,27.05,$697.67
MTD,Mettler-Toledo International Inc.,0.007,2,$1277.67,0.32,$1549.99,$1023.05,51.51,$1585.72
EQNR,Equinor ASA,0.007,2,$31.40,0.57,$43.01,$21.54,99.68,$45.84
ING,ING Group NV,0.007,2,$31.38,0.58,$33.37,$22.49,48.38,$37.52
BAH,Booz Allen Hamilton Hldg Corp.,0.007,2,$60.67,0.56,$73.94,$59.05,25.22,$106.66
TNC,Tennant Co.,0.007,2,$87.54,0.55,$65.93,$59.62,10.58,$91.52
AXSM,Axsome Therapeutics Inc.,0.007,2,$244.77,0.54,$168.35,$119.20,41.23,$260.19
SRTA,Strata Critical Medical Inc.,0.007,2,$5.27,0.58,$4.53,$3.95,14.68,$6.50
EPAM,EPAM Systems Inc.,0.007,1,,0.54,$113.24,$73.06,55.00,$222.53
EXPD,Expeditors Int'l,0.007,1,,0.54,$193.24,$111.78,72.88,$195.73
WVE,Wave Life Sciences Ltd.,0.007,1,,0.54,$3.46,$3.37,2.67,$21.73
AS,Amer Sports Inc,0.007,1,,0.57,$28.14,$26.10,7.82,$42.76
ANDG,Andersen Group Inc A,0.007,1,,0.61,$56.82,$18.12,213.58,$58.18
RAL,Ralliant Corp.,0.007,1,,0.54,$73.20,$37.17,96.93,$75.35
VYX,NCR Voyix Corp.,0.007,1,,0.56,$7.15,$6.02,18.77,$12.07
QMCO,Quantum Corp.,0.007,1,,0.59,$30.43,$4.19,626.25,$35.65
MMSI,Merit Medical Systems Inc.,0.007,1,,0.61,$87.21,$59.74,45.98,$94.75
TMUS,T-Mobile US Inc.,0.007,1,,0.56,$148.58,$147.90,0.46,$226.24
FSLR,First Solar Inc.,0.007,1,,0.57,$177.82,$168.60,5.47,$320.95
PAYP,Paypay Corp,0.007,1,,0.55,$15.71,$12.07,30.16,$24.89
BLTE,Belite Bio Inc ADR,0.007,1,,0.55,$154.49,$77.64,98.98,$200.00
WLTH,Wealthfront Corp,0.007,1,,0.57,$10.82,$7.20,50.28,$14.88
GCMG,Gcm Grosvenor Inc Class A,0.007,1,,0.54,$13.20,$9.12,44.74,$14.74
UL,Unilever PLC,0.006,5,$60.12,0.22,$62.26,$53.97,15.36,$73.09
TIGO,Millicom Intl Cellular S.a.,0.006,3,$90.76,0.39,$79.48,$42.44,87.28,$106.24
RNR,RenaissanceRe Holdings Ltd.,0.006,3,$316.90,0.32,$331.38,$229.91,44.13,$339.82
PBR.A,Petroleo Brasil Sp Pref ADR,0.006,2,$14.64,0.49,$22.47,$10.25,119.22,$22.78
PUK,Prudential Plc ADR,0.006,2,$26.81,0.49,$23.92,$23.31,2.62,$33.36
VLTO,Veralto Corp.,0.006,2,$88.68,0.48,$96.93,$79.80,21.47,$105.16
QRVO-OLD,Qorvo Inc.,0.006,2,$93.27,0.51,$114.64,$74.92,53.02,$121.09
CYD,China Yuchai Intl Ltd.,0.006,2,$47.42,0.51,$29.82,$28.03,6.39,$60.28
CX,Cemex,0.006,2,$12.00,0.50,$9.56,$9.00,6.22,$13.60
HWKN,Hawkins Inc.,0.006,2,$142.10,0.45,$130.00,$116.05,12.02,$175.60
BEKE,KE Holdings Inc.,0.006,2,$14.53,0.38,$17.84,$13.81,29.18,$19.77
KFY,Korn Ferry,0.006,2,$66.58,0.30,$71.66,$57.57,24.47,$86.88
GLOB,Globant S.A.,0.006,2,$28.94,0.33,$36.32,$27.56,31.79,$72.10
DTE,DTE Energy Co.,0.006,1,,0.53,$126.90,$119.68,6.03,$154.33
ZTO,ZTO Express,0.006,1,,0.48,$20.15,$17.83,13.01,$25.97
NGG,National Grid Plc Sp ADR,0.006,1,,0.53,$76.48,$70.39,8.65,$92.22
CART,Maplebear Inc,0.006,1,,0.51,$47.76,$32.73,45.92,$52.68
WEX,WEX Inc.,0.006,1,,0.47,$172.43,$125.29,37.62,$203.99
FND,Floor & Decor Holdings,0.006,1,,0.46,$45.50,$42.64,6.71,$77.46
NBIX,Neurocrine Biosciences Inc.,0.006,1,,0.49,$142.44,$122.14,16.62,$186.12
SNN,Smith & Nephew plc,0.006,1,,0.49,$27.24,$26.07,4.49,$36.52
MBC,Masterbrand Inc,0.006,1,,0.46,$6.61,$6.27,5.42,$13.96
AIT,Applied Industrial Tech.,0.006,1,,0.53,$335.38,$236.75,41.66,$374.27
PPL,PPL Corp.,0.006,1,,0.49,$34.25,$31.56,8.52,$39.46
BCE,BCE Inc.,0.006,1,,0.51,$18.78,$18.68,0.54,$25.77
IT,Gartner Inc.,0.006,1,,0.49,$191.15,$124.25,53.84,$261.10
AGL,Agilon Health Inc,0.006,1,,0.46,$82.39,$7.48,1001.47,$133.04
DINT,Davis Select International,0.006,1,,0.48,$28.29,$25.77,9.78,$30.75
TWFG,Twfg Inc,0.006,1,,0.53,$24.76,$16.56,49.52,$31.30
CRAI,CRA International Inc.,0.006,1,,0.47,$176.73,$131.23,34.67,$224.94
THG,Hanover Insurance Group,0.006,1,,0.46,$219.33,$163.54,34.11,$235.06
T,AT&T Inc.,0.005,3,$20.70,0.40,$22.18,$19.41,14.27,$28.43
BIL,SPDR Bloomberg 1 3 Month T B,0.005,3,$91.64,0.27,$91.51,$88.27,3.67,$91.51
LPX,Louisiana-Pacific Corp.,0.005,3,$78.66,0.21,$65.69,$62.18,5.64,$99.15
DCI,Donaldson Co.,0.005,3,$89.77,0.38,$86.93,$78.40,10.88,$112.05
EMR,Emerson Electric,0.005,3,$143.16,0.26,$161.83,$121.73,32.94,$165.79
ARCO,Arcos Dorados Holdings Inc.,0.005,3,$8.06,0.26,$7.77,$6.49,19.72,$9.58
FRFHF,Fairfax Financial Holdings Ltd.,0.005,2,$1644.34,0.26,$1560.25,$1500.00,4.02,$1933.22
HALO,Halozyme Therapeutics,0.005,2,$78.26,0.45,$110.42,$61.23,80.34,$116.85
IDA,IDACORP Inc. Hldg. Co.,0.005,2,$151.30,0.43,$135.42,$121.82,11.16,$153.97
EQPT,Equipmentshare.com Inc A,0.005,2,$19.66,0.38,$15.09,$14.20,6.27,$35.50
BWXT,BWX Technologies Inc.,0.005,2,$194.65,0.37,$143.83,$131.86,9.08,$241.12
DWLD,Davis Select Worldwide ETF,0.005,1,,0.38,$45.43,$42.44,7.05,$49.48
DFNL,Davis Select Financial ETF,0.005,1,,0.45,$48.67,$42.56,14.36,$53.09
SARO,Standardaero Inc,0.005,1,,0.41,$20.17,$19.85,1.61,$34.48
SGRY,Surgery Partners Inc.,0.005,1,,0.38,$13.89,$11.41,21.74,$23.44
MEOH,Methanex Corp.,0.005,1,,0.43,$62.10,$31.54,96.89,$66.34
PRG,PROG Holdings Inc.,0.005,1,,0.40,$30.48,$25.48,19.62,$47.57
TAL,TAL Education Group,0.005,1,,0.43,$12.86,$8.88,44.82,$13.37
AQN,Algonquin Power & Utilities,0.005,1,,0.39,$5.11,$4.89,4.50,$6.86
CNO,CNO Financial Group Inc.,0.005,1,,0.37,$52.99,$37.63,40.82,$57.40
SION,Sionna Therapeutics Inc,0.005,1,,0.40,$4.90,$4.01,22.19,$54.97
SMPL,Simply Good Foods Co.,0.005,1,,0.42,$10.18,$9.38,8.53,$25.66
FRPH,FRP Holdings Inc.,0.005,1,,0.43,$20.04,$19.60,2.24,$25.74
QURE,uniQure NV,0.005,1,,0.38,$22.59,$8.73,158.76,$71.50
WHR,Whirlpool Corp.,0.005,1,,0.38,$28.83,$28.39,1.55,$93.59
SMIN,Ishares Msci India Small Cap,0.005,1,,0.42,$67.05,$57.78,16.04,$74.41
SOPH,Sophia Genetics SA,0.005,1,,0.42,$7.41,$3.75,97.60,$8.98
ORKA,Oruka Therapeutics Inc,0.005,1,,0.41,$82.11,$24.31,237.76,$115.52
SNDX,Syndax Pharmaceuticals Inc.,0.005,1,,0.43,$16.99,$12.99,30.79,$25.59
LKFT,Lakefront Biotherapeutics,0.005,1,,0.37,$29.73,$25.68,15.77,$36.24
SUN,Sunoco Inc.,0.005,1,,0.43,$75.60,$45.68,65.50,$80.22
PKG,Packaging Corp. of America,0.005,1,,0.45,$230.51,$186.77,23.42,$258.31
WK,Workiva Inc.,0.005,1,,0.37,$73.25,$43.34,69.01,$97.10
MLCO,Melco Resorts & Entertainment,0.005,1,,0.44,$4.23,$4.06,4.19,$9.53
KGS,Kodiak Gas Services Inc,0.005,1,,0.39,$53.47,$31.78,68.25,$77.10
HAL,Halliburton Co.,0.005,1,,0.39,$32.55,$21.03,54.78,$43.20
HDB,HDFC Bank Ltd.,0.004,5,$25.83,0.12,$22.28,$21.71,2.63,$36.81
VTI,Vanguard Total Stock Mkt ETF,0.004,5,$370.00,0.19,$381.94,$308.73,23.71,$384.15
CCK,Crown Holdings,0.004,4,$111.82,0.19,$108.26,$88.12,22.86,$122.91
ONB,Old National Bancorp,0.004,3,$25.90,0.22,$24.58,$18.93,29.85,$27.21
LBRDA-OLD,Liberty Broadband Corp. CL A,0.004,3,$33.28,0.29,$35.98,$26.14,37.64,$65.40
HPE,Hewlett Packard Enterprise,0.004,3,$45.11,0.34,$73.46,$19.57,275.37,$73.56
SMFG,Sumitomo Mitsui Spons ADR,0.004,2,$23.58,0.36,$25.13,$14.95,68.09,$27.62
MDY,SPDR S&P Midcap 400 ETF Trst,0.004,2,$703.33,0.34,$669.87,$562.03,19.19,$715.63
NOVT,Novanta Inc.,0.004,2,$162.28,0.27,$141.28,$98.27,43.77,$176.38
HLI,Houlihan Lokey Inc.,0.004,2,$134.13,0.33,$130.16,$112.24,15.97,$200.67
AFL,AFLAC Inc.,0.004,2,$117.24,0.28,$114.54,$103.27,10.91,$129.57
COO,Cooper Cos Inc,0.004,2,$71.72,0.25,$54.37,$51.01,6.59,$89.83
VIST,"Vista Oil & Gas, S.A.B. de C.V.",0.004,2,$63.80,0.35,$66.26,$34.60,91.50,$81.44
UHAL,U-Haul Holding Co.,0.004,2,$65.44,0.26,$57.39,$41.95,36.81,$76.45
FCN,FTI Consulting Inc.,0.004,1,,0.30,$136.16,$129.12,5.45,$189.30
GLPI,Gaming and Leisure Properties Inc.,0.004,1,,0.32,$38.28,$37.33,2.54,$47.34
ALNY,Alnylam Pharmaceuticals,0.004,1,,0.31,$232.68,$197.81,17.63,$495.55
PAGS,PagSeguro Digital Ltd.,0.004,1,,0.31,$11.16,$8.00,39.50,$11.68
COYA,Coya Therapeutics Inc,0.004,1,,0.35,$4.95,$3.71,33.42,$7.75
ZM,Zoom Video Communications Inc.,0.004,1,,0.32,$97.74,$70.70,38.25,$114.74
PCAR,PACCAR Inc.,0.004,1,,0.35,$108.04,$90.03,20.00,$138.87
PIPR,Piper Sandler Companies,0.004,1,,0.36,$65.28,$62.69,4.13,$92.80
CCU,Compania Cervecerias Unidas SA,0.004,1,,0.30,$10.91,$10.25,6.44,$15.15
TCHP,T Rowe Price Blue Chip Growth ETF,0.004,1,,0.31,$52.25,$42.26,23.64,$53.26
SDGR,SCHRODINGER Inc.,0.004,1,,0.33,$27.28,$10.95,149.13,$33.78
INBX,Inhibrx,0.004,1,,0.30,$95.01,$28.16,237.39,$155.29
BTSG,Brightspring Health Services,0.004,1,,0.32,$63.74,$27.30,133.48,$73.75
MINE,Mayfair Gold Corp,0.004,1,,0.29,$2.58,$2.16,19.44,$4.88
SLQT,Selectquote Inc.,0.004,1,,0.32,$0.36,$0.35,2.86,$2.22
AGI,Alamos Gold Inc.,0.004,1,,0.31,$32.90,$27.02,21.76,$55.24
PRDO,Perdoceo Education Corp.,0.004,1,,0.30,$33.71,$26.14,28.96,$38.13
INDA,iShares MSCI India ETF,0.004,1,,0.34,$46.03,$45.21,1.81,$55.50
XEL,Xcel Energy Inc.,0.004,1,,0.29,$73.78,$68.72,7.36,$82.56
PHVS,Pharvaris NV,0.004,1,,0.36,$31.10,$20.65,50.61,$43.25
ATKR,Atkore International Group Inc.,0.004,1,,0.30,$94.84,$53.32,77.87,$94.90
SFM,Sprouts Farmers Market Inc.,0.004,1,,0.35,$65.14,$61.88,5.27,$114.34
EVLV,Evolv Technologies Holdings,0.004,1,,0.34,$4.53,$4.46,1.57,$8.81
GNE,Genie Energy Ltd.,0.004,1,,0.35,$16.63,$12.56,32.40,$16.87
SWIM,Latham Group Inc,0.004,1,,0.32,$6.04,$4.64,30.17,$8.97
JGRW,Jensen Quality Growth ETF,0.004,1,,0.36,$28.24,$23.54,19.97,$28.94
VUG,Vanguard Growth ETF,0.003,6,$86.16,0.13,$91.97,$69.49,32.35,$93.00
SPY,SPDR S&P 500 ETF Trust,0.003,6,$746.85,0.06,$778.57,$626.11,24.35,$781.62
RSP,Invesco S&P 500 Equal Weight,0.003,4,$212.87,0.22,$213.04,$179.25,18.85,$222.60
SNPS,Synopsys Inc.,0.003,4,$446.14,0.16,$509.99,$362.55,40.67,$539.48
VWO,Vanguard FTSE Emerging Marke,0.003,4,$59.69,0.22,$59.76,$51.24,16.63,$61.42
VIG,Vanguard Dividend Apprec ETF,0.003,3,$236.65,0.21,$239.05,$208.30,14.76,$246.48
IWM,iShares Russell 2000 ETF,0.003,3,$300.49,0.25,$278.94,$226.60,23.10,$304.38
ALL,Allstate Corp.,0.003,3,$237.94,0.28,$229.43,$184.51,24.35,$276.07
BC,Brunswick Corp.,0.003,2,$84.24,0.21,$61.48,$57.26,7.37,$88.81
COLB,Columbia Banking System Inc.,0.003,2,$32.05,0.20,$28.37,$22.66,25.20,$33.27
VO,Vanguard Mid Cap ETF,0.003,2,$80.57,0.25,$81.14,$68.44,18.56,$84.28
ASB,Associated Banc-Corp,0.003,2,$30.77,0.18,$28.65,$23.04,24.35,$32.21
SEIC,SEI Investments,0.003,2,$87.74,0.12,$104.70,$74.64,40.27,$112.15
ALSN,Allison Transmission Holdings,0.003,2,$112.75,0.19,$109.86,$75.21,46.07,$136.97
AYI,Acuity Brands Inc.,0.003,2,$376.66,0.25,$298.34,$256.71,16.22,$379.43
CNXC,Concentrix Corp.,0.003,2,$22.41,0.22,$25.95,$18.81,37.96,$46.24
HAFN,Hafnia Ltd,0.003,2,$6.62,0.21,$10.72,$4.60,133.04,$10.90
THO,Thor Industries,0.003,2,$75.17,0.15,$63.87,$63.73,0.22,$121.16
BSY,Bentley Systems Inc Class B,0.003,1,,0.27,$34.97,$28.02,24.80,$52.45
VSTM,Verastem Inc.,0.003,1,,0.27,$8.38,$3.43,144.31,$10.82
FBAK,First National Bank Alaska,0.003,1,,0.25,$202.54,$165.01,22.74,$211.60
JKHY,Jack Henry & Associates Inc.,0.003,1,,0.26,$149.31,$120.60,23.81,$191.13
PS,Pershing Square Inc.,0.003,1,,0.24,$54.59,$21.89,149.38,$60.29
GIII,G-III Apparel Group,0.003,1,,0.22,$27.07,$24.36,11.12,$37.40
LEGH,Legacy Housing Corp.,0.003,1,,0.24,$27.81,$18.29,52.05,$31.34
LBRT,Liberty Oilfield Services Inc.,0.003,1,,0.21,$19.00,$11.35,67.40,$34.23
NTB,Bank of N.T. Butterfield & Son Ltd,0.003,1,,0.26,$57.50,$39.10,47.06,$64.17
BMM,Blue Moon Metals Inc,0.003,1,,0.28,$4.87,$3.47,40.35,$8.63
SMRT,SmartRent Inc.,0.003,1,,0.24,$1.17,$0.91,28.57,$2.20
GLDM,SPDR Gold Minishares Trust,0.003,1,,0.22,$82.99,$77.50,7.08,$109.74
OVV,Ovintiv Inc.,0.003,1,,0.21,$63.88,$34.67,84.25,$67.41
RUSHB,Rush Enterprises Inc. - CL B,0.003,1,,0.21,$57.34,$31.53,81.86,$57.43
CGAU,Centerra Gold Inc,0.003,1,,0.22,$22.54,$10.33,118.20,$24.52
L,Loews Corp.,0.003,1,,0.27,$106.69,$97.16,9.81,$120.94
RCL,Royal Caribbean Cruises Ltd.,0.003,1,,0.21,$282.26,$222.22,27.02,$350.59
PLOW,Douglas Dynamics,0.003,1,,0.22,$39.19,$27.69,41.53,$54.60
HGTY,Hagerty Inc.,0.003,1,,0.27,$14.21,$9.36,51.82,$14.36
LESLQ,Leslie's Inc.,0.003,1,,0.24,$0.04,$0.04,0.00,$12.53
OGC,Oceanagold Corp,0.003,1,,0.25,$27.60,$20.01,37.93,$42.96
MO,Altria Group Inc.,0.002,5,$71.95,0.12,$71.68,$52.17,37.40,$75.85
IWD,Ishares Russell 1000 Value E,0.002,4,$244.40,0.12,$253.54,$196.35,29.13,$259.24
NUE,Nucor Corp.,0.002,3,$222.78,0.14,$250.33,$129.80,92.86,$279.45
OEC,Orion SA,0.002,3,$6.63,0.09,$5.77,$4.28,34.81,$8.61
AIR,AAR Corp.,0.002,3,$142.94,0.11,$100.43,$76.10,31.97,$154.00
AEBI,Aebi Schmidt Holding Ag,0.002,3,$12.55,0.16,$11.02,$8.87,24.24,$15.87
AMT,American Tower Corp.,0.002,3,$163.57,0.09,$182.24,$158.35,15.09,$192.15
APLD,Applied Digital Corp,0.002,3,$37.30,0.14,$23.68,$19.01,24.57,$50.73
ACWI,iShares MSCI ACWI ETF,0.002,3,$156.97,0.16,$160.90,$132.79,21.17,$162.80
SNA,Snap-On Inc.,0.002,2,$402.37,0.12,$360.37,$312.34,15.38,$420.41
PAAS,Pan American Silver Corp.,0.002,2,$44.79,0.18,$46.27,$32.65,41.72,$69.34
HLT,Hilton Worldwide Holdings,0.002,2,$330.48,0.12,$326.56,$253.04,29.05,$357.84
SMHI,SEACOR Marine Holdings Inc.,0.002,2,$7.65,0.18,$8.57,$5.55,54.41,$10.00
HUN,Huntsman Corp.,0.002,2,$10.62,0.16,$8.14,$7.08,14.97,$15.93
TD,Toronto-Dominion Bank,0.002,2,$121.55,0.13,$115.10,$75.67,52.11,$124.60
CECO,CECO Environmental Corp.,0.002,2,$90.74,0.11,$65.82,$42.82,53.71,$101.24
PLXS,Plexus Corp.,0.002,2,$300.67,0.11,$262.54,$132.03,98.85,$307.06
ERO,Ero Copper Corp,0.002,2,$26.74,0.19,$37.61,$19.09,97.01,$40.83
RF,Regions Financial Corp.,0.002,2,$30.20,0.16,$27.03,$21.82,23.88,$32.14
IBN,ICICI Bank Ltd.,0.002,2,$29.03,0.14,$27.89,$24.87,12.14,$32.75
IWN,Ishares Russell 2000 Value E,0.002,2,$221.16,0.17,$210.87,$166.05,26.99,$226.94
NUVB,Nuvation Bio Inc.,0.002,2,$5.68,0.13,$5.00,$3.36,48.81,$9.75
MANH,Manhattan Associates,0.002,2,$139.25,0.18,$204.89,$119.06,72.09,$227.03
LPG,Dorian LPG Ltd,0.002,2,$34.79,0.11,$57.64,$22.18,159.87,$59.97
FIX,Comfort Systems USA Inc.,0.002,2,$1981.92,0.20,$1715.69,$768.90,123.14,$2072.10
HONA,Honeywell Aerospace Inc,0.002,2,$221.08,0.20,$157.94,$149.19,5.87,$266.62
VALE,Vale SA,0.002,2,$15.04,0.19,$13.62,$10.07,35.25,$17.45
VREX,Varex Imaging Corp.,0.002,2,$10.43,0.13,$18.46,$9.09,103.08,$18.63
MTDR,Matador Resources Co.,0.002,2,$49.79,0.14,$54.28,$35.98,50.86,$65.88
MX,MagnaChip Semiconductor Corp.,0.002,2,$4.73,0.19,$3.12,$2.18,43.12,$9.86
WB,Weibo Corp.,0.002,1,,0.18,$6.54,$6.27,4.31,$11.53
BULL,Webull Corp,0.002,1,,0.18,$6.31,$4.50,40.22,$12.83
HXL,Hexcel Corp.,0.002,1,,0.14,$84.96,$60.32,40.85,$111.54
GT,Goodyear Tire & Rubber,0.002,1,,0.13,$4.68,$4.60,1.74,$10.62
MOAT,Vaneck Morningstar Wide Moat,0.002,1,,0.14,$108.74,$94.07,15.59,$115.58
VSS,Vanguard FTSE All Wo X Us Sc,0.002,1,,0.14,$155.12,$132.47,17.10,$162.15
HR,Healthcare Realty Trust Inc.,0.002,1,,0.13,$17.15,$15.71,9.17,$21.77
IVVD,Invivyd Inc.,0.002,1,,0.15,$0.72,$0.53,35.85,$3.07
EVTC,EVERTEC Inc.,0.002,1,,0.19,$29.64,$21.73,36.40,$34.41
DOCN,DigitalOcean Holdings Inc.,0.002,1,,0.14,$134.82,$37.09,263.49,$187.50
NSSC,Napco Security Technologies Inc.,0.002,1,,0.17,$36.14,$33.75,7.08,$51.52
XLE,Energy Select Sector SPDR,0.002,1,,0.15,$65.08,$41.18,58.04,$65.86
LILA,Liberty LiLAC Group A,0.002,1,,0.17,$8.10,$4.73,71.25,$9.03
GDXJ,Vaneck Junior Gold Miners,0.002,1,,0.20,$114.43,$85.38,34.02,$157.49
RERE,AiHuiShou International Co. Ltd. ADS,0.002,1,,0.16,$3.76,$3.50,7.43,$6.32
WU,Western Union Co.,0.002,1,,0.16,$6.12,$5.87,4.26,$9.44
WSFS,WSFS Financial Corp.,0.002,1,,0.20,$75.39,$49.37,52.70,$82.74
BNTX,Biontech Se ADR,0.002,1,,0.18,$96.96,$79.52,21.93,$124.00
FSM,Fortuna Mining Corp.,0.002,1,,0.19,$10.92,$7.69,42.00,$13.85
HTLD,Heartland Express,0.002,1,,0.16,$11.12,$6.94,60.23,$16.58
CLFD,Clearfield Inc.,0.002,1,,0.14,$34.01,$23.76,43.14,$52.73
SEDG,SolarEdge Technologies Inc.,0.002,1,,0.18,$32.21,$28.21,14.18,$81.25
NTNX,Nutanix Inc.,0.002,1,,0.20,$74.63,$34.01,119.44,$74.66
MSM,MSC Industrial Direct,0.002,1,,0.13,$129.51,$76.68,68.90,$132.33
ADNT,Adient plc,0.002,1,,0.20,$17.42,$16.51,5.51,$27.32
BRKR,Bruker Corp.,0.002,1,,0.15,$58.84,$32.26,82.39,$66.98
AMTM,Amentum Holdings Inc.,0.002,1,,0.17,$19.29,$17.72,8.86,$38.11
WGO,Winnebago Industries Inc.,0.002,1,,0.16,$23.39,$23.30,0.39,$48.44
GENI,Genius Sports Ltd,0.002,1,,0.16,$6.65,$3.83,73.63,$12.39
PSLV,Sprott Physical Silver Trust,0.002,1,,0.15,$19.89,$15.06,32.07,$38.13
HTZ,Hertz Global Hldgs Inc.,0.002,1,,0.17,$1.92,$1.45,32.41,$8.18
MMI,Marcus & Millichap Inc.,0.002,1,,0.20,$28.24,$24.00,17.67,$33.28
KOP,Koppers Holdings Inc.,0.002,1,,0.14,$43.41,$24.77,75.25,$52.90
SHOE,Shoe Carnival Inc.,0.002,1,,0.13,$12.75,$10.06,26.74,$20.86
PFG,Principal Financial Group,0.002,1,,0.13,$107.24,$75.30,42.42,$121.18
SLV,iShares Silver Trust,0.002,1,,0.19,$54.78,$41.70,31.37,$109.83
MORN,Morningstar Inc.,0.002,1,,0.15,$204.45,$140.69,45.32,$226.47
NOG,Northern Oil and Gas Inc.,0.002,1,,0.16,$24.76,$16.85,46.94,$29.41
ORIC,ORIC Pharmaceuticals Inc.,0.002,1,,0.16,$11.99,$7.23,65.84,$14.68
LAB,Standard Biotools Inc,0.002,1,,0.14,$0.69,$0.63,9.52,$1.72
BUDFF,Anheuser Busch Inbev SA NV,0.002,1,,0.16,$76.96,$58.11,32.44,$86.78
SABR,Sabre Corp.,0.002,1,,0.14,$1.90,$0.81,134.57,$2.50
MBUU,Malibu Boats Inc.,0.002,1,,0.14,$21.64,$21.60,0.19,$34.97
TRP,TC Energy,0.002,1,,0.17,$60.05,$47.30,26.96,$70.15
SPRY,Ars Pharmaceuticals Inc,0.002,1,,0.18,$4.23,$3.99,6.02,$13.15
SCSC,ScanSource Inc.,0.002,1,,0.17,$60.93,$33.76,80.48,$66.78
RCI,Rogers Communications Inc.,0.002,1,,0.18,$29.78,$29.26,1.78,$39.99
TRMLF,Tourmaline Oil Corp,0.002,1,,0.18,$44.50,$40.04,11.14,$50.39
IDCC,InterDigital Inc.,0.002,1,,0.13,$331.31,$248.51,33.32,$409.73
CNP,CenterPoint Energy,0.002,1,,0.20,$38.60,$36.37,6.13,$44.99
EMBC,Embecta Corp,0.002,1,,0.17,$5.69,$2.76,106.16,$14.43
FNDF,Schwab Fndmn Intl Lrg Co ETF,0.002,1,,0.15,$53.61,$40.86,31.20,$56.48
ZIM,Zim Integrated Shipping Serv,0.002,1,,0.20,$29.99,$11.75,155.23,$30.96
NOK,Nokia Corp.,0.002,1,,0.20,$10.36,$5.09,103.54,$17.36
DMRA,Damora Therapeutics Inc.,0.002,1,,0.17,$21.08,$4.95,325.86,$38.33
BTE,Baytex Energy Corp.,0.002,1,,0.14,$4.81,$2.15,123.72,$5.32
AEG,Aegon Ltd,0.002,1,,0.20,$8.24,$6.39,28.95,$9.36
VT,Vanguard Tot World Stk ETF,0.001,4,$156.95,0.07,$159.83,$132.28,20.83,$162.29
HRI,HERC Holdings Inc.,0.001,3,$143.35,0.04,$123.46,$87.56,41.00,$185.59
CAH,Cardinal Health Inc.,0.001,3,$237.56,0.09,$237.57,$150.45,57.91,$257.70
APA,APA Corp.,0.001,3,$32.57,0.06,$45.88,$21.13,117.13,$47.44
XLK,Technology Select Sect SPDR,0.001,3,$190.45,0.04,$198.78,$126.38,57.29,$203.25
CW,Curtiss-Wright Corp.,0.001,3,$758.31,0.05,$512.60,$501.60,2.19,$807.77
QQQ,Invesco Qqq Trust Series 1,0.001,3,$736.46,0.09,$751.27,$554.41,35.51,$762.86
OTIS,Otis Worldwide Corp.,0.001,3,$71.61,0.07,$65.95,$63.58,3.73,$93.43
VECO,Veeco Instruments,0.001,3,$75.80,0.06,$52.28,$26.00,101.08,$86.63
MPC,Marathon Petroleum Corp.,0.001,3,$255.59,0.08,$455.03,$160.07,184.27,$470.00
JBTM,JBT Marel Corp.,0.001,3,$144.99,0.09,$107.08,$103.26,3.70,$169.81
AEIS,Advanced Energy Industries,0.001,3,$372.88,0.06,$288.66,$169.11,70.69,$397.18
SIMO,Silicon Motion Technol ADR,0.001,2,$333.35,0.07,$263.90,$79.13,233.50,$354.28
UCTT,Ultra Clean Holdings Inc.,0.001,2,$142.59,0.08,$68.59,$21.49,219.17,$144.22
VPG,Vishay Precision Group,0.001,2,$149.92,0.04,$72.63,$29.08,149.76,$151.78
RXO,Rxo Inc,0.001,2,$27.60,0.06,$29.08,$10.43,178.81,$29.90
SITM,SiTime Corp.,0.001,2,$745.53,0.04,$612.37,$243.68,151.30,$901.81
CM,Can Imperial Bk Of Commerce,0.001,2,$115.10,0.10,$109.20,$76.98,41.86,$124.03
HOFT,Hooker Furniture Corp.,0.001,2,$17.83,0.08,$12.43,$8.31,49.58,$17.94
WBS-OLD,Webster Financial Corp.,0.001,2,$76.34,0.05,$77.78,$51.49,51.06,$79.40
LASR,nLight Inc.,0.001,2,$69.62,0.08,$38.48,$28.05,37.18,$86.95
DLO,DLocal Ltd,0.001,2,$13.00,0.05,$15.23,$10.46,45.60,$16.50
GLBAV-OLD,GCI Liberty Inc. Series A,0.001,2,$21.90,0.08,,,,
TALO,Talos Energy Inc.,0.001,2,$12.91,0.05,$16.80,$8.97,87.29,$18.73
LEVI,Levi Strauss & Co.,0.001,2,$24.83,0.08,$18.70,$17.50,6.86,$25.70
LTH,Life Time Group Holdings Inc,0.001,2,$40.84,0.06,$40.62,$24.14,68.27,$47.24
RKLB,Rocket Lab Corp.,0.001,2,$101.58,0.07,$68.21,$37.57,81.55,$151.00
JOYY,JOYY Inc.,0.001,2,$65.99,0.08,$81.05,$50.37,60.91,$82.15
BTG,B2Gold Corp.,0.001,2,$3.75,0.06,$5.25,$3.56,47.47,$6.21
ZGN,Ermenegildo Zegna Nv,0.001,2,$13.02,0.04,$12.68,$8.55,48.30,$15.95
ONTO,Onto Innovation Inc.,0.001,2,$378.43,0.05,$294.53,$118.97,147.57,$386.46
WMG,Warner Music Group Corp. CL A,0.001,2,$27.07,0.06,$28.72,$23.04,24.65,$34.97
GHM,Graham Corp.,0.001,2,$123.78,0.04,$82.37,$52.57,56.69,$125.82
VICR,Vicor Corp.,0.001,2,$379.84,0.05,$266.07,$48.53,448.26,$382.65
DPZ,Dominos Pizza Inc.,0.001,2,$295.99,0.08,$309.36,$280.27,10.38,$434.73
CLS,Celestica Inc,0.001,2,$364.81,0.08,$362.16,$238.23,52.02,$474.03
FTK,Flotek Industries Inc.,0.001,2,$23.52,0.04,$26.79,$13.19,103.11,$39.67
BKH,Black Hills,0.001,2,$74.40,0.07,$76.08,$57.66,31.95,$77.98
ROST,Ross Stores Inc.,0.001,2,$212.84,0.09,$222.41,$146.28,52.04,$256.50
BWA,BorgWarner Inc.,0.001,2,$66.40,0.04,$61.30,$40.02,53.17,$78.61
JHX,James Hardie Industries PLC,0.001,2,$26.18,0.06,$25.12,$16.46,52.61,$31.43
MAMA,Mama's Creations Inc,0.001,2,$17.85,0.04,$13.55,$9.90,36.87,$21.00
BSM,Black Stone Minerals L.P.,0.001,2,$13.97,0.09,$14.81,$11.29,31.18,$15.20
EQIX,Equinix Inc.,0.001,2,$1042.41,0.09,$1026.06,$709.79,44.56,$1118.65
MRVI,Maravai LifeSciences Holdings Inc.,0.001,2,$6.24,0.07,$7.44,$2.55,191.76,$9.42
ASTE,Astec Industries,0.001,2,$61.20,0.03,$38.71,$38.29,1.10,$65.33
FFIV,F5 Networks,0.001,2,$415.93,0.08,$479.83,$223.76,114.44,$482.47
HL,Hecla Mining Co.,0.001,2,$15.41,0.06,$17.07,$11.80,44.66,$34.15
FTI,TechnipFMC plc,0.001,2,$66.26,0.05,$69.57,$35.18,97.75,$80.70
ATRO,Astronics Corp.,0.001,2,$81.26,0.03,$64.22,$41.50,54.75,$99.89
AMN,AMN Healthcare Services,0.001,2,$32.36,0.09,$36.52,$14.97,143.95,$38.44
SHG,Shinhan Financial Group Company,0.001,2,$63.25,0.12,$75.52,$45.61,65.58,$85.57
PLTR,Palantir Technologies Inc.,0.001,2,$116.72,0.04,$209.05,$106.37,96.53,$209.58
DOV,Dover Corp.,0.001,2,$224.29,0.05,$188.83,$157.36,20.00,$235.79
RDNT,RadNet Inc.,0.001,2,$61.67,0.08,$70.91,$50.82,39.53,$85.84
H,Hyatt Hotels Corp.,0.001,1,,0.08,$161.94,$133.71,21.11,$206.69
MTRN,Materion Corp.,0.001,1,,0.06,$280.45,$109.25,156.70,$324.99
HVT,Haverty Furniture,0.001,1,,0.12,$27.26,$18.81,44.92,$29.47
ASGN,ASGN Inc.,0.001,1,,0.12,,,,
EHC,Encompass Health Corp.,0.001,1,,0.10,$123.33,$92.25,33.69,$127.28
MINN,Mairs & Power Mn Muni Bond,0.001,1,,0.10,$20.82,$20.50,1.56,$22.78
TWST,Twist Bioscience Corp.,0.001,1,,0.05,$159.78,$23.30,585.75,$219.71
BWLP,Bw Lpg Ltd,0.001,1,,0.09,$26.00,$10.17,155.65,$26.48
HII,Huntington Ingalls Industries,0.001,1,,0.06,$264.80,$256.79,3.12,$455.90
COHU,Cohu Inc.,0.001,1,,0.07,$68.19,$19.82,244.05,$75.72
EAF,GrafTech International Ltd.,0.001,1,,0.08,$9.11,$4.92,85.16,$20.32
BELFB,Bel Fuse Inc. CL B,0.001,1,,0.09,$244.50,$129.82,88.34,$335.20
FROG,JFrog Ltd,0.001,1,,0.07,$102.23,$34.05,200.23,$105.76
PATK,Patrick Industries Inc.,0.001,1,,0.08,$63.46,$63.32,0.22,$146.40
IEUR,iShares Core MSCI Europe ETF,0.001,1,,0.08,$73.10,$64.33,13.63,$78.90
FINV,Finvolution Group ADR,0.001,1,,0.12,$3.06,$2.89,5.88,$6.64
SEI,Solaris Energy Infrastructure Inc.,0.001,1,,0.06,$76.40,$38.18,100.10,$86.02
HELE,Helen of Troy Ltd.,0.001,1,,0.06,$26.51,$13.85,91.41,$31.98
ADMA,ADMA Biologics Inc.,0.001,1,,0.10,$10.36,$7.21,43.69,$20.46
PEYUF,Peyto Exploration & Development Corp.,0.001,1,,0.08,$17.03,$12.59,35.27,$20.58
PLAY,Dave & Buster's Ent. Inc.,0.001,1,,0.08,$6.90,$6.26,10.22,$22.10
VRM,Vroom Inc,0.001,1,,0.11,$9.31,$6.80,36.91,$27.75
URA,Global X Uranium ETF,0.001,1,,0.05,$38.90,$37.18,4.63,$62.28
NSP,Insperity Inc.,0.001,1,,0.06,$48.73,$18.03,170.27,$55.25
EWT,Ishares Msci Taiwan ETF,0.001,1,,0.05,$114.31,$58.01,97.05,$118.47
DCO,Ducommun Inc.,0.001,1,,0.05,$170.56,$84.76,101.23,$210.39
CCJ,Cameco Corp.,0.001,1,,0.06,$88.06,$77.55,13.55,$135.24
HTZWW,Hertz Global Hldgs Inc. WTS,0.001,1,,0.09,$0.89,$0.70,27.14,$3.89
EWJ,iShares MSCI Japan ETF,0.001,1,,0.05,$97.86,$74.98,30.51,$99.98
TBI,TrueBlue Inc.,0.001,1,,0.06,$8.87,$3.18,178.93,$11.03
XOP,SPDR S&P Oil & Gas Exploration & Production ETF,0.001,1,,0.09,$191.52,$119.67,60.04,$200.09
ABCB,Ameris Bancorp,0.001,1,,0.05,$79.02,$68.12,16.00,$92.99
BATL,Battalion Oil Corp.,0.001,1,,0.10,$1.01,$1.00,1.00,$29.70
VYMI,Vanguard Int High Dvd Yld In,0.001,1,,0.08,$100.66,$79.72,26.27,$106.45
CIFR,Cipher Mining Inc,0.001,1,,0.09,$13.52,$11.72,15.36,$30.14
PDLB,Ponce Financial Group Inc.,0.001,1,,0.05,$20.05,$13.91,44.14,$21.10
ESGD,Ishares Trust Ishares Esg Aw,0.001,1,,0.05,$102.46,$87.40,17.23,$108.00
WWD,Woodward Inc.,0.001,1,,0.05,$335.51,$243.79,37.62,$450.52
ENOV,Enovis Corp.,0.001,1,,0.05,$17.69,$16.70,5.93,$34.28
ABVX,Abivax SA ADR,0.001,1,,0.05,$88.15,$69.81,26.27,$148.83
LINC,Lincoln Educational Services Corp.,0.001,1,,0.05,$23.49,$17.29,35.86,$56.34
UVV,Universal Corp.,0.001,1,,0.06,$42.00,$40.31,4.19,$56.41
SPSM,Ss SPDR P S&P 600 Small Cap,0.001,1,,0.08,$53.45,$42.96,24.42,$58.36
BTAIQ,Bioxcel Therapeutics Inc,0.001,1,,0.05,$0.05,$0.02,150.00,$1.21
CDLX,Cardlytics Inc.,0.001,1,,0.11,$2.06,$1.83,12.57,$22.06
KEY,KeyCorp,0.001,1,,0.11,$19.97,$15.82,26.23,$23.84
POWL,Powell Industries,0.001,1,,0.07,$191.93,$92.47,107.56,$327.74
IESC,IES Holdings Inc.,0.001,1,,0.05,$297.52,$170.07,74.94,$408.26
CBOE,CBOE Holdings Inc.,0.001,1,,0.08,$304.16,$226.52,34.28,$369.38
OBT,Orange County Bancorp Inc,0.001,1,,0.05,$36.93,$22.74,62.40,$39.91
REAL,RealReal Inc.,0.001,1,,0.05,$9.75,$8.05,21.12,$17.39
LYG,Lloyds TSB Grp Plc ADR,0.001,1,,0.07,$5.41,$4.26,27.00,$6.25
MYE,Myers Indus,0.001,1,,0.08,$30.63,$15.18,101.78,$37.29
LW,Lamb Weston Hldgs Inc.,0.001,1,,0.12,$47.87,$37.02,29.31,$65.06
GBCI,Glacier Bancorp,0.001,1,,0.05,$42.73,$38.75,10.27,$54.14
CEF,Sprott Physical Gold And Sil,0.001,1,,0.05,$41.67,$36.16,15.24,$61.38
SVC,Service Properties Trust,0.001,1,,0.09,$7.15,$5.58,28.14,$12.00
KSA,Ishrs Msci Saudi Arabia ETF,0.001,1,,0.07,$36.06,$35.27,2.24,$40.22
ALT,Altimmune Inc.,0.001,1,,0.06,$2.61,$2.55,2.35,$6.44
INFQ,Infleqtion Inc,0.001,1,,0.08,$11.04,$8.52,29.58,$21.28
SDY,SPDR S&P Dividend ETF,0.001,1,,0.05,$149.04,$131.84,13.05,$159.32
BRX,Brixmor Property Group Inc.,0.001,1,,0.06,$27.30,$23.60,15.68,$32.49
WRLC,Windrock Ltd Co,0.001,1,,0.07,,,,
QCRH,QCR Holdings Inc.,0.001,1,,0.08,$97.21,$66.35,46.51,$107.95
SPG,Simon Property Group Inc.,0.001,1,,0.05,$199.42,$164.57,21.18,$235.97
MGPI,MGP Ingredients Inc.,0.001,1,,0.11,$13.78,$12.42,10.95,$26.12
DNA,Ginkgo Bioworks Holdings Inc.,0.001,1,,0.10,$13.00,$5.37,142.09,$18.22
STGW,Stagwell Inc.,0.001,1,,0.11,$8.65,$4.29,101.63,$9.55
RYCEY,Rolls Royce Holdings Sp ADR,0.001,1,,0.07,$18.29,$13.14,39.19,$21.22
TSCO,Tractor Supply,0.001,1,,0.07,$33.70,$28.17,19.63,$56.84
DOCS,Doximity Inc.,0.001,1,,0.10,$30.50,$17.15,77.84,$72.24
AMPX,Amprius Technologies Inc,0.001,1,,0.06,$9.44,$7.71,22.44,$24.23
HUBG,Hub Group 'A',0.001,1,,0.05,$25.76,$25.64,0.47,$52.71
SCHB,Schwab Us Broad Market ETF,0.001,1,,0.07,$29.91,$24.15,23.85,$30.07
DIA,SPDR Djia Trust,0.001,1,,0.05,$516.11,$447.25,15.40,$545.04
INFY,Infosys Ltd.,0.001,1,,0.06,$10.73,$10.12,6.03,$29.35
BHE,Benchmark Electronics,0.001,1,,0.06,$81.47,$35.52,129.36,$100.21
ARTV,Artiva Biotherapeutics Inc,0.001,1,,0.07,$6.94,$2.71,156.09,$14.53
SPYX,SPDR S&P 500 Fossil Fuel Res,0.001,1,,0.07,$63.78,$51.06,24.91,$64.05
CDP,Copt Defense Properties,0.001,1,,0.05,$33.48,$26.01,28.72,$38.54
CIB,Grupo Cibest SA ADR,0.001,1,,0.12,$94.81,$49.47,91.65,$103.97
FPAG,Fpa Global Equity ETF New,0.001,1,,0.07,$41.07,$34.27,19.84,$43.47
LDOS,Leidos Holdings,0.001,1,,0.07,$121.68,$98.54,23.48,$203.41
GWW,W.W. Grainger Inc.,0.001,1,,0.09,$1289.79,$901.22,43.12,$1417.14
MOD,Modine Mfg.,0.001,1,,0.07,$181.56,$102.91,76.43,$299.21
NPO,EnPro Industries,0.001,1,,0.06,$311.45,$201.04,54.92,$389.99
PHIN,PHINIA Inc.,0.001,1,,0.09,$57.83,$49.91,15.87,$86.55
UVSP,Univest Financial Corp.,0.001,1,,0.11,$40.90,$27.34,49.60,$45.22
ALRS,Alerus Financial Corp.,0.001,1,,0.06,$31.07,$19.66,58.04,$34.17
SONY,Sony Group Corp.,0.001,1,,0.05,$24.12,$19.32,24.84,$30.22
RRC,Range Resources Corp.,0.001,1,,0.05,$40.89,$32.44,26.05,$48.07
USNA,USANA Health Sciences,0.001,1,,0.08,$14.66,$12.57,16.63,$24.33
IMVT,Immunovant Inc.,0.001,1,,0.09,$30.47,$16.60,83.55,$45.42
CUZ,Cousins Properties,0.001,1,,0.07,$27.62,$20.28,36.19,$32.57
DRH,DiamondRock Hospitality Co.,0.001,1,,0.10,$12.62,$7.19,75.52,$13.67
VONG,Vanguard Russell 1000 Growth,0.001,1,,0.12,$131.69,$104.98,25.44,$133.63
FRVO,Fervo Energy Co A,0.001,1,,0.06,$13.75,$13.10,4.96,$42.65
ALGT,Allegiant Travel Company,0.001,1,,0.05,$76.43,$57.11,33.83,$123.63
RCKT,Rocket Pharmaceuticals Inc.,0.001,1,,0.12,$2.56,$2.42,5.79,$5.45
AMBA,Ambarella Inc.,0.001,1,,0.10,$67.43,$48.30,39.61,$96.69
VGK,Vanguard FTSE Europe ETF,0.001,1,,0.06,$86.03,$75.56,13.86,$93.06
GCO,Genesco Inc.,0.001,1,,0.11,$36.51,$21.93,66.48,$43.60
TPC,Tutor Perini Corp.,0.001,1,,0.05,$83.36,$57.70,44.47,$102.20
YOU,Clear Secure Inc.,0.001,1,,0.06,$43.43,$28.93,50.12,$68.83
NNBR,NN Inc.,0.001,1,,0.05,$3.95,$1.10,259.09,$4.79
EEM,Ishares Msci Emerging Market,0.001,1,,0.06,$66.80,$50.83,31.42,$71.57
KNF,Knife River Corp.,0.001,1,,0.10,$49.84,$49.16,1.38,$96.28
PSA,Public Storage,0.001,1,,0.05,$289.86,$249.06,16.38,$332.14
ENB,Enbridge Inc.,0.001,1,,0.07,$46.60,$43.08,8.17,$57.65
QNT,Quantinuum Inc A,0.001,1,,0.07,$41.30,$41.04,0.63,$86.79
VSH,Vishay Intertechnology,0.001,1,,0.07,$34.04,$11.56,194.46,$69.25
RFL,Rafael Holdings Inc.,0.001,1,,0.08,$1.60,$1.12,42.86,$3.96
CRCL,Circle Internet Group Inc,0.001,1,,0.07,$84.51,$49.90,69.36,$159.47
M,Macy's Inc.,0.001,1,,0.06,$22.67,$15.85,43.03,$26.36
AEHR,Aehr Test Systems,0.001,1,,0.05,$84.64,$18.70,352.62,$147.40
DOC,Healthpeak Properties Inc.,0.001,1,,0.06,$18.80,$14.97,25.58,$22.72
BZH,Beazer Homes USA,0.001,1,,0.12,$33.41,$17.83,87.38,$34.54
UNFI,United Natural Foods,0.001,1,,0.05,$44.51,$30.91,44.00,$57.02
HNGE,Hinge Health Inc A,0.001,1,,0.06,$102.90,$30.08,242.09,$103.28
NG,NovaGold Resources,0.001,1,,0.07,$6.71,$5.08,32.09,$14.40
FPAS,Fpa Short Duration Govt ETF,0.001,1,,0.05,$23.90,$23.69,0.89,$24.91
WTFC,Wintrust Financial Corp.,0.001,1,,0.09,$143.25,$117.89,21.51,$166.65
SANM,Sanmina Corp.,0.000,3,$253.04,0.01,$217.49,$118.10,84.16,$288.68
VB,Vanguard Small Cap ETF,0.000,3,$302.93,0.03,$289.48,$238.00,21.63,$308.60
GIS,General Mills,0.000,3,$34.80,0.02,$32.29,$31.18,3.56,$47.94
OUT,Outfront Media Inc.,0.000,3,$32.76,0.02,$29.98,$16.24,84.61,$34.24
KB,Kb Financial Group Inc ADR,0.000,3,$104.97,0.03,$123.07,$75.15,63.77,$133.29
CPA,Copa Holdings SA,0.000,3,$155.53,0.03,$134.23,$104.75,28.14,$158.35
FORM,FormFactor Inc.,0.000,3,$159.91,0.03,$139.67,$37.95,268.04,$160.27
SNDK,SanDisk Corp.,0.000,2,$2273.04,0.01,$1581.82,$116.17,1261.64,$2354.39
CVLG,Covenant Transportation Group Inc. CL A,0.000,2,$44.18,0.03,$31.95,$17.83,79.19,$49.78
FTAI,FTAI Aviation Ltd.,0.000,2,,0.00,$169.97,$148.67,14.33,$321.70
ACLS,Axcelis Technologies,0.000,2,$189.45,0.02,$134.71,$73.60,83.03,$193.78
CAMT,Camtek Ltd,0.000,2,$163.15,0.01,$152.81,$91.91,66.26,$215.99
VV,Vanguard Large Cap ETF,0.000,2,$341.77,0.01,$359.19,$287.55,24.91,$360.68
MEC,Mayville Engineering Co. Inc.,0.000,2,$37.46,0.02,$15.11,$12.25,23.35,$38.76
AWK,American Water Works Inc.,0.000,2,$131.60,0.01,$128.88,$118.81,8.48,$142.37
WOLF,Wolfspeed Inc.,0.000,2,$48.27,0.02,$30.61,$13.49,126.91,$80.82
MT,ArcelorMittal,0.000,2,$60.21,0.01,$64.11,$36.21,77.05,$79.68
PH,Parker-Hannifin,0.000,2,,0.00,$962.56,$709.46,35.68,$1097.73
KAR,KAR Auction Services,0.000,2,$41.24,0.02,$30.88,$17.08,80.80,$30.98
SCHD,Schwab Us Dvd Equity ETF,0.000,2,$31.66,0.02,$33.04,$25.43,29.93,$35.03
VEU,Vanguard FTSE All World ex US ETF,0.000,2,$83.76,0.01,$82.82,$68.31,21.24,$86.32
AXGN,AxoGen Inc.,0.000,2,$46.19,0.03,$36.13,$15.27,136.61,$52.91
LSCC,Lattice Semconductor,0.000,2,$152.94,0.01,$126.05,$60.50,108.35,$157.01
EGP,EastGroup Properties SBI,0.000,2,$202.54,0.04,$195.98,$160.68,21.97,$224.75
EXTR,Extreme Networks Inc.,0.000,2,$32.37,0.03,$24.19,$13.48,79.45,$33.73
VICI,VICI Properties Inc.,0.000,2,$26.55,0.02,$22.88,$22.43,2.01,$29.61
IVE,Ishares S&P 500 Value ETF,0.000,2,,0.00,$233.02,$199.18,16.99,$238.98
LITE,Lumentum Holdings Inc.,0.000,2,$858.53,0.01,$1103.36,$147.81,646.47,$1143.00
LOCO,El Pollo Loco Holdings Inc.,0.000,2,$16.96,0.03,$15.22,$8.99,69.30,$17.40
VGT,Vanguard Info Tech ETF,0.000,2,$120.00,0.02,$127.98,$82.90,54.38,$130.66
MTSI,MACOM Technology Solutions Hldg,0.000,2,$380.48,0.01,$330.06,$121.97,170.61,$418.90
ESI,Element Solutions Inc.,0.000,2,$47.76,0.03,$36.32,$22.64,60.42,$49.14
IWS,Ishares Russell Mid Cap Valu,0.000,2,,0.00,$164.89,$131.84,25.07,$172.90
CAKE,Cheesecake Factory,0.000,2,$79.54,0.02,$108.45,$42.54,154.94,$118.46
UTZ,Utz Brands Inc.,0.000,2,$7.70,0.02,$14.30,$6.69,113.75,$14.33
THC,Tenet Healthcare Corp.,0.000,2,,0.00,$263.78,$157.58,67.39,$283.05
DGII,Digi International,0.000,2,$74.95,0.03,$75.63,$34.41,119.79,$86.84
MOS,Mosaic Co.,0.000,2,$21.19,0.03,$18.74,$18.68,0.32,$31.66
ADTN,ADTRAN Holdings Inc.,0.000,2,$13.90,0.03,$7.46,$6.73,10.85,$19.98
BRC,Brady Corp.,0.000,2,$91.57,0.01,$85.35,$70.17,21.63,$98.96
CIEN,Ciena Corp.,0.000,2,$490.71,0.01,$449.77,$153.27,193.45,$637.51
AAOI,Applied Optoelectronics Inc,0.000,2,$148.11,0.02,$109.64,$18.50,492.65,$233.67
HZO,MarineMax Inc.,0.000,2,$36.62,0.02,$52.37,$21.42,144.49,$52.56
SKYT-OLD,Skywater Technology Inc,0.000,2,,0.00,$32.49,$8.49,282.69,$39.93
ACWX,iShares MSCI ACWI EX U.S. ETF,0.000,2,$76.11,0.02,$75.48,$62.22,21.31,$78.78
SMTC,Semtech Corp.,0.000,2,$161.84,0.02,$187.30,$60.28,210.72,$201.99
IAU,iShares Gold Trust,0.000,2,,0.00,$78.87,$73.74,6.96,$104.40
IJH,Ishares Core S&P Midcap ETF,0.000,2,$77.11,0.03,$73.43,$61.43,19.53,$78.47
BLZE,Backblaze Inc A,0.000,1,,0.00,$12.69,$3.26,289.26,$23.99
STRW,Strawberry Fields Reit Inc,0.000,1,,0.01,$12.93,$10.58,22.21,$14.57
FLUT,Flutter Entertainment Plc,0.000,1,,0.03,$79.78,$73.50,8.54,$255.26
DNTH,Dianthus Therapeutics Inc,0.000,1,,0.01,$82.37,$32.22,155.65,$117.88
TTAM,Titan America SA,0.000,1,,0.01,$13.08,$12.92,1.24,$19.51
DOUG,Douglas Elliman Inc,0.000,1,,0.00,$1.55,$1.47,5.44,$3.03
AFYA,Afya Ltd,0.000,1,,0.00,$14.75,$11.62,26.94,$16.16
GKOS,Glaukos Corp.,0.000,1,,0.01,$165.69,$73.16,126.48,$191.62
VCTR,Victory Capital Holdings,0.000,1,,0.02,$112.44,$55.62,102.16,$123.00
EVER,EverQuote Inc. CL A,0.000,1,,0.01,$19.80,$13.88,42.65,$28.73
RNG,RingCentral Inc.,0.000,1,,0.01,$79.27,$24.01,230.15,$81.90
TAK,Takeda Pharmaceutical Co. Ltd,0.000,1,,0.00,$18.73,$12.77,46.67,$19.10
FBLA,Fb Bancorp Inc,0.000,1,,0.01,$16.77,$11.66,43.83,$17.36
HLLY,Holley Inc,0.000,1,,0.00,$2.49,$2.25,10.67,$4.48
OTEX,Open Text Corp.,0.000,1,,0.01,$23.70,$19.54,21.29,$38.26
EPC,Edgewell Personal Care Co.,0.000,1,,0.03,$27.80,$15.53,79.01,$29.79
UTI,Universal Technical Institute,0.000,1,,0.04,$20.64,$18.02,14.54,$51.34
XCEM,Columbia Em Core Ex China,0.000,1,,0.01,$51.45,$34.83,47.72,$55.43
PARR,Par Pacific Holdings,0.000,1,,0.02,$81.89,$33.21,146.58,$89.45
ETN,Eaton Corp.,0.000,1,,0.03,$429.65,$309.33,38.90,$478.00
ITRI,Itron Inc.,0.000,1,,0.02,$85.58,$77.77,10.04,$142.00
EROC,Erock Inc A,0.000,1,,0.03,$11.95,$8.88,34.57,$20.70
NPKI,NPK International Inc.,0.000,1,,0.02,$11.34,$10.73,5.68,$16.50
AVNW,Aviat Networks Inc.,0.000,1,,0.01,$20.77,$13.92,49.21,$27.02
STKL-OLD,SunOpta Inc.,0.000,1,,0.01,$6.50,$3.32,95.78,$6.94
J,Jacobs Solutions Inc.,0.000,1,,0.01,$139.15,$105.09,32.41,$166.66
CBT,Cabot Corp.,0.000,1,,0.03,$74.91,$56.94,31.56,$94.00
PBFS,Pioneer Bancorp Inc.,0.000,1,,0.04,$17.40,$12.64,37.66,$19.91
CNS,Cohen & Steers Inc.,0.000,1,,0.00,$69.26,$56.80,21.94,$86.56
SLP-OLD,Simulations Plus Inc.,0.000,1,,0.03,$18.50,$11.09,66.82,$21.01
UMH,UMH Properties Inc.,0.000,1,,0.02,$15.17,$13.17,15.19,$16.77
PACK,Ranpak Holdings Corp. CL A,0.000,1,,0.01,$3.71,$3.22,15.22,$7.81
REXR,Rexford Industrial Realty Inc.,0.000,1,,0.03,$36.74,$31.11,18.10,$42.27
LRN,Stride Inc.,0.000,1,,0.02,$85.59,$60.61,41.21,$155.06
STNG,Scorpio Tankers Inc.,0.000,1,,0.03,$85.14,$48.08,77.08,$90.06
RTLLF,Rational Ag,0.000,1,,0.02,$650.00,$650.00,0.00,$859.22
TWI,Titan International Inc.,0.000,1,,0.01,$6.95,$6.37,9.11,$11.70
SLF,Sun Life Financial Inc.,0.000,1,,0.00,$76.99,$55.24,39.37,$83.65
HOMB,Home Bancshares Inc.,0.000,1,,0.02,$28.25,$25.28,11.75,$31.54
NTAP,NetApp Inc.,0.000,1,,0.01,$237.15,$92.72,155.77,$237.70
DVDCF,Davide Campari-Milano S.p.A.,0.000,1,,0.01,$6.88,$6.07,13.34,$7.78
COUR,Coursera Inc,0.000,1,,0.01,$5.16,$4.53,13.91,$10.77
FULT,Fulton Financial Corp.,0.000,1,,0.01,$22.10,$16.02,37.95,$25.02
CATH,Global X S&P 500 Catholic Values ETF,0.000,1,,0.01,$92.58,$75.37,22.83,$93.05
XGN,Exagen Inc.,0.000,1,,0.00,$8.42,$2.59,225.10,$12.23
BBY,Best Buy Co. Inc.,0.000,1,,0.00,$87.01,$53.81,61.70,$96.53
FVR,Frontview Reit Inc,0.000,1,,0.02,$16.60,$12.23,35.73,$22.01
ESS,Essex Property Trust,0.000,1,,0.04,$271.57,$231.64,17.24,$300.48
ARM,Arvinmeritor Inc.,0.000,1,,0.01,$266.28,$100.02,166.23,$452.70
TRS,TriMas Corp.,0.000,1,,0.02,$38.15,$30.34,25.74,$45.38
JOUT,Johnson Outdoors Inc.,0.000,1,,0.01,$42.76,$34.65,23.41,$52.76
COPX,Global X Copper Miners ETF,0.000,1,,0.00,$85.75,$55.44,54.67,$99.65
MATV,Mativ Holdings Inc.,0.000,1,,0.00,$11.60,$7.01,65.48,$15.02
AMBQ,Ambiq Micro Inc,0.000,1,,0.04,$58.56,$22.12,164.74,$91.61
AVBH,Avidbank Holdings Inc,0.000,1,,0.02,$31.05,$24.03,29.21,$34.18
CDRE,Cadre Holdings Inc,0.000,1,,0.01,$24.55,$24.07,1.99,$48.44
BG,Bunge Global SA,0.000,1,,0.04,$102.73,$77.14,33.17,$134.02
AIRJ,Airjoule Technologies Corp,0.000,1,,0.01,$3.61,$2.22,62.61,$6.75
PRGO,Perrigo Co.,0.000,1,,0.04,$15.06,$8.81,70.94,$20.12
SYNA,Synaptics Inc.,0.000,1,,0.02,$119.82,$58.28,105.59,$149.11
SBCF,Seacoast Banking Corp. of Florida,0.000,1,,0.04,$31.74,$27.91,13.72,$36.07
SSPPF,Ssp Group Plc,0.000,1,,0.02,$2.54,$1.67,52.10,$2.55
TITN,Titan Machinery Inc.,0.000,1,,0.03,$22.63,$13.21,71.31,$26.90
JJSF,J & J Snack Foods,0.000,1,,0.03,$81.13,$67.51,20.17,$95.74
BLLN,Billiontoone Inc Cl A,0.000,1,,0.02,$98.09,$61.96,58.31,$150.44
DLG.MI,De'Longhi SPA,0.000,1,,0.02,,,,
FMC,FMC Corp.,0.000,1,,0.04,$8.35,$8.21,1.71,$30.49
JOBY,Joby Aviation Inc.,0.000,1,,0.03,$5.44,$5.23,4.02,$18.77
GPRK,Geopark Ltd,0.000,1,,0.00,$11.54,$5.68,103.17,$13.13
ATAT,Atour Lifestyle Holdings ADR,0.000,1,,0.00,$33.07,$30.78,7.44,$42.49
GH,Guardant Health Inc.,0.000,1,,0.04,$167.47,$61.00,174.54,$191.05
EXEL,Exelixis Inc.,0.000,1,,0.00,$59.86,$33.76,77.31,$61.14
PIFYF,Pine Cliff Energy Ltd,0.000,1,,0.03,$0.38,$0.35,8.57,$0.65
UFCS,United Fire Group Inc.,0.000,1,,0.00,$55.14,$29.32,88.06,$56.74
BFLY,Butterfly Network Inc,0.000,1,,0.03,$8.25,$1.90,334.21,$10.21
JBHT,J.B. Hunt Transport Services Inc.,0.000,1,,0.00,$229.26,$135.35,69.38,$299.26
BIRK,Birkenstock Holding Plc,0.000,1,,0.01,$33.65,$29.93,12.43,$50.73
ASX,Ase Technology Holding ADR,0.000,1,,0.01,$46.43,$10.96,323.63,$47.93
TRN,Trinity Industries,0.000,1,,0.03,$25.52,$24.06,6.07,$38.31
KVHI,KVH Industries Inc.,0.000,1,,0.00,$6.59,$5.09,29.47,$13.00
FLYX.WS,Eg Acquisition Corp A WTS28,0.000,1,,0.00,,,,
SIL,Global X Silver Miners ETF,0.000,1,,0.00,$86.85,$61.06,42.24,$119.08
OIS,Oil States International Inc.,0.000,1,,0.03,$8.17,$5.50,48.55,$14.50
MTRX,Matrix Service Co.,0.000,1,,0.02,$10.53,$9.38,12.26,$15.97
XLF,Financial Select Sector SPDR,0.000,1,,0.00,$54.73,$47.34,15.61,$58.39
AMRC,Ameresco Inc. CL A,0.000,1,,0.03,$21.33,$18.38,16.05,$44.93
SBGI,Sinclair Broadcast Group Inc.,0.000,1,,0.00,$12.73,$11.82,7.70,$16.69
VNQ,Vanguard Real Estate ETF,0.000,1,,0.00,$90.65,$84.66,7.08,$100.93
TEO,Telecom Argentina S.A.,0.000,1,,0.04,$12.37,$7.04,75.71,$16.34
CAE,CAE Inc.,0.000,1,,0.04,$23.74,$22.76,4.31,$34.24
AKTS,Aktis Oncology Inc,0.000,1,,0.02,$18.15,$14.72,23.30,$34.19
SMBK,SmartFinancial Inc.,0.000,1,,0.02,$50.02,$32.74,52.78,$54.14
RRBI,Red River Bancshares Inc,0.000,1,,0.02,$100.27,$60.98,64.43,$104.87
TALK-OLD,Talkspace Inc.,0.000,1,,0.01,$5.25,$2.49,110.84,$5.25
TDUP,ThredUp Inc.,0.000,1,,0.00,$2.48,$2.09,18.66,$10.00
TFII,Tfi International Inc,0.000,1,,0.02,$114.13,$79.34,43.85,$166.50
OOMA,Ooma Inc.,0.000,1,,0.00,$20.04,$9.79,104.70,$26.19
HSBC,HSBC Holdings plc,0.000,1,,0.01,$92.98,$61.80,50.45,$107.43
JBL,Jabil Inc.,0.000,1,,0.01,$306.28,$189.46,61.66,$428.84
NVMI,Nova Ltd,0.000,1,,0.01,$353.00,$266.43,32.49,$615.99
WILLF,Demant A s,0.000,1,,0.02,$48.33,$28.08,72.12,$49.25
SRRK,Scholar Rock Holding Corp.,0.000,1,,0.02,$42.19,$27.07,55.86,$61.76
KOD,Kodiak Sciences Inc.,0.000,1,,0.01,$99.87,$10.94,812.89,$104.00
CCRN-OLD,Cross Country Healthcare,0.000,1,,0.02,$13.25,$7.43,78.33,$14.99
ASR,Grupo Aeroportuario Sure SA de CV,0.000,1,,0.00,$231.75,$226.19,2.46,$374.45
EIKN,Eikon Therapeutics Inc,0.000,1,,0.00,$7.47,$7.02,6.41,$17.40
WT,WisdomTree Investments,0.000,1,,0.02,$22.61,$10.64,112.50,$25.91
PNR,Pentair plc,0.000,1,,0.04,$52.47,$51.13,2.62,$110.84
FIP,Ftai Infrastructure Inc,0.000,1,,0.02,$2.65,$2.59,2.32,$6.56
HYBB,Ishares Bb Rated Corp Bond,0.000,1,,0.00,$45.16,$44.05,2.52,$46.22
CALY,Callaway Golf Co.,0.000,1,,0.02,$13.67,$8.39,62.93,$20.28
QQQM,Invesco Nasdaq 100 ETF,0.000,1,,0.02,$309.39,$228.24,35.55,$314.12
TRVG,Trivago Nv ADR,0.000,1,,0.00,$4.19,$2.59,61.78,$6.80
