Symbol,Stock,%▼,"Ownership
count",Hold Price*,Max %,"Current
Price","52 Week
Low","% Above
52 Week
Low","52 Week
High"
AMZN,Amazon.com Inc.,2.917,34,$238.34,32.21,$254.58,$196.00,29.89,$287.20
GOOG,Alphabet Inc. CL C,2.582,34,$353.33,23.39,$347.85,$236.07,47.35,$403.96
BRK.B,Berkshire Hathaway CL B,2.416,26,$500.39,33.89,$509.83,$464.01,9.87,$537.74
GOOGL,Alphabet Inc.,2.084,36,$357.37,24.55,$351.81,$235.23,49.56,$408.10
MSFT,Microsoft Corp.,1.779,37,$373.02,20.54,$495.72,$348.54,42.23,$549.20
BRK.A,Berkshire Hathaway CL A,1.758,17,$748851.77,42.42,$765180.25,$698000.00,9.62,$806102.81
V,Visa Inc.,1.713,30,$343.09,19.83,$369.09,$292.74,26.08,$385.57
META,Meta Platforms Inc.,1.580,31,$563.30,20.45,$671.79,$519.78,29.25,$788.22
CVNA,Carvana Co.,1.483,7,$65.82,78.85,$65.21,$54.46,19.74,$97.38
MA,Mastercard Inc.,1.419,22,$513.60,20.01,$565.12,$463.74,21.86,$601.23
AAPL,Apple Inc.,1.224,22,$289.36,41.05,$336.10,$235.78,42.55,$344.27
TSM,Taiwan Semiconductor S.A.,0.986,24,$477.55,10.55,$430.31,$255.33,68.53,$477.72
GE,GE Aerospace,0.968,10,$373.73,35.61,$312.54,$268.58,16.37,$388.84
MCO,Moody's Corp.,0.948,17,$452.92,19.14,$468.76,$399.61,17.30,$543.25
JOE,St. Joe Co.,0.932,1,,76.43,$63.70,$45.92,38.72,$73.02
TDG,TransDigm Group Inc.,0.751,6,$1332.04,27.51,$1086.03,$1071.25,1.38,$1463.03
BN,Brookfield Corp.,0.736,9,$42.59,16.29,$37.46,$36.67,2.15,$49.31
SPGI,S&P Global Inc.,0.730,15,$407.26,19.92,$406.41,$360.09,12.86,$521.12
ASML,ASML Holding NV,0.722,9,$1989.38,21.11,$1650.90,$910.02,81.41,$1997.36
NVDA,NVIDIA Corp.,0.720,18,$200.09,9.34,$219.74,$163.90,34.07,$236.00
IBKR,Interactive Brokers Group Inc.,0.706,6,$87.04,33.42,$90.55,$58.70,54.26,$98.66
IEP,Icahn Enterprises,0.658,1,,53.95,$6.98,$5.82,19.93,$7.44
FICO,Fair Isaac Corp.,0.581,8,$1194.78,25.77,$956.34,$870.01,9.92,$1998.01
HCC,Warrior Met Coal Inc.,0.580,3,$81.16,43.32,$87.61,$60.48,44.86,$111.42
LOAR,Loar Holdings Inc,0.575,1,,47.15,$64.37,$53.15,21.11,$83.43
MOH,Molina Healthcare Inc.,0.567,3,$193.75,43.49,$202.77,$121.06,67.50,$244.89
GPI,Group 1 Automotive,0.566,2,$291.17,46.41,$248.14,$248.07,0.03,$464.82
PDD,Pinduoduo Inc.,0.545,4,$76.28,22.17,$78.94,$71.94,9.73,$139.41
UBER,Uber Technologies Inc.,0.521,11,$72.16,12.72,$70.64,$65.41,8.00,$101.99
AMAT,Applied Materials,0.516,12,$723.00,19.48,$436.51,$182.82,138.76,$738.88
C,Citigroup Inc.,0.484,8,$139.96,18.50,$132.01,$91.72,43.93,$147.21
COF,Capital One Financial,0.470,16,$200.62,7.13,$202.10,$173.62,16.40,$256.63
AXP,American Express,0.464,16,$338.24,17.14,$312.61,$289.26,8.07,$384.36
SUNB,Sunbelt Rentals Holdings Inc,0.464,12,$75.05,10.59,$73.66,$60.40,21.95,$85.78
ELV,Elevance Health Inc.,0.457,12,$386.73,9.11,$409.46,$270.87,51.16,$434.35
SNX,SYNNEX Corp.,0.456,4,$267.34,26.38,$264.71,$141.15,87.54,$295.89
CROX,Crocs Inc.,0.443,6,$120.64,27.20,$121.34,$73.21,65.74,$141.28
DIS,Walt Disney Co.,0.432,20,$96.25,9.55,$102.54,$91.48,12.09,$115.42
LULU,Lululemon Athletica Inc.,0.403,4,$176.58,32.35,$97.66,$95.35,2.42,$225.98
CVS,CVS Health Corp.,0.396,10,$103.45,10.63,$89.14,$68.48,30.17,$110.00
EQH,Equitable Holdings Inc.,0.395,5,$43.88,30.38,$53.94,$34.72,55.36,$55.06
SLM,SLM Corp.,0.387,3,$27.27,24.16,$25.08,$17.46,43.64,$30.52
JHG-OLD,Janus Henderson Group,0.385,1,,31.53,$51.98,$37.96,36.93,$53.76
RIG,Transocean Ltd.,0.373,2,$4.89,30.53,$5.67,$3.03,87.13,$7.66
AVGO,Broadcom Inc.,0.368,13,$377.75,10.61,$355.68,$289.50,22.86,$494.22
ICLR,ICON plc,0.358,6,$173.71,11.94,$163.26,$66.57,145.25,$203.91
FERG,Ferguson Enterprises Inc.,0.339,11,$237.33,6.88,$214.83,$212.82,0.94,$268.59
SCHW,Charles Schwab Corp.,0.338,11,$92.27,6.56,$105.32,$83.72,25.80,$114.53
ADI,Analog Devices,0.319,11,$397.17,7.97,$371.45,$220.71,68.30,$444.56
AMR,Alpha Metallurgical Resources Inc.,0.318,1,,26.11,$173.16,$133.64,29.57,$253.82
MKL,Markel Group Inc.,0.309,5,$1953.01,10.89,$1786.35,$1719.41,3.89,$2207.59
UNH,United Health Group Inc.,0.302,17,$415.63,6.05,$376.13,$252.95,48.70,$458.79
TMO,Thermo Fisher Scientific,0.301,11,$501.36,9.81,$648.52,$434.50,49.26,$663.57
KHC,Kraft Heinz Co.,0.299,9,$23.61,12.80,$24.45,$20.34,20.21,$27.65
PYPL,PayPal Holdings Inc.,0.294,8,$43.18,10.61,$52.41,$38.12,37.49,$78.34
RKT,Rocket Companies Inc.,0.290,5,$15.75,11.65,$12.43,$12.17,2.14,$24.36
CVI,CVR Energy Inc.,0.289,1,,23.73,$53.56,$19.50,174.67,$54.39
VFC,V.F. Corp.,0.287,2,$16.68,23.36,$12.79,$12.46,2.65,$22.00
BABA,Alibaba Group Holdings,0.281,9,$95.98,16.92,$113.02,$91.99,22.86,$190.92
CAT,Caterpillar Inc.,0.275,6,$1064.90,19.65,$804.54,$444.86,80.85,$1071.47
CNH,CNH Industrial NV,0.271,5,$11.23,17.11,$13.42,$8.91,50.62,$14.46
WM,Waste Management Inc.,0.267,3,$222.88,17.30,$212.04,$190.92,11.06,$246.06
ORLA-OLD,Orla Mining Ltd,0.264,3,$9.73,21.55,$9.45,$8.43,12.10,$21.95
CP,Canadian Pacific Kansas City,0.261,7,$86.65,7.44,$87.76,$67.98,29.10,$96.90
LYV,Live Nation Inc.,0.257,8,$183.11,7.69,$166.92,$125.34,33.17,$189.25
APP,Applovin Corp.,0.257,4,$515.25,14.50,$311.98,$297.50,4.87,$745.61
ASH,Ashland Global Holdings Inc.,0.256,2,$65.89,17.47,$69.26,$45.04,53.77,$77.80
GM,General Motors,0.255,7,$77.08,11.46,$82.04,$53.87,52.29,$91.66
LEN,Lennar Corp.,0.255,4,$90.49,11.82,$76.60,$76.07,0.70,$131.68
BKNG,Booking Holdings Inc.,0.252,6,$178.24,8.46,$168.52,$149.40,12.80,$222.95
RPRX,Royalty Pharma plc,0.250,3,$56.07,8.82,$58.37,$33.97,71.83,$64.38
VRT,Vertiv Holdings Co.,0.250,3,$334.82,20.37,$249.58,$133.71,86.66,$379.76
NFLX,Netflix Inc.,0.248,11,$71.40,5.41,$71.92,$65.08,10.51,$124.86
CNI,Canadian Natl Railway Co.,0.247,6,$119.24,17.95,$119.23,$88.62,34.54,$130.84
DHR,Danaher Corp.,0.245,12,$190.48,7.64,$210.61,$160.60,31.14,$241.78
BAC,Bank of America Corp.,0.244,15,$56.98,9.20,$57.75,$45.64,26.53,$64.89
BDX,Becton Dickinson,0.238,7,$151.33,9.93,$180.56,$124.46,45.07,$191.94
QSR,Restaurant Brands International,0.238,3,$72.51,9.62,$72.82,$60.61,20.15,$81.88
GRBK,Green Brick Partners,0.237,2,$80.04,19.39,$66.55,$60.44,10.11,$83.18
CRM,Salesforce.com,0.235,10,$156.66,8.33,$237.50,$146.06,62.60,$267.80
AZN,AstraZeneca PLC,0.233,3,$187.18,19.03,$166.52,$90.90,83.19,$209.12
KKR,KKR & Co. L.P.,0.231,7,$91.78,8.95,$99.02,$82.35,20.24,$151.00
WFC,Wells Fargo,0.225,14,$82.64,3.11,$86.14,$72.36,19.04,$96.18
YETI,YETI Holdings Inc.,0.224,2,$49.56,18.33,$42.47,$31.66,34.14,$53.99
SGOV,Ishares 0 3 Month Treasury B,0.220,4,$100.67,10.59,$100.59,$96.92,3.79,$100.59
CACC,Credit Acceptance Corp.,0.220,2,$636.74,18.01,$573.03,$401.90,42.58,$668.86
RACE,Ferrari NV,0.216,4,$370.77,7.71,$407.45,$308.95,31.88,$498.75
PM,Philip Morris Intl.,0.212,10,$180.91,9.18,$189.06,$138.43,36.57,$207.76
SOLV,Solventum Corp,0.210,4,$77.15,15.02,$89.04,$62.38,42.74,$94.16
WBD,Warner Bros. Discovery Inc.,0.209,5,$26.66,11.68,$27.90,$17.08,63.35,$30.00
LAD,Lithia Motors Inc.,0.207,6,$290.49,13.20,$316.36,$238.86,32.45,$438.67
TXN,Texas Instruments,0.206,14,$298.07,3.93,$264.42,$150.20,76.05,$332.33
OMF,OneMain Holdings,0.200,4,$60.97,10.08,$60.52,$44.20,36.92,$68.16
EGO,Eldorado Gold Corp.,0.197,1,,16.18,$42.73,$24.30,75.84,$50.88
CPNG,Coupang Inc.,0.196,8,$17.37,6.89,$14.38,$14.25,0.91,$34.08
TKO,TKO Group Holdings Inc.,0.196,1,,16.07,$188.64,$173.25,8.88,$224.23
IFF,International Flavors & Fragrances Inc.,0.194,5,$79.22,5.43,$82.79,$58.13,42.42,$89.32
OXY,Occidental Petroleum,0.192,4,$48.57,7.02,$58.94,$38.26,54.05,$66.83
AON,Aon Plc,0.191,10,$331.69,4.91,$296.66,$293.96,0.92,$381.47
FWONK,Liberty Media Corp Formula One Series C,0.191,3,$95.14,7.73,$94.81,$80.15,18.29,$109.36
GXO,Gxo Logistics Inc.,0.189,1,,15.46,$45.80,$44.99,1.80,$66.85
EPD,Enterprise Products Partners LP,0.188,6,$36.76,13.46,$38.89,$28.18,38.01,$39.69
APTV,Aptiv PLC,0.187,2,$61.38,14.51,$43.44,$42.99,1.05,$78.49
AER,AerCap Holdings N.V.,0.185,3,$145.78,7.16,$141.61,$117.73,20.28,$158.38
ALC,Alcon Inc.,0.185,2,$67.33,15.19,$65.28,$61.84,5.56,$87.22
PEP,PepsiCo Inc.,0.184,12,$135.40,5.27,$129.95,$129.95,0.00,$166.41
MU,Micron Technology Inc.,0.184,5,$1154.29,15.06,$1009.04,$154.40,553.52,$1254.81
CMCSA,Comcast Corp.,0.183,14,$24.55,3.15,$22.79,$21.28,7.10,$32.04
LLY,Eli Lilly & Co.,0.183,7,$1199.42,6.89,$1154.66,$707.59,63.18,$1292.65
KO,Coca Cola Co.,0.182,9,$81.27,10.86,$88.09,$63.66,38.38,$91.94
BLK,BlackRock Inc.,0.181,6,$961.57,9.93,$1066.16,$907.59,17.47,$1194.41
DASH,DoorDash Inc.,0.181,4,$184.53,7.46,$193.69,$143.30,35.16,$285.50
PVH,PVH Corp.,0.179,4,$74.26,9.92,$72.95,$59.55,22.50,$100.69
HGV,Hilton Grand Vacations Inc.,0.177,2,$52.37,14.48,$35.74,$35.61,0.37,$55.40
SIRI,SiriusXM Holdings Inc,0.175,5,$29.54,5.59,$27.17,$19.15,41.88,$32.37
ICE,Intercontinental Exchange Inc.,0.174,6,$123.11,4.90,$155.38,$121.39,28.00,$174.25
BAYRY,Bayer Ag Sponsored ADR,0.172,1,,14.12,$14.05,$7.46,88.34,$15.23
ACN,Accenture,0.170,12,$124.44,4.86,$181.44,$116.75,55.41,$285.21
BAX,Baxter International Inc.,0.170,7,$21.32,4.09,$22.85,$15.72,45.36,$29.99
CCL,Carnival Corp.,0.170,2,$28.57,12.78,$21.93,$21.93,0.00,$33.49
TOL,Toll Brothers,0.169,4,$164.75,10.71,$132.87,$122.93,8.09,$167.75
TRMD,Torm Plc,0.169,2,$25.79,13.87,$38.05,$16.70,127.84,$38.45
OKTA,Okta Inc.,0.168,1,,13.80,$183.13,$62.66,192.26,$192.59
TSLA,Tesla Inc.,0.167,6,$420.60,7.44,$364.69,$297.38,22.63,$498.83
DG,Dollar General,0.167,5,$115.11,8.66,$123.06,$93.78,31.22,$156.68
IONS,Ionis Pharmaceuticals Inc.,0.167,1,,13.70,$44.82,$44.66,0.36,$86.74
ROP,Roper Technologies Inc.,0.165,4,$338.39,7.80,$374.22,$305.19,22.62,$517.59
ORCL,Oracle Corp.,0.164,14,$146.55,4.51,$148.44,$114.50,29.64,$325.79
APH,Amphenol Corp.,0.164,7,$88.16,8.29,$77.77,$58.92,31.99,$89.26
SPOT,Spotify Technology S.A.,0.163,7,$459.13,4.96,$512.15,$405.00,26.46,$745.00
KEX,Kirby Corp.,0.161,1,,13.22,$137.87,$79.52,73.38,$157.69
PG,Procter & Gamble,0.160,9,$146.64,4.38,$146.60,$134.62,8.90,$164.77
GIL,Gildan Activewear Inc.,0.160,1,,13.10,$46.55,$45.76,1.73,$72.73
AJG,Arthur J. Gallagher & Co.,0.159,6,$229.57,6.43,$240.04,$189.61,26.60,$309.90
XRAY,DENTSPLY SIRONA Inc.,0.159,3,$10.61,12.18,$9.53,$9.36,1.82,$14.76
PFE,Pfizer Inc.,0.158,10,$24.08,3.07,$27.51,$22.03,24.88,$29.21
USB,U.S. Bancorp,0.157,6,$60.41,5.56,$60.02,$43.76,37.16,$66.08
ADP,Automatic Data Processing Inc.,0.157,6,$223.95,4.93,$271.58,$185.56,46.36,$286.17
VMC,Vulcan Materials,0.157,6,$295.01,5.62,$242.10,$241.34,0.31,$329.20
MDLN,Medline Inc Cl A,0.157,4,$39.44,6.28,$31.99,$31.63,1.14,$50.88
INTU,Intuit Inc.,0.156,8,$261.00,6.62,$302.27,$251.72,20.08,$697.25
SHW,Sherwin-Williams,0.155,7,$344.32,4.50,$320.43,$289.19,10.80,$375.09
NEM,Newmont Corp.,0.155,4,$93.40,6.25,$122.39,$75.34,62.45,$135.01
SGI,Somnigroup International Inc.,0.155,2,$78.40,8.30,$63.89,$60.08,6.34,$97.86
EXE,Expand Energy Corp.,0.154,1,,12.64,$87.64,$84.48,3.74,$124.43
HD,Home Depot,0.153,10,$352.68,5.61,$299.88,$284.85,5.28,$409.79
GEHC,GE HealthCare Technologies Inc.,0.153,8,$64.01,4.67,$64.28,$58.72,9.47,$89.64
EG,Everest Group Ltd,0.153,4,$357.23,11.28,$376.03,$295.27,27.35,$398.90
DE,Deere & Co.,0.152,7,$634.33,6.56,$681.00,$429.14,58.69,$705.88
CRH,CRH plc,0.152,5,$107.00,5.14,$86.23,$85.47,0.89,$130.09
UHAL.B,U Haul Holding Co Non Voting,0.152,4,$57.70,4.42,$56.37,$39.55,42.53,$66.84
ALK,Alaska Air Group,0.151,2,$52.20,10.58,$40.69,$33.03,23.19,$60.63
WAT,Waters Corp.,0.150,8,$375.04,6.25,$421.51,$282.77,49.06,$431.78
MSI,Motorola Solutions Inc.,0.148,8,$415.29,5.63,$457.99,$356.42,28.50,$493.57
TRU,TransUnion,0.148,3,$72.14,5.94,$71.98,$63.28,13.75,$93.63
INTC,Intel Corp.,0.147,7,$139.63,4.62,$107.34,$28.73,273.62,$142.35
JPM,JPMorgan Chase & Co.,0.146,15,$327.33,3.54,$348.17,$276.43,25.95,$366.50
HEI.A,HEICO Corp. CL A,0.146,4,$257.91,6.38,$220.07,$199.25,10.45,$279.52
UNP,Union Pacific,0.145,11,$272.00,5.95,$280.00,$211.08,32.65,$314.53
SW,Smurfit Westrock Plc,0.143,3,$46.26,7.56,$44.56,$31.79,40.17,$51.52
PPLI,People Inc.,0.143,3,$46.16,7.54,$36.15,$29.56,22.29,$48.32
FBIN,Fortune Brands Innovations Inc.,0.141,5,$54.90,4.83,$39.28,$31.92,23.06,$63.70
RBC,RBC Bearings Inc.,0.141,2,$644.06,10.70,$499.54,$364.50,37.05,$667.69
PGR,Progressive Corp.,0.140,7,$218.45,4.79,$213.25,$187.79,13.56,$239.38
OSK,Oshkosh Corp.,0.140,5,$153.48,6.69,$145.02,$115.83,25.20,$178.55
ET,Energy Transfer LP,0.140,4,$19.12,7.18,$21.16,$15.10,40.13,$21.84
SN,Sharkninja Inc,0.139,5,$152.27,10.67,$166.58,$83.12,100.41,$194.54
SYK,Stryker Corp.,0.139,4,$314.84,6.72,$275.87,$267.00,3.32,$389.48
KOF,Coca-Cola FEMSA S A CV,0.138,3,$106.25,9.34,$110.87,$76.77,44.42,$117.09
EQT,EQT Corp.,0.137,3,$53.17,6.19,$50.03,$47.79,4.69,$67.84
LRCX,Lam Research,0.136,7,$433.33,5.72,$283.24,$124.31,127.85,$438.50
BA,Boeing Co.,0.136,6,$216.47,3.38,$199.06,$176.77,12.61,$254.35
JNJ,Johnson & Johnson,0.135,12,$253.97,3.96,$271.63,$169.51,60.24,$281.07
DB,Deutsche Bank AG,0.135,4,$33.86,10.80,$37.93,$27.13,39.81,$41.62
MAT,Mattel Inc.,0.135,2,$13.88,8.92,$13.29,$12.73,4.40,$22.48
BLDR,Builders FirstSource Inc.,0.134,6,$89.48,5.60,$58.20,$56.92,2.25,$131.62
UAA,Under Armour Inc.,0.134,1,,10.98,$4.92,$4.13,19.13,$8.15
TEL,TE Connectivity plc,0.133,8,$201.61,3.93,$204.88,$189.53,8.10,$250.61
QCOM,QUALCOMM Inc.,0.133,7,$184.79,3.66,$178.66,$120.88,47.80,$257.56
SLB,Schlumberger Ltd.,0.132,8,$46.49,4.36,$50.80,$30.88,64.51,$60.15
DHI,D.R. Horton,0.132,4,$162.88,6.59,$138.50,$130.96,5.76,$174.13
BFAM,Bright Horizons Family Solutions Inc.,0.132,2,$70.88,8.28,$65.78,$57.63,14.14,$112.41
CB,Chubb Limited,0.131,6,$340.74,4.79,$341.49,$262.07,30.30,$364.81
PHM,PulteGroup Inc.,0.131,3,$137.21,8.64,$117.12,$108.02,8.42,$143.57
FISV,Fiserv Inc.,0.130,9,$49.05,2.79,$47.61,$47.04,1.21,$135.32
CBRE,CBRE Group,0.130,7,$134.69,3.67,$139.31,$121.69,14.48,$174.27
RYN,Rayonier Inc.,0.129,1,,10.54,$20.19,$19.01,6.21,$24.53
AIIR,Air Holdings Ltd,0.129,1,,10.61,$7.47,$5.29,41.21,$13.37
TSN,Tyson Foods,0.128,6,$57.25,3.11,$53.05,$48.84,8.62,$68.27
NCLH,Norwegian Cruise Line Hlgs Ltd.,0.128,3,$21.11,4.23,$14.14,$14.14,0.00,$26.09
FLG,Flagstar Financial Inc.,0.127,2,$14.94,9.62,$12.53,$10.54,18.88,$15.43
GEV,Ge Vernova Inc,0.126,10,$1174.86,3.91,$940.52,$529.18,77.73,$1195.94
TDS,Telephone & Data Systems,0.125,2,$37.01,5.17,$36.35,$31.48,15.47,$49.02
HHH,Howard Hughes Holdings Inc.,0.125,1,,10.23,$60.48,$60.25,0.38,$91.07
SE,Sea Ltd,0.124,8,$95.83,5.02,$101.80,$77.05,32.12,$195.48
TDW,Tidewater Inc.,0.124,3,$66.63,9.95,$86.27,$46.65,84.93,$101.58
ZS,Zscaler Inc.,0.124,1,,10.18,$198.17,$114.63,72.88,$336.99
NOW,ServiceNow Inc.,0.123,6,$99.28,4.59,$136.71,$81.24,68.28,$194.73
CI,Cigna Group,0.122,7,$275.68,2.67,$277.28,$234.20,18.39,$308.48
EFX,Equifax Inc.,0.121,9,$158.73,2.27,$159.30,$150.31,5.98,$263.78
FDX,FedEx Corp.,0.120,7,$313.13,3.18,$304.13,$176.88,71.94,$342.73
APD,Air Products & Chemicals,0.118,7,$293.18,3.96,$284.87,$224.64,26.81,$314.87
CSGP,CoStar Group Inc.,0.118,4,$28.32,6.49,$29.22,$25.89,12.86,$89.80
EWBC,East West Bancorp,0.118,1,,9.68,$126.41,$90.34,39.93,$137.47
URI,United Rentals,0.116,6,$1132.89,5.14,$1010.83,$698.94,44.62,$1177.15
ABNB,Airbnb Inc.,0.116,5,$143.10,3.59,$166.88,$110.81,50.60,$193.45
RYAN,Ryan Specialty Holdings Inc,0.116,2,$37.76,9.09,$40.33,$29.07,38.73,$58.44
MRK,Merck & Co.,0.115,10,$128.49,4.43,$146.54,$75.37,94.43,$156.00
MRSH,Marsh,0.115,6,$166.67,3.98,$174.82,$155.72,12.27,$204.56
TECH,Bio-Techne Corp.,0.115,5,$70.65,3.68,$72.40,$43.07,68.10,$72.58
ACHC,Acadia Healthcare Co.,0.114,2,$29.53,6.00,$28.22,$11.43,146.89,$35.83
EVH,Evolent Health Inc.,0.114,1,,9.34,$3.64,$2.10,73.33,$9.63
GPC,Genuine Parts,0.110,6,$117.98,6.13,$128.05,$89.11,43.70,$147.43
IDXX,IDEXX Laboratories,0.110,6,$526.44,3.93,$512.75,$500.61,2.43,$769.98
REGN,Regeneron Pharmaceuticals,0.110,3,$623.54,4.95,$788.18,$538.24,46.44,$859.34
VTRS,Viatris Inc.,0.110,3,$15.88,5.13,$17.00,$9.10,86.81,$18.25
NU,Nu Holdings Ltd,0.108,5,$13.36,4.29,$13.70,$11.20,22.32,$18.98
NBR,Nabors Industries Ltd.,0.108,1,,8.85,$84.91,$36.62,131.87,$112.90
FRPT,Freshpet Inc.,0.108,1,,8.87,$61.37,$46.45,32.12,$86.00
ZBH,Zimmer Biomet Holdings,0.107,7,$86.09,3.36,$95.64,$78.91,21.20,$106.03
DECK,Deckers Outdoor,0.107,2,$99.29,7.52,$78.42,$77.37,1.36,$122.29
LIN,Linde plc,0.106,7,$518.94,4.94,$460.63,$384.00,19.96,$546.40
CFRHF,Compagnie Financiere Richemont SA,0.106,1,,8.67,$215.10,$158.90,35.37,$247.85
MELI,Mercadolibre Inc.,0.105,7,$1697.39,5.10,$1805.89,$1495.00,20.80,$2548.50
DCH,Dauch Corp.,0.105,3,$5.42,3.97,$5.86,$4.92,19.11,$9.25
SYF,Synchrony Financial,0.105,3,$76.05,7.84,$75.01,$62.56,19.90,$87.67
CVX,Chevron Corp.,0.104,11,$165.76,4.67,$208.82,$142.51,46.53,$217.78
WTW,Willis Towers Watson plc,0.104,5,$261.37,3.44,$311.73,$239.74,30.03,$351.51
WEN,Wendy's Co.,0.104,4,$8.29,5.97,$6.77,$6.02,12.46,$9.51
DVN,Devon Energy Corp.,0.103,5,$41.32,4.49,$48.77,$30.69,58.91,$52.00
TFX,Teleflex,0.103,3,$126.76,4.91,$124.49,$99.39,25.25,$144.64
CGNX,Cognex Corp.,0.103,2,$72.42,7.60,$61.37,$34.45,78.14,$72.78
CPRT,Copart Inc.,0.102,6,$28.19,4.41,$29.22,$26.81,8.99,$47.00
AMD,Advanced Micro Devices,0.101,6,$580.91,5.12,$544.24,$149.85,263.19,$584.73
FCNCA,First Citizens Bancshares,0.101,3,$2080.78,5.32,$2112.55,$1617.01,30.65,$2294.10
VST,Vistra Corp.,0.101,3,$158.63,4.70,$141.65,$132.47,6.93,$218.91
CNX,CNX Resources Corp.,0.101,1,,8.25,$33.35,$29.22,14.13,$43.62
UPS,United Parcel Service,0.100,7,$107.50,2.95,$99.16,$76.95,28.86,$116.86
MDT,Medtronic plc,0.100,7,$78.23,2.76,$92.46,$72.65,27.27,$103.76
BCC,Boise Cascade Company,0.100,3,$77.63,7.47,$75.18,$64.38,16.78,$91.16
ABM,ABM Industries,0.099,5,$44.24,7.10,$49.26,$36.45,35.14,$51.29
ORLY,O'Reilly Automotive,0.099,4,$92.09,3.90,$84.84,$82.59,2.72,$108.72
CNQ,Canadian Natural Resources,0.098,3,$39.50,8.04,$49.67,$28.47,74.46,$51.85
ABG,Asbury Automotive Group Inc.,0.098,2,$201.08,7.91,$180.66,$172.01,5.03,$258.75
EWY,iShares MSCI South Korea ETF,0.097,2,$201.90,6.55,$180.93,$76.55,136.36,$220.89
CR,Crane Co,0.097,2,$223.07,7.82,$196.97,$159.16,23.76,$230.22
BMY,Bristol-Myers Squibb,0.096,8,$57.62,2.88,$62.44,$41.13,51.81,$68.64
MGM,MGM Resorts International,0.096,4,$47.81,4.91,$37.71,$29.19,29.19,$51.59
MLM,Martin Marietta,0.096,3,$576.70,4.56,$493.72,$489.43,0.88,$707.94
GPN,Global Payments Inc.,0.095,4,$72.56,2.49,$84.95,$60.75,39.84,$95.61
AEM,Agnico-Eagle Mines Ltd.,0.094,3,$155.15,6.22,$199.43,$134.08,48.74,$254.05
APG,APi Group Corp.,0.094,3,$42.35,5.00,$37.36,$33.40,11.86,$49.99
URBN,Urban Outfitters Inc.,0.094,1,,7.72,$75.66,$59.54,27.07,$85.43
AU,AngloGold Ashanti Ltd.,0.093,3,$80.90,6.81,$101.78,$59.78,70.26,$124.69
NOMD,Nomad Foods Ltd,0.093,1,,7.61,$10.71,$8.86,20.88,$12.99
HKHHF,Heineken Holding NV,0.093,1,,7.61,$77.60,$64.00,21.25,$84.80
AVTR,Avantor Inc.,0.091,5,$9.90,2.82,$15.50,$7.27,113.20,$16.05
KLAC,KLA Corp.,0.091,3,$301.71,5.78,$174.01,$97.57,78.34,$307.03
MAR,Marriott Int'l.,0.090,4,$370.59,7.02,$337.20,$254.64,32.42,$410.15
MEDP,Medpace Holdings Inc.,0.090,4,$529.59,4.52,$610.01,$373.00,63.54,$677.90
HUM,Humana Inc.,0.090,2,$397.22,5.13,$383.19,$161.90,136.68,$428.88
HUT,Hut 8 Corp,0.090,2,$115.44,4.07,$95.28,$31.67,200.85,$140.80
ARES,Ares Management LP,0.090,2,$111.31,6.45,$125.71,$92.59,35.77,$179.43
GTX,Garrett Motion Inc.,0.090,2,$36.23,7.28,$26.29,$12.09,117.45,$36.14
GWRE,Guidewire Software Inc.,0.089,1,,7.27,$143.22,$102.30,40.00,$255.89
BNY,Bank of New York Mellon Corp.,0.088,10,$144.61,2.21,$153.20,$101.34,51.17,$165.84
KMX,CarMax Inc.,0.088,5,$52.89,3.50,$56.73,$30.26,87.48,$65.28
ECL,Ecolab Inc.,0.088,4,$278.61,4.22,$270.06,$241.85,11.66,$306.79
Q,Qnity Electronics Inc.,0.088,3,$163.31,7.23,$120.48,$72.62,65.90,$177.16
SHOP,Shopify Inc.,0.088,3,$114.18,4.50,$127.78,$94.00,35.94,$182.19
DLTR,Dollar Tree Inc.,0.088,1,,7.25,$113.43,$84.71,33.90,$142.40
YNDX,Yandex N.V.,0.088,1,,7.19,$20.00,$14.09,41.94,$20.36
BL,BlackLine Inc.,0.088,1,,7.19,$28.01,$24.70,13.40,$59.57
GNRC,Generac Holdings Inc.,0.087,6,$292.81,2.91,$205.52,$134.80,52.46,$296.44
JEF,Jefferies Financial Group Inc.,0.087,4,$49.98,3.44,$47.43,$35.00,35.51,$68.96
FLR,Fluor Corp.,0.087,2,$52.39,6.24,$54.37,$39.33,38.24,$58.35
RUSHA,Rush Enterprises Inc.,0.087,2,$48.65,7.03,$48.51,$30.09,61.22,$55.58
XOM,ExxonMobil Holdings Corp.,0.086,11,$136.72,3.65,$162.16,$107.28,51.16,$174.09
STX,Seagate Technology,0.086,3,$965.00,5.90,$855.86,$207.94,311.59,$1144.18
ALLY,Ally Financial Inc.,0.085,4,$45.95,4.78,$40.00,$35.43,12.90,$46.96
TOST,Toast Inc.,0.085,2,$27.82,6.98,$29.78,$22.26,33.78,$42.15
GDS,GDS Holdings Ltd,0.085,2,$30.03,4.92,$32.47,$26.97,20.39,$48.61
CEG,Constellation Energy Corp.,0.085,2,$248.37,3.97,$257.19,$228.28,12.66,$410.41
ABT,Abbott Labs,0.084,7,$90.74,3.98,$102.54,$81.39,25.99,$134.38
RTX,RTX Corp.,0.084,7,$189.73,3.49,$192.96,$153.36,25.82,$226.41
PFGC,Performance Food Group,0.084,4,$111.79,4.00,$91.91,$80.82,13.72,$117.48
QXO,Qxo Inc,0.084,3,$17.28,4.10,$11.50,$11.14,3.23,$27.61
MGA,Magna International Inc.,0.084,3,$91.94,6.54,$63.09,$41.73,51.19,$73.22
CTSH,Cognizant Technology Solutions,0.083,6,$38.73,3.02,$59.89,$36.86,62.48,$85.48
GTN,Gray Television Inc.,0.083,1,,6.80,$4.49,$3.49,28.65,$6.20
KEYS,Keysight Technologies Inc.,0.082,5,$350.07,4.48,$333.71,$158.79,110.16,$374.96
APO,Apollo Global Management,0.082,3,$118.31,4.46,$126.67,$98.73,28.30,$151.39
JLL,Jones Lang Lasalle Inc.,0.081,5,$309.95,3.28,$334.13,$259.83,28.60,$393.84
INDV,Indivior Pharmaceuticals Inc.,0.081,1,,6.65,$34.87,$27.68,25.98,$42.81
CRS,Carpenter Technology,0.080,3,$616.84,3.63,$402.04,$227.48,76.74,$625.72
CSCO,Cisco Systems,0.079,7,$117.46,5.40,$108.79,$65.49,66.12,$129.88
GSK,GSK plc,0.079,6,$52.42,3.51,$50.20,$37.94,32.31,$60.12
IQV,IQVIA Holdings Inc.,0.079,4,$193.22,3.13,$265.40,$154.50,71.78,$273.88
BIIB,Biogen Inc.,0.079,3,$216.06,3.75,$216.96,$135.39,60.25,$225.80
EBAY,eBay Inc.,0.079,2,$111.75,4.74,$112.21,$77.32,45.12,$118.62
TEVA,Teva Pharmaceutical Industries Ltd.,0.079,2,$33.88,3.97,$38.56,$16.74,130.35,$39.70
RHI,Robert Half International,0.079,2,$30.70,5.93,$36.87,$21.08,74.91,$46.09
ADBE,Adobe Inc.,0.078,10,$205.01,2.57,$249.35,$190.12,31.15,$370.86
MANU,Manchester United plc,0.078,3,$22.93,2.41,$19.67,$14.85,32.46,$24.45
CME,CME Group,0.077,7,$220.83,2.52,$275.86,$217.29,26.95,$318.35
COP,ConocoPhillips,0.077,7,$103.96,2.10,$131.93,$82.95,59.05,$141.62
HTHT,H World Group Ltd ADR,0.077,3,$41.72,5.59,$43.38,$34.95,24.12,$54.14
ZTS,Zoetis Inc.,0.076,5,$71.86,3.03,$72.33,$70.98,1.90,$145.99
BP,BP plc,0.076,4,$36.95,3.65,$44.59,$31.12,43.28,$47.14
AMGN,Amgen,0.076,4,$362.12,3.21,$385.24,$262.49,46.76,$447.03
MCK,McKesson Corp.,0.076,2,$755.61,5.95,$873.68,$684.98,27.55,$996.84
VEEV,Veeva Systems Inc.,0.075,6,$177.47,1.93,$261.14,$148.05,76.39,$310.50
JCI,Johnson Controls Intl. plc,0.075,4,$146.11,4.27,$142.99,$103.53,38.11,$157.06
NSRGY,Nestle,0.075,1,,6.11,$94.32,$84.97,11.00,$107.17
AN,AutoNation Inc.,0.075,1,,6.17,$168.54,$168.37,0.10,$235.81
MSCI,MSCI Inc.,0.074,6,$560.04,3.24,$553.12,$495.54,11.62,$642.47
OLN,Olin Corp.,0.074,4,$19.82,4.83,$16.75,$16.68,0.42,$29.90
MDLZ,Mondelez International,0.074,4,$57.84,5.64,$60.83,$50.34,20.84,$66.65
NYT,New York Times CL A,0.074,3,$69.98,4.55,$70.43,$53.65,31.28,$86.83
MTZ,MasTec Inc.,0.074,2,$416.06,3.42,$214.41,$182.34,17.59,$441.43
ACI,Albertsons Co Inc.,0.074,1,,6.09,$12.47,$10.86,14.83,$19.18
DAL,Delta Air Lines Inc.,0.073,5,$93.66,2.16,$79.64,$54.60,45.86,$95.44
SBUX,Starbucks Corp.,0.073,5,$102.19,3.13,$95.79,$76.05,25.96,$109.88
FTV,Fortive Corp.,0.073,4,$61.09,3.47,$54.74,$47.10,16.22,$64.48
BRZE,Braze Inc A,0.073,2,$21.69,5.99,$24.38,$15.26,59.76,$37.33
VAL,Valaris plc,0.073,1,,5.99,$84.10,$46.70,80.09,$114.12
Z,Zillow Group Inc.,0.072,1,,5.89,$29.96,$29.23,2.50,$91.13
ENTG,Entegris Inc.,0.071,6,$179.86,2.70,$140.61,$67.81,107.36,$186.78
WCC,WESCO International Inc.,0.071,5,$345.38,4.23,$341.27,$202.09,68.87,$384.81
RYAAY,Ryanair Holdings PLC,0.071,3,$64.75,5.59,$53.50,$51.68,3.52,$73.13
HOG,Harley-Davidson,0.071,2,$24.46,5.79,$25.79,$16.84,53.15,$29.21
SPUU,Dir Dai S&P 500 Bu 2x ETF Us,0.071,1,,5.81,$220.64,$154.62,42.70,$232.39
PLGO,Pelagos Insurance Capital,0.071,1,,5.84,$23.86,$16.48,44.78,$26.18
FNF,Fidelity National Financial Inc.,0.070,3,$47.16,3.54,$42.49,$41.81,1.63,$56.47
FIVE,Five Below Inc.,0.070,2,$179.79,3.62,$236.32,$137.77,71.53,$263.88
XYZ,Block Inc.,0.070,2,$76.00,4.26,$76.32,$48.21,58.31,$86.92
OGN,Organon & Co.,0.070,1,,5.72,$13.68,$5.67,141.27,$13.79
NVST,Envista Holdings Corp.,0.069,5,$26.35,2.87,$23.51,$18.77,25.25,$30.42
MCHP,Microchip Technology,0.069,4,$91.20,5.37,$72.63,$47.28,53.62,$104.75
ODFL,Old Dominion Freight Line,0.069,3,$216.60,4.93,$173.18,$125.23,38.29,$251.64
DELL,Dell Technologies Inc.,0.069,3,$431.46,5.68,$574.12,$109.70,423.35,$593.98
MSA,MSA Safety Inc.,0.069,3,$174.58,4.68,$178.08,$149.32,19.26,$207.14
UAN,CVR Partners LP,0.069,1,,5.62,$131.53,$78.61,67.32,$136.82
NOV,Nov Inc.,0.068,4,$18.55,1.98,$20.03,$12.01,66.78,$21.84
WAB,WABTEC Corp.,0.068,3,$269.60,4.93,$278.39,$185.09,50.41,$306.32
MRP,Millrose Properties,0.068,2,$30.05,3.95,$28.67,$25.60,11.99,$32.17
BLMN,Bloomin Brands Inc.,0.068,1,,5.59,$8.06,$5.19,55.30,$12.63
GLD,SPDR Gold Trust,0.067,6,$1293.45,2.35,$401.88,$333.81,20.39,$509.70
CCC,CCC Intelligent Solutions Hldgs Inc.,0.067,2,$5.16,3.02,$6.49,$4.08,59.07,$9.83
UBS,UBS AG,0.066,4,$44.91,2.66,$50.64,$35.38,43.13,$55.99
LYB,LyondellBasell Industries,0.065,3,$52.65,2.87,$61.89,$39.12,58.21,$82.22
MBI,MBIA Inc.,0.065,2,$6.52,4.34,$4.41,$4.41,0.00,$8.17
CRGY,Crescent Energy Inc A,0.065,2,$9.82,4.86,$13.96,$7.46,87.13,$15.47
OZK,Bank OZK,0.065,2,$52.09,3.22,$47.61,$41.16,15.67,$53.18
RGLD,Royal Gold Inc.,0.065,2,$199.61,5.09,$250.17,$167.81,49.08,$304.97
CLF,Cleveland-Cliffs Inc.,0.065,2,$9.39,5.30,$12.46,$7.73,61.19,$16.70
PHYS,Sprott Physical Gold Trust,0.065,2,$30.17,5.29,$33.11,$27.85,18.89,$42.07
PRI,Primerica Inc.,0.065,1,,5.36,$289.50,$227.14,27.45,$325.96
TTMI,TTM Technologies Inc.,0.064,4,$187.02,3.13,$116.50,$50.12,132.44,$223.83
NSC,Norfolk Southern Corp.,0.064,4,$314.59,4.13,$316.15,$272.95,15.83,$357.18
FANG,Diamondback Energy Inc.,0.064,2,$175.78,3.02,$192.72,$132.93,44.98,$216.90
SGU,Star Gas Partners LP,0.064,1,,5.26,$12.68,$10.72,18.28,$13.33
CTRI,Centuri Holdings Inc,0.064,1,,5.25,$19.40,$19.03,1.94,$42.99
TRUP,Trupanion Inc.,0.064,1,,5.28,$25.48,$21.16,20.42,$46.98
SAP,SAP SE,0.063,7,$154.11,2.96,$209.94,$144.97,44.82,$276.56
BIO,Bio-Rad Laboratories Inc.,0.063,3,$293.61,2.39,$375.37,$236.73,58.56,$396.23
NXPI,NXP Semiconductors NV,0.063,3,$281.03,2.48,$226.40,$179.82,25.90,$337.28
UA,Under Armour CL C,0.063,1,,5.18,$4.78,$3.95,21.01,$7.91
BF.B,Brown-Forman Corp.,0.062,5,$26.65,3.33,$25.87,$22.23,16.37,$30.85
LPLA,LPL Financial Holdings Inc.,0.062,4,$281.68,2.10,$328.88,$259.94,26.52,$399.03
PLD,Prologis Inc.,0.062,3,$135.47,2.70,$134.46,$107.65,24.90,$152.14
TLN,Talen Energy Corp,0.062,3,$384.26,3.37,$294.32,$279.77,5.20,$451.28
LNC,Lincoln National,0.062,2,$35.35,5.04,$41.84,$31.40,33.25,$47.67
VGNT,Versigent Plc,0.062,2,$42.01,2.64,$46.11,$26.27,75.52,$50.75
MIR,Mirion Technologies Inc,0.062,2,$17.93,4.24,$15.89,$14.11,12.62,$30.28
AAL,American Airlines Group Inc.,0.062,2,$18.07,3.31,$13.02,$10.09,29.04,$18.79
GPGI,GPGI Inc.,0.062,1,,5.09,$11.92,$11.22,6.24,$26.77
QUAD,Quad/Graphics Inc.,0.062,1,,5.06,$9.27,$4.93,88.03,$11.03
PTLO,Portillo's Inc Cl A,0.062,1,,5.05,$3.77,$3.72,1.34,$6.83
XPO,XPO Logistics,0.060,4,$205.29,4.84,$172.91,$121.48,42.34,$232.05
LKQ,LKQ Corp.,0.060,4,$26.33,2.86,$23.39,$20.92,11.81,$35.92
MHK,Mohawk Industries,0.060,3,$121.33,2.37,$125.66,$92.99,35.13,$140.30
MET,MetLife Inc.,0.060,2,$84.61,2.76,$97.02,$66.41,46.09,$100.93
VZ,Verizon Communications,0.059,7,$42.34,1.76,$47.93,$36.55,31.14,$51.67
MS,Morgan Stanley,0.059,5,$209.04,3.54,$202.75,$148.47,36.56,$230.98
NEE,NextEra Energy Inc.,0.059,4,$87.77,3.10,$80.73,$67.43,19.72,$97.30
LEA,Lear Corp.,0.059,3,$134.06,2.61,$120.34,$93.67,28.47,$149.08
AME,Ametek Inc.,0.059,2,$241.94,4.87,$236.65,$178.15,32.84,$260.78
DJCO,Daily Journal Corp.,0.059,1,,4.80,$654.91,$348.63,87.85,$692.50
GS,Goldman Sachs Group,0.058,5,$1011.37,2.77,$941.96,$725.74,29.79,$1148.37
OKE,ONEOK Inc.,0.058,2,$86.94,3.08,$94.15,$91.75,2.62,$97.66
BRCC,BRC Inc.,0.058,1,,4.79,$9.69,$6.00,61.50,$18.55
MP,MP Materials Corp.,0.058,1,,4.74,$47.98,$37.81,26.90,$100.25
MNDY,monday.com Ltd.,0.058,1,,4.77,$85.92,$57.50,49.43,$220.80
LFUS,Littelfuse Inc.,0.057,7,$455.33,2.52,$405.38,$231.54,75.08,$499.60
ARW,Arrow Electronics,0.057,4,$213.41,4.35,$218.85,$101.79,115.00,$237.33
AVT,Avnet Inc.,0.057,3,$88.82,3.87,$94.90,$43.35,118.92,$99.92
CHD,Church & Dwight,0.057,2,$96.88,4.58,$95.27,$80.29,18.66,$105.37
CNR,Core Natural Resources Inc.,0.057,1,,4.67,$90.62,$72.88,24.34,$114.56
ALAB,Astera Labs Inc,0.057,1,,4.65,$297.19,$97.89,203.60,$499.48
PNC,PNC Financial Services,0.056,5,$246.22,3.78,$231.99,$172.82,34.24,$258.96
BHF,Brighthouse Financial Inc.,0.056,1,,4.60,$50.03,$44.51,12.40,$66.80
GLW,Corning Inc.,0.055,4,$255.43,4.26,$149.77,$76.38,96.09,$271.27
OC,Owens Corning,0.055,3,$158.94,2.86,$122.87,$95.63,28.48,$159.88
YUMC,Yum China Holdings Inc.,0.055,3,$40.87,4.25,$41.06,$39.90,2.91,$57.33
SEG,Seaport Entertainment Group,0.055,2,$26.60,3.86,$24.20,$17.74,36.41,$29.61
BGC,BGC Group Inc.,0.055,1,,4.48,$12.30,$8.20,50.00,$12.86
CNDT,Conduent Inc.,0.055,1,,4.48,$1.63,$1.15,41.74,$2.98
B,Barrick Mining Corp.,0.054,5,$36.73,3.12,$43.32,$28.48,52.11,$53.80
BX,Blackstone Group,0.054,4,$117.67,3.30,$124.93,$99.78,25.21,$182.67
AMRZ,Amrize Ltd,0.054,3,$53.30,2.13,$37.67,$37.61,0.16,$65.13
KGC,Kinross Gold Corp.,0.054,3,$23.62,4.14,$28.08,$21.82,28.69,$38.96
TER,Teradyne Inc.,0.054,2,$483.84,4.42,$361.25,$114.87,214.49,$487.72
LLYVK,Liberty Media Corp. Series C Live,0.054,2,$105.64,4.07,$96.30,$78.68,22.39,$109.75
FAST,Fastenal,0.054,2,$48.03,2.72,$48.90,$38.34,27.54,$52.92
NMIH,NMI Holdings,0.054,2,$41.09,4.39,$42.91,$34.84,23.16,$46.74
MAVF,Matrix Advisors Value ETF,0.054,1,,4.41,$138.46,$113.25,22.26,$142.84
TJX,TJX Companies Inc.,0.053,3,$151.50,2.52,$128.35,$122.78,4.54,$169.47
TMHC-OLD,Taylor Morrison Home Corp.,0.053,3,$71.74,3.30,$72.46,$54.15,33.81,$72.50
TDAY,Gannett Co.,0.053,2,$8.55,2.83,$6.22,$3.42,81.87,$9.21
SYY,Sysco Corp.,0.052,5,$83.44,1.81,$79.44,$67.23,18.16,$90.56
OMC,Omnicom Group,0.052,4,$72.83,2.53,$76.03,$64.98,17.01,$89.57
MPLX,MPLX LP,0.052,2,$56.33,3.90,$59.21,$44.22,33.90,$60.39
MSGE,Madison Square Garden Entertainment Corp.,0.052,1,,4.28,$78.84,$41.65,89.29,$90.41
VNOM,Viper Energy Inc.,0.052,1,,4.25,$42.64,$33.67,26.64,$49.62
MCD,McDonald's Corp.,0.051,7,$270.31,2.18,$249.68,$247.83,0.75,$335.18
RMNI,Rimini Street Inc.,0.051,2,$4.26,4.15,$4.44,$2.87,54.70,$5.68
OSW,OneSpaWorld Holdings Ltd,0.051,1,,4.19,$21.70,$18.94,14.57,$29.19
DEO,Diageo ADR,0.050,8,$80.38,1.60,$85.59,$71.73,19.32,$101.71
NKE,NIKE Inc.,0.050,7,$41.05,2.32,$35.56,$35.56,0.00,$74.51
ABBV,AbbVie Inc.,0.050,7,$251.64,3.09,$264.56,$189.40,39.68,$267.47
REZI,Resideo Technologies Inc.,0.050,5,$31.10,1.90,$18.53,$18.24,1.59,$32.01
PPG,PPG Industries,0.050,3,$121.29,2.78,$104.92,$91.35,14.85,$130.99
KDP,Keurig Dr Pepper Inc.,0.050,2,$32.73,4.04,$30.79,$24.43,26.03,$33.82
CRL,Charles River Labs,0.050,2,$226.79,3.41,$276.14,$144.26,91.42,$303.31
FTNT,Fortinet Inc.,0.050,1,,4.09,$168.72,$73.55,129.39,$176.10
NTRA,Natera Inc.,0.049,4,$271.45,3.32,$362.10,$157.43,130.01,$366.70
CRBG,Corebridge Financial Inc.,0.049,3,$28.63,2.84,$34.88,$21.74,60.44,$35.64
LBTYA,Liberty Global Ltd CL A,0.049,3,$11.37,2.57,$10.00,$9.43,6.04,$13.52
IEX,IDEX Corp.,0.049,2,$226.95,3.97,$222.57,$155.87,42.79,$243.80
CHTR,Charter Communications,0.048,6,$142.21,1.95,$129.30,$111.55,15.91,$285.82
FN,Fabrinet,0.047,4,$562.08,3.30,$385.91,$354.41,8.89,$748.89
LUV,Southwest Airlines,0.047,2,$51.42,3.87,$41.18,$28.75,43.23,$54.38
SEB,Seaboard Corp.,0.047,2,$4464.28,3.80,$4283.62,$3133.55,36.70,$5983.34
LUMN,Lumen Technologies Inc.,0.047,1,,3.87,$6.41,$5.52,16.12,$11.95
MAIR,Madison Air Solutions Corp A,0.047,1,,3.87,$23.73,$22.91,3.58,$44.50
WDAY,Workday Inc.,0.046,4,$122.42,1.78,$194.89,$110.36,76.59,$249.85
CNC,Centene Corp.,0.046,3,$64.19,2.71,$65.74,$31.63,107.84,$69.63
WULF,Terawulf Inc,0.046,2,$24.70,3.65,$16.91,$10.43,62.13,$29.84
DKS,Dick's Sporting Goods Inc.,0.046,2,$226.81,3.02,$122.32,$119.27,2.56,$242.09
CNA,CNA Financial Corp.,0.046,1,,3.77,$48.10,$40.34,19.24,$55.19
CG,Carlyle Group,0.045,4,$42.11,1.91,$40.39,$39.16,3.14,$67.95
FLEX,Flex Ltd.,0.045,3,$162.07,3.66,$108.16,$53.07,103.81,$166.86
SDHC,Smith Douglas Homes Corp,0.045,3,$15.54,3.67,$9.90,$9.90,0.00,$23.49
NVT,nVent Electric plc,0.045,3,$169.61,3.19,$157.01,$92.78,69.23,$184.40
NVR,NVR Inc.,0.045,3,$6813.41,3.03,$6199.70,$5501.01,12.70,$8200.01
STLA,Stellantis N.V.,0.045,2,$5.74,3.69,$4.83,$4.78,1.05,$12.22
TWLO,Twilio Inc.,0.045,2,$206.33,3.70,$243.75,$98.44,147.61,$258.35
DD,DuPont de Nemours Inc.,0.045,2,$135.65,3.71,$128.64,$86.86,48.10,$156.04
NRP,Natural Resource Partners,0.045,1,,3.69,$108.91,$94.82,14.86,$126.18
HSY,Hershey Co.,0.044,5,$175.44,2.08,$170.12,$156.70,8.56,$235.80
COHR,Coherent Corp.,0.044,4,$394.47,3.50,$314.32,$102.14,207.73,$440.00
ILMN,Illumina Inc.,0.044,2,$175.83,2.02,$237.15,$88.00,169.49,$246.76
USFD,US Foods Holding Corp.,0.044,2,$102.25,3.07,$93.02,$69.88,33.11,$111.42
SSNC,SS&C Technologies Holdings Inc.,0.044,2,$62.05,2.01,$80.04,$61.18,30.83,$88.93
ERFSF,Eurofins Scientific SE,0.044,1,,3.60,$84.33,$64.33,31.09,$87.62
PGEN,Precigen Inc.,0.044,1,,3.61,$7.78,$2.99,160.20,$7.95
PSX,Phillips 66,0.043,6,$169.05,2.96,$273.21,$123.09,121.96,$276.39
LBRDK-OLD,Liberty Broadband Corp. CL C,0.043,4,$33.26,1.94,$35.99,$26.25,37.10,$65.73
CORZ,Core Scientific Inc,0.043,3,$25.59,3.38,$17.73,$13.36,32.71,$30.46
AERO,Grupo Aeromexico Sab De Cv,0.043,2,$18.00,1.89,$15.82,$12.26,29.04,$23.05
BFH,Bread Financial Holdings Inc.,0.043,2,$108.35,3.40,$107.84,$53.23,102.59,$114.28
AFRM,Affirm Holdings Inc.,0.043,2,$81.55,3.51,$71.22,$42.10,69.17,$92.56
SA,Seabridge Gold Inc.,0.043,1,,3.52,$30.83,$18.51,66.56,$40.06
MSGS,Madison Square Garden Sports Corp.,0.042,4,$401.84,2.64,$398.39,$207.90,91.63,$438.93
ROIV,Roivant Sciences Ltd,0.042,4,$35.39,1.95,$40.07,$14.50,176.34,$42.50
TAP,Molson Coors Beverage Co.,0.042,3,$38.94,2.94,$37.80,$37.60,0.53,$53.00
CHYM,Chime Financial Inc Cl A,0.042,3,$20.48,2.78,$30.06,$15.88,89.29,$35.55
AMG,Affiliated Managers Group,0.042,3,$338.40,3.37,$354.59,$230.07,54.12,$392.91
FOX,Fox Corporation CL B,0.042,2,$46.84,3.27,$57.92,$43.86,32.06,$67.48
NRG,NRG Energy Inc.,0.042,1,,3.44,$104.98,$104.08,0.86,$188.71
ALV,Autoliv Inc.,0.041,2,$116.17,3.37,$116.55,$97.72,19.27,$131.23
INCY,Incyte Corp.,0.041,2,$113.36,2.64,$126.56,$81.09,56.07,$132.60
GFL,Gfl Environmental Inc Sub Vt,0.041,1,,3.39,$42.48,$33.32,27.49,$48.00
CPT,Camden Property Trust,0.040,3,$114.49,1.76,$99.78,$94.30,5.81,$119.81
UAL,United Airlines Holdings Inc.,0.040,2,$135.99,3.31,$108.75,$84.64,28.49,$138.77
WSC,WillScot Mobile Mini Hldgs Corp.,0.040,2,$28.86,3.28,$18.01,$14.72,22.35,$29.66
SSD,Simpson Manufacturing,0.040,2,$209.35,3.09,$171.45,$155.55,10.22,$213.18
PENN,Penn National Gaming Inc.,0.040,2,$21.36,3.20,$16.55,$11.65,42.06,$22.36
STZ,Constellation Brands,0.039,4,$139.09,1.58,$119.54,$119.54,0.00,$166.17
RS,Reliance Steel & Aluminum,0.039,2,$373.60,3.23,$388.67,$256.46,51.55,$432.62
CE,Celanese Corp.,0.039,2,$46.00,2.82,$45.37,$35.07,29.37,$70.65
IDT,IDT Corp. CL B,0.039,1,,3.23,$69.05,$45.54,51.62,$72.13
SWKS,Skyworks Solutions Inc.,0.039,1,,3.18,$88.43,$51.48,71.78,$92.30
STT,State Street Corp.,0.038,5,$169.60,1.93,$182.18,$102.75,77.30,$195.93
NVO,Novo Nordisk A S,0.038,4,$47.94,1.05,$43.47,$34.20,27.11,$61.21
EW,Edwards Lifesciences Corp.,0.038,2,$90.46,3.09,$88.30,$72.30,22.13,$96.29
IBP,Installed Building Products,0.038,2,$229.84,3.07,$196.18,$192.37,1.98,$344.87
PCG,PG&E Corp.,0.038,2,$16.82,2.85,$13.26,$12.59,5.32,$19.04
STRL,Sterling Construction Co. Inc.,0.038,1,,3.13,$513.65,$281.58,82.42,$1005.68
FPH,Five Point Holdings LLC,0.038,1,,3.11,$4.95,$4.60,7.61,$6.64
LMT,Lockheed Martin Corp.,0.037,5,$509.46,1.38,$535.09,$429.47,24.59,$683.27
AEP,American Electric Power,0.037,3,$136.81,1.72,$120.22,$102.52,17.26,$139.52
LH,Labcorp Holdings Inc.,0.037,3,$280.00,1.92,$320.23,$242.07,32.29,$341.06
FNV,Franco Nevada Corp.,0.037,2,$208.45,1.81,$264.79,$180.18,46.96,$284.12
FMX,Fomento Economico Mexicano,0.037,2,$127.90,2.74,$118.92,$84.80,40.24,$141.47
ALGN,Align Technology Inc.,0.037,1,,3.07,$148.36,$122.00,21.61,$200.44
RBLX,Roblox Corp.,0.037,1,,3.04,$47.89,$33.88,41.35,$142.00
MICC,Magnum Ice Cream Co NV,0.036,7,$16.98,0.91,$18.94,$12.94,46.37,$20.69
ONON,On Holding AG,0.036,4,$35.42,2.88,$27.38,$26.37,3.83,$51.08
CARR,Carrier Global Corp.,0.036,4,$73.35,1.74,$53.86,$49.67,8.44,$76.49
SNOW,Snowflake Inc.,0.036,3,$254.50,2.25,$333.66,$118.30,182.05,$384.56
YUM,Yum! Brands Inc.,0.036,3,$159.86,2.01,$137.10,$134.63,1.83,$169.29
EL,Estee Lauder Cos.,0.036,3,$78.94,2.87,$94.14,$65.74,43.20,$120.38
SPHR,Sphere Entertainment Co.,0.036,2,$173.03,2.87,$144.43,$56.36,156.26,$181.63
AWI,Armstrong World Industries Inc.,0.036,2,$160.42,1.50,$159.83,$150.00,6.55,$204.82
TPG,Tpg Inc,0.036,1,,2.92,$46.61,$36.07,29.22,$67.83
CPAY,Corpay Inc.,0.036,1,,2.99,$397.68,$252.84,57.29,$427.46
WMT,Walmart Inc.,0.035,6,$113.26,2.76,$107.42,$98.06,9.55,$134.83
BF.A,Brown-Forman Corp. CL A,0.035,3,$27.36,2.22,$26.23,$22.63,15.91,$30.62
TW,Tradeweb Markets Inc.,0.035,3,$99.66,1.63,$104.12,$91.30,14.04,$127.35
EMBJ,Embraer SA,0.035,3,$63.80,2.09,$74.98,$53.37,40.49,$80.46
BRO,Brown & Brown Inc.,0.035,3,$64.15,1.62,$65.58,$53.69,22.15,$95.63
TRGP,Targa Resources Corp.,0.035,2,$268.14,2.83,$293.78,$141.11,108.19,$307.94
RGEN,Repligen Corp.,0.035,2,$136.44,2.44,$177.57,$100.99,75.83,$188.73
CDNS,Cadence Design Systems,0.035,2,$375.32,2.81,$282.56,$262.75,7.54,$416.69
UNF,UniFirst Corp.,0.035,2,$264.46,2.03,$260.79,$146.76,77.70,$306.26
ULS,Ul Solutions Inc Class A,0.035,1,,2.91,$64.45,$63.17,2.03,$107.17
PRVA,Privia Health Group Inc.,0.035,1,,2.91,$20.00,$19.53,2.41,$28.82
VOO,Vanguard S&P 500 ETF,0.034,6,$686.82,1.77,$701.43,$576.78,21.61,$716.39
TCOM,Trip.com Group Ltd,0.034,3,$39.84,1.50,$40.65,$38.04,6.86,$78.99
CPB,Campbell's Co.,0.034,3,$22.27,2.60,$20.81,$19.23,8.22,$32.13
BR,Broadridge Financial Solutions,0.034,2,$136.95,1.49,$163.49,$133.01,22.92,$242.11
WSO,Watsco Inc.,0.034,2,$416.73,1.90,$311.44,$295.75,5.31,$455.09
IMO,Imperial Oil Ltd.,0.034,2,$112.17,2.51,$129.62,$82.02,58.03,$138.09
CBRS,Cerebras Systems Inc A,0.034,1,,2.76,$199.26,$160.81,23.91,$386.34
CMPR,Cimpress plc,0.034,1,,2.77,$79.53,$60.59,31.26,$106.58
MIDD,Middleby Corp.,0.034,1,,2.82,$112.36,$88.87,26.43,$148.55
EFA,iShares MSCI EAFE ETF,0.033,5,$103.87,2.39,$105.02,$88.19,19.08,$108.89
WY,Weyerhaeuser Co.,0.033,4,$23.94,2.02,$21.38,$20.41,4.75,$27.03
LOW,Lowe's Cos.,0.033,3,$220.49,1.43,$192.39,$192.39,0.00,$289.87
CTO,CTO Realty Growth Inc.,0.033,1,,2.74,$20.38,$13.94,46.20,$22.31
GPK,Graphic Packaging Hldg Co.,0.033,1,,2.69,$9.35,$8.59,8.85,$19.49
ATS,Ats Corp,0.033,1,,2.67,$19.40,$18.41,5.38,$35.82
FER,Ferrovial Se,0.033,1,,2.72,$54.87,$53.91,1.78,$74.07
KNSL,Kinsale Capital Group Inc.,0.033,1,,2.67,$358.52,$287.01,24.92,$483.75
VRSK,Verisk Analytics Inc.,0.032,5,$179.53,1.65,$176.98,$155.10,14.11,$250.83
HCA,HCA Healthcare Inc.,0.032,5,$389.89,2.12,$427.58,$353.34,21.01,$553.56
BSX,Boston Scientific,0.032,5,$42.68,2.29,$43.43,$42.20,2.91,$105.65
CSX,CSX Corp.,0.032,3,$47.53,2.15,$47.22,$32.29,46.24,$53.45
WMB,Williams Cos.,0.032,3,$74.34,2.57,$72.17,$54.53,32.35,$78.91
CASY,Casey's Gen'l Stores,0.032,3,$794.80,1.98,$600.84,$496.20,21.09,$927.15
VRTX,Vertex Pharmaceuticals,0.032,2,$496.73,1.51,$509.65,$374.17,36.21,$560.25
WPM,Wheaton Precious Metals Corp.,0.032,2,$112.32,2.63,$151.03,$92.01,64.15,$165.03
CLH,Clean Harbors Inc.,0.032,2,$298.75,2.59,$315.50,$201.34,56.70,$335.94
RDDT,Reddit Inc Cl A,0.032,2,$173.58,1.83,$153.48,$119.27,28.68,$282.95
LII,Lennox International,0.032,1,,2.60,$359.18,$350.22,2.56,$587.27
GGG,Graco Inc.,0.032,1,,2.63,$76.17,$72.23,5.45,$94.99
ITUB,ita Unibanco Holding S.A.,0.032,1,,2.59,$8.25,$6.06,36.14,$9.46
MTN,Vail Resorts Inc.,0.031,4,$136.15,2.23,$139.52,$116.69,19.56,$160.49
LEN.B,Lennar Corp. CL B,0.031,4,$88.71,2.12,$75.21,$74.70,0.68,$125.26
MAS,Masco Corp.,0.031,3,$81.37,1.33,$67.86,$57.51,18.00,$83.27
TME,Tencent Music Entertainment Grp,0.031,3,$8.35,1.49,$7.71,$7.71,0.00,$25.75
BAP,Credicorp Ltd.,0.031,3,$389.58,1.08,$381.54,$230.45,65.56,$413.25
A,Agilent Technologies,0.031,2,$132.83,2.53,$155.68,$108.14,43.96,$163.75
TTWO,Take-Two Interactive Software,0.031,2,$249.98,1.89,$207.70,$187.63,10.70,$265.94
JBS,Jbs Nv A,0.031,2,$11.85,2.54,$12.05,$11.45,5.24,$17.27
FIS,Fidelity National Information Services,0.031,2,$38.88,1.56,$35.94,$35.92,0.06,$66.59
RLI,RLI Corp.,0.031,2,$59.07,1.48,$59.53,$45.14,31.88,$66.81
WHK,Whitehawk Minerals Corp Cl A,0.031,1,,2.56,$26.63,$25.24,5.51,$29.07
JELD,JELD-WEN Holding Inc.,0.031,1,,2.53,$1.75,$0.93,88.17,$6.02
WFRD,Weatherford International plc,0.031,1,,2.51,$82.02,$60.12,36.43,$112.79
RMD,ResMed Inc.,0.031,1,,2.54,$225.27,$179.75,25.32,$281.89
IBM,International Business Machines,0.030,5,$281.21,2.36,$232.51,$197.77,17.57,$330.09
CL,Colgate-Palmolive,0.030,5,$91.68,1.24,$87.63,$73.21,19.70,$98.15
PAYX,Paychex Inc.,0.030,2,$98.33,2.35,$115.95,$83.50,38.86,$127.98
TRIP,TripAdvisor Inc.,0.030,2,$13.71,1.62,$8.91,$8.41,5.95,$20.16
BE,Bloom Energy Corp.,0.030,2,$302.69,2.36,$273.81,$61.37,346.16,$351.28
FOUR,Shift4 Payments Inc. CL A,0.030,2,$48.64,2.09,$39.77,$34.56,15.08,$87.75
SDRL,Seadrill Ltd,0.030,2,$37.82,2.45,$47.56,$28.10,69.25,$55.47
NWSA,News Corp.,0.030,2,$24.83,2.32,$29.82,$22.03,35.36,$31.55
TTC,Toro Co.,0.030,2,$97.42,2.39,$91.94,$66.72,37.80,$104.28
ZBRA,Zebra Technologies Corp.,0.030,2,$263.26,2.42,$346.21,$199.05,73.93,$386.23
PEG,Public Serv. Enterprise Inc.,0.030,2,$81.16,2.42,$70.07,$69.98,0.13,$85.40
LAZ,Lazard Inc.,0.030,2,$41.94,2.41,$35.79,$35.24,1.56,$57.45
CHRW,C.H. Robinson Worldwide,0.030,2,$188.34,1.33,$153.38,$121.78,25.95,$209.43
NXT,Nextracker Inc Cl A,0.030,1,,2.49,$80.73,$67.66,19.32,$163.13
ESRT,Empire State Realty Trust Inc.,0.030,1,,2.45,$3.95,$3.95,0.00,$7.83
OCSL,Oaktree Specialty Lending Corp,0.030,1,,2.49,$12.44,$10.07,23.54,$12.98
CSL,Carlisle Companies,0.029,4,$362.75,1.62,$315.65,$290.64,8.61,$428.80
DPC,Dpc Holdings Plc,0.029,4,$49.06,2.27,$40.99,$37.65,8.87,$57.25
BMRN,BioMarin Pharmaceutical Inc.,0.029,3,$57.22,1.24,$64.57,$49.26,31.08,$70.98
SUI,Sun Communities Inc.,0.029,3,$119.91,1.75,$114.31,$113.80,0.45,$135.36
CPRI,Capri Holdings Ltd,0.029,2,$18.57,2.29,$14.90,$12.40,20.16,$28.27
PTEN,Patterson-UTI Energy Inc.,0.029,1,,2.41,$11.90,$4.89,143.35,$13.39
VSEC,VSE Corp.,0.028,3,$228.50,2.18,$175.57,$154.36,13.74,$247.85
WST,West Pharmaceutical Services,0.028,2,$358.99,1.85,$360.05,$223.52,61.08,$385.75
PBH,Prestige Consumer Healthcare,0.028,2,$47.27,2.29,$45.48,$42.62,6.71,$71.07
AMLP,Alerian MLP ETF,0.028,1,,2.26,$54.93,$41.24,33.20,$56.43
MNST,Monster Beverage Corp.,0.028,1,,2.28,$44.92,$31.51,42.56,$50.17
VEA,Vanguard FTSE Developed ETF,0.027,5,$71.25,1.63,$71.36,$57.44,24.23,$74.04
FDXF,FedEx Freight Holding Co.,0.027,5,$151.00,1.02,$120.95,$120.24,0.59,$200.00
BLCO,Bausch + Lomb Corp,0.027,3,$16.56,1.51,$16.83,$13.77,22.22,$18.92
DINO,HF Sinclair Corp.,0.027,3,$69.65,1.99,$115.87,$44.66,159.45,$116.97
NESR,National Energy Services Reunited Corp.,0.027,3,$29.93,2.18,$32.72,$9.92,229.84,$36.94
GLIBK,GCI Liberty Inc. Series C,0.027,2,$21.56,2.18,$24.05,$19.30,24.61,$41.18
EXP,Eagle Materials Inc.,0.027,2,$225.00,2.21,$177.14,$171.56,3.25,$245.20
COIN,Coinbase Global Inc.,0.027,1,,2.24,$194.94,$139.11,40.13,$402.16
HLF,Herbalife Nutrition Ltd.,0.027,1,,2.25,$11.91,$7.56,57.54,$20.40
BOKF,BOK Financial Corp.,0.027,1,,2.25,$132.62,$100.84,31.52,$146.20
FAF,First Amer'n Corp.,0.027,1,,2.21,$69.54,$55.74,24.76,$79.87
CVSA,Covista Inc.,0.027,1,,2.20,$126.20,$86.97,45.11,$156.26
KSPI,Jsc Kaspi.kz ADR,0.026,7,$86.62,0.96,$97.18,$64.26,51.23,$107.58
TFC,Truist Financial Corp.,0.026,4,$49.82,2.06,$48.46,$39.11,23.91,$54.51
ITRN,Ituran Location & Control Ltd.,0.026,3,$61.01,1.93,$51.82,$32.34,60.24,$67.77
FOSL,Fossil Inc.,0.026,2,$4.14,2.10,$5.47,$1.70,221.76,$6.25
GNTX,Gentex Corp.,0.026,2,$25.27,2.09,$22.29,$20.26,10.02,$28.54
CDW,CDW Corp.,0.026,2,$140.64,1.09,$145.26,$96.09,51.17,$165.31
DOX,Amdocs Ltd.,0.026,2,$50.54,2.07,$59.15,$49.24,20.13,$83.39
BBIO,BridgeBio Pharma Inc.,0.026,2,$74.48,2.11,$67.09,$48.78,37.54,$93.42
AIG,American International Group,0.026,2,$74.53,2.02,$75.68,$69.90,8.27,$85.64
FLS,Flowserve Corp.,0.026,2,$74.16,2.10,$73.71,$48.28,52.67,$91.86
BKV,Bkv Corporation,0.026,1,,2.17,$23.36,$20.08,16.33,$32.81
DHT,DHT Holdings Inc.,0.026,1,,2.13,$23.11,$9.43,145.07,$23.46
DVA,DaVita HealthCare Partners,0.026,1,,2.15,$184.50,$101.00,82.67,$247.49
TECK,Teck Resources,0.026,1,,2.14,$65.20,$37.75,72.72,$72.46
VAC,Marriott Vacations Worldwide,0.026,1,,2.16,$102.44,$42.68,140.02,$130.30
NFG,National Fuel Gas,0.026,1,,2.15,$80.48,$74.64,7.82,$96.03
SPCX,Space Exploration Technologies Corp.,0.025,5,$170.86,0.67,$152.66,$104.83,45.63,$225.64
BUD,Anheuser-Busch InBev,0.025,4,$82.40,1.27,$77.57,$57.32,35.33,$86.60
VOYA,Voya Financial Inc.,0.025,3,$90.53,1.08,$101.03,$63.83,58.28,$105.64
KVUE,Kenvue Inc,0.025,3,$19.11,1.90,$17.91,$13.38,33.86,$19.91
VSNT,Versant Media Group Inc.,0.025,3,$36.01,1.77,$34.73,$26.61,30.51,$45.11
MAA,Mid-America Apt Communties,0.025,2,$138.94,2.00,$120.06,$117.48,2.20,$142.76
COTY,Coty Inc.,0.025,2,$2.16,2.00,$2.46,$1.82,35.16,$4.47
ATI,Allegheny Technologies Inc.,0.025,2,$197.10,1.39,$188.11,$75.02,150.75,$243.57
ISRG,Intuitive Surgical Inc.,0.025,2,$397.68,1.53,$392.93,$328.57,19.59,$603.88
EOG,EOG Resources,0.025,2,$129.73,1.99,$144.54,$99.12,45.82,$154.16
SJM,J.M. Smucker Co,0.025,2,$112.50,2.02,$122.65,$86.47,41.84,$135.89
INSM,Insmed Inc.,0.025,1,,2.07,$120.62,$90.39,33.44,$212.75
FBTC,Fidelity Wise Origin Bitcoin,0.025,1,,2.07,$70.65,$50.48,39.96,$110.25
KBR,KBR Inc.,0.025,1,,2.07,$35.95,$29.67,21.17,$51.33
SHEN,Shenandoah Telecommunications Co.,0.025,1,,2.06,$11.50,$9.67,18.92,$17.35
BIDU,Baidu Inc.,0.024,4,$114.29,1.98,$89.73,$88.23,1.70,$165.30
MTB,M&T Bank Corp.,0.024,3,$238.01,1.52,$226.54,$169.89,33.35,$254.31
WRBY,Warby Parker Inc.,0.024,3,$30.34,1.89,$22.69,$14.96,51.67,$31.00
AXTA,Axalta Coating Systems Ltd.,0.024,2,$34.22,1.18,$32.30,$24.94,29.51,$38.61
UHS,Universal Health Services Inc.,0.024,2,$148.69,1.12,$177.27,$139.92,26.69,$245.26
PR,Permian Resources Corp.,0.024,2,$18.41,1.97,$22.87,$11.52,98.52,$24.48
ANET,Arista Networks Inc.,0.024,2,$169.88,1.94,$198.32,$114.52,73.17,$214.89
ECPG,Encore Capital Group Inc.,0.024,1,,1.94,$100.32,$39.95,151.11,$104.98
COLD,Americold Realty Trust,0.024,1,,1.98,$14.41,$9.59,50.26,$16.88
JXN,Jackson Financial Inc.,0.024,1,,1.94,$130.69,$86.88,50.43,$140.33
FCX,Freeport-McMoran Inc.,0.024,1,,2.00,$71.13,$34.78,104.51,$80.24
SPB,Spectrum Brands Holdings Inc.,0.023,4,$85.75,1.23,$85.73,$48.72,75.96,$98.53
LAMR,Lamar Advertising Co.,0.023,3,$155.98,1.64,$146.35,$110.33,32.65,$166.33
CAG,Conagra Brands Inc.,0.023,3,$13.46,1.76,$15.17,$12.39,22.44,$19.59
ADPT,Adaptive Biotechnologies Corp.,0.023,2,$21.45,1.83,$28.34,$12.00,136.17,$28.72
BATRK,Atlanta Braves Holdings Inc. Series C,0.023,2,$51.90,1.64,$50.57,$37.76,33.92,$54.46
AGX,Argan Inc.,0.023,2,$798.55,1.80,$385.87,$239.09,61.39,$805.09
PANW,Palo Alto Networks,0.023,2,$341.02,1.88,$362.07,$139.57,159.42,$398.88
WEC,WEC Energy Group,0.023,1,,1.92,$103.39,$100.35,3.03,$118.87
SHC,Sotera Health Co,0.023,1,,1.88,$18.69,$13.09,42.78,$19.85
PDRDF,Pernod Ricard,0.023,1,,1.92,$69.50,$65.28,6.46,$100.83
SWK,Stanley Black & Decker Inc.,0.023,1,,1.92,$88.52,$59.35,49.15,$103.78
WTM,White Mountains Insurance,0.023,1,,1.85,$2068.73,$1647.25,25.59,$2333.00
BYD,Boyd Gaming Corp.,0.023,1,,1.92,$73.10,$73.10,0.00,$91.17
LNT,Alliant Energy,0.023,1,,1.86,$65.79,$61.37,7.20,$78.22
CHRD,Chord Energy,0.023,1,,1.87,$143.90,$80.76,78.18,$157.06
TRV,Travelers Companies Inc.,0.022,4,$330.13,0.71,$376.08,$248.46,51.36,$397.34
ABEV,Ambev S.A.,0.022,3,$3.14,1.81,$2.96,$2.08,42.31,$3.44
HSIC,Henry Schein Inc.,0.022,3,$83.52,1.54,$85.08,$61.95,37.34,$92.18
GILD,Gilead Sciences,0.022,3,$126.34,1.57,$150.83,$105.84,42.51,$154.51
IWF,iShares Russell 1000 Growth ETF,0.022,3,$124.17,1.08,$123.01,$102.05,20.54,$128.91
GHC,Graham Holdings Co.,0.022,2,$1141.45,1.74,$1138.24,$923.50,23.25,$1262.35
IR,Ingersoll Rand Inc.,0.022,2,$81.99,0.92,$71.66,$68.05,5.30,$100.89
ECHO,EchoStar Corp.,0.022,2,$101.50,1.73,$93.38,$65.76,42.00,$147.25
CTVA,Corteva Inc.,0.022,2,$84.69,1.84,$80.08,$59.97,33.53,$90.87
PRMB,Primo Brands Corp,0.022,2,$24.44,1.77,$20.53,$14.04,46.23,$26.08
KRC,Kilroy Realty Corp.,0.022,1,,1.83,$34.14,$26.89,26.96,$42.39
UMBF,UMB Financial Corp.,0.022,1,,1.79,$134.48,$101.90,31.97,$152.78
JD,JD.com Inc.,0.021,5,$25.48,1.17,$26.83,$23.66,13.40,$35.59
ROL,Rollins Inc.,0.021,4,$41.74,0.57,$32.65,$32.65,0.00,$65.40
NTRS,Northern Trust Corp.,0.021,3,$173.84,1.69,$177.09,$118.61,49.30,$194.86
TKR,Timken Co.,0.021,3,$145.31,1.72,$116.43,$69.62,67.24,$145.98
CMCO,Columbus McKinnon Corp.,0.021,2,$15.13,1.71,$15.62,$11.95,30.71,$24.13
WIX,Wix.com Ltd.,0.021,2,$44.27,0.90,$80.46,$40.16,100.35,$190.93
ROK,Rockwell Automation Inc.,0.021,2,$495.08,1.17,$412.25,$328.32,25.56,$495.83
PSKY,Paramount Skydance Corp.,0.021,2,$9.86,0.99,$10.32,$7.58,36.15,$20.48
INGR,Ingredion Inc.,0.021,1,,1.72,$97.14,$93.62,3.76,$121.53
LBTYK,Liberty Global Ltd CL C,0.021,1,,1.74,$9.75,$9.30,4.84,$13.12
VNT,Vontier Corp.,0.021,1,,1.70,$31.39,$27.21,15.36,$48.09
VRSN,Verisign Inc.,0.020,3,$251.56,0.76,$304.50,$206.93,47.15,$311.57
CMI,Cummins Inc.,0.020,3,$713.22,1.05,$529.30,$394.95,34.02,$735.02
XP,XP Inc.,0.020,2,$16.26,1.34,$20.17,$14.80,36.28,$22.83
SD,SandRidge Energy Inc.,0.020,2,$13.70,0.84,$14.15,$10.60,33.49,$17.78
ROG,Rogers Corp.,0.020,2,$163.73,1.61,$128.90,$75.14,71.55,$169.00
CLB,Core Laboratories Inc.,0.020,1,,1.63,$11.19,$9.78,14.42,$20.32
ACGL,Arch Capital Group Ltd.,0.020,1,,1.67,$97.14,$82.45,17.82,$107.09
TGT,Target Corp.,0.019,4,$130.61,1.21,$157.63,$81.20,94.13,$170.75
DEI,Douglas Emmett Inc.,0.019,3,$11.80,1.30,$10.22,$8.79,16.27,$15.44
HP,Helmerich & Payne,0.019,2,$32.75,1.46,$41.05,$19.75,107.85,$48.17
VYM,Vanguard High Dvd Yield ETF,0.019,2,$158.03,1.42,$159.22,$134.88,18.05,$167.61
LLYVA,Liberty Media Corp. Series A Live,0.019,2,$101.26,1.41,$93.12,$77.12,20.75,$106.06
ST,Sensata Technologies Holding,0.019,2,$47.74,1.27,$41.79,$27.92,49.68,$53.75
LILAK,Liberty LiLAC Group C,0.019,1,,1.56,$8.39,$4.76,76.26,$8.92
HAE,Haemonetics Corp.,0.019,1,,1.54,$108.59,$47.32,129.48,$109.99
DNOW,NOW Inc.,0.018,4,$12.97,0.67,$15.49,$10.94,41.59,$17.26
BNS,Bank of Nova Scotia,0.018,3,$86.81,1.18,$94.01,$61.04,54.01,$95.34
AR,Antero Resources,0.018,2,$35.14,1.42,$34.92,$29.10,20.00,$45.75
ADM,Archer-Daniels-Midland,0.018,2,$76.40,0.88,$84.57,$54.00,56.61,$88.75
VSAT,Viasat Inc.,0.018,2,$89.81,1.50,$76.60,$26.10,193.49,$93.03
AMH,American Homes 4 Rent,0.018,2,$33.52,1.40,$31.10,$26.66,16.65,$34.70
SKY,Skyline Champion Corp.,0.018,2,$88.12,1.42,$83.91,$63.69,31.75,$99.17
LHX,L3Harris Technologies Inc.,0.018,2,$290.59,1.49,$247.33,$244.76,1.05,$374.59
FG,F&G Annuities & Life Inc.,0.018,1,,1.44,$23.27,$19.95,16.64,$34.01
EQX,Equinox Gold Corp,0.018,1,,1.47,$12.38,$8.47,46.16,$18.88
CRWV,Coreweave Inc Cl A,0.018,1,,1.44,$81.14,$60.55,34.00,$153.20
SWX,Southwest Gas Holdings Inc.,0.018,1,,1.51,$85.42,$74.55,14.58,$93.81
PAYC,Paycom Software Inc.,0.017,3,$125.68,0.70,$224.33,$104.16,115.37,$244.98
FDS,FactSet Research Systems,0.017,3,$230.08,0.65,$283.65,$182.47,55.45,$332.57
BKD,Brookdale Senior Living Inc.,0.017,3,$16.09,1.27,$11.51,$7.49,53.67,$17.09
AMP,Ameriprise Financial Inc.,0.017,3,$458.73,0.90,$546.44,$419.52,30.25,$572.56
CTAS,Cintas Corp.,0.017,3,$170.08,1.38,$198.27,$160.31,23.68,$218.60
BXP,BXP Inc.,0.017,3,$66.31,1.04,$63.44,$48.54,30.70,$74.94
RRX,Regal Rexnord Corp.,0.017,2,$238.19,1.43,$147.04,$127.19,15.61,$247.80
ITIC,Investors Title Co.,0.017,2,$273.68,0.96,$291.00,$208.58,39.51,$309.07
MMYT,MakeMyTrip Ltd,0.017,2,$53.29,1.39,$47.11,$32.67,44.20,$103.24
NAMS,Newamsterdam Pharma Co Nv,0.017,2,$33.89,1.00,$22.42,$21.02,6.66,$42.21
PINS,Pinterest Inc.,0.017,2,$21.03,1.14,$18.45,$13.84,33.31,$37.05
EXPE,Expedia Group Inc.,0.017,2,$255.88,1.43,$279.85,$184.28,51.86,$341.51
MANE,Veradermics Inc,0.017,2,$122.94,0.88,$107.36,$32.00,235.50,$131.24
DGX,Quest Diagnostics,0.017,2,$212.00,1.42,$245.64,$168.97,45.37,$248.70
JBLU,JetBlue Airways Corp.,0.017,1,,1.43,$4.37,$3.87,12.92,$6.62
STUB,Stubhub Holdings Inc Class A,0.017,1,,1.39,$5.97,$5.74,4.01,$21.80
FSV,Firstservice Corp,0.017,1,,1.41,$130.14,$119.15,9.22,$202.99
MATW,Matthews Intl Corp. A,0.017,1,,1.37,$20.11,$19.58,2.71,$30.32
ALX,Alexander's Inc.,0.017,1,,1.42,$245.25,$190.65,28.64,$284.73
AKAM,Akamai Technologies Inc.,0.017,1,,1.40,$104.64,$70.82,47.75,$165.45
NTES,NetEase.com Inc.,0.016,3,$128.14,0.80,$116.39,$105.01,10.84,$152.74
POOL,Pool Corp.,0.016,2,$214.93,1.06,$168.08,$165.37,1.64,$319.42
FUL,H.B. Fuller Co.,0.016,2,$58.29,1.30,$49.35,$48.30,2.17,$68.05
RGA,Reinsurance Group of America Inc.,0.016,2,$212.65,1.33,$244.81,$175.13,39.79,$257.81
GSHD,Goosehead Insurance Inc.,0.016,2,$48.50,0.87,$54.72,$33.68,62.47,$81.45
PRM,Perimeter Solutions SA,0.016,2,$35.65,1.11,$32.34,$19.70,64.16,$38.17
SHAZ,Sharonai Holdings Inc,0.016,2,$84.66,0.65,$58.28,$1.90,2967.37,$178.00
NOC,Northrop Grumman Corp.,0.016,2,$509.32,1.24,$526.28,$476.85,10.37,$767.12
BAM,Brookfield Asset Management,0.016,2,$44.85,0.75,$46.03,$41.36,11.29,$60.19
UPBD,Upbound Group Inc.,0.016,1,,1.29,$17.18,$14.83,15.85,$25.33
OSG,Octave Specialty Group Inc.,0.016,1,,1.34,$4.46,$3.88,14.95,$10.38
ACIW,ACI Worldwide Inc.,0.016,1,,1.28,$50.36,$38.05,32.35,$61.08
SAM,Boston Beer Company,0.016,1,,1.35,$172.80,$158.68,8.90,$264.46
AZO,AutoZone Inc.,0.016,1,,1.34,$2867.48,$2833.00,1.22,$4332.68
NICE,Nice Ltd Spon ADR,0.016,1,,1.32,$104.47,$83.10,25.72,$153.68
NVS,Novartis AG,0.015,5,$156.73,0.84,$140.31,$118.00,18.91,$165.46
FITB,Fifth Third Bancorp,0.015,3,$56.37,0.65,$53.02,$39.08,35.67,$59.50
NTR,Nutrien Ltd.,0.015,2,$62.95,1.04,$76.87,$51.72,48.63,$83.98
WRB,W.R. Berkley Corp.,0.015,2,$70.53,1.21,$70.16,$62.31,12.60,$77.45
DLR,Digital Realty Trust Inc.,0.015,2,$179.58,1.18,$183.57,$143.30,28.10,$206.06
ARLP,Alliance Resource Partners LP,0.015,2,$23.98,1.06,$25.89,$20.88,23.99,$28.08
MKTX,MarketAxess Holdings Inc.,0.015,2,$113.50,1.25,$163.32,$108.23,50.90,$193.95
CALM,Cal-Maine Foods Inc.,0.015,2,$80.56,1.18,$73.02,$70.97,2.89,$102.26
CRK,Comstock Resources Inc.,0.015,1,,1.26,$12.95,$12.12,6.85,$28.10
MTH,Meritage Homes Corp.,0.015,1,,1.26,$63.01,$57.22,10.12,$84.75
PB,Prosperity Bancshares Inc.,0.015,1,,1.19,$70.06,$59.01,18.73,$75.23
OPCH,Option Care Health Inc.,0.015,1,,1.26,$24.27,$18.01,34.76,$36.80
YPF,YPF S.A.,0.015,1,,1.19,$54.90,$22.82,140.58,$57.87
CLW,Clearwater Paper Corp.,0.015,1,,1.26,$20.89,$11.73,78.09,$23.59
DOLE,Dole Food Company,0.015,1,,1.25,$13.05,$12.22,6.79,$16.27
HLN,Haleon Plc ADR,0.014,5,$9.33,0.73,$9.31,$8.54,9.02,$11.06
IVV,Ishares Core S&P 500 ETF,0.014,3,$748.90,0.86,$764.53,$628.63,21.62,$780.83
GD,General Dynamics,0.014,3,$354.24,1.05,$352.21,$305.43,15.32,$400.00
BCS,Barclays plc ADR,0.014,2,$26.86,1.16,$24.84,$18.86,31.71,$28.37
SBAC,SBA Communications Corp.,0.014,2,$176.46,1.14,$179.90,$160.33,12.21,$221.58
SUPN,Supernus Pharmaceuticals,0.014,1,,1.14,$41.94,$40.51,3.53,$59.68
VLO,Valero Energy,0.014,1,,1.12,$412.82,$152.07,171.47,$414.47
ICFI,ICF International Inc.,0.014,1,,1.15,$85.73,$58.62,46.25,$97.96
ALG,Alamo Group Inc.,0.014,1,,1.11,$165.91,$145.46,14.06,$219.00
ADT,ADT Inc.,0.014,1,,1.16,$6.95,$6.10,13.93,$8.61
JAZZ,Jazz Pharmaceuticals plc,0.013,2,$240.97,1.10,$241.29,$125.79,91.82,$266.38
AXS,Axis Capital Holdings Ltd.,0.013,2,$107.44,1.00,$99.40,$86.98,14.28,$119.99
TAC,TransAlta Corp.,0.013,2,$13.83,1.10,$12.23,$11.29,8.33,$17.62
FMS,Fresenius Medical Care AG & Co KCaG,0.013,2,$22.61,1.00,$22.21,$19.24,15.44,$26.57
ABR,Arbor Realty Trust Inc.,0.013,2,$5.42,0.78,$4.26,$4.26,0.00,$11.02
VMRK,Vivmark Residential,0.013,2,$67.93,1.07,$61.41,$56.30,9.08,$71.50
COMP,Compass Inc.,0.013,2,$12.33,0.66,$10.08,$6.37,58.24,$13.96
FOXA,Fox Corporation,0.013,2,$52.16,0.76,$64.72,$48.13,34.47,$75.68
CASH,Meta Financial Group Inc.,0.013,1,,1.10,$75.90,$65.71,15.51,$101.13
AGCO,AGCO Corp.,0.013,1,,1.06,$118.87,$98.22,21.02,$142.68
HWM,Howmet Aerospace Inc.,0.013,1,,1.06,$228.43,$182.40,25.24,$309.85
MNRO,Monro Inc.,0.013,1,,1.05,$11.79,$10.82,8.96,$22.69
RWAY,Runway Growth Finance Corp,0.013,1,,1.04,$6.69,$4.94,35.43,$8.96
CPRX-OLD,Catalyst Pharmaceuticals Inc.,0.013,1,,1.06,$31.50,$19.05,65.35,$32.56
MSTR,MicroStrategy Inc.,0.013,1,,1.03,$153.56,$81.81,87.70,$365.21
COLL,Collegium Pharmaceutical Inc.,0.013,1,,1.06,$22.79,$21.65,5.27,$50.79
MYRG,MYR Group Inc.,0.013,1,,1.05,$277.66,$176.76,57.08,$503.57
G,Genpact Ltd.,0.012,5,$27.50,0.44,$34.17,$26.71,27.93,$47.87
SNY,Sanofi Aventis,0.012,4,$42.66,0.63,$42.53,$40.89,4.01,$49.91
DOW,Dow Inc.,0.012,3,$27.36,1.00,$28.61,$19.68,45.38,$41.82
TREX,Trex Company Inc.,0.012,2,$50.04,0.91,$42.74,$29.77,43.57,$54.88
EXR,Extra Space Storage Inc.,0.012,2,$145.30,0.93,$138.31,$120.04,15.22,$157.03
BKR,Baker Hughes Co.,0.012,2,$55.50,1.01,$57.34,$43.24,32.61,$69.92
NE,Noble Corp.,0.012,2,$37.30,0.86,$44.10,$25.46,73.21,$53.83
DAR,Darling Ingredients Inc.,0.012,2,$54.62,0.96,$64.82,$29.15,122.37,$69.98
KN,Knowles Corp.,0.012,2,$41.48,0.94,$35.25,$20.57,71.37,$42.93
CRDO,Credo Technology Group Holdi,0.012,2,$271.95,1.00,$174.06,$86.49,101.25,$308.67
KALU,Kaiser Aluminum Corp.,0.012,2,$195.62,0.93,$149.09,$71.41,108.78,$199.89
GL,Globe Life Inc.,0.012,2,$178.68,0.71,$172.85,$127.06,36.04,$191.55
UGI,UGI Corp.,0.012,2,$34.54,0.99,$37.75,$30.36,24.34,$40.08
XMTR,Xometry Inc.,0.012,1,,0.95,$97.84,$35.86,172.84,$106.08
SMG,Scotts Miracle-Gro Co.,0.012,1,,0.96,$52.28,$49.95,4.66,$74.53
PBF,PBF Energy Inc.,0.012,1,,0.95,$77.14,$25.16,206.60,$82.61
FWONA,Liberty Media Corp Formula One Series A,0.012,1,,0.95,$86.34,$73.70,17.15,$99.52
WCN,Waste Connections,0.012,1,,0.99,$155.92,$146.58,6.37,$178.40
BBW,Build-A-Bear Workshop Inc.,0.012,1,,0.97,$24.67,$24.67,0.00,$73.11
IVZ,Invesco Ltd,0.012,1,,1.01,$30.48,$20.03,52.17,$33.66
BATRA,Atlanta Braves Holdings Inc. Series A,0.012,1,,1.01,$55.85,$41.50,34.58,$58.37
FOA,Finance Of America Companies Inc.,0.012,1,,1.00,$14.02,$13.93,0.65,$29.79
MDB,MongoDB Inc.,0.012,1,,0.99,$382.66,$215.68,77.42,$473.10
EDU,New Oriental Education & Technology,0.012,1,,0.99,$55.67,$44.25,25.81,$64.22
YMM,Full Truck Alliance Spn ADR,0.012,1,,0.96,$8.12,$7.38,10.03,$13.69
VTOL,Bristow Group Inc.,0.012,1,,0.95,$41.67,$34.73,19.98,$50.10
SU,Suncor Energy Inc.,0.011,4,$53.69,0.71,$69.27,$36.63,89.11,$72.06
HRL,Hormel Foods Corp.,0.011,3,$24.82,0.77,$20.92,$19.47,7.45,$26.43
ACMR,ACM Research Inc.,0.011,3,$126.89,0.92,$68.11,$28.46,139.32,$127.19
AUR,Aurora Innovation Inc.,0.011,3,$6.82,0.72,$6.39,$3.60,77.50,$8.57
SOFI,SoFi Technologies Inc.,0.011,2,$17.93,0.90,$16.96,$14.88,13.98,$32.73
PHG,Koninklijke Philips Electronics NV,0.011,2,$27.19,0.90,$24.66,$23.85,3.40,$32.18
AM,Antero Midstream Corp.,0.011,2,$22.75,0.90,$21.28,$16.41,29.68,$23.35
AAP,Advance Auto Parts,0.011,2,$62.22,0.80,$42.63,$37.33,14.20,$64.62
W,Wayfair Inc.,0.011,2,$92.42,0.90,$102.86,$55.60,85.00,$119.98
ELAN,Elanco Animal Health Inc.,0.011,2,$24.61,0.87,$22.41,$18.45,21.46,$27.98
LZAGY,Lonza Group Ag Unspon ADR,0.011,1,,0.92,$65.31,$57.99,12.62,$74.36
NWL,Newell Brands Inc.,0.011,1,,0.87,$5.48,$2.87,90.94,$7.05
CZR,Caesars Entertainment,0.011,1,,0.89,$29.65,$17.86,66.01,$30.88
KD,Kyndryl Holdings Inc,0.011,1,,0.87,$12.10,$10.10,19.80,$32.30
AAON,AAON Inc.,0.011,1,,0.87,$76.55,$72.95,4.93,$150.16
COST,Costco Co.,0.010,7,$935.41,0.35,$896.75,$840.35,6.71,$1094.76
SHEL,Shell plc,0.010,5,$77.54,0.59,$94.27,$66.79,41.14,$99.16
IJR,Ishares Core S&P Small Cap E,0.010,3,$148.32,0.84,$138.64,$110.57,25.39,$150.15
LIND,Lindblad Expeditions Hldgs Inc.,0.010,2,$28.24,0.78,$27.10,$11.37,138.35,$35.00
VBIL,Vanguard 0 3m T Bill ETF,0.010,2,$75.68,0.58,$75.63,$72.88,3.77,$75.63
DT,Dynatrace Inc.,0.010,2,$43.92,0.43,$55.19,$31.64,74.43,$57.00
GFI,Gold Fields Ltd.,0.010,2,$33.59,0.63,$42.44,$30.42,39.51,$58.66
KR,Kroger Co.,0.010,2,$55.53,0.72,$60.51,$53.78,12.51,$75.66
TEM,Tempus Ai Inc,0.010,2,$57.93,0.77,$77.71,$40.77,90.61,$104.32
BCO,Brink's Co.,0.010,1,,0.86,$106.47,$90.86,17.18,$135.75
SLDE,Slide Insurance Holdings Inc,0.010,1,,0.84,$25.07,$13.22,89.64,$26.75
EEFT,Euronet Worldwide Inc.,0.010,1,,0.81,$66.38,$62.50,6.21,$90.56
WAL,Western Alliance Bancorp,0.010,1,,0.81,$78.10,$65.11,19.95,$95.75
NDAQ,Nasdaq Inc.,0.010,1,,0.85,$93.03,$76.29,21.94,$100.76
QLYS,Qualys Inc.,0.010,1,,0.86,$174.40,$74.51,134.06,$201.54
VNO,Vornado Realty Trust,0.010,1,,0.83,$34.69,$24.57,41.19,$41.60
TIC,Acuren Corporation,0.010,1,,0.83,$9.12,$6.36,43.40,$14.94
PCVX,Vaxcyte Inc.,0.010,1,,0.85,$57.76,$30.89,86.99,$65.00
CET,Central Securities Corp.,0.010,1,,0.85,$55.70,$47.33,17.68,$56.23
BRBR,BellRing Brands Inc. CL A,0.010,1,,0.84,$9.04,$7.82,15.60,$37.27
CFG,Citizens Financial Group Inc.,0.010,1,,0.82,$66.90,$46.55,43.72,$75.33
DUSA,Davis Select Us Equity ETF,0.010,1,,0.82,$56.00,$46.06,21.58,$58.53
CIGI,Colliers International Group Inc.,0.009,4,$93.70,0.60,$88.84,$88.12,0.82,$171.06
IWR,Ishares Russell Mid Cap ETF,0.009,3,$110.27,0.53,$108.23,$90.51,19.58,$114.63
MLKN,MillerKnoll Inc.,0.009,3,$20.46,0.52,$20.41,$13.23,54.27,$24.51
RJF,Raymond James Financial Inc.,0.009,2,$152.03,0.75,$164.33,$138.33,18.80,$182.73
CFR,Cullen Frost Bankers,0.009,2,$154.52,0.71,$159.14,$115.60,37.66,$169.71
AVB-OLD,AvalonBay Communities,0.009,2,$188.69,0.72,$184.30,$157.12,17.30,$198.63
MPWR,Monolithic Power Systems,0.009,2,$1382.24,0.76,$1206.53,$828.85,45.57,$1711.48
HPQ,HP Inc.,0.009,2,$21.93,0.49,$33.98,$16.91,100.95,$36.23
OCFC,OceanFirst Financial Corp.,0.009,1,,0.77,$17.93,$16.44,9.06,$20.12
FR,First Industrial Realty Trust Inc.,0.009,1,,0.76,$61.88,$49.03,26.21,$69.88
EME,Emcor Group,0.009,1,,0.74,$745.56,$564.01,32.19,$951.47
PSUS,Pershing Square Usa Ltd,0.009,1,,0.77,$38.88,$35.71,8.88,$44.00
HAS,Hasbro Inc.,0.009,1,,0.73,$87.87,$67.33,30.51,$104.60
RIOT,Riot Blockchain Inc.,0.009,1,,0.70,$23.73,$11.50,106.35,$30.32
CTRN,Citi Trends Inc.,0.009,1,,0.74,$57.10,$29.60,92.91,$77.91
MMM,3M Co.,0.008,4,$161.92,0.52,$165.51,$138.02,19.92,$184.09
BMI,Badger Meter Inc.,0.008,3,$148.38,0.31,$132.86,$111.36,19.31,$201.67
TROW,T. Rowe Price Group,0.008,3,$113.63,0.30,$103.96,$83.17,25.00,$120.50
ITW,Illinois Tool Works,0.008,2,$270.47,0.67,$269.21,$234.38,14.86,$301.92
BTDR,Bitdeer Technologies Group A,0.008,2,$15.87,0.68,$12.80,$6.92,84.97,$27.80
TTE,TotalEnergies SE,0.008,2,$77.76,0.69,$90.62,$56.15,61.39,$93.46
RELX,RELX plc,0.008,2,$31.67,0.61,$33.46,$26.84,24.66,$47.13
KT,KT Corp.,0.008,2,$17.28,0.37,$19.39,$17.13,13.19,$24.58
LXU,LSB Industries Inc.,0.008,2,$10.81,0.66,$10.98,$7.71,42.41,$17.22
FIGR,Figure Technology Solut Cl A,0.008,1,,0.65,$35.66,$24.11,47.91,$78.00
AD,Array Digital Infrastructure Inc.,0.008,1,,0.67,$35.98,$28.86,24.67,$46.04
KRYS,Krystal Biotech Inc.,0.008,1,,0.67,$337.50,$155.20,117.46,$382.54
BXC,BlueLinx Holdings Inc.,0.008,1,,0.64,$73.98,$44.78,65.21,$93.80
TX,Ternium S.A.,0.008,1,,0.65,$56.89,$31.27,81.93,$58.73
SBSI,Southside Bancshares Inc.,0.008,1,,0.66,$31.48,$25.12,25.32,$35.79
DMAC,DiaMedica Therapeutics Inc.,0.008,1,,0.68,$6.85,$5.25,30.48,$10.42
AGO,Assured Guaranty Ltd.,0.008,1,,0.63,$70.67,$70.59,0.11,$91.07
KRSP,Rice Acquisition Corp 3 A,0.008,1,,0.67,$10.60,$10.21,3.82,$11.89
HKHGF,Hongkong Land Holdings Ltd,0.008,1,,0.63,$8.51,$5.51,54.45,$8.55
NWG,NatWest Group Plc,0.008,1,,0.67,$18.65,$12.79,45.82,$19.21
ZD,Ziff Davis Inc.,0.008,1,,0.63,$57.34,$22.45,155.41,$60.48
D,Dominion Energy Inc.,0.008,1,,0.65,$63.72,$54.17,17.63,$72.26
MMS,MAXIMUS Inc.,0.008,1,,0.64,$55.99,$52.42,6.81,$98.42
IPGP,IPG Photonics Corp.,0.008,1,,0.65,$76.81,$69.41,10.66,$155.82
CLX,Clorox Co.,0.007,5,$95.44,0.24,$83.90,$83.60,0.36,$125.83
VTV,Vanguard Value ETF,0.007,3,$217.93,0.60,$221.17,$179.98,22.89,$228.57
BTI,British American Tobacco plc,0.007,3,$61.76,0.37,$55.94,$47.79,17.05,$66.38
TDY,Teledyne Technologies,0.007,3,$666.90,0.56,$601.76,$483.02,24.58,$697.67
MTD,Mettler-Toledo International Inc.,0.007,2,$1277.67,0.32,$1388.19,$1023.05,35.69,$1525.17
EQNR,Equinor ASA,0.007,2,$31.40,0.57,$44.06,$21.54,104.55,$45.84
ING,ING Group NV,0.007,2,$31.38,0.58,$36.37,$22.49,61.72,$37.52
BAH,Booz Allen Hamilton Hldg Corp.,0.007,2,$60.67,0.56,$77.51,$59.05,31.26,$106.66
TNC,Tennant Co.,0.007,2,$87.54,0.55,$66.58,$59.62,11.67,$91.52
AXSM,Axsome Therapeutics Inc.,0.007,2,$244.77,0.54,$209.87,$114.91,82.64,$260.19
SRTA,Strata Critical Medical Inc.,0.007,2,$5.27,0.58,$5.29,$3.95,33.92,$6.50
EPAM,EPAM Systems Inc.,0.007,1,,0.54,$114.16,$73.06,56.26,$222.53
EXPD,Expeditors Int'l,0.007,1,,0.54,$189.69,$111.78,69.70,$194.59
WVE,Wave Life Sciences Ltd.,0.007,1,,0.54,$4.33,$4.33,0.00,$21.73
ANDG,Andersen Group Inc A,0.007,1,,0.61,$55.07,$18.12,203.92,$57.62
AS,Amer Sports Inc,0.007,1,,0.57,$26.76,$26.18,2.22,$42.76
RAL,Ralliant Corp.,0.007,1,,0.54,$67.62,$37.17,81.92,$75.35
VYX,NCR Voyix Corp.,0.007,1,,0.56,$6.79,$6.02,12.79,$13.50
QMCO,Quantum Corp.,0.007,1,,0.59,$25.18,$4.19,500.95,$27.80
FSLR,First Solar Inc.,0.007,1,,0.57,$196.24,$182.99,7.24,$320.95
MMSI,Merit Medical Systems Inc.,0.007,1,,0.61,$85.23,$59.74,42.67,$94.75
TMUS,T-Mobile US Inc.,0.007,1,,0.56,$168.85,$164.71,2.51,$237.36
PAYP,Paypay Corp,0.007,1,,0.55,$17.63,$12.07,46.06,$24.89
GCMG,Gcm Grosvenor Inc Class A,0.007,1,,0.54,$13.04,$9.12,42.98,$14.74
WLTH,Wealthfront Corp,0.007,1,,0.57,$10.24,$7.20,42.22,$14.88
BLTE,Belite Bio Inc ADR,0.007,1,,0.55,$171.54,$68.21,151.49,$200.00
UL,Unilever PLC,0.006,5,$60.12,0.22,$61.88,$53.97,14.66,$73.09
TIGO,Millicom Intl Cellular S.a.,0.006,3,$90.76,0.39,$93.23,$42.68,118.44,$107.13
RNR,RenaissanceRe Holdings Ltd.,0.006,3,$316.90,0.32,$328.73,$229.91,42.98,$339.82
PBR.A,Petroleo Brasil Sp Pref ADR,0.006,2,$14.64,0.49,$18.83,$10.25,83.71,$19.70
PUK,Prudential Plc ADR,0.006,2,$26.81,0.49,$26.04,$24.45,6.50,$33.36
VLTO,Veralto Corp.,0.006,2,$88.68,0.48,$94.40,$79.91,18.13,$107.44
QRVO,Qorvo Inc.,0.006,2,$93.27,0.51,$116.92,$74.92,56.06,$120.52
CYD,China Yuchai Intl Ltd.,0.006,2,$47.42,0.51,$35.33,$28.09,25.77,$60.28
HWKN,Hawkins Inc.,0.006,2,$142.10,0.45,$122.44,$116.05,5.51,$185.12
CX,Cemex,0.006,2,$12.00,0.50,$10.07,$8.65,16.42,$13.60
BEKE,KE Holdings Inc.,0.006,2,$14.53,0.38,$16.25,$13.81,17.67,$20.27
KFY,Korn Ferry,0.006,2,$66.58,0.30,$76.18,$57.98,31.39,$87.51
GLOB,Globant S.A.,0.006,2,$28.94,0.33,$35.74,$27.56,29.68,$72.10
DTE,DTE Energy Co.,0.006,1,,0.53,$128.97,$124.26,3.79,$155.75
ZTO,ZTO Express,0.006,1,,0.48,$20.99,$17.83,17.72,$25.97
NGG,National Grid Plc Sp ADR,0.006,1,,0.53,$76.81,$67.23,14.25,$92.22
CART,Maplebear Inc,0.006,1,,0.51,$45.45,$32.73,38.86,$52.68
WEX,WEX Inc.,0.006,1,,0.47,$192.60,$125.29,53.72,$203.99
FND,Floor & Decor Holdings,0.006,1,,0.46,$47.26,$42.64,10.83,$87.63
NBIX,Neurocrine Biosciences Inc.,0.006,1,,0.49,$148.89,$122.14,21.90,$186.12
SNN,Smith & Nephew plc,0.006,1,,0.49,$27.56,$27.23,1.21,$36.95
MBC,Masterbrand Inc,0.006,1,,0.46,$6.61,$6.37,3.77,$13.96
AIT,Applied Industrial Tech.,0.006,1,,0.53,$318.23,$236.75,34.42,$374.27
BCE,BCE Inc.,0.006,1,,0.51,$22.07,$20.59,7.19,$25.77
PPL,PPL Corp.,0.006,1,,0.49,$33.43,$32.39,3.21,$39.46
IT,Gartner Inc.,0.006,1,,0.49,$185.80,$124.25,49.54,$265.85
AGL,Agilon Health Inc,0.006,1,,0.46,$87.41,$7.48,1068.58,$133.04
DINT,Davis Select International,0.006,1,,0.48,$28.63,$25.77,11.10,$30.75
TWFG,Twfg Inc,0.006,1,,0.53,$26.27,$16.56,58.64,$31.30
THG,Hanover Insurance Group,0.006,1,,0.46,$227.57,$163.54,39.15,$235.06
CRAI,CRA International Inc.,0.006,1,,0.47,$165.31,$131.23,25.97,$224.94
T,AT&T Inc.,0.005,3,$20.70,0.40,$25.39,$19.63,29.34,$28.75
BIL,SPDR Bloomberg 1 3 Month T B,0.005,3,$91.64,0.27,$91.56,$88.30,3.69,$91.56
LPX,Louisiana-Pacific Corp.,0.005,3,$78.66,0.21,$65.56,$64.59,1.50,$99.15
DCI,Donaldson Co.,0.005,3,$89.77,0.38,$86.05,$78.40,9.76,$112.05
EMR,Emerson Electric,0.005,3,$143.16,0.26,$149.18,$121.73,22.55,$165.79
ARCO,Arcos Dorados Holdings Inc.,0.005,3,$8.06,0.26,$7.54,$6.38,18.18,$9.67
FRFHF,Fairfax Financial Holdings Ltd.,0.005,2,$1644.34,0.26,$1650.00,$1500.00,10.00,$1933.22
HALO,Halozyme Therapeutics,0.005,2,$78.26,0.45,$111.78,$61.23,82.56,$111.78
EQPT,Equipmentshare.com Inc A,0.005,2,$19.66,0.38,$17.91,$15.71,14.00,$35.50
IDA,IDACORP Inc. Hldg. Co.,0.005,2,$151.30,0.43,$131.91,$121.03,8.99,$153.97
BWXT,BWX Technologies Inc.,0.005,2,$194.65,0.37,$147.13,$144.33,1.94,$241.12
DFNL,Davis Select Financial ETF,0.005,1,,0.45,$50.00,$42.56,17.48,$53.09
SARO,Standardaero Inc,0.005,1,,0.41,$22.55,$22.38,0.76,$34.48
DWLD,Davis Select Worldwide ETF,0.005,1,,0.38,$45.76,$42.44,7.82,$49.48
MEOH,Methanex Corp.,0.005,1,,0.43,$61.16,$31.54,93.91,$66.34
PRG,PROG Holdings Inc.,0.005,1,,0.40,$35.47,$25.48,39.21,$47.57
SGRY,Surgery Partners Inc.,0.005,1,,0.38,$13.33,$11.41,16.83,$23.44
TAL,TAL Education Group,0.005,1,,0.43,$11.85,$8.88,33.45,$13.37
AQN,Algonquin Power & Utilities,0.005,1,,0.39,$5.37,$5.13,4.68,$6.95
CNO,CNO Financial Group Inc.,0.005,1,,0.37,$55.05,$37.63,46.29,$57.40
SION,Sionna Therapeutics Inc,0.005,1,,0.40,$6.24,$4.01,55.61,$54.97
SMPL,Simply Good Foods Co.,0.005,1,,0.42,$10.01,$9.75,2.67,$27.07
QURE,uniQure NV,0.005,1,,0.38,$44.01,$8.73,404.12,$71.50
FRPH,FRP Holdings Inc.,0.005,1,,0.43,$21.16,$20.53,3.07,$25.74
SMIN,Ishares Msci India Small Cap,0.005,1,,0.42,$70.43,$57.78,21.89,$74.41
SOPH,Sophia Genetics SA,0.005,1,,0.42,$8.24,$3.15,161.59,$8.98
WHR,Whirlpool Corp.,0.005,1,,0.38,$32.26,$32.12,0.44,$93.59
SNDX,Syndax Pharmaceuticals Inc.,0.005,1,,0.43,$17.51,$12.99,34.80,$25.59
ORKA,Oruka Therapeutics Inc,0.005,1,,0.41,$95.43,$14.89,540.90,$115.52
LKFT,Lakefront Biotherapeutics,0.005,1,,0.37,$28.97,$25.68,12.81,$37.78
SUN,Sunoco Inc.,0.005,1,,0.43,$77.36,$45.10,71.53,$80.22
WK,Workiva Inc.,0.005,1,,0.37,$74.16,$43.34,71.11,$97.10
PKG,Packaging Corp. of America,0.005,1,,0.45,$233.38,$186.77,24.96,$258.31
KGS,Kodiak Gas Services Inc,0.005,1,,0.39,$59.79,$31.78,88.14,$77.10
HAL,Halliburton Co.,0.005,1,,0.39,$33.61,$21.03,59.82,$43.20
MLCO,Melco Resorts & Entertainment,0.005,1,,0.44,$4.66,$4.56,2.19,$9.90
HDB,HDFC Bank Ltd.,0.004,5,$25.83,0.12,$23.06,$21.77,5.93,$36.79
VTI,Vanguard Total Stock Mkt ETF,0.004,5,$370.00,0.19,$375.31,$309.51,21.26,$385.12
CCK,Crown Holdings,0.004,4,$111.82,0.19,$109.34,$88.12,24.08,$122.91
ONB,Old National Bancorp,0.004,3,$25.90,0.22,$25.18,$18.93,33.02,$27.21
LBRDA-OLD,Liberty Broadband Corp. CL A,0.004,3,$33.28,0.29,$35.98,$26.14,37.64,$65.40
HPE,Hewlett Packard Enterprise,0.004,3,$45.11,0.34,$59.74,$19.57,205.26,$63.90
SMFG,Sumitomo Mitsui Spons ADR,0.004,2,$23.58,0.36,$26.20,$15.18,72.60,$27.62
HLI,Houlihan Lokey Inc.,0.004,2,$134.13,0.33,$132.14,$112.24,17.73,$208.14
NOVT,Novanta Inc.,0.004,2,$162.28,0.27,$132.38,$98.27,34.71,$176.38
AFL,AFLAC Inc.,0.004,2,$117.24,0.28,$116.48,$103.27,12.79,$129.57
COO,Cooper Cos Inc,0.004,2,$71.72,0.25,$55.27,$51.01,8.35,$89.83
VIST,"Vista Oil & Gas, S.A.B. de C.V.",0.004,2,$63.80,0.35,$72.25,$33.37,116.51,$81.44
UHAL,U-Haul Holding Co.,0.004,2,$65.44,0.26,$64.17,$41.95,52.97,$76.45
FCN,FTI Consulting Inc.,0.004,1,,0.30,$140.17,$137.65,1.83,$189.30
PAGS,PagSeguro Digital Ltd.,0.004,1,,0.31,$9.36,$8.00,17.00,$11.68
GLPI,Gaming and Leisure Properties Inc.,0.004,1,,0.32,$39.64,$39.02,1.59,$47.34
ALNY,Alnylam Pharmaceuticals,0.004,1,,0.31,$243.21,$197.81,22.95,$495.55
COYA,Coya Therapeutics Inc,0.004,1,,0.35,$5.02,$3.71,35.31,$7.75
ZM,Zoom Video Communications Inc.,0.004,1,,0.32,$88.92,$70.70,25.77,$114.74
PIPR,Piper Sandler Companies,0.004,1,,0.36,$72.58,$68.34,6.20,$92.80
PCAR,PACCAR Inc.,0.004,1,,0.35,$115.04,$90.03,27.78,$138.87
CCU,Compania Cervecerias Unidas SA,0.004,1,,0.30,$11.22,$10.56,6.25,$15.15
TCHP,T Rowe Price Blue Chip Growth ETF,0.004,1,,0.31,$50.37,$42.26,19.19,$53.26
SDGR,SCHRODINGER Inc.,0.004,1,,0.33,$28.96,$10.95,164.47,$30.41
MINE,Mayfair Gold Corp,0.004,1,,0.29,$2.95,$2.16,36.57,$4.88
INBX,Inhibrx,0.004,1,,0.30,$108.69,$26.20,314.85,$155.29
BTSG,Brightspring Health Services,0.004,1,,0.32,$56.76,$26.28,115.98,$73.75
SLQT,Selectquote Inc.,0.004,1,,0.32,$0.47,$0.46,2.17,$2.22
AGI,Alamos Gold Inc.,0.004,1,,0.31,$35.76,$27.02,32.35,$55.24
PRDO,Perdoceo Education Corp.,0.004,1,,0.30,$32.61,$26.14,24.75,$38.13
INDA,iShares MSCI India ETF,0.004,1,,0.34,$48.04,$45.21,6.26,$55.50
ATKR,Atkore International Group Inc.,0.004,1,,0.30,$94.46,$53.32,77.16,$94.63
XEL,Xcel Energy Inc.,0.004,1,,0.29,$72.52,$69.20,4.80,$82.56
PHVS,Pharvaris NV,0.004,1,,0.36,$36.35,$20.65,76.03,$43.25
SFM,Sprouts Farmers Market Inc.,0.004,1,,0.35,$71.13,$64.75,9.85,$124.94
GNE,Genie Energy Ltd.,0.004,1,,0.35,$16.01,$12.56,27.47,$16.55
EVLV,Evolv Technologies Holdings,0.004,1,,0.34,$5.01,$4.86,3.09,$8.81
JGRW,Jensen Quality Growth ETF,0.004,1,,0.36,$27.30,$23.56,15.87,$28.96
SWIM,Latham Group Inc,0.004,1,,0.32,$6.27,$4.64,35.13,$8.97
VUG,Vanguard Growth ETF,0.003,6,$86.16,0.13,$88.68,$69.56,27.49,$90.50
SPY,SPDR S&P 500 ETF Trust,0.003,6,$746.85,0.06,$761.17,$627.66,21.27,$779.37
RSP,Invesco S&P 500 Equal Weight,0.003,4,$212.87,0.22,$212.39,$179.92,18.05,$223.44
SNPS,Synopsys Inc.,0.003,4,$446.14,0.16,$384.62,$362.55,6.09,$539.48
VWO,Vanguard FTSE Emerging Marke,0.003,4,$59.69,0.22,$59.95,$51.34,16.77,$61.54
VIG,Vanguard Dividend Apprec ETF,0.003,3,$236.65,0.21,$236.94,$209.12,13.30,$247.45
IWM,iShares Russell 2000 ETF,0.003,3,$300.49,0.25,$283.66,$226.60,25.18,$304.38
ALL,Allstate Corp.,0.003,3,$237.94,0.28,$250.32,$184.51,35.67,$276.07
BC,Brunswick Corp.,0.003,2,$84.24,0.21,$67.17,$57.26,17.31,$88.81
COLB,Columbia Banking System Inc.,0.003,2,$32.05,0.20,$29.76,$22.66,31.33,$33.27
VO,Vanguard Mid Cap ETF,0.003,2,$80.57,0.25,$80.01,$68.69,16.48,$84.59
ASB,Associated Banc-Corp,0.003,2,$30.77,0.18,$29.50,$23.04,28.04,$32.21
SEIC,SEI Investments,0.003,2,$87.74,0.12,$105.88,$74.64,41.85,$112.15
ALSN,Allison Transmission Holdings,0.003,2,$112.75,0.19,$117.74,$75.21,56.55,$136.97
AYI,Acuity Brands Inc.,0.003,2,$376.66,0.25,$300.36,$256.71,17.00,$379.43
CNXC,Concentrix Corp.,0.003,2,$22.41,0.22,$27.72,$18.81,47.37,$55.22
THO,Thor Industries,0.003,2,$75.17,0.15,$67.66,$67.47,0.28,$121.16
HAFN,Hafnia Ltd,0.003,2,$6.62,0.21,$10.04,$4.60,118.26,$10.05
BSY,Bentley Systems Inc Class B,0.003,1,,0.27,$32.58,$28.08,16.03,$56.94
VSTM,Verastem Inc.,0.003,1,,0.27,$7.57,$3.43,120.70,$10.82
FBAK,First National Bank Alaska,0.003,1,,0.25,$202.54,$165.01,22.74,$211.60
PS,Pershing Square Inc.,0.003,1,,0.24,$49.64,$21.93,126.36,$54.75
JKHY,Jack Henry & Associates Inc.,0.003,1,,0.26,$155.26,$120.60,28.74,$191.13
GIII,G-III Apparel Group,0.003,1,,0.22,$27.49,$24.36,12.85,$37.40
LBRT,Liberty Oilfield Services Inc.,0.003,1,,0.21,$19.40,$10.52,84.41,$34.23
LEGH,Legacy Housing Corp.,0.003,1,,0.24,$27.93,$18.29,52.71,$31.34
BMM,Blue Moon Metals Inc,0.003,1,,0.28,$5.14,$3.47,48.13,$8.63
NTB,Bank of N.T. Butterfield & Son Ltd,0.003,1,,0.26,$59.46,$39.10,52.07,$64.17
SMRT,SmartRent Inc.,0.003,1,,0.24,$1.14,$0.91,25.27,$2.20
GLDM,SPDR Gold Minishares Trust,0.003,1,,0.22,$86.68,$71.81,20.71,$109.74
OVV,Ovintiv Inc.,0.003,1,,0.21,$62.42,$34.67,80.04,$67.41
RUSHB,Rush Enterprises Inc. - CL B,0.003,1,,0.21,$56.37,$31.53,78.78,$57.38
CGAU,Centerra Gold Inc,0.003,1,,0.22,$22.88,$8.97,155.07,$24.52
RCL,Royal Caribbean Cruises Ltd.,0.003,1,,0.21,$246.35,$229.54,7.32,$350.59
L,Loews Corp.,0.003,1,,0.27,$108.09,$95.73,12.91,$120.94
PLOW,Douglas Dynamics,0.003,1,,0.22,$39.53,$27.69,42.76,$54.60
HGTY,Hagerty Inc.,0.003,1,,0.27,$13.89,$9.36,48.40,$14.17
OGC,Oceanagold Corp,0.003,1,,0.25,$28.82,$19.14,50.57,$42.96
LESL,Leslie's Inc.,0.003,1,,0.24,$0.44,$0.41,7.32,$12.53
MO,Altria Group Inc.,0.002,5,$71.95,0.12,$69.65,$52.17,33.51,$75.85
IWD,Ishares Russell 1000 Value E,0.002,4,$244.40,0.12,$251.94,$196.35,28.31,$259.24
NUE,Nucor Corp.,0.002,3,$222.78,0.14,$248.45,$130.11,90.95,$280.11
OEC,Orion SA,0.002,3,$6.63,0.09,$5.73,$4.28,33.88,$8.73
AEBI,Aebi Schmidt Holding Ag,0.002,3,$12.55,0.16,$11.93,$8.87,34.50,$15.87
AIR,AAR Corp.,0.002,3,$142.94,0.11,$111.02,$74.25,49.52,$154.00
AMT,American Tower Corp.,0.002,3,$163.57,0.09,$175.40,$160.06,9.58,$194.23
APLD,Applied Digital Corp,0.002,3,$37.30,0.14,$27.68,$19.01,45.61,$50.73
ACWI,iShares MSCI ACWI ETF,0.002,3,$156.97,0.16,$159.27,$132.79,19.94,$162.80
PAAS,Pan American Silver Corp.,0.002,2,$44.79,0.18,$49.87,$32.65,52.74,$69.34
SNA,Snap-On Inc.,0.002,2,$402.37,0.12,$370.27,$312.34,18.55,$420.41
HLT,Hilton Worldwide Holdings,0.002,2,$330.48,0.12,$304.38,$253.04,20.29,$357.84
SMHI,SEACOR Marine Holdings Inc.,0.002,2,$7.65,0.18,$9.15,$5.55,64.86,$10.00
HUN,Huntsman Corp.,0.002,2,$10.62,0.16,$8.99,$7.08,26.98,$15.93
TD,Toronto-Dominion Bank,0.002,2,$121.55,0.13,$121.88,$74.81,62.92,$125.47
CECO,CECO Environmental Corp.,0.002,2,$90.74,0.11,$70.00,$42.82,63.48,$101.24
PLXS,Plexus Corp.,0.002,2,$300.67,0.11,$244.05,$132.03,84.84,$307.06
RF,Regions Financial Corp.,0.002,2,$30.20,0.16,$28.49,$21.82,30.57,$32.14
ERO,Ero Copper Corp,0.002,2,$26.74,0.19,$33.94,$16.37,107.33,$40.83
IBN,ICICI Bank Ltd.,0.002,2,$29.03,0.14,$28.09,$24.87,12.95,$32.76
FIX,Comfort Systems USA Inc.,0.002,2,$1981.92,0.20,$1622.38,$755.45,114.76,$2072.10
HONA,Honeywell Aerospace Inc,0.002,2,$221.08,0.20,$164.49,$149.19,10.26,$266.62
IWN,Ishares Russell 2000 Value E,0.002,2,$221.16,0.17,$215.35,$166.05,29.69,$226.94
NUVB,Nuvation Bio Inc.,0.002,2,$5.68,0.13,$5.88,$2.99,96.66,$9.75
MANH,Manhattan Associates,0.002,2,$139.25,0.18,$210.27,$119.06,76.61,$227.03
LPG,Dorian LPG Ltd,0.002,2,$34.79,0.11,$57.63,$22.18,159.83,$59.97
VALE,Vale SA,0.002,2,$15.04,0.19,$14.22,$9.94,43.06,$17.45
MTDR,Matador Resources Co.,0.002,2,$49.79,0.14,$57.06,$35.98,58.59,$65.88
MX,MagnaChip Semiconductor Corp.,0.002,2,$4.73,0.19,$2.74,$2.18,25.69,$9.86
VREX,Varex Imaging Corp.,0.002,2,$10.43,0.13,$18.50,$9.09,103.52,$18.84
WB,Weibo Corp.,0.002,1,,0.18,$6.54,$6.47,1.08,$12.11
BULL,Webull Corp,0.002,1,,0.18,$8.27,$4.50,83.78,$16.04
HXL,Hexcel Corp.,0.002,1,,0.14,$87.47,$59.77,46.34,$111.54
GT,Goodyear Tire & Rubber,0.002,1,,0.13,$5.07,$5.04,0.60,$10.62
MOAT,Vaneck Morningstar Wide Moat,0.002,1,,0.14,$107.58,$94.07,14.36,$115.58
VSS,Vanguard FTSE All Wo X Us Sc,0.002,1,,0.14,$157.44,$132.72,18.63,$162.46
HR,Healthcare Realty Trust Inc.,0.002,1,,0.13,$18.19,$15.71,15.79,$21.77
IVVD,Invivyd Inc.,0.002,1,,0.15,$0.78,$0.53,47.17,$3.07
EVTC,EVERTEC Inc.,0.002,1,,0.19,$27.71,$21.73,27.52,$34.51
DOCN,DigitalOcean Holdings Inc.,0.002,1,,0.14,$129.99,$33.69,285.84,$187.50
NSSC,Napco Security Technologies Inc.,0.002,1,,0.17,$35.81,$33.75,6.10,$51.52
XLE,Energy Select Sector SPDR,0.002,1,,0.15,$64.28,$41.42,55.19,$66.17
LILA,Liberty LiLAC Group A,0.002,1,,0.17,$8.45,$4.73,78.65,$8.95
GDXJ,Vaneck Junior Gold Miners,0.002,1,,0.20,$124.02,$83.67,48.23,$157.49
RERE,AiHuiShou International Co. Ltd. ADS,0.002,1,,0.16,$3.94,$3.50,12.57,$6.32
WU,Western Union Co.,0.002,1,,0.16,$6.26,$6.05,3.47,$9.44
WSFS,WSFS Financial Corp.,0.002,1,,0.20,$78.71,$49.37,59.43,$82.74
FSM,Fortuna Mining Corp.,0.002,1,,0.19,$11.92,$7.69,55.01,$13.85
BNTX,Biontech Se ADR,0.002,1,,0.18,$96.27,$79.52,21.06,$124.00
HTLD,Heartland Express,0.002,1,,0.16,$11.95,$6.96,71.70,$16.61
CLFD,Clearfield Inc.,0.002,1,,0.14,$29.83,$23.76,25.55,$52.73
SEDG,SolarEdge Technologies Inc.,0.002,1,,0.18,$34.48,$28.21,22.23,$81.25
NTNX,Nutanix Inc.,0.002,1,,0.20,$70.09,$34.01,106.09,$79.76
ADNT,Adient plc,0.002,1,,0.20,$17.52,$17.52,0.00,$27.32
MSM,MSC Industrial Direct,0.002,1,,0.13,$120.89,$76.68,57.66,$130.46
BRKR,Bruker Corp.,0.002,1,,0.15,$60.86,$29.99,102.93,$65.30
AMTM,Amentum Holdings Inc.,0.002,1,,0.17,$19.84,$19.21,3.28,$38.11
GENI,Genius Sports Ltd,0.002,1,,0.16,$5.68,$3.83,48.30,$13.69
PSLV,Sprott Physical Silver Trust,0.002,1,,0.15,$21.72,$14.05,54.59,$38.13
WGO,Winnebago Industries Inc.,0.002,1,,0.16,$26.40,$26.40,0.00,$48.44
MMI,Marcus & Millichap Inc.,0.002,1,,0.20,$29.88,$24.00,24.50,$33.28
HTZ,Hertz Global Hldgs Inc.,0.002,1,,0.17,$1.84,$1.45,26.90,$8.18
KOP,Koppers Holdings Inc.,0.002,1,,0.14,$45.10,$24.77,82.08,$52.90
SHOE,Shoe Carnival Inc.,0.002,1,,0.13,$13.05,$10.20,27.94,$22.30
PFG,Principal Financial Group,0.002,1,,0.13,$116.88,$75.30,55.22,$121.18
SLV,iShares Silver Trust,0.002,1,,0.19,$60.08,$37.61,59.74,$109.83
MORN,Morningstar Inc.,0.002,1,,0.15,$203.10,$141.06,43.98,$247.97
ORIC,ORIC Pharmaceuticals Inc.,0.002,1,,0.16,$12.65,$7.23,74.97,$14.93
NOG,Northern Oil and Gas Inc.,0.002,1,,0.16,$25.05,$17.18,45.81,$29.99
LAB,Standard Biotools Inc,0.002,1,,0.14,$0.75,$0.63,19.05,$1.72
SABR,Sabre Corp.,0.002,1,,0.14,$2.24,$0.81,176.54,$2.50
BUDFF,Anheuser Busch Inbev SA NV,0.002,1,,0.16,$79.62,$57.71,37.97,$86.78
MBUU,Malibu Boats Inc.,0.002,1,,0.14,$23.12,$23.05,0.30,$34.97
TRP,TC Energy,0.002,1,,0.17,$61.54,$47.80,28.74,$70.90
SPRY,Ars Pharmaceuticals Inc,0.002,1,,0.18,$4.18,$4.11,1.70,$13.15
SCSC,ScanSource Inc.,0.002,1,,0.17,$56.55,$33.76,67.51,$66.78
RCI,Rogers Communications Inc.,0.002,1,,0.18,$35.08,$31.08,12.87,$39.99
IDCC,InterDigital Inc.,0.002,1,,0.13,$322.33,$248.51,29.71,$409.73
TRMLF,Tourmaline Oil Corp,0.002,1,,0.18,$43.30,$40.44,7.07,$50.38
CNP,CenterPoint Energy,0.002,1,,0.20,$38.40,$36.59,4.95,$44.99
EMBC,Embecta Corp,0.002,1,,0.17,$5.23,$2.76,89.49,$14.80
FNDF,Schwab Fndmn Intl Lrg Co ETF,0.002,1,,0.15,$54.70,$40.86,33.87,$56.48
ZIM,Zim Integrated Shipping Serv,0.002,1,,0.20,$30.13,$11.75,156.43,$30.40
DMRA,Damora Therapeutics Inc.,0.002,1,,0.17,$22.37,$2.77,707.58,$38.33
NOK,Nokia Corp.,0.002,1,,0.20,$10.63,$4.54,134.14,$17.36
BTE,Baytex Energy Corp.,0.002,1,,0.14,$4.84,$2.15,125.12,$5.32
AEG,Aegon Ltd,0.002,1,,0.20,$9.03,$6.39,41.31,$9.35
VT,Vanguard Tot World Stk ETF,0.001,4,$156.95,0.07,$158.50,$132.62,19.51,$162.71
HRI,HERC Holdings Inc.,0.001,3,$143.35,0.04,$135.73,$87.56,55.01,$185.59
CAH,Cardinal Health Inc.,0.001,3,$237.56,0.09,$224.25,$144.37,55.33,$258.30
APA,APA Corp.,0.001,3,$32.57,0.06,$45.04,$21.13,113.16,$47.44
XLK,Technology Select Sect SPDR,0.001,3,$190.45,0.04,$188.56,$126.53,49.02,$198.49
QQQ,Invesco Qqq Trust Series 1,0.001,3,$736.46,0.09,$719.37,$554.99,29.62,$747.83
CW,Curtiss-Wright Corp.,0.001,3,$758.31,0.05,$561.99,$497.90,12.87,$808.16
OTIS,Otis Worldwide Corp.,0.001,3,$71.61,0.07,$68.62,$67.64,1.45,$93.43
MPC,Marathon Petroleum Corp.,0.001,3,$255.59,0.08,$424.35,$160.07,165.10,$426.20
VECO,Veeco Instruments,0.001,3,$75.80,0.06,$42.22,$26.00,62.38,$86.63
JBTM,JBT Marel Corp.,0.001,3,$144.99,0.09,$110.01,$109.91,0.09,$169.81
AEIS,Advanced Energy Industries,0.001,3,$372.88,0.06,$260.91,$160.44,62.62,$397.18
RXO,Rxo Inc,0.001,2,$27.60,0.06,$19.95,$10.43,91.28,$29.90
SITM,SiTime Corp.,0.001,2,$745.53,0.04,$613.11,$243.68,151.60,$901.81
SIMO,Silicon Motion Technol ADR,0.001,2,$333.35,0.07,$266.18,$79.13,236.38,$354.28
UCTT,Ultra Clean Holdings Inc.,0.001,2,$142.59,0.08,$69.85,$21.49,225.03,$144.22
VPG,Vishay Precision Group,0.001,2,$149.92,0.04,$62.18,$29.08,113.82,$151.78
CM,Can Imperial Bk Of Commerce,0.001,2,$115.10,0.10,$114.24,$76.97,48.42,$124.86
WBS-OLD,Webster Financial Corp.,0.001,2,$76.34,0.05,$77.78,$51.49,51.06,$79.40
HOFT,Hooker Furniture Corp.,0.001,2,$17.83,0.08,$13.14,$8.31,58.12,$17.94
LASR,nLight Inc.,0.001,2,$69.62,0.08,$39.57,$27.79,42.39,$86.95
DLO,DLocal Ltd,0.001,2,$13.00,0.05,$14.19,$10.46,35.66,$16.50
GLBAV-OLD,GCI Liberty Inc. Series A,0.001,2,$21.90,0.08,,,,
LEVI,Levi Strauss & Co.,0.001,2,$24.83,0.08,$19.68,$17.50,12.46,$25.70
LTH,Life Time Group Holdings Inc,0.001,2,$40.84,0.06,$41.41,$24.14,71.54,$47.24
TALO,Talos Energy Inc.,0.001,2,$12.91,0.05,$16.95,$8.87,91.09,$18.73
RKLB,Rocket Lab Corp.,0.001,2,$101.58,0.07,$64.34,$37.57,71.25,$151.00
JOYY,JOYY Inc.,0.001,2,$65.99,0.08,$78.87,$51.36,53.56,$80.90
BTG,B2Gold Corp.,0.001,2,$3.75,0.06,$5.46,$3.56,53.37,$6.21
ZGN,Ermenegildo Zegna Nv,0.001,2,$13.02,0.04,$12.27,$8.55,43.51,$15.95
ONTO,Onto Innovation Inc.,0.001,2,$378.43,0.05,$260.63,$118.97,119.07,$386.46
WMG,Warner Music Group Corp. CL A,0.001,2,$27.07,0.06,$27.86,$23.04,20.92,$34.97
GHM,Graham Corp.,0.001,2,$123.78,0.04,$83.73,$49.19,70.22,$125.82
VICR,Vicor Corp.,0.001,2,$379.84,0.05,$219.98,$47.56,362.53,$382.65
DPZ,Dominos Pizza Inc.,0.001,2,$295.99,0.08,$296.91,$280.27,5.94,$434.73
CLS,Celestica Inc,0.001,2,$364.81,0.08,$331.04,$227.00,45.83,$474.03
FTK,Flotek Industries Inc.,0.001,2,$23.52,0.04,$31.10,$11.80,163.56,$39.67
BKH,Black Hills,0.001,2,$74.40,0.07,$70.66,$55.92,26.36,$77.21
BWA,BorgWarner Inc.,0.001,2,$66.40,0.04,$63.04,$40.02,57.52,$78.61
JHX,James Hardie Industries PLC,0.001,2,$26.18,0.06,$25.89,$16.46,57.29,$31.43
ROST,Ross Stores Inc.,0.001,2,$212.84,0.09,$227.35,$142.21,59.87,$256.50
MAMA,Mama's Creations Inc,0.001,2,$17.85,0.04,$13.37,$9.90,35.05,$21.00
BSM,Black Stone Minerals L.P.,0.001,2,$13.97,0.09,$14.86,$11.29,31.62,$15.20
FFIV,F5 Networks,0.001,2,$415.93,0.08,$428.16,$223.76,91.35,$439.48
MRVI,Maravai LifeSciences Holdings Inc.,0.001,2,$6.24,0.07,$6.93,$2.55,171.76,$9.42
ASTE,Astec Industries,0.001,2,$61.20,0.03,$41.12,$39.99,2.83,$65.33
AMN,AMN Healthcare Services,0.001,2,$32.36,0.09,$34.13,$14.97,127.99,$37.22
HL,Hecla Mining Co.,0.001,2,$15.41,0.06,$18.83,$10.37,81.58,$34.15
FTI,TechnipFMC plc,0.001,2,$66.26,0.05,$71.28,$35.18,102.62,$80.70
ATRO,Astronics Corp.,0.001,2,$81.26,0.03,$65.89,$40.32,63.42,$99.89
SHG,Shinhan Financial Group Company,0.001,2,$63.25,0.12,$79.86,$47.05,69.73,$85.57
PLTR,Palantir Technologies Inc.,0.001,2,$116.72,0.04,$176.79,$106.37,66.20,$207.52
RDNT,RadNet Inc.,0.001,2,$61.67,0.08,$76.07,$50.82,49.69,$85.84
DOV,Dover Corp.,0.001,2,$224.29,0.05,$186.83,$157.36,18.73,$235.79
HVT,Haverty Furniture,0.001,1,,0.12,$27.30,$18.81,45.14,$29.47
ASGN,ASGN Inc.,0.001,1,,0.12,,,,
EHC,Encompass Health Corp.,0.001,1,,0.10,$121.20,$92.41,31.15,$127.50
H,Hyatt Hotels Corp.,0.001,1,,0.08,$154.70,$133.71,15.70,$206.69
MTRN,Materion Corp.,0.001,1,,0.06,$250.66,$109.25,129.44,$304.40
EAF,GrafTech International Ltd.,0.001,1,,0.08,$8.07,$4.92,64.02,$20.32
BELFB,Bel Fuse Inc. CL B,0.001,1,,0.09,$239.93,$129.82,84.82,$335.20
FROG,JFrog Ltd,0.001,1,,0.07,$92.47,$34.05,171.57,$105.76
TWST,Twist Bioscience Corp.,0.001,1,,0.05,$162.79,$23.30,598.67,$163.70
MINN,Mairs & Power Mn Muni Bond,0.001,1,,0.10,$21.18,$21.10,0.38,$22.85
BWLP,Bw Lpg Ltd,0.001,1,,0.09,$25.50,$10.17,150.74,$26.47
HII,Huntington Ingalls Industries,0.001,1,,0.06,$273.05,$262.40,4.06,$455.90
COHU,Cohu Inc.,0.001,1,,0.07,$56.47,$18.67,202.46,$74.60
FINV,Finvolution Group ADR,0.001,1,,0.12,$3.35,$3.22,4.04,$7.49
SEI,Solaris Energy Infrastructure Inc.,0.001,1,,0.06,$69.80,$33.80,106.51,$86.02
ADMA,ADMA Biologics Inc.,0.001,1,,0.10,$8.97,$7.21,24.41,$20.46
HELE,Helen of Troy Ltd.,0.001,1,,0.06,$27.03,$13.85,95.16,$30.68
PATK,Patrick Industries Inc.,0.001,1,,0.08,$69.11,$69.03,0.12,$146.40
IEUR,iShares Core MSCI Europe ETF,0.001,1,,0.08,$74.92,$64.30,16.52,$78.90
EWT,Ishares Msci Taiwan ETF,0.001,1,,0.05,$111.42,$58.01,92.07,$112.78
DCO,Ducommun Inc.,0.001,1,,0.05,$165.80,$84.76,95.61,$210.39
VRM,Vroom Inc,0.001,1,,0.11,$10.29,$6.80,51.32,$30.00
PEYUF,Peyto Exploration & Development Corp.,0.001,1,,0.08,$17.17,$12.27,39.93,$20.68
PLAY,Dave & Buster's Ent. Inc.,0.001,1,,0.08,$6.72,$6.45,4.19,$22.10
URA,Global X Uranium ETF,0.001,1,,0.05,$41.76,$37.18,12.32,$62.28
NSP,Insperity Inc.,0.001,1,,0.06,$48.91,$18.03,171.27,$55.25
ESGD,Ishares Trust Ishares Esg Aw,0.001,1,,0.05,$104.08,$87.40,19.08,$108.00
CIFR,Cipher Mining Inc,0.001,1,,0.09,$17.96,$11.01,63.12,$30.14
PDLB,Ponce Financial Group Inc.,0.001,1,,0.05,$20.35,$13.91,46.30,$21.10
WWD,Woodward Inc.,0.001,1,,0.05,$320.42,$232.45,37.84,$450.52
CCJ,Cameco Corp.,0.001,1,,0.06,$92.39,$77.49,19.23,$135.24
TBI,TrueBlue Inc.,0.001,1,,0.06,$8.82,$3.18,177.36,$11.03
HTZWW,Hertz Global Hldgs Inc. WTS,0.001,1,,0.09,$0.89,$0.70,27.14,$4.13
EWJ,iShares MSCI Japan ETF,0.001,1,,0.05,$96.98,$74.98,29.34,$98.79
XOP,SPDR S&P Oil & Gas Exploration & Production ETF,0.001,1,,0.09,$191.10,$120.15,59.05,$200.89
ABCB,Ameris Bancorp,0.001,1,,0.05,$82.96,$68.29,21.48,$93.22
BATL,Battalion Oil Corp.,0.001,1,,0.10,$1.23,$1.00,23.00,$29.70
VYMI,Vanguard Int High Dvd Yld In,0.001,1,,0.08,$103.15,$80.34,28.39,$107.29
KEY,KeyCorp,0.001,1,,0.11,$20.82,$15.82,31.61,$23.84
POWL,Powell Industries,0.001,1,,0.07,$183.48,$92.10,99.22,$327.74
IESC,IES Holdings Inc.,0.001,1,,0.05,$323.07,$170.07,89.96,$408.26
ENOV,Enovis Corp.,0.001,1,,0.05,$17.94,$17.30,3.70,$34.28
UVV,Universal Corp.,0.001,1,,0.06,$44.15,$43.36,1.82,$57.51
ABVX,Abivax SA ADR,0.001,1,,0.05,$105.58,$69.81,51.24,$148.83
LINC,Lincoln Educational Services Corp.,0.001,1,,0.05,$25.35,$17.29,46.62,$56.34
SPSM,Ss SPDR P S&P 600 Small Cap,0.001,1,,0.08,$54.11,$43.14,25.43,$58.60
BTAIQ,Bioxcel Therapeutics Inc,0.001,1,,0.05,$0.07,$0.02,250.00,$0.07
CDLX,Cardlytics Inc.,0.001,1,,0.11,$3.82,$3.49,9.46,$32.80
MYE,Myers Indus,0.001,1,,0.08,$30.80,$15.25,101.97,$37.45
LW,Lamb Weston Hldgs Inc.,0.001,1,,0.12,$46.54,$37.02,25.72,$65.06
GBCI,Glacier Bancorp,0.001,1,,0.05,$44.55,$39.06,14.06,$54.58
REAL,RealReal Inc.,0.001,1,,0.05,$9.44,$8.05,17.27,$17.39
CBOE,CBOE Holdings Inc.,0.001,1,,0.08,$268.40,$226.52,18.49,$369.38
OBT,Orange County Bancorp Inc,0.001,1,,0.05,$37.90,$22.74,66.67,$39.91
LYG,Lloyds TSB Grp Plc ADR,0.001,1,,0.07,$5.82,$4.20,38.57,$6.25
INFQ,Infleqtion Inc,0.001,1,,0.08,$13.06,$8.52,53.29,$21.28
BRX,Brixmor Property Group Inc.,0.001,1,,0.06,$27.96,$23.87,17.13,$32.86
WRLC,Windrock Ltd Co,0.001,1,,0.07,,,,
KSA,Ishrs Msci Saudi Arabia ETF,0.001,1,,0.07,$37.41,$35.27,6.07,$40.39
CEF,Sprott Physical Gold And Sil,0.001,1,,0.05,$44.77,$33.83,32.34,$61.38
SVC,Service Properties Trust,0.001,1,,0.09,$6.47,$5.58,15.95,$14.73
SDY,SPDR S&P Dividend ETF,0.001,1,,0.05,$151.01,$132.64,13.85,$160.29
ALT,Altimmune Inc.,0.001,1,,0.06,$3.21,$2.56,25.39,$6.44
DNA,Ginkgo Bioworks Holdings Inc.,0.001,1,,0.10,$7.77,$5.37,44.69,$17.58
STGW,Stagwell Inc.,0.001,1,,0.11,$8.20,$4.29,91.14,$9.55
RYCEY,Rolls Royce Holdings Sp ADR,0.001,1,,0.07,$19.42,$13.14,47.79,$21.22
DOCS,Doximity Inc.,0.001,1,,0.10,$26.30,$17.15,53.35,$76.51
TSCO,Tractor Supply,0.001,1,,0.07,$32.42,$28.17,15.09,$58.95
AMPX,Amprius Technologies Inc,0.001,1,,0.06,$9.46,$7.71,22.70,$24.23
HUBG,Hub Group 'A',0.001,1,,0.05,$32.94,$31.41,4.87,$52.92
QCRH,QCR Holdings Inc.,0.001,1,,0.08,$99.79,$66.45,50.17,$108.11
SPG,Simon Property Group Inc.,0.001,1,,0.05,$204.79,$164.57,24.44,$235.97
MGPI,MGP Ingredients Inc.,0.001,1,,0.11,$14.15,$14.14,0.07,$27.27
CIB,Grupo Cibest SA ADR,0.001,1,,0.12,$96.42,$48.20,100.04,$105.60
CDP,Copt Defense Properties,0.001,1,,0.05,$34.29,$26.26,30.58,$38.90
FPAG,Fpa Global Equity ETF New,0.001,1,,0.07,$41.18,$34.27,20.16,$43.47
LDOS,Leidos Holdings,0.001,1,,0.07,$128.46,$98.54,30.36,$203.41
GWW,W.W. Grainger Inc.,0.001,1,,0.09,$1262.96,$901.22,40.14,$1417.14
MOD,Modine Mfg.,0.001,1,,0.07,$188.38,$111.18,69.44,$323.25
NPO,EnPro Industries,0.001,1,,0.06,$288.75,$201.04,43.63,$389.99
PHIN,PHINIA Inc.,0.001,1,,0.09,$61.07,$49.91,22.36,$86.55
SCHB,Schwab Us Broad Market ETF,0.001,1,,0.07,$29.39,$24.22,21.35,$30.15
INFY,Infosys Ltd.,0.001,1,,0.06,$10.86,$10.30,5.44,$29.37
DIA,SPDR Djia Trust,0.001,1,,0.05,$516.15,$448.28,15.14,$546.30
BHE,Benchmark Electronics,0.001,1,,0.06,$74.66,$35.59,109.78,$100.41
SPYX,SPDR S&P 500 Fossil Fuel Res,0.001,1,,0.07,$62.50,$51.17,22.14,$63.96
ARTV,Artiva Biotherapeutics Inc,0.001,1,,0.07,$8.59,$2.29,275.11,$14.53
CUZ,Cousins Properties,0.001,1,,0.07,$28.16,$20.52,37.23,$32.95
TRVI,Trevi Therapeutics Inc.,0.001,1,,0.08,$14.91,$8.03,85.68,$20.22
ALRS,Alerus Financial Corp.,0.001,1,,0.06,$32.56,$19.80,64.44,$34.40
UVSP,Univest Financial Corp.,0.001,1,,0.11,$42.30,$27.34,54.72,$45.22
RRC,Range Resources Corp.,0.001,1,,0.05,$38.69,$32.44,19.27,$48.07
SONY,Sony Group Corp.,0.001,1,,0.05,$23.50,$19.32,21.64,$30.34
USNA,USANA Health Sciences,0.001,1,,0.08,$14.23,$12.57,13.21,$30.93
ALGT,Allegiant Travel Company,0.001,1,,0.05,$78.64,$57.11,37.70,$123.63
RCKT,Rocket Pharmaceuticals Inc.,0.001,1,,0.12,$3.41,$2.53,34.78,$5.45
DRH,DiamondRock Hospitality Co.,0.001,1,,0.10,$12.16,$7.25,67.72,$13.79
VONG,Vanguard Russell 1000 Growth,0.001,1,,0.12,$126.77,$105.09,20.63,$132.77
FRVO,Fervo Energy Co A,0.001,1,,0.06,$17.19,$14.60,17.74,$42.65
GCO,Genesco Inc.,0.001,1,,0.11,$32.92,$21.93,50.11,$43.60
AMBA,Ambarella Inc.,0.001,1,,0.10,$65.27,$48.30,35.13,$96.69
VGK,Vanguard FTSE Europe ETF,0.001,1,,0.06,$88.28,$75.70,16.62,$93.29
EEM,Ishares Msci Emerging Market,0.001,1,,0.06,$66.97,$50.83,31.75,$71.57
KNF,Knife River Corp.,0.001,1,,0.10,$54.71,$54.09,1.15,$96.28
YOU,Clear Secure Inc.,0.001,1,,0.06,$38.87,$28.93,34.36,$68.83
QNT,Quantinuum Inc A,0.001,1,,0.07,$53.18,$46.54,14.27,$86.79
TPC,Tutor Perini Corp.,0.001,1,,0.05,$85.20,$57.70,47.66,$102.20
NNBR,NN Inc.,0.001,1,,0.05,$3.31,$1.10,200.91,$4.48
PSA,Public Storage,0.001,1,,0.05,$296.96,$249.06,19.23,$332.14
ENB,Enbridge Inc.,0.001,1,,0.07,$48.78,$43.08,13.23,$57.66
M,Macy's Inc.,0.001,1,,0.06,$22.09,$15.85,39.37,$26.36
AEHR,Aehr Test Systems,0.001,1,,0.05,$91.71,$18.70,390.43,$147.40
VSH,Vishay Intertechnology,0.001,1,,0.07,$32.33,$11.56,179.67,$69.25
RFL,Rafael Holdings Inc.,0.001,1,,0.08,$1.97,$1.12,75.89,$3.96
CRCL,Circle Internet Group Inc,0.001,1,,0.07,$91.75,$49.90,83.87,$159.47
WTFC,Wintrust Financial Corp.,0.001,1,,0.09,$147.61,$117.89,25.21,$166.65
BZH,Beazer Homes USA,0.001,1,,0.12,$33.32,$17.83,86.88,$34.54
DOC,Healthpeak Properties Inc.,0.001,1,,0.06,$20.46,$14.97,36.67,$22.72
HNGE,Hinge Health Inc A,0.001,1,,0.06,$95.79,$30.08,218.45,$96.66
UNFI,United Natural Foods,0.001,1,,0.05,$46.50,$28.71,61.96,$57.02
NG,NovaGold Resources,0.001,1,,0.07,$7.29,$5.08,43.50,$14.40
FPAS,Fpa Short Duration Govt ETF,0.001,1,,0.05,$24.06,$23.99,0.29,$24.91
SANM,Sanmina Corp.,0.000,3,$253.04,0.01,$198.02,$110.44,79.30,$288.68
VB,Vanguard Small Cap ETF,0.000,3,$302.93,0.03,$289.27,$238.70,21.19,$309.51
GIS,General Mills,0.000,3,$34.80,0.02,$36.63,$31.21,17.37,$48.32
OUT,Outfront Media Inc.,0.000,3,$32.76,0.02,$28.05,$16.24,72.72,$34.24
CPA,Copa Holdings SA,0.000,3,$155.53,0.03,$132.46,$104.75,26.45,$158.35
KB,Kb Financial Group Inc ADR,0.000,3,$104.97,0.03,$126.23,$77.44,63.00,$133.29
FORM,FormFactor Inc.,0.000,3,$159.91,0.03,$116.04,$33.77,243.62,$160.27
SNDK,SanDisk Corp.,0.000,2,$2273.04,0.01,$1737.78,$93.54,1757.79,$2354.39
CVLG,Covenant Transportation Group Inc. CL A,0.000,2,$44.18,0.03,$33.94,$17.83,90.35,$49.78
FTAI,FTAI Aviation Ltd.,0.000,2,,0.00,$191.43,$148.67,28.76,$321.70
ACLS,Axcelis Technologies,0.000,2,$189.45,0.02,$107.66,$73.60,46.28,$193.78
CAMT,Camtek Ltd,0.000,2,$163.15,0.01,$146.76,$91.91,59.68,$215.99
PH,Parker-Hannifin,0.000,2,,0.00,$938.40,$709.46,32.27,$1097.73
WOLF,Wolfspeed Inc.,0.000,2,$48.27,0.02,$25.28,$1.20,2006.67,$80.82
MT,ArcelorMittal,0.000,2,$60.21,0.01,$72.26,$34.23,111.10,$79.68
VV,Vanguard Large Cap ETF,0.000,2,$341.77,0.01,$352.01,$288.27,22.11,$359.22
MEC,Mayville Engineering Co. Inc.,0.000,2,$37.46,0.02,$17.47,$12.25,42.61,$38.76
AWK,American Water Works Inc.,0.000,2,$131.60,0.01,$136.26,$118.81,14.69,$142.37
SCHD,Schwab Us Dvd Equity ETF,0.000,2,$31.66,0.02,$33.65,$25.63,31.29,$35.31
VEU,Vanguard FTSE All World ex US ETF,0.000,2,$83.76,0.01,$83.84,$68.47,22.45,$86.52
KAR,KAR Auction Services,0.000,2,$41.24,0.02,$30.88,$17.08,80.80,$30.98
AXGN,AxoGen Inc.,0.000,2,$46.19,0.03,$44.89,$15.27,193.98,$52.91
LSCC,Lattice Semconductor,0.000,2,$152.94,0.01,$109.91,$60.50,81.67,$157.01
EGP,EastGroup Properties SBI,0.000,2,$202.54,0.04,$201.41,$158.81,26.82,$226.71
EXTR,Extreme Networks Inc.,0.000,2,$32.37,0.03,$22.14,$13.48,64.24,$33.73
IVE,Ishares S&P 500 Value ETF,0.000,2,,0.00,$231.96,$199.18,16.46,$238.98
VICI,VICI Properties Inc.,0.000,2,$26.55,0.02,$23.91,$23.85,0.25,$30.84
LITE,Lumentum Holdings Inc.,0.000,2,$858.53,0.01,$926.52,$144.52,541.10,$1085.68
LOCO,El Pollo Loco Holdings Inc.,0.000,2,$16.96,0.03,$14.32,$8.99,59.29,$17.40
VGT,Vanguard Info Tech ETF,0.000,2,$120.00,0.02,$121.76,$82.99,46.72,$125.85
MTSI,MACOM Technology Solutions Hldg,0.000,2,$380.48,0.01,$272.50,$121.97,123.42,$418.90
CAKE,Cheesecake Factory,0.000,2,$79.54,0.02,$95.61,$42.54,124.75,$118.46
ESI,Element Solutions Inc.,0.000,2,$47.76,0.03,$32.55,$22.64,43.77,$49.14
IWS,Ishares Russell Mid Cap Valu,0.000,2,,0.00,$164.21,$131.84,24.55,$172.90
UTZ,Utz Brands Inc.,0.000,2,$7.70,0.02,$14.27,$6.72,112.35,$14.33
DGII,Digi International,0.000,2,$74.95,0.03,$72.37,$34.41,110.32,$86.84
MOS,Mosaic Co.,0.000,2,$21.19,0.03,$24.57,$19.63,25.17,$35.68
THC,Tenet Healthcare Corp.,0.000,2,,0.00,$261.21,$157.58,65.76,$283.05
ADTN,ADTRAN Holdings Inc.,0.000,2,$13.90,0.03,$7.17,$6.96,3.02,$19.98
AAOI,Applied Optoelectronics Inc,0.000,2,$148.11,0.02,$104.56,$18.50,465.19,$233.67
CIEN,Ciena Corp.,0.000,2,$490.71,0.01,$344.31,$133.67,157.58,$637.51
BRC,Brady Corp.,0.000,2,$91.57,0.01,$83.60,$70.38,18.78,$99.25
SKYT-OLD,Skywater Technology Inc,0.000,2,,0.00,$32.49,$8.49,282.69,$39.93
HZO,MarineMax Inc.,0.000,2,$36.62,0.02,$52.32,$21.42,144.26,$52.50
ACWX,iShares MSCI ACWI EX U.S. ETF,0.000,2,$76.11,0.02,$76.26,$62.17,22.66,$78.78
IJH,Ishares Core S&P Midcap ETF,0.000,2,$77.11,0.03,$72.90,$61.43,18.67,$78.47
IAU,iShares Gold Trust,0.000,2,,0.00,$82.39,$68.35,20.54,$104.40
SMTC,Semtech Corp.,0.000,2,$161.84,0.02,$181.81,$57.50,216.19,$183.08
STM,Stmicroelectronics Nv Ny Shs,0.000,1,,0.01,$49.45,$20.95,136.04,$81.33
BLZE,Backblaze Inc A,0.000,1,,0.00,$13.13,$3.26,302.76,$23.99
J,Jacobs Solutions Inc.,0.000,1,,0.01,$143.03,$105.09,36.10,$166.66
FLUT,Flutter Entertainment Plc,0.000,1,,0.03,$91.26,$89.71,1.73,$287.44
DNTH,Dianthus Therapeutics Inc,0.000,1,,0.01,$98.62,$32.22,206.08,$117.88
DOUG,Douglas Elliman Inc,0.000,1,,0.00,$1.68,$1.53,9.80,$3.19
AFYA,Afya Ltd,0.000,1,,0.00,$13.68,$12.45,9.88,$16.16
GKOS,Glaukos Corp.,0.000,1,,0.01,$162.35,$73.16,121.91,$191.62
EVER,EverQuote Inc. CL A,0.000,1,,0.01,$23.15,$13.88,66.79,$28.73
STRW,Strawberry Fields Reit Inc,0.000,1,,0.01,$13.84,$10.58,30.81,$14.57
HLLY,Holley Inc,0.000,1,,0.00,$2.61,$2.33,12.02,$4.48
TTAM,Titan America SA,0.000,1,,0.01,$13.48,$13.45,0.22,$19.57
EPC,Edgewell Personal Care Co.,0.000,1,,0.03,$26.99,$15.53,73.79,$29.79
UTI,Universal Technical Institute,0.000,1,,0.04,$21.37,$19.52,9.48,$51.34
ITRI,Itron Inc.,0.000,1,,0.02,$90.44,$77.77,16.29,$142.00
EROC,Erock Inc A,0.000,1,,0.03,$13.27,$8.88,49.44,$20.70
VCTR,Victory Capital Holdings,0.000,1,,0.02,$105.52,$55.62,89.72,$123.00
RNG,RingCentral Inc.,0.000,1,,0.01,$71.89,$24.01,199.42,$77.95
NPKI,NPK International Inc.,0.000,1,,0.02,$12.70,$10.73,18.36,$16.50
TAK,Takeda Pharmaceutical Co. Ltd,0.000,1,,0.00,$19.00,$12.99,46.27,$19.10
FBLA,Fb Bancorp Inc,0.000,1,,0.01,$16.03,$11.66,37.48,$16.25
AVNW,Aviat Networks Inc.,0.000,1,,0.01,$20.50,$13.92,47.27,$27.02
STKL-OLD,SunOpta Inc.,0.000,1,,0.01,$6.50,$3.32,95.78,$6.94
OTEX,Open Text Corp.,0.000,1,,0.01,$22.75,$19.54,16.43,$38.26
CBT,Cabot Corp.,0.000,1,,0.03,$76.75,$56.94,34.79,$94.00
XCEM,Columbia Em Core Ex China,0.000,1,,0.01,$51.27,$34.70,47.75,$55.43
PBFS,Pioneer Bancorp Inc.,0.000,1,,0.04,$18.01,$12.64,42.48,$19.91
CNS,Cohen & Steers Inc.,0.000,1,,0.00,$73.57,$56.80,29.52,$86.56
PARR,Par Pacific Holdings,0.000,1,,0.02,$84.09,$33.21,153.21,$87.03
METCB,Ramaco Resources Inc B,0.000,1,,0.01,$4.95,$4.95,0.00,$20.70
REG,Regency Centers Corp.,0.000,1,,0.04,$73.06,$64.44,13.38,$82.82
ETN,Eaton Corp.,0.000,1,,0.03,$422.67,$309.33,36.64,$478.00
WYFI,Whitefiber Inc,0.000,1,,0.01,$18.78,$10.51,78.69,$46.87
RTLLF,Rational Ag,0.000,1,,0.02,$695.20,$673.93,3.16,$859.22
SLF,Sun Life Financial Inc.,0.000,1,,0.00,$81.27,$55.24,47.12,$83.64
NTAP,NetApp Inc.,0.000,1,,0.01,$194.50,$92.93,109.30,$209.06
COUR,Coursera Inc,0.000,1,,0.01,$5.10,$5.00,2.00,$12.32
AIRJ,Airjoule Technologies Corp,0.000,1,,0.01,$4.40,$2.22,98.20,$6.75
CATH,Global X S&P 500 Catholic Values ETF,0.000,1,,0.01,$90.59,$75.37,20.19,$93.05
XGN,Exagen Inc.,0.000,1,,0.00,$8.35,$2.59,222.39,$12.23
SLP,Simulations Plus Inc.,0.000,1,,0.03,$18.44,$11.09,66.28,$21.01
UMH,UMH Properties Inc.,0.000,1,,0.02,$15.68,$13.17,19.06,$16.77
BBY,Best Buy Co. Inc.,0.000,1,,0.00,$93.54,$53.81,73.83,$95.85
FVR,Frontview Reit Inc,0.000,1,,0.02,$17.57,$12.39,41.81,$22.29
LRN,Stride Inc.,0.000,1,,0.02,$79.01,$60.61,30.36,$155.06
STNG,Scorpio Tankers Inc.,0.000,1,,0.03,$86.64,$48.08,80.20,$90.06
ESS,Essex Property Trust,0.000,1,,0.04,$270.48,$233.85,15.66,$303.35
TWI,Titan International Inc.,0.000,1,,0.01,$6.99,$6.37,9.73,$11.70
ARM,Arvinmeritor Inc.,0.000,1,,0.01,$268.34,$100.02,168.29,$452.70
TRS,TriMas Corp.,0.000,1,,0.02,$38.08,$30.34,25.51,$45.38
JOUT,Johnson Outdoors Inc.,0.000,1,,0.01,$43.93,$34.91,25.84,$53.16
HOMB,Home Bancshares Inc.,0.000,1,,0.02,$29.75,$25.28,17.68,$31.54
COPX,Global X Copper Miners ETF,0.000,1,,0.00,$86.77,$50.96,70.27,$99.65
MATV,Mativ Holdings Inc.,0.000,1,,0.00,$11.90,$7.01,69.76,$15.02
DVDCF,Davide Campari-Milano S.p.A.,0.000,1,,0.01,$6.70,$6.07,10.38,$7.78
AMBQ,Ambiq Micro Inc,0.000,1,,0.04,$64.19,$22.12,190.19,$91.61
FULT,Fulton Financial Corp.,0.000,1,,0.01,$23.32,$16.16,44.31,$25.23
AVBH,Avidbank Holdings Inc,0.000,1,,0.02,$31.39,$24.03,30.63,$34.18
CDRE,Cadre Holdings Inc,0.000,1,,0.01,$26.18,$25.65,2.07,$48.44
BG,Bunge Global SA,0.000,1,,0.04,$115.62,$74.11,56.01,$134.02
PACK,Ranpak Holdings Corp. CL A,0.000,1,,0.01,$3.91,$3.22,21.43,$7.81
REXR,Rexford Industrial Realty Inc.,0.000,1,,0.03,$38.43,$31.48,22.08,$42.76
SSPPF,Ssp Group Plc,0.000,1,,0.02,$2.54,$1.67,52.10,$2.55
JJSF,J & J Snack Foods,0.000,1,,0.03,$77.83,$67.51,15.29,$98.97
BLLN,Billiontoone Inc Cl A,0.000,1,,0.02,$106.20,$61.96,71.40,$150.44
SBGI,Sinclair Broadcast Group Inc.,0.000,1,,0.00,$13.21,$11.82,11.76,$16.69
FMC,FMC Corp.,0.000,1,,0.04,$10.13,$9.94,1.91,$36.23
JOBY,Joby Aviation Inc.,0.000,1,,0.03,$6.12,$5.93,3.20,$19.98
GPRK,Geopark Ltd,0.000,1,,0.00,$11.12,$5.68,95.77,$13.13
AKTS,Aktis Oncology Inc,0.000,1,,0.02,$22.50,$14.72,52.85,$34.19
ATAT,Atour Lifestyle Holdings ADR,0.000,1,,0.00,$32.04,$30.78,4.09,$42.49
GH,Guardant Health Inc.,0.000,1,,0.04,$177.38,$55.38,220.30,$183.51
EXEL,Exelixis Inc.,0.000,1,,0.00,$58.41,$33.76,73.02,$59.72
PRGO,Perrigo Co.,0.000,1,,0.04,$13.51,$8.81,53.35,$20.70
PIFYF,Pine Cliff Energy Ltd,0.000,1,,0.03,$0.39,$0.35,11.43,$0.65
SYNA,Synaptics Inc.,0.000,1,,0.02,$91.90,$58.28,57.69,$149.11
SBCF,Seacoast Banking Corp. of Florida,0.000,1,,0.04,$33.66,$27.91,20.60,$36.07
UFCS,United Fire Group Inc.,0.000,1,,0.00,$54.01,$29.21,84.90,$56.74
BFLY,Butterfly Network Inc,0.000,1,,0.03,$7.93,$1.66,377.71,$10.05
JBHT,J.B. Hunt Transport Services Inc.,0.000,1,,0.00,$235.37,$129.06,82.37,$299.26
TITN,Titan Machinery Inc.,0.000,1,,0.03,$23.54,$13.21,78.20,$26.90
ASX,Ase Technology Holding ADR,0.000,1,,0.01,$41.09,$10.82,279.76,$45.27
TRN,Trinity Industries,0.000,1,,0.03,$28.15,$24.06,17.00,$38.31
KVHI,KVH Industries Inc.,0.000,1,,0.00,$7.14,$5.09,40.28,$13.00
FLYX.WS,Eg Acquisition Corp A WTS28,0.000,1,,0.00,,,,
SIL,Global X Silver Miners ETF,0.000,1,,0.00,$94.89,$61.06,55.40,$119.08
OIS,Oil States International Inc.,0.000,1,,0.03,$8.33,$5.50,51.45,$14.50
MTRX,Matrix Service Co.,0.000,1,,0.02,$9.90,$9.70,2.06,$15.97
DLG.MI,De'Longhi SPA,0.000,1,,0.02,,,,
XLF,Financial Select Sector SPDR,0.000,1,,0.00,$55.90,$47.50,17.68,$58.60
AMRC,Ameresco Inc. CL A,0.000,1,,0.03,$23.91,$18.38,30.09,$44.93
VNQ,Vanguard Real Estate ETF,0.000,1,,0.00,$93.20,$85.39,9.15,$101.80
TEO,Telecom Argentina S.A.,0.000,1,,0.04,$13.64,$6.29,116.85,$16.34
CAE,CAE Inc.,0.000,1,,0.04,$23.74,$22.76,4.31,$34.24
BIRK,Birkenstock Holding Plc,0.000,1,,0.01,$30.73,$29.93,2.67,$50.73
QQQM,Invesco Nasdaq 100 ETF,0.000,1,,0.02,$296.20,$228.49,29.63,$307.85
TFII,Tfi International Inc,0.000,1,,0.02,$124.99,$79.64,56.94,$167.14
HSBC,HSBC Holdings plc,0.000,1,,0.01,$101.53,$61.80,64.29,$107.43
JBL,Jabil Inc.,0.000,1,,0.01,$297.06,$189.46,56.79,$428.84
NVMI,Nova Ltd,0.000,1,,0.01,$350.57,$266.43,31.58,$615.99
KOD,Kodiak Sciences Inc.,0.000,1,,0.01,$32.02,$9.22,247.29,$47.84
CCRN-OLD,Cross Country Healthcare,0.000,1,,0.02,$13.25,$7.43,78.33,$14.99
ASR,Grupo Aeroportuario Sure SA de CV,0.000,1,,0.00,$243.02,$241.46,0.65,$374.42
EIKN,Eikon Therapeutics Inc,0.000,1,,0.00,$9.05,$7.90,14.56,$17.40
ALH,Alliance Laundry Holdings In,0.000,1,,0.00,$21.56,$18.64,15.67,$28.23
SMBK,SmartFinancial Inc.,0.000,1,,0.02,$52.04,$32.74,58.95,$54.14
PNR,Pentair plc,0.000,1,,0.04,$55.97,$55.53,0.79,$112.57
FIP,Ftai Infrastructure Inc,0.000,1,,0.02,$2.97,$2.77,7.22,$6.56
TALK-OLD,Talkspace Inc.,0.000,1,,0.01,$5.25,$2.49,110.84,$5.25
CALY,Callaway Golf Co.,0.000,1,,0.02,$14.74,$8.39,75.69,$20.28
TDUP,ThredUp Inc.,0.000,1,,0.00,$2.40,$2.40,0.00,$10.83
TRVG,Trivago Nv ADR,0.000,1,,0.00,$6.63,$2.59,155.98,$6.82
LNTH,Lantheus Holdings Inc.,0.000,1,,0.00,$100.69,$49.67,102.72,$111.86
FLYX,Flyexclusive Inc,0.000,1,,0.04,$1.35,$1.05,28.57,$8.88
OOMA,Ooma Inc.,0.000,1,,0.00,$22.33,$9.79,128.09,$26.19
ORI,Old Republic International,0.000,1,,0.02,$40.02,$35.16,13.82,$44.32
EWC,iShares MSCI Canada ETF,0.000,1,,0.02,$60.16,$48.65,23.66,$62.71
