Symbol,Stock,%▼,"Ownership
count",Hold Price*,Max %,"Current
Price","52 Week
Low","% Above
52 Week
Low","52 Week
High"
AMZN,Amazon.com Inc.,3.061,34,$212.92,38.20,$278.09,$196.00,41.88,$287.20
GOOG,Alphabet Inc. CL C,2.412,35,$304.73,21.97,$355.84,$196.90,80.72,$404.23
BRK.B,Berkshire Hathaway CL B,2.361,26,$487.57,33.89,$529.42,$463.50,14.22,$537.74
GOOGL,Alphabet Inc.,2.050,39,$305.02,22.85,$357.52,$196.04,82.37,$408.37
MSFT,Microsoft Corp.,1.777,38,$370.97,16.75,$506.06,$349.20,44.92,$550.24
BRK.A,Berkshire Hathaway CL A,1.713,17,$725144.12,38.47,$793815.21,$695680.00,14.11,$806102.81
META,Meta Platforms Inc.,1.593,29,$571.59,21.77,$594.92,$519.78,14.46,$793.65
V,Visa Inc.,1.556,27,$312.66,20.39,$361.32,$293.28,23.20,$373.97
CVNA,Carvana Co.,1.516,7,$62.91,81.67,$74.16,$54.46,36.17,$97.38
MA,Mastercard Inc.,1.307,21,$504.10,22.02,$563.17,$463.74,21.44,$598.04
AAPL,Apple Inc.,1.181,23,$259.08,36.72,$308.26,$222.96,38.26,$344.27
JOE,St. Joe Co.,0.972,1,,79.67,$66.28,$46.02,44.02,$73.19
MCO,Moody's Corp.,0.949,17,$440.09,17.02,$478.14,$400.46,19.40,$544.40
TSM,Taiwan Semiconductor S.A.,0.883,24,$367.54,9.03,$418.47,$221.29,89.10,$479.00
BN,Brookfield Corp.,0.861,9,$40.92,17.62,$44.28,$37.87,16.93,$49.40
GE,GE Aerospace,0.837,11,$287.48,29.85,$366.70,$262.47,39.71,$388.84
NVDA,NVIDIA Corp.,0.814,19,$181.89,12.07,$217.55,$163.85,32.77,$236.26
SUNB,Sunbelt Rentals Holdings Inc,0.800,11,$65.17,35.38,$78.86,$60.40,30.56,$85.78
TDG,TransDigm Group Inc.,0.724,6,$1179.11,25.54,$1223.48,$1123.61,8.89,$1463.03
IBKR,Interactive Brokers Group Inc.,0.663,5,$70.93,30.50,$90.66,$58.76,54.29,$97.84
SPGI,S&P Global Inc.,0.656,12,$423.25,22.15,$410.94,$360.90,13.87,$545.61
ASML,ASML Holding NV,0.625,9,$1324.22,16.31,$1733.48,$711.50,143.64,$1997.36
IEP,Icahn Enterprises,0.591,1,,48.49,$7.43,$6.24,19.07,$7.98
GPI,Group 1 Automotive,0.581,2,$330.63,47.66,$265.12,$261.13,1.53,$486.11
MOH,Molina Healthcare Inc.,0.565,4,$187.82,43.49,$198.84,$121.06,64.25,$244.89
HCC,Warrior Met Coal Inc.,0.560,3,$93.01,39.89,$95.37,$54.46,75.12,$110.29
COF,Capital One Financial,0.539,16,$183.62,7.15,$218.97,$174.23,25.68,$257.54
FICO,Fair Isaac Corp.,0.533,7,$1097.51,24.33,$1049.74,$870.01,20.66,$1998.01
PDD,Pinduoduo Inc.,0.519,7,$102.18,15.67,$93.00,$71.94,29.27,$139.41
JHG-OLD,Janus Henderson Group,0.517,1,,42.41,$51.98,$37.96,36.93,$53.76
DIS,Walt Disney Co.,0.485,23,$96.33,9.55,$103.18,$91.48,12.79,$118.07
UBER,Uber Technologies Inc.,0.484,10,$71.96,15.71,$78.03,$65.41,19.29,$101.99
LOAR,Loar Holdings Inc,0.483,1,,39.59,$70.64,$53.15,32.91,$83.43
AXP,American Express,0.461,15,$320.78,17.43,$338.86,$289.26,17.15,$384.36
C,Citigroup Inc.,0.455,8,$115.03,16.91,$135.22,$88.80,52.27,$147.21
ELV,Elevance Health Inc.,0.420,12,$306.35,8.13,$397.70,$272.05,46.19,$436.24
LULU,Lululemon Athletica Inc.,0.413,5,$176.66,32.35,$127.80,$104.44,22.37,$225.98
SNX,SYNNEX Corp.,0.408,3,$168.71,18.20,$253.74,$141.15,79.77,$295.89
SLM,SLM Corp.,0.400,3,$26.03,24.16,$27.32,$17.55,55.67,$32.47
AVGO,Broadcom Inc.,0.393,12,$365.26,10.61,$422.40,$279.82,50.95,$494.22
RIG,Transocean Ltd.,0.390,2,$6.63,31.97,$5.72,$2.76,107.25,$7.66
EQH,Equitable Holdings Inc.,0.372,4,$37.27,29.75,$52.67,$34.72,51.70,$53.80
AMAT,Applied Materials,0.371,11,$493.70,10.41,$522.12,$153.78,239.52,$739.67
SCHW,Charles Schwab Corp.,0.363,11,$93.92,7.35,$107.99,$83.96,28.62,$109.32
SGOV,Ishares 0 3 Month Treasury B,0.347,4,$100.66,17.11,$100.50,$96.79,3.83,$100.50
AMR,Alpha Metallurgical Resources Inc.,0.343,1,,28.14,$153.81,$133.64,15.09,$253.82
CVI,CVR Energy Inc.,0.342,1,,28.01,$32.42,$19.50,66.26,$41.41
MKL,Markel Group Inc.,0.341,5,$1926.51,12.54,$1840.08,$1719.41,7.02,$2207.59
ADI,Analog Devices,0.337,9,$341.80,7.83,$383.93,$220.48,74.13,$445.91
CVS,CVS Health Corp.,0.334,10,$76.01,10.03,$95.67,$62.34,53.46,$110.00
FERG,Ferguson Enterprises Inc.,0.333,11,$234.12,6.58,$263.78,$204.50,28.99,$269.59
LAD,Lithia Motors Inc.,0.331,7,$249.77,13.41,$379.84,$238.86,59.02,$438.67
VFC,V.F. Corp.,0.323,2,$16.99,26.20,$14.90,$11.45,30.13,$22.15
CROX,Crocs Inc.,0.316,6,$83.28,18.24,$138.19,$73.21,88.76,$141.28
ORLA-OLD,Orla Mining Ltd,0.316,2,$15.74,25.82,$9.45,$8.43,12.10,$21.95
BABA,Alibaba Group Holdings,0.315,8,$125.42,13.61,$132.32,$91.99,43.84,$190.92
OXY,Occidental Petroleum,0.309,5,$65.00,9.79,$58.65,$38.44,52.58,$67.14
QSR,Restaurant Brands International,0.306,3,$73.90,12.20,$72.86,$59.14,23.20,$81.22
WM,Waste Management Inc.,0.298,3,$228.82,20.06,$226.60,$191.77,18.16,$247.15
BAC,Bank of America Corp.,0.293,15,$49.74,9.52,$63.86,$44.83,42.45,$64.00
ICLR,ICON plc,0.291,8,$127.07,8.21,$166.05,$66.57,149.44,$203.91
DHR,Danaher Corp.,0.287,11,$189.60,8.76,$209.37,$160.60,30.37,$241.78
CP,Canadian Pacific Kansas City,0.287,7,$79.52,8.49,$90.51,$67.98,33.14,$93.95
CRM,Salesforce.com,0.281,11,$183.16,9.79,$197.51,$146.32,34.98,$267.75
GM,General Motors,0.276,7,$75.80,11.46,$87.96,$52.86,66.40,$91.85
PYPL,PayPal Holdings Inc.,0.275,7,$44.68,10.51,$59.07,$38.22,54.55,$78.53
CNH,CNH Industrial NV,0.270,5,$11.18,17.11,$10.48,$8.91,17.62,$13.18
LEN,Lennar Corp.,0.266,4,$88.81,11.82,$85.60,$79.83,7.23,$141.39
BKNG,Booking Holdings Inc.,0.263,8,$169.08,5.51,$212.88,$149.76,42.15,$229.86
YETI,YETI Holdings Inc.,0.263,2,$36.59,21.52,$52.68,$31.56,66.92,$53.99
TMO,Thermo Fisher Scientific,0.257,10,$496.76,9.81,$599.69,$434.83,37.91,$642.71
ICE,Intercontinental Exchange Inc.,0.253,6,$153.10,6.89,$150.54,$121.79,23.61,$184.73
LYV,Live Nation Inc.,0.248,8,$157.20,7.38,$184.64,$125.34,47.31,$188.00
RPRX,Royalty Pharma plc,0.247,3,$49.98,8.70,$57.97,$33.57,72.68,$60.44
AER,AerCap Holdings N.V.,0.246,3,$140.08,12.27,$149.58,$108.79,37.49,$158.81
RKT,Rocket Companies Inc.,0.244,5,$14.25,9.83,$13.76,$12.17,13.06,$24.36
BDX,Becton Dickinson,0.243,7,$153.25,9.93,$179.63,$125.19,43.49,$184.86
KEX,Kirby Corp.,0.243,1,,19.89,$132.49,$79.52,66.61,$157.69
UNH,United Health Group Inc.,0.237,17,$278.51,4.41,$408.74,$245.56,66.45,$461.62
KKR,KKR & Co. L.P.,0.237,7,$92.38,10.16,$103.83,$82.35,26.08,$151.00
WFC,Wells Fargo,0.235,14,$80.69,3.11,$87.52,$72.36,20.95,$96.18
CNI,Canadian Natl Railway Co.,0.235,6,$102.82,16.82,$125.14,$89.10,40.45,$131.55
GRBK,Green Brick Partners,0.233,2,$64.46,19.12,$70.52,$60.44,16.68,$83.18
CPNG,Coupang Inc.,0.231,8,$18.88,6.39,$16.19,$14.92,8.51,$34.08
PM,Philip Morris Intl.,0.227,10,$166.97,8.96,$186.00,$138.43,34.36,$207.76
VRT,Vertiv Holdings Co.,0.219,2,$250.58,17.74,$270.10,$118.57,127.80,$379.86
AZN,AstraZeneca PLC,0.216,3,$193.77,17.71,$161.91,$90.90,78.12,$209.12
KHC,Kraft Heinz Co.,0.214,8,$22.49,6.10,$24.93,$20.66,20.67,$28.09
TDS,Telephone & Data Systems,0.214,2,$42.10,13.34,$33.70,$31.51,6.95,$49.07
SGI,Somnigroup International Inc.,0.211,2,$73.92,9.24,$64.82,$60.23,7.62,$98.11
CAT,Caterpillar Inc.,0.208,6,$764.31,14.22,$837.58,$401.84,108.44,$1071.47
APP,Applovin Corp.,0.208,4,$398.00,10.04,$339.00,$332.19,2.05,$745.61
INTU,Intuit Inc.,0.207,9,$362.61,6.62,$334.43,$251.72,32.86,$742.21
TXN,Texas Instruments,0.204,12,$237.53,3.97,$280.44,$150.20,86.71,$332.33
GIL,Gildan Activewear Inc.,0.204,1,,16.74,$57.49,$45.23,27.11,$73.05
ACN,Accenture,0.203,12,$151.88,4.86,$178.25,$116.75,52.68,$285.21
OKTA,Okta Inc.,0.203,1,,16.62,$150.77,$62.66,140.62,$157.00
BL,BlackLine Inc.,0.203,1,,16.68,$29.29,$24.70,18.58,$59.57
NFLX,Netflix Inc.,0.202,9,$96.06,7.80,$76.29,$65.08,17.22,$126.71
DCH,Dauch Corp.,0.202,3,$5.93,13.27,$6.64,$4.92,34.96,$9.25
CMCSA,Comcast Corp.,0.201,14,$26.97,3.52,$25.20,$21.28,18.42,$32.04
OSK,Oshkosh Corp.,0.201,6,$149.01,11.69,$155.39,$116.25,33.67,$179.20
AON,Aon Plc,0.200,10,$323.34,4.85,$356.97,$303.10,17.77,$381.47
OMF,OneMain Holdings,0.200,4,$53.49,10.20,$63.16,$44.20,42.90,$68.16
CSGP,CoStar Group Inc.,0.196,6,$38.74,6.83,$31.48,$25.89,21.59,$94.95
TKO,TKO Group Holdings Inc.,0.196,1,,16.07,$189.42,$161.49,17.30,$225.15
SOLV,Solventum Corp,0.195,4,$65.37,13.93,$85.21,$62.38,36.60,$90.00
EPD,Enterprise Products Partners LP,0.194,6,$37.82,13.63,$37.99,$28.18,34.81,$39.58
PEP,PepsiCo Inc.,0.193,12,$140.79,5.27,$137.73,$133.40,3.25,$168.19
WAT,Waters Corp.,0.192,8,$303.65,7.46,$411.77,$278.49,47.86,$414.15
CRH,CRH plc,0.192,5,$105.66,9.59,$100.60,$94.12,6.88,$130.61
VST,Vistra Corp.,0.191,4,$150.72,7.42,$142.87,$132.47,7.85,$218.91
TRMD,Torm Plc,0.191,1,,15.67,$29.19,$16.57,76.16,$34.50
MDLN,Medline Inc Cl A,0.190,5,$42.47,6.28,$33.81,$32.82,3.02,$50.88
IFF,International Flavors & Fragrances Inc.,0.190,5,$73.08,5.61,$85.09,$58.13,46.38,$89.32
KO,Coca Cola Co.,0.186,9,$76.14,11.56,$86.87,$64.04,35.65,$90.92
WTW,Willis Towers Watson plc,0.184,6,$286.83,5.08,$343.01,$239.74,43.08,$349.37
TSLA,Tesla Inc.,0.183,7,$372.18,6.34,$330.88,$297.38,11.27,$498.83
FWONK,Liberty Media Corp Formula One Series C,0.183,3,$85.02,7.56,$102.73,$80.15,28.17,$109.36
ZTS,Zoetis Inc.,0.180,7,$107.93,4.76,$74.83,$70.98,5.42,$157.46
CACC,Credit Acceptance Corp.,0.180,2,$424.36,13.77,$581.25,$401.90,44.63,$668.86
NEM,Newmont Corp.,0.178,4,$106.41,6.59,$117.26,$66.40,76.60,$134.29
LLY,Eli Lilly & Co.,0.177,7,$1140.03,6.89,$1231.94,$621.50,98.22,$1249.45
PFE,Pfizer Inc.,0.175,9,$27.11,3.66,$27.05,$22.03,22.79,$27.79
DG,Dollar General,0.174,6,$117.44,9.19,$122.42,$93.78,30.54,$156.68
BLK,BlackRock Inc.,0.172,6,$961.68,9.19,$1131.40,$912.25,24.02,$1200.54
GXO,Gxo Logistics Inc.,0.171,1,,14.04,$46.96,$45.40,3.44,$66.85
SYK,Stryker Corp.,0.170,4,$324.16,7.84,$345.81,$280.25,23.39,$392.86
RACE,Ferrari NV,0.168,3,$355.05,7.71,$406.77,$308.95,31.66,$498.75
PG,Procter & Gamble,0.167,9,$145.21,4.73,$146.44,$134.62,8.78,$164.77
IONS,Ionis Pharmaceuticals Inc.,0.167,1,,13.70,$56.94,$40.37,41.05,$86.74
ALC,Alcon Inc.,0.166,2,$74.60,13.62,$73.63,$61.84,19.07,$89.98
RBC,RBC Bearings Inc.,0.166,2,$549.58,12.72,$556.50,$364.50,52.67,$667.69
APTV,Aptiv PLC,0.166,2,$69.44,13.07,$49.81,$46.16,7.91,$78.49
ET,Energy Transfer LP,0.163,4,$19.30,8.43,$20.59,$15.10,36.36,$20.63
EXE,Expand Energy Corp.,0.163,2,$109.78,13.35,$97.56,$84.99,14.79,$125.18
MSI,Motorola Solutions Inc.,0.162,7,$429.96,6.09,$461.98,$357.34,29.28,$493.57
BAYRY,Bayer Ag Sponsored ADR,0.162,1,,13.26,$14.44,$7.38,95.66,$15.23
TOL,Toll Brothers,0.161,3,$159.42,10.71,$150.00,$121.23,23.73,$167.75
UAA,Under Armour Inc.,0.159,1,,13.06,$5.87,$4.13,42.13,$8.15
SIRI,SiriusXM Holdings Inc,0.157,6,$25.66,4.98,$28.78,$19.15,50.29,$32.37
ADP,Automatic Data Processing Inc.,0.157,6,$208.67,6.11,$273.68,$186.74,46.56,$301.70
APH,Amphenol Corp.,0.156,6,$175.15,8.29,$167.70,$104.00,61.25,$178.52
CCL,Carnival Corp.,0.156,2,$25.88,11.82,$27.75,$23.21,19.56,$33.49
USB,U.S. Bancorp,0.155,6,$55.44,5.31,$64.19,$42.64,50.54,$65.02
EQT,EQT Corp.,0.155,4,$63.64,6.72,$54.08,$47.79,13.16,$67.84
TDW,Tidewater Inc.,0.155,3,$83.35,12.49,$89.63,$46.65,92.13,$93.13
BAX,Baxter International Inc.,0.154,7,$19.52,4.09,$27.78,$15.72,76.72,$30.00
FDX,FedEx Corp.,0.153,8,$355.29,4.34,$325.08,$172.82,88.10,$344.07
EG,Everest Group Ltd,0.153,4,$354.09,11.28,$369.90,$296.87,24.60,$401.07
MTZ,MasTec Inc.,0.152,3,$321.74,4.94,$268.28,$167.66,60.01,$441.43
TRU,TransUnion,0.152,3,$70.60,5.94,$79.14,$63.37,24.89,$95.04
JPM,JPMorgan Chase & Co.,0.151,15,$306.57,3.54,$359.79,$276.43,30.16,$363.00
PPLI,People Inc.,0.151,3,$40.03,7.92,$40.66,$29.56,37.55,$48.32
DE,Deere & Co.,0.150,7,$591.14,6.33,$609.28,$429.14,41.98,$670.49
WFRD,Weatherford International plc,0.148,2,$94.58,11.69,$92.90,$52.08,78.38,$112.79
FISV,Fiserv Inc.,0.147,10,$54.55,3.13,$52.22,$47.04,11.01,$140.42
TECH,Bio-Techne Corp.,0.147,5,$52.26,2.94,$72.12,$43.12,67.25,$72.39
ORCL,Oracle Corp.,0.145,13,$146.67,4.51,$151.05,$114.50,31.92,$341.82
JNJ,Johnson & Johnson,0.144,11,$248.70,4.07,$261.81,$167.62,56.19,$274.90
HGV,Hilton Grand Vacations Inc.,0.143,1,,11.73,$42.53,$36.79,15.60,$55.40
CRS,Carpenter Technology,0.142,3,$394.92,5.87,$559.98,$227.57,146.07,$625.99
EFX,Equifax Inc.,0.141,9,$172.15,2.36,$181.04,$150.75,20.09,$269.54
IDXX,IDEXX Laboratories,0.141,6,$550.37,6.42,$595.76,$518.55,14.89,$769.98
TSN,Tyson Foods,0.141,5,$60.79,3.85,$57.16,$49.30,15.94,$68.90
SLB,Schlumberger Ltd.,0.140,8,$49.54,4.36,$53.20,$31.05,71.34,$58.51
ZS,Zscaler Inc.,0.140,2,$140.29,10.51,$176.68,$114.63,54.13,$336.99
SHW,Sherwin-Williams,0.139,7,$331.74,4.50,$362.71,$289.86,25.13,$376.95
MAT,Mattel Inc.,0.139,2,$14.53,9.16,$14.74,$12.73,15.79,$22.48
KOF,Coca-Cola FEMSA S A CV,0.138,3,$104.78,9.34,$109.02,$76.77,42.01,$113.87
SW,Smurfit Westrock Plc,0.136,3,$39.85,7.64,$47.59,$32.08,48.35,$51.99
RYN,Rayonier Inc.,0.133,1,,10.92,$21.69,$19.25,12.68,$24.84
CB,Chubb Limited,0.132,6,$325.93,4.24,$348.30,$262.86,32.50,$365.91
APG,APi Group Corp.,0.132,4,$40.52,6.16,$42.32,$33.40,26.71,$49.99
UHAL.B,U Haul Holding Co Non Voting,0.132,4,$47.10,3.60,$64.67,$39.58,63.39,$66.90
CVX,Chevron Corp.,0.131,12,$194.13,6.64,$194.91,$143.75,35.59,$212.76
REGN,Regeneron Pharmaceuticals,0.131,3,$772.64,4.97,$808.05,$538.87,49.95,$818.90
CNQ,Canadian Natural Resources,0.131,2,$48.73,10.75,$47.25,$27.99,68.81,$50.44
UNP,Union Pacific,0.129,10,$244.76,7.31,$292.24,$207.45,40.87,$315.99
DHI,D.R. Horton,0.129,3,$153.19,6.59,$146.66,$130.96,11.99,$182.36
PGR,Progressive Corp.,0.128,8,$201.09,3.83,$213.95,$187.79,13.93,$239.38
MELI,Mercadolibre Inc.,0.128,8,$1726.94,6.24,$1824.34,$1495.00,22.03,$2548.50
CI,Cigna Group,0.128,7,$267.27,2.84,$278.40,$235.50,18.22,$310.19
PHM,PulteGroup Inc.,0.128,3,$133.80,8.64,$130.05,$108.26,20.13,$143.88
HEI.A,HEICO Corp. CL A,0.127,4,$219.87,5.71,$265.08,$199.25,33.04,$279.52
FIVE,Five Below Inc.,0.127,3,$228.48,5.26,$235.36,$131.40,79.12,$251.63
ZBH,Zimmer Biomet Holdings,0.126,7,$90.42,3.50,$97.78,$78.91,23.91,$107.16
ABNB,Airbnb Inc.,0.125,5,$130.04,4.20,$184.70,$110.81,66.68,$185.99
FLG,Flagstar Financial Inc.,0.125,2,$13.17,9.53,$14.01,$10.55,32.80,$15.44
ORLY,O'Reilly Automotive,0.123,4,$92.29,5.87,$92.23,$82.59,11.67,$108.72
VMC,Vulcan Materials,0.122,5,$285.04,5.62,$285.34,$251.85,13.30,$329.81
MAR,Marriott Int'l.,0.122,4,$328.29,8.59,$348.44,$254.24,37.05,$410.98
NBR,Nabors Industries Ltd.,0.122,1,,9.98,$89.80,$31.10,188.75,$112.90
MRK,Merck & Co.,0.121,10,$120.31,4.85,$130.92,$75.81,72.69,$135.05
NOW,ServiceNow Inc.,0.121,6,$100.78,4.59,$127.44,$81.24,56.87,$194.73
BRZE,Braze Inc A,0.120,2,$23.61,9.81,$28.75,$15.26,88.40,$37.33
MRSH,Marsh,0.118,8,$168.36,3.98,$190.79,$155.72,22.52,$209.50
MU,Micron Technology Inc.,0.116,3,$337.84,9.48,$861.00,$113.28,660.06,$1254.81
RYAN,Ryan Specialty Holdings Inc,0.116,2,$37.76,9.09,$42.45,$29.16,45.58,$60.47
GWRE,Guidewire Software Inc.,0.116,1,,9.51,$172.94,$102.30,69.05,$272.60
DECK,Deckers Outdoor,0.115,2,$100.09,7.90,$97.44,$78.91,23.48,$125.45
COP,ConocoPhillips,0.113,7,$131.24,3.07,$123.03,$83.51,47.32,$134.87
EWBC,East West Bancorp,0.113,2,$106.76,9.26,$131.85,$90.34,45.95,$135.41
ABG,Asbury Automotive Group Inc.,0.113,2,$195.51,9.08,$210.76,$172.01,22.53,$263.38
WCC,WESCO International Inc.,0.111,6,$274.40,7.69,$366.55,$199.93,83.34,$385.37
DB,Deutsche Bank AG,0.111,4,$29.00,8.91,$38.27,$27.13,41.06,$39.01
TFX,Teleflex,0.111,3,$119.78,5.18,$133.00,$99.63,33.49,$145.00
TEL,TE Connectivity plc,0.110,6,$207.70,4.93,$214.28,$190.27,12.62,$251.59
QCOM,QUALCOMM Inc.,0.110,5,$151.48,3.66,$162.17,$121.54,33.43,$258.96
LRCX,Lam Research,0.110,5,$291.92,3.65,$306.40,$93.59,227.39,$438.50
OLN,Olin Corp.,0.110,4,$29.48,7.21,$18.82,$17.57,7.11,$30.25
PVH,PVH Corp.,0.110,3,$70.41,5.20,$87.13,$59.58,46.24,$100.75
AEM,Agnico-Eagle Mines Ltd.,0.110,3,$195.80,7.41,$180.48,$128.83,40.09,$254.61
CBRE,CBRE Group,0.109,7,$135.13,3.67,$143.94,$121.69,18.28,$174.27
CTRA-OLD,Coterra Energy Inc.,0.109,3,$35.14,5.99,$32.47,$21.72,49.49,$36.88
MCK,McKesson Corp.,0.109,2,$865.36,6.19,$879.87,$634.42,38.69,$997.90
BMY,Bristol-Myers Squibb,0.108,8,$59.61,2.88,$64.84,$41.13,57.65,$68.10
ENTG,Entegris Inc.,0.108,7,$139.64,2.91,$144.21,$67.81,112.67,$186.78
NU,Nu Holdings Ltd,0.108,4,$14.36,4.35,$13.86,$11.20,23.75,$18.98
ROP,Roper Technologies Inc.,0.107,3,$353.86,7.27,$403.89,$305.19,32.34,$540.19
RTX,RTX Corp.,0.106,8,$192.73,3.76,$224.12,$148.90,50.52,$226.88
SN,Sharkninja Inc,0.106,6,$105.95,6.58,$186.17,$83.12,123.98,$187.63
HHH,Howard Hughes Holdings Inc.,0.106,1,,8.70,$65.55,$61.01,7.44,$91.07
MDT,Medtronic plc,0.105,7,$81.50,2.76,$89.41,$72.65,23.07,$103.76
CPRT,Copart Inc.,0.105,6,$32.71,4.34,$29.59,$26.81,10.37,$50.11
TLN,Talen Energy Corp,0.105,4,$319.23,4.63,$343.19,$301.45,13.85,$451.28
ACI,Albertsons Co Inc.,0.105,2,$17.04,6.22,$12.13,$10.86,11.69,$19.18
ALK,Alaska Air Group,0.105,2,$36.78,7.45,$47.26,$33.03,43.08,$65.88
SPOT,Spotify Technology S.A.,0.104,8,$479.45,3.36,$511.82,$405.00,26.38,$748.30
AU,AngloGold Ashanti Ltd.,0.104,3,$96.80,7.29,$97.25,$49.33,97.14,$125.48
NCLH,Norwegian Cruise Line Hlgs Ltd.,0.103,3,$18.70,4.01,$18.55,$14.53,27.67,$27.18
CGNX,Cognex Corp.,0.103,2,$48.99,7.81,$64.36,$34.50,86.55,$72.88
BP,BP plc,0.102,4,$47.00,5.18,$42.88,$31.50,36.13,$47.72
DASH,DoorDash Inc.,0.102,3,$150.15,6.61,$209.86,$143.30,46.45,$285.50
SE,Sea Ltd,0.101,5,$82.84,5.59,$114.80,$77.05,48.99,$199.30
LPLA,LPL Financial Holdings Inc.,0.100,4,$298.02,4.92,$372.11,$260.15,43.04,$399.35
VTRS,Viatris Inc.,0.100,3,$13.51,4.85,$16.28,$9.17,77.54,$18.39
KLAC,KLA Corp.,0.100,3,$287.04,5.78,$192.74,$82.87,132.58,$307.37
SBUX,Starbucks Corp.,0.099,6,$98.02,3.13,$104.65,$76.49,36.82,$109.23
FCNCA,First Citizens Bancshares,0.099,3,$2013.15,5.32,$2233.35,$1618.56,37.98,$2289.99
ACHC,Acadia Healthcare Co.,0.099,3,$23.39,4.43,$31.78,$11.43,178.04,$35.83
VAL,Valaris plc,0.099,1,,8.09,$85.55,$43.53,96.53,$114.12
BNY,Bank of New York Mellon Corp.,0.098,10,$136.78,2.24,$159.43,$97.96,62.75,$163.12
BA,Boeing Co.,0.098,5,$199.04,3.09,$232.79,$176.77,31.69,$254.35
XOM,ExxonMobil Holdings Corp.,0.097,11,$168.24,5.25,$159.79,$102.27,56.24,$175.22
BLDR,Builders FirstSource Inc.,0.096,6,$82.45,4.83,$71.98,$65.10,10.57,$151.03
HTHT,H World Group Ltd ADR,0.096,2,$50.29,7.34,$43.01,$30.49,41.06,$55.19
CHTR,Charter Communications,0.095,7,$207.81,3.45,$153.29,$111.55,37.42,$285.82
SYF,Synchrony Financial,0.095,3,$68.02,7.31,$78.19,$62.56,24.98,$87.67
CRGY,Crescent Energy Inc A,0.095,2,$13.50,7.06,$12.21,$7.53,62.15,$14.16
UPS,United Parcel Service,0.094,7,$98.54,3.06,$104.72,$78.17,33.96,$118.73
BCC,Boise Cascade Company,0.094,3,$75.86,6.92,$84.75,$64.57,31.25,$91.43
ILMN,Illumina Inc.,0.094,3,$123.26,3.92,$191.79,$88.00,117.94,$207.00
FLR,Fluor Corp.,0.094,2,$46.65,6.94,$52.25,$39.33,32.85,$57.93
LYB,LyondellBasell Industries,0.093,4,$80.56,3.97,$62.65,$39.52,58.53,$83.07
CNX,CNX Resources Corp.,0.093,1,,7.61,$35.97,$27.72,29.76,$43.62
GLD,SPDR Gold Trust,0.092,8,$417.45,2.50,$402.54,$305.19,31.90,$509.70
BIO,Bio-Rad Laboratories Inc.,0.092,4,$281.26,2.45,$354.54,$236.73,49.77,$355.85
HKHHF,Heineken Holding NV,0.092,1,,7.57,$85.68,$65.04,31.73,$85.68
MEDP,Medpace Holdings Inc.,0.091,4,$495.35,4.50,$602.43,$373.00,61.51,$677.90
QXO,Qxo Inc,0.091,3,$19.41,4.91,$15.38,$13.18,16.69,$27.61
NOMD,Nomad Foods Ltd,0.091,1,,7.46,$11.65,$8.99,29.59,$15.47
AN,AutoNation Inc.,0.091,1,,7.48,$208.09,$176.62,17.82,$235.81
KW-OLD,Kennedy-Wilson Holdings Inc.,0.091,1,,7.43,$10.93,$6.07,80.07,$10.96
GSK,GSK plc,0.090,6,$55.07,3.73,$52.16,$36.34,43.53,$60.66
APO,Apollo Global Management,0.090,4,$112.26,4.89,$132.02,$99.14,33.17,$152.03
ECL,Ecolab Inc.,0.090,4,$267.67,4.38,$284.40,$242.49,17.28,$307.61
GLW,Corning Inc.,0.089,5,$135.97,4.03,$157.76,$62.68,151.69,$271.78
URI,United Rentals,0.088,6,$752.69,3.79,$1137.52,$700.14,62.47,$1179.18
CTSH,Cognizant Technology Solutions,0.088,5,$51.55,3.02,$58.31,$37.08,57.25,$85.98
MGM,MGM Resorts International,0.088,4,$37.06,4.13,$43.36,$29.19,48.54,$51.59
BFAM,Bright Horizons Family Solutions Inc.,0.088,2,$82.13,5.02,$72.48,$57.63,25.77,$124.25
MRP,Millrose Properties,0.088,2,$28.00,5.90,$28.80,$25.60,12.50,$32.54
GEHC,GE HealthCare Technologies Inc.,0.087,7,$71.18,2.85,$72.94,$58.72,24.22,$89.64
ODFL,Old Dominion Freight Line,0.087,5,$197.51,4.60,$212.55,$125.43,69.46,$252.03
CLH,Clean Harbors Inc.,0.087,3,$286.73,4.01,$310.00,$201.34,53.97,$335.94
FBIN,Fortune Brands Innovations Inc.,0.085,4,$39.79,4.13,$47.99,$32.11,49.45,$64.07
BIIB,Biogen Inc.,0.085,3,$183.34,3.76,$207.13,$127.71,62.19,$219.72
DOLE,Dole Food Company,0.085,2,$14.29,5.63,$12.98,$12.30,5.53,$16.38
CFRHF,Compagnie Financiere Richemont SA,0.085,1,,7.00,$237.14,$155.64,52.36,$246.99
PHYS,Sprott Physical Gold Trust,0.084,2,$35.44,6.78,$33.26,$25.42,30.84,$42.07
ADBE,Adobe Inc.,0.083,10,$241.79,2.73,$272.96,$190.12,43.57,$370.86
MGA,Magna International Inc.,0.083,2,$91.77,6.54,$69.89,$40.50,72.57,$71.96
LIN,Linde plc,0.082,7,$503.92,2.46,$492.46,$385.26,27.83,$548.20
KMX,CarMax Inc.,0.082,5,$44.15,3.15,$58.78,$30.26,94.25,$62.56
JLL,Jones Lang Lasalle Inc.,0.082,5,$305.08,3.49,$357.35,$259.83,37.53,$373.29
WEN,Wendy's Co.,0.082,4,$6.95,5.48,$7.30,$6.07,20.26,$10.14
MHK,Mohawk Industries,0.082,4,$99.85,2.29,$135.65,$92.99,45.88,$143.13
DLTR,Dollar Tree Inc.,0.082,1,,6.72,$129.37,$84.71,52.72,$142.40
APD,Air Products & Chemicals,0.081,7,$290.59,3.33,$308.18,$224.64,37.19,$314.87
GNRC,Generac Holdings Inc.,0.081,7,$232.88,2.83,$206.09,$134.80,52.89,$296.44
TEVA,Teva Pharmaceutical Industries Ltd.,0.081,2,$30.12,3.92,$36.14,$16.26,122.26,$37.35
LBRDK,Liberty Broadband Corp. CL C,0.080,4,$50.30,3.34,$36.10,$26.25,37.52,$65.73
EBAY,eBay Inc.,0.080,3,$105.91,4.74,$107.71,$77.56,38.87,$118.98
MLM,Martin Marietta,0.080,2,$588.68,4.96,$549.54,$523.48,4.98,$709.08
EWY,iShares MSCI South Korea ETF,0.080,2,$123.01,4.98,$163.12,$69.37,135.14,$220.89
UA,Under Armour CL C,0.080,1,,6.53,$5.68,$3.95,43.80,$7.91
JEF,Jefferies Financial Group Inc.,0.079,4,$43.93,2.96,$55.31,$35.26,56.86,$69.47
CLF,Cleveland-Cliffs Inc.,0.079,2,$8.44,6.47,$12.49,$7.73,61.58,$16.70
CCC,CCC Intelligent Solutions Hldgs Inc.,0.079,2,$6.00,3.37,$6.97,$4.08,70.83,$10.14
ARES,Ares Management LP,0.079,2,$111.31,6.45,$137.66,$93.57,47.12,$188.31
PNC,PNC Financial Services,0.078,6,$232.25,3.78,$251.76,$172.82,45.68,$258.13
CEG,Constellation Energy Corp.,0.078,2,$260.06,3.97,$270.43,$228.63,18.28,$411.04
FANG,Diamondback Energy Inc.,0.078,2,$197.79,3.76,$198.97,$131.86,50.89,$213.34
NSRGY,Nestle,0.078,1,,6.39,$100.41,$84.60,18.69,$107.17
MCD,McDonald's Corp.,0.077,9,$299.63,3.15,$273.72,$260.96,4.89,$337.56
GEV,Ge Vernova Inc,0.077,7,$967.99,3.72,$990.85,$529.18,87.24,$1195.94
VZ,Verizon Communications,0.077,7,$50.10,2.27,$47.03,$36.55,28.67,$50.06
GTX,Garrett Motion Inc.,0.077,2,$18.17,6.16,$29.01,$12.13,139.16,$36.25
ALLY,Ally Financial Inc.,0.076,4,$39.40,4.26,$43.79,$35.43,23.60,$46.96
AMGN,Amgen,0.076,4,$362.09,3.21,$417.20,$264.02,58.02,$418.40
HUM,Humana Inc.,0.076,2,$358.00,5.13,$385.70,$161.90,138.23,$428.88
LLYVK,Liberty Media Corp. Series C Live,0.076,2,$94.11,5.87,$104.46,$78.68,32.77,$108.98
AVTR,Avantor Inc.,0.075,6,$8.79,2.82,$13.73,$7.27,88.86,$15.93
NVST,Envista Holdings Corp.,0.075,6,$25.84,3.08,$28.19,$18.77,50.19,$30.42
RBLX,Roblox Corp.,0.075,3,$56.56,5.79,$37.05,$33.88,9.36,$142.00
RGLD,Royal Gold Inc.,0.075,3,$251.92,5.89,$234.13,$162.73,43.88,$304.97
FNF,Fidelity National Financial Inc.,0.075,3,$46.47,4.02,$47.99,$42.32,13.40,$57.15
PTLO,Portillo's Inc Cl A,0.075,2,$5.29,6.00,$4.48,$3.78,18.52,$8.21
UAN,CVR Partners LP,0.075,1,,6.17,$117.01,$74.15,57.80,$128.59
IQV,IQVIA Holdings Inc.,0.074,4,$182.89,2.77,$241.99,$154.50,56.63,$251.36
MDLZ,Mondelez International,0.074,3,$57.83,5.64,$61.53,$50.34,22.23,$66.65
Q,Qnity Electronics Inc.,0.074,2,$115.38,6.04,$134.37,$72.67,84.90,$177.28
GTN,Gray Television Inc.,0.074,1,,6.08,$4.98,$3.55,40.28,$6.30
CNR,Core Natural Resources Inc.,0.074,1,,6.10,$94.16,$68.44,37.58,$114.68
URBN,Urban Outfitters Inc.,0.074,1,,6.10,$79.49,$59.54,33.51,$84.35
ABM,ABM Industries,0.073,6,$39.35,4.94,$47.92,$36.45,31.47,$49.80
XPO,XPO Logistics,0.073,4,$194.57,5.88,$200.48,$117.98,69.93,$232.05
TOST,Toast Inc.,0.073,2,$26.51,5.98,$35.69,$22.26,60.33,$45.64
SGU,Star Gas Partners LP,0.073,1,,5.96,$12.68,$10.70,18.50,$13.33
CSCO,Cisco Systems,0.072,7,$84.51,4.62,$122.57,$64.42,90.27,$129.88
CDW,CDW Corp.,0.072,4,$124.65,3.62,$136.43,$96.55,41.31,$168.93
JCI,Johnson Controls Intl. plc,0.072,4,$130.95,4.14,$150.70,$101.75,48.11,$157.06
SEB,Seaboard Corp.,0.072,2,$5654.06,5.88,$4239.16,$3135.21,35.21,$5986.51
MTD,Mettler-Toledo International Inc.,0.072,2,$1262.09,5.59,$1427.53,$1023.05,39.54,$1525.17
RUSHA,Rush Enterprises Inc.,0.072,2,$66.11,5.78,$80.20,$45.26,77.20,$83.61
OGN,Organon & Co.,0.072,1,,5.88,$13.62,$5.68,139.79,$13.63
NOV,Nov Inc.,0.071,4,$18.63,1.98,$20.70,$11.50,80.00,$21.46
TRUP,Trupanion Inc.,0.071,2,$25.61,5.78,$29.06,$21.16,37.33,$51.78
BB,BlackBerry Ltd.,0.071,1,,5.83,$8.83,$3.12,183.01,$13.59
SHOP,Shopify Inc.,0.070,3,$115.09,4.50,$155.18,$94.00,65.09,$182.19
MANU,Manchester United plc,0.070,3,$19.39,2.41,$21.70,$14.59,48.73,$24.22
KGC,Kinross Gold Corp.,0.070,3,$30.22,5.50,$27.40,$18.34,49.40,$39.01
GDS,GDS Holdings Ltd,0.070,2,$40.29,3.34,$31.41,$26.97,16.46,$48.61
FTV,Fortive Corp.,0.069,4,$55.28,3.48,$61.75,$46.14,33.83,$64.56
NYT,New York Times CL A,0.069,3,$83.73,5.13,$64.80,$53.65,20.78,$86.83
YUMC,Yum China Holdings Inc.,0.069,3,$48.78,5.37,$48.19,$40.15,20.02,$57.69
MIR,Mirion Technologies Inc,0.069,2,$18.59,5.11,$15.07,$14.11,6.80,$30.28
HD,Home Depot,0.068,9,$348.17,2.48,$350.78,$286.95,22.24,$418.06
PLD,Prologis Inc.,0.067,3,$133.79,2.70,$138.76,$100.17,38.52,$153.35
SPY,SPDR S&P 500 ETF Trust,0.066,7,$650.89,5.10,$773.03,$626.01,23.49,$776.85
PSX,Phillips 66,0.066,6,$174.56,2.96,$215.52,$114.16,88.79,$216.08
PRI,Primerica Inc.,0.066,1,,5.45,$313.52,$228.06,37.47,$327.28
NRP,Natural Resource Partners,0.066,1,,5.45,$105.10,$95.51,10.04,$127.10
GS,Goldman Sachs Group,0.065,5,$988.67,2.77,$1034.51,$691.63,49.58,$1153.99
CSX,CSX Corp.,0.065,4,$41.30,2.75,$50.12,$31.48,59.21,$53.60
Z,Zillow Group Inc.,0.065,2,$41.38,4.00,$33.75,$29.23,15.46,$93.88
LNC,Lincoln National,0.065,2,$35.50,5.29,$45.68,$31.40,45.48,$47.67
BHF,Brighthouse Financial Inc.,0.065,1,,5.33,$60.09,$42.07,42.83,$66.80
MNDY,monday.com Ltd.,0.064,1,,5.28,$88.62,$57.50,54.12,$220.80
ABT,Abbott Labs,0.063,7,$97.36,2.10,$108.62,$81.39,33.46,$134.38
INTC,Intel Corp.,0.063,6,$44.50,2.53,$97.52,$20.44,377.10,$142.35
UBS,UBS AG,0.063,3,$39.55,2.66,$53.96,$35.38,52.52,$55.15
NXPI,NXP Semiconductors NV,0.063,3,$196.86,2.71,$233.43,$180.63,29.23,$338.80
GPN,Global Payments Inc.,0.063,3,$69.85,2.49,$86.13,$60.93,41.36,$90.85
PCOR,Procore Technologies Inc.,0.063,2,$57.00,4.62,$58.19,$38.03,53.01,$82.32
WAB,WABTEC Corp.,0.062,3,$249.91,4.16,$294.16,$183.59,60.23,$306.64
STLA,Stellantis N.V.,0.062,3,$7.08,4.76,$5.58,$5.25,6.29,$12.22
TDAY,Gannett Co.,0.062,2,$7.05,3.62,$7.12,$3.42,108.19,$9.21
MPLX,MPLX LP,0.062,2,$57.07,4.60,$58.70,$44.22,32.75,$59.86
STKL-OLD,SunOpta Inc.,0.062,2,$6.48,3.12,$6.50,$3.32,95.78,$6.94
LKQ,LKQ Corp.,0.061,4,$26.84,2.86,$24.57,$21.17,16.06,$36.34
XRAY,DENTSPLY SIRONA Inc.,0.061,3,$11.60,4.12,$11.66,$9.41,23.91,$14.76
WBD,Warner Bros. Discovery Inc.,0.061,3,$27.46,3.74,$26.87,$10.76,149.72,$30.00
PLGO,Pelagos Insurance Capital,0.061,1,,5.01,$24.62,$15.45,59.35,$26.34
NKE,NIKE Inc.,0.060,7,$50.46,2.86,$42.11,$40.00,5.28,$78.02
REZI,Resideo Technologies Inc.,0.060,5,$33.52,2.29,$24.21,$18.88,28.23,$32.01
BF.B,Brown-Forman Corp.,0.060,4,$26.50,3.24,$28.19,$22.41,25.79,$31.11
CHD,Church & Dwight,0.060,2,$93.37,4.83,$103.30,$80.54,28.26,$105.70
CTRI,Centuri Holdings Inc,0.060,1,,4.90,$23.76,$19.04,24.79,$42.99
INDV,Indivior Pharmaceuticals Inc.,0.060,1,,4.94,$38.47,$27.68,38.98,$42.81
NEE,NextEra Energy Inc.,0.059,4,$87.78,3.10,$84.70,$67.81,24.91,$98.03
LEA,Lear Corp.,0.059,3,$134.06,2.61,$120.87,$92.92,30.08,$150.00
OZK,Bank OZK,0.059,2,$45.89,2.79,$51.59,$41.16,25.34,$53.18
MSA,MSA Safety Inc.,0.059,2,$163.95,4.83,$193.13,$149.74,28.98,$207.73
OKE,ONEOK Inc.,0.059,2,$86.94,3.08,$90.34,$61.67,46.49,$94.93
HOG,Harley-Davidson,0.059,2,$20.22,4.80,$26.09,$16.96,53.83,$30.44
AME,Ametek Inc.,0.059,1,,4.80,$252.88,$178.41,41.74,$257.95
DJCO,Daily Journal Corp.,0.059,1,,4.80,$561.29,$348.63,61.00,$674.75
AGX,Argan Inc.,0.058,3,$548.41,2.94,$581.26,$196.06,196.47,$805.09
MET,MetLife Inc.,0.058,2,$78.79,2.76,$97.03,$66.41,46.11,$100.93
MP,MP Materials Corp.,0.058,1,,4.75,$54.66,$37.81,44.56,$100.25
DAL,Delta Air Lines Inc.,0.057,5,$70.64,1.60,$89.21,$52.55,69.76,$95.44
ARW,Arrow Electronics,0.057,3,$213.41,4.35,$202.57,$101.79,99.01,$237.33
AVT,Avnet Inc.,0.057,2,$88.82,3.87,$97.40,$43.52,123.81,$100.00
LFUS,Littelfuse Inc.,0.056,6,$346.16,2.51,$455.18,$231.99,96.21,$500.57
MSCI,MSCI Inc.,0.056,6,$556.98,3.24,$563.08,$497.32,13.22,$644.77
RYAAY,Ryanair Holdings PLC,0.056,3,$57.80,4.35,$59.51,$53.14,11.99,$73.75
FAST,Fastenal,0.056,2,$47.37,2.72,$52.15,$38.34,36.02,$52.23
QUAD,Quad/Graphics Inc.,0.056,1,,4.57,$9.83,$4.98,97.39,$11.15
BX,Blackstone Group,0.054,4,$117.64,3.30,$141.66,$99.78,41.97,$182.67
NRG,NRG Energy Inc.,0.054,3,$146.14,4.27,$118.91,$112.50,5.70,$188.71
MDB,MongoDB Inc.,0.054,1,,4.45,$416.67,$198.47,109.94,$444.72
MAVF,Matrix Advisors Value ETF,0.054,1,,4.41,$141.92,$110.57,28.35,$142.46
TER,Teradyne Inc.,0.054,1,,4.43,$365.10,$104.31,250.01,$487.91
SSD,Simpson Manufacturing,0.053,2,$171.62,4.20,$195.31,$155.55,25.56,$213.18
TSCO,Tractor Supply,0.053,2,$45.08,4.27,$34.62,$28.36,22.07,$61.84
LBTYA,Liberty Global Ltd CL A,0.052,3,$12.09,2.40,$10.15,$9.43,7.64,$13.52
HUT,Hut 8 Corp,0.052,2,$46.91,2.27,$85.66,$19.70,334.82,$140.80
RHI,Robert Half International,0.052,2,$26.09,3.73,$42.68,$21.36,99.81,$44.18
EVH,Evolent Health Inc.,0.052,2,$2.28,4.18,$3.93,$2.10,87.14,$10.08
SA,Seabridge Gold Inc.,0.052,1,,4.28,$31.25,$15.78,98.04,$40.06
CG,Carlyle Group,0.051,4,$47.74,2.16,$47.80,$39.60,20.71,$68.43
AEP,American Electric Power,0.051,3,$133.43,1.85,$122.84,$102.52,19.82,$139.52
SEG,Seaport Entertainment Group,0.051,2,$21.48,3.40,$28.88,$17.74,62.80,$29.19
FOX,Fox Corporation CL B,0.051,2,$53.10,3.94,$56.33,$44.08,27.79,$67.81
CE,Celanese Corp.,0.051,2,$65.77,3.65,$44.46,$35.07,26.78,$70.65
ABBV,AbbVie Inc.,0.050,7,$250.56,3.09,$247.97,$189.40,30.92,$267.47
PPG,PPG Industries,0.050,3,$121.29,2.78,$115.48,$91.35,26.41,$130.99
KEYS,Keysight Technologies Inc.,0.050,3,$283.70,3.34,$335.41,$152.85,119.44,$374.96
VNOM,Viper Energy Inc.,0.050,1,,4.14,$42.37,$34.21,23.85,$50.41
HCA,HCA Healthcare Inc.,0.049,6,$421.58,2.15,$414.03,$353.99,16.96,$554.58
OMC,Omnicom Group,0.049,4,$74.73,2.13,$84.65,$64.98,30.27,$87.41
TAP,Molson Coors Beverage Co.,0.049,4,$42.93,3.19,$42.52,$38.04,11.78,$53.62
MRVL,Marvell Technology Inc.,0.049,2,$99.05,3.81,$208.56,$61.31,240.17,$329.80
MSGE,Madison Square Garden Entertainment Corp.,0.049,1,,4.03,$78.07,$35.31,121.10,$82.79
HSY,Hershey Co.,0.048,5,$189.79,2.08,$182.75,$157.94,15.71,$237.65
NVR,NVR Inc.,0.048,3,$6625.45,3.29,$6292.28,$5501.01,14.38,$8618.28
IBP,Installed Building Products,0.048,2,$264.71,3.92,$235.76,$192.75,22.31,$345.54
PCG,PG&E Corp.,0.048,2,$17.57,3.65,$17.04,$14.15,20.42,$19.04
FTNT,Fortinet Inc.,0.048,1,,3.92,$164.21,$73.55,123.26,$172.09
OSW,OneSpaWorld Holdings Ltd,0.048,1,,3.96,$25.80,$18.97,36.00,$29.25
GPC,Genuine Parts,0.047,5,$106.45,3.08,$134.54,$89.80,49.82,$148.58
MS,Morgan Stanley,0.047,3,$209.04,3.54,$215.33,$137.90,56.15,$230.98
DELL,Dell Technologies Inc.,0.047,3,$164.12,2.95,$457.88,$109.70,317.39,$485.70
BFH,Bread Financial Holdings Inc.,0.047,2,$75.75,3.79,$108.41,$53.34,103.24,$114.12
LUMN,Lumen Technologies Inc.,0.047,1,,3.87,$6.64,$3.69,79.95,$11.95
STZ,Constellation Brands,0.046,7,$146.86,1.96,$133.39,$123.82,7.73,$166.61
B,Barrick Mining Corp.,0.046,5,$39.49,2.49,$40.88,$21.64,88.91,$54.01
DVN,Devon Energy Corp.,0.046,4,$42.85,3.02,$45.36,$30.89,46.84,$52.34
VSNT,Versant Media Group Inc.,0.046,3,$36.97,3.51,$36.76,$26.61,38.14,$45.11
DD,DuPont de Nemours Inc.,0.046,2,$137.40,3.75,$141.55,$81.88,72.87,$156.73
CNA,CNA Financial Corp.,0.046,1,,3.77,$51.27,$40.72,25.91,$55.71
DEO,Diageo ADR,0.045,8,$77.14,1.42,$97.11,$71.73,35.38,$112.30
WDAY,Workday Inc.,0.045,4,$124.75,1.81,$184.19,$110.36,66.90,$249.85
MCHP,Microchip Technology,0.045,2,$64.61,3.45,$81.39,$47.57,71.10,$105.38
SDRL,Seadrill Ltd,0.045,2,$45.48,3.65,$46.76,$28.02,66.88,$55.47
RMNI,Rimini Street Inc.,0.045,2,$3.28,3.70,$4.91,$2.87,71.08,$5.08
BGC,BGC Group Inc.,0.045,1,,3.72,$10.29,$8.21,25.33,$12.89
COHR,Coherent Corp.,0.044,4,$238.21,3.52,$325.15,$84.35,285.48,$440.00
NMIH,NMI Holdings,0.044,2,$37.53,3.62,$44.20,$34.84,26.87,$46.74
SSNC,SS&C Technologies Holdings Inc.,0.044,2,$62.05,2.01,$79.77,$61.40,29.92,$89.82
CRBG,Corebridge Financial Inc.,0.044,2,$27.58,2.84,$34.49,$21.90,57.49,$34.81
ATS,Ats Corp,0.044,1,,3.57,$19.73,$19.14,3.08,$35.82
BRCC,BRC Inc.,0.044,1,,3.57,$0.86,$0.60,43.33,$1.86
CME,CME Group,0.043,4,$247.36,2.12,$263.65,$218.31,20.77,$319.84
CNC,Centene Corp.,0.043,3,$33.81,2.80,$66.57,$25.23,163.85,$69.36
SDHC,Smith Douglas Homes Corp,0.043,3,$12.81,3.50,$13.88,$10.72,29.48,$23.49
WIX,Wix.com Ltd.,0.043,2,$87.97,1.89,$62.43,$40.16,55.45,$190.93
IEX,IDEX Corp.,0.043,2,$189.55,3.50,$233.27,$154.95,50.55,$243.80
LMT,Lockheed Martin Corp.,0.042,5,$559.41,1.72,$603.16,$412.98,46.05,$687.50
AJG,Arthur J. Gallagher & Co.,0.042,5,$219.95,1.20,$252.43,$190.12,32.77,$310.73
CPT,Camden Property Trust,0.042,3,$97.66,2.12,$109.08,$94.30,15.67,$119.81
ALGN,Align Technology Inc.,0.042,1,,3.43,$176.04,$122.00,44.30,$200.44
SUN,Sunoco Inc.,0.042,1,,3.45,$71.86,$45.10,59.33,$77.05
FRDM,Freedom 100 Emeging Mrkt ETF,0.042,1,,3.41,$66.17,$40.19,64.64,$76.55
WMT,Walmart Inc.,0.041,6,$124.18,3.29,$112.66,$94.85,18.78,$135.16
SAP,SAP SE,0.041,6,$171.01,2.13,$208.55,$144.97,43.86,$285.54
THC,Tenet Healthcare Corp.,0.041,3,$188.71,3.40,$259.93,$157.58,64.95,$265.32
AMG,Affiliated Managers Group,0.041,2,$276.70,3.30,$363.39,$211.68,71.67,$392.91
AMRZ,Amrize Ltd,0.041,2,$56.02,2.52,$46.29,$46.03,0.56,$65.29
NE,Noble Corp.,0.041,2,$46.00,2.47,$43.55,$24.81,75.53,$54.39
ALV,Autoliv Inc.,0.041,2,$116.07,3.37,$121.74,$98.41,23.71,$132.17
EXP,Eagle Materials Inc.,0.041,2,$189.77,3.31,$210.98,$171.79,22.81,$245.53
CNDT,Conduent Inc.,0.041,1,,3.35,$1.56,$1.15,35.65,$2.98
FG,F&G Annuities & Life Inc.,0.041,1,,3.35,$27.08,$20.16,34.33,$34.67
MSGS,Madison Square Garden Sports Corp.,0.040,4,$322.38,2.58,$391.87,$188.60,107.78,$411.73
NVT,nVent Electric plc,0.040,3,$118.28,2.50,$162.33,$85.15,90.64,$184.40
CRL,Charles River Labs,0.040,3,$172.50,2.79,$277.00,$144.26,92.01,$277.07
OC,Owens Corning,0.040,3,$108.22,2.15,$153.80,$95.63,60.83,$159.03
PTEN,Patterson-UTI Energy Inc.,0.040,2,$10.83,3.25,$10.99,$4.93,122.92,$12.96
SPHR,Sphere Entertainment Co.,0.040,2,$118.41,3.24,$162.49,$37.89,328.85,$174.60
KDP,Keurig Dr Pepper Inc.,0.040,2,$26.33,3.27,$29.30,$24.43,19.93,$34.76
GGG,Graco Inc.,0.040,1,,3.30,$83.38,$72.23,15.44,$94.99
IDT,IDT Corp. CL B,0.040,1,,3.24,$64.85,$45.54,42.40,$68.82
CORZ,Core Scientific Inc,0.040,1,,3.25,$19.44,$13.14,47.95,$30.46
VSXY,Victoria's Secret & Co.,0.040,1,,3.28,$99.97,$20.48,388.13,$102.46
CMI,Cummins Inc.,0.039,3,$573.28,2.54,$634.82,$380.21,66.97,$737.76
UNF,UniFirst Corp.,0.039,2,$259.78,2.03,$289.64,$146.95,97.10,$306.67
EOG,EOG Resources,0.039,2,$144.57,2.36,$142.22,$99.12,43.48,$149.59
FIS,Fidelity National Information Services,0.039,2,$46.91,1.91,$42.51,$37.42,13.60,$70.62
SWKS,Skyworks Solutions Inc.,0.039,1,,3.18,$68.79,$51.48,33.62,$88.05
BSX,Boston Scientific,0.038,5,$62.75,3.06,$50.46,$42.20,19.57,$109.50
FNV,Franco Nevada Corp.,0.038,3,$208.70,1.84,$240.90,$164.34,46.59,$284.60
EW,Edwards Lifesciences Corp.,0.038,3,$80.21,2.83,$92.03,$72.30,27.29,$96.29
NTRA,Natera Inc.,0.038,3,$208.95,2.72,$318.35,$149.38,113.11,$326.03
CHYM,Chime Financial Inc Cl A,0.038,3,$18.73,2.01,$30.85,$15.88,94.27,$33.41
LBTYK,Liberty Global Ltd CL C,0.038,2,$11.73,3.07,$9.99,$9.30,7.42,$13.12
DKS,Dick's Sporting Goods Inc.,0.038,2,$198.29,2.41,$214.10,$184.42,16.09,$244.38
FOUR,Shift4 Payments Inc. CL A,0.038,2,$43.73,2.78,$43.16,$34.56,24.88,$92.79
FMX,Fomento Economico Mexicano,0.038,2,$126.11,2.78,$119.92,$77.32,55.10,$141.47
ASH,Ashland Global Holdings Inc.,0.038,1,,3.10,$75.40,$45.29,66.48,$78.25
MICC,Magnum Ice Cream Co NV,0.037,6,$15.56,1.19,$19.20,$12.94,48.38,$19.93
LH,Labcorp Holdings Inc.,0.037,4,$267.29,1.84,$321.31,$242.59,32.45,$321.46
NSC,Norfolk Southern Corp.,0.037,4,$293.13,1.38,$333.95,$263.58,26.70,$357.18
LHX,L3Harris Technologies Inc.,0.037,3,$345.15,1.88,$289.72,$262.68,10.29,$376.39
BRO,Brown & Brown Inc.,0.037,3,$64.77,1.80,$71.60,$53.81,33.06,$97.58
AIG,American International Group,0.037,3,$75.23,2.07,$77.61,$70.36,10.30,$86.21
LLYVA,Liberty Media Corp. Series A Live,0.037,2,$91.64,2.85,$100.42,$77.12,30.21,$105.48
MBI,MBIA Inc.,0.037,2,$5.91,2.15,$5.03,$4.87,3.29,$8.26
AWI,Armstrong World Industries Inc.,0.037,2,$162.75,1.63,$183.35,$150.00,22.23,$204.82
SNDK,SanDisk Corp.,0.037,2,$635.34,3.01,$1237.92,$42.82,2790.99,$2354.39
INCY,Incyte Corp.,0.037,2,$94.12,2.42,$121.55,$78.20,55.43,$132.60
FPH,Five Point Holdings LLC,0.037,1,,3.03,$5.24,$4.60,13.91,$6.64
DHT,DHT Holdings Inc.,0.037,1,,3.02,$18.33,$9.93,84.59,$20.19
TRIP,TripAdvisor Inc.,0.036,3,$10.66,2.41,$10.78,$9.01,19.64,$20.16
BF.A,Brown-Forman Corp. CL A,0.036,3,$27.26,2.22,$28.68,$22.81,25.73,$30.87
PBR,Petroleo Brasileiro,0.036,2,$20.75,2.93,$18.33,$11.13,64.69,$22.07
TRGP,Targa Resources Corp.,0.036,2,$250.73,2.92,$266.21,$141.11,88.65,$289.68
TPG,Tpg Inc,0.036,1,,2.92,$49.40,$36.46,35.49,$68.57
FER,Ferrovial Se,0.036,1,,2.94,$65.43,$51.29,27.57,$74.07
VOO,Vanguard S&P 500 ETF,0.035,5,$652.89,1.77,$710.65,$575.06,23.58,$714.16
STT,State Street Corp.,0.035,5,$126.56,1.53,$186.68,$102.75,81.68,$192.51
NVO,Novo Nordisk A S,0.035,5,$40.83,1.05,$47.73,$34.58,38.03,$61.89
ROIV,Roivant Sciences Ltd,0.035,4,$27.70,1.87,$35.78,$10.90,228.26,$37.00
ITRN,Ituran Location & Control Ltd.,0.035,3,$49.98,2.61,$51.81,$30.68,68.87,$67.77
PENN,Penn National Gaming Inc.,0.035,3,$15.03,2.85,$18.85,$11.65,61.80,$22.36
SUI,Sun Communities Inc.,0.035,3,$125.96,1.87,$118.57,$113.81,4.18,$135.36
DINO,HF Sinclair Corp.,0.035,3,$62.92,2.69,$85.22,$41.28,106.44,$94.22
IWM,iShares Russell 2000 ETF,0.035,3,$252.57,2.62,$299.98,$217.55,37.89,$303.06
CDNS,Cadence Design Systems,0.035,2,$373.95,2.81,$331.91,$262.75,26.32,$416.69
IMO,Imperial Oil Ltd.,0.035,2,$114.27,2.55,$128.79,$80.68,59.63,$138.75
ULS,Ul Solutions Inc Class A,0.035,1,,2.90,$78.05,$61.36,27.20,$107.38
PBH,Prestige Consumer Healthcare,0.035,1,,2.84,$53.00,$42.62,24.35,$71.07
GPK,Graphic Packaging Hldg Co.,0.035,1,,2.83,$11.91,$8.69,37.05,$22.69
BLMN,Bloomin Brands Inc.,0.035,1,,2.87,$11.02,$5.19,112.33,$12.63
VSEC,VSE Corp.,0.034,3,$185.68,2.67,$221.23,$152.24,45.32,$240.44
TCOM,Trip.com Group Ltd,0.034,3,$45.21,1.50,$47.12,$38.04,23.87,$78.99
LAZ,Lazard Inc.,0.034,3,$42.48,2.77,$42.67,$37.82,12.82,$57.45
CPRI,Capri Holdings Ltd,0.034,2,$17.62,2.72,$15.43,$14.78,4.40,$28.27
TW,Tradeweb Markets Inc.,0.034,2,$99.66,1.63,$103.70,$91.42,13.43,$136.31
RS,Reliance Steel & Aluminum,0.034,2,$303.92,2.81,$428.49,$257.21,66.59,$431.05
KMI,Kinder Morgan,0.034,2,$33.53,2.15,$31.39,$24.74,26.88,$34.48
ATI,Allegheny Technologies Inc.,0.034,2,$171.56,1.39,$228.19,$70.42,224.04,$239.23
CMPR,Cimpress plc,0.034,1,,2.77,$94.58,$54.34,74.05,$106.58
COIN,Coinbase Global Inc.,0.034,1,,2.80,$148.68,$139.11,6.88,$402.16
USFD,US Foods Holding Corp.,0.034,1,,2.79,$108.63,$69.88,55.45,$110.09
WY,Weyerhaeuser Co.,0.033,4,$24.06,2.05,$25.29,$20.60,22.77,$27.28
CASY,Casey's Gen'l Stores,0.033,3,$777.13,1.98,$854.46,$488.30,74.99,$927.15
LOW,Lowe's Cos.,0.033,3,$220.61,1.43,$218.88,$199.40,9.77,$289.87
EMBJ,Embraer SA,0.033,3,$62.78,2.09,$73.80,$53.37,38.28,$80.46
VEEV,Veeva Systems Inc.,0.033,3,$177.47,1.93,$234.69,$148.05,58.52,$310.50
FOSL,Fossil Inc.,0.033,2,$4.31,2.73,$5.36,$1.67,220.96,$6.16
AFRM,Affirm Holdings Inc.,0.033,2,$45.95,2.66,$75.54,$42.10,79.43,$100.00
PEG,Public Serv. Enterprise Inc.,0.033,2,$80.95,2.67,$74.56,$74.20,0.49,$86.18
WPM,Wheaton Precious Metals Corp.,0.033,2,$112.39,2.67,$133.39,$90.36,47.62,$165.25
PFGC,Performance Food Group,0.033,2,$85.66,2.72,$113.79,$80.82,40.79,$117.48
ROG,Rogers Corp.,0.033,2,$108.38,2.63,$128.41,$69.61,84.47,$169.00
GLIBK,GCI Liberty Inc. Series C,0.033,2,$37.21,2.42,$25.28,$19.30,30.98,$41.18
KNSL,Kinsale Capital Group Inc.,0.033,1,,2.74,$368.60,$287.20,28.34,$484.06
CTO,CTO Realty Growth Inc.,0.033,1,,2.68,$21.47,$14.20,51.20,$22.71
VRSK,Verisk Analytics Inc.,0.032,5,$179.69,1.65,$181.18,$155.52,16.50,$273.70
BAP,Credicorp Ltd.,0.032,4,$357.44,1.02,$382.21,$230.45,65.85,$413.25
EL,Estee Lauder Cos.,0.032,2,$71.90,2.60,$87.19,$65.96,32.19,$120.79
AERO,Grupo Aeromexico Sab De Cv,0.032,2,$14.01,1.34,$15.76,$12.26,28.55,$23.05
CHRW,C.H. Robinson Worldwide,0.032,2,$175.96,1.44,$148.29,$113.91,30.18,$210.33
FAF,First Amer'n Corp.,0.032,2,$60.29,2.59,$72.21,$55.74,29.55,$79.87
NWSA,News Corp.,0.032,2,$24.93,2.46,$28.49,$22.11,28.86,$31.48
TTC,Toro Co.,0.032,2,$93.52,2.60,$98.66,$66.72,47.87,$104.28
VRTX,Vertex Pharmaceuticals,0.032,2,$496.73,1.51,$523.91,$362.50,44.53,$546.17
HLF,Herbalife Nutrition Ltd.,0.032,1,,2.66,$11.52,$7.56,52.38,$20.40
ERFSF,Eurofins Scientific SE,0.032,1,,2.63,$82.55,$64.33,28.32,$85.34
CIEN,Ciena Corp.,0.031,3,$388.23,2.51,$387.70,$84.41,359.31,$637.51
WMB,Williams Cos.,0.031,3,$72.78,2.53,$71.85,$54.10,32.81,$79.49
TECK,Teck Resources,0.031,2,$51.75,2.51,$66.87,$30.75,117.46,$71.15
LUV,Southwest Airlines,0.031,2,$37.57,2.52,$44.90,$28.44,57.88,$54.63
CPB,Campbell's Co.,0.031,2,$22.27,2.57,$22.42,$19.23,16.59,$32.13
UAL,United Airlines Holdings Inc.,0.031,2,$92.24,2.51,$123.76,$84.64,46.22,$138.77
KBR,KBR Inc.,0.031,2,$36.86,2.57,$38.29,$29.80,28.49,$51.56
PR,Permian Resources Corp.,0.031,2,$21.32,2.53,$21.23,$11.60,83.02,$22.48
A,Agilent Technologies,0.031,2,$132.83,2.53,$148.72,$108.14,37.53,$159.31
WHR,Whirlpool Corp.,0.031,2,$53.92,1.77,$42.17,$35.45,18.96,$94.09
PRVA,Privia Health Group Inc.,0.031,1,,2.56,$22.37,$19.53,14.54,$28.82
CHRD,Chord Energy,0.031,1,,2.57,$138.52,$81.48,70.00,$150.63
PGEN,Precigen Inc.,0.031,1,,2.57,$7.00,$1.70,311.76,$7.32
CL,Colgate-Palmolive,0.030,5,$89.30,1.26,$93.15,$73.21,27.24,$98.15
EFA,iShares MSCI EAFE ETF,0.030,5,$97.49,2.08,$108.01,$86.90,24.29,$108.76
JD,JD.com Inc.,0.030,5,$29.57,1.54,$33.47,$23.66,41.46,$35.59
MTN,Vail Resorts Inc.,0.030,4,$128.35,2.16,$146.26,$116.69,25.34,$160.49
TMUS,T-Mobile US Inc.,0.030,3,$210.03,1.74,$178.20,$165.66,7.57,$256.72
RDDT,Reddit Inc Cl A,0.030,2,$134.65,1.47,$158.72,$119.27,33.08,$282.95
BE,Bloom Energy Corp.,0.030,2,$302.69,2.36,$210.63,$36.80,472.36,$351.28
BBIO,BridgeBio Pharma Inc.,0.030,2,$74.26,2.46,$84.67,$46.29,82.91,$93.42
TMHC-OLD,Taylor Morrison Home Corp.,0.030,2,$58.40,2.43,$72.46,$54.15,33.81,$72.50
OPCH,Option Care Health Inc.,0.030,1,,2.49,$24.50,$18.01,36.04,$36.80
CLB,Core Laboratories Inc.,0.030,1,,2.48,$12.22,$9.69,26.11,$20.32
ATGE,Adtalem Global Education,0.030,1,,2.49,,,,
CHKP,Check Point Software Technologies,0.030,1,,2.48,$131.14,$112.23,16.85,$210.66
VEA,Vanguard FTSE Developed ETF,0.029,4,$68.95,1.63,$72.50,$56.10,29.23,$73.12
LEN.B,Lennar Corp. CL B,0.029,4,$84.84,1.95,$83.82,$78.02,7.43,$134.56
AMD,Advanced Micro Devices,0.029,4,$203.43,1.60,$469.56,$149.22,214.68,$584.73
CARR,Carrier Global Corp.,0.029,3,$57.23,1.46,$63.44,$49.67,27.72,$76.49
WULF,Terawulf Inc,0.029,2,$14.94,2.29,$16.20,$5.02,222.71,$29.84
MIDD,Middleby Corp.,0.029,2,$132.58,2.34,$130.30,$88.87,46.62,$148.55
BKV,Bkv Corporation,0.029,1,,2.41,$25.66,$19.80,29.60,$32.81
ITUB,ita Unibanco Holding S.A.,0.029,1,,2.37,$7.88,$5.88,34.01,$9.47
BOKF,BOK Financial Corp.,0.029,1,,2.36,$143.16,$98.34,45.58,$146.22
SYY,Sysco Corp.,0.028,4,$71.44,1.17,$83.87,$67.23,24.75,$90.56
WSC,WillScot Mobile Mini Hldgs Corp.,0.028,2,$17.41,2.30,$23.09,$14.77,56.33,$29.77
RGEN,Repligen Corp.,0.028,2,$117.82,2.08,$163.17,$100.99,61.57,$175.77
NOK,Nokia Corp.,0.028,2,$8.50,2.09,$9.13,$4.00,128.25,$17.36
HP,Helmerich & Payne,0.028,2,$35.84,2.18,$41.87,$16.79,149.37,$41.91
YUM,Yum! Brands Inc.,0.028,2,$159.86,2.01,$145.33,$135.39,7.34,$170.14
INFQ,Infleqtion Inc,0.028,1,,2.28,$11.69,$8.52,37.21,$21.28
WEC,WEC Energy Group,0.028,1,,2.26,$106.12,$101.22,4.84,$119.91
SPB,Spectrum Brands Holdings Inc.,0.027,4,$77.24,1.50,$87.88,$48.98,79.42,$99.06
BMRN,BioMarin Pharmaceutical Inc.,0.027,3,$56.71,1.12,$68.88,$49.26,39.83,$69.27
GILD,Gilead Sciences,0.027,3,$139.37,1.86,$133.06,$106.44,25.01,$155.38
WST,West Pharmaceutical Services,0.027,3,$250.63,1.55,$352.13,$223.52,57.54,$385.75
CPAY,Corpay Inc.,0.027,2,$290.99,2.23,$400.88,$252.84,58.55,$405.95
JXN,Jackson Financial Inc.,0.027,1,,2.23,$130.40,$87.44,49.13,$137.99
SHEN,Shenandoah Telecommunications Co.,0.027,1,,2.23,$13.31,$9.67,37.64,$17.35
IBM,International Business Machines,0.026,5,$242.75,2.05,$236.31,$197.77,19.49,$330.09
TFC,Truist Financial Corp.,0.026,4,$49.73,2.06,$51.86,$39.50,31.29,$55.05
JBS,Jbs Nv A,0.026,3,$17.96,2.16,$13.41,$11.45,17.12,$17.27
DOX,Amdocs Ltd.,0.026,2,$50.54,2.07,$58.59,$49.24,18.99,$87.36
GNTX,Gentex Corp.,0.026,2,$21.96,2.04,$23.85,$20.26,17.72,$28.80
LNT,Alliant Energy,0.026,1,,2.12,$68.21,$61.37,11.15,$78.22
SWX,Southwest Gas Holdings Inc.,0.026,1,,2.15,$90.56,$74.10,22.21,$94.47
INGR,Ingredion Inc.,0.026,1,,2.16,$103.48,$93.62,10.53,$126.59
PDRDF,Pernod Ricard,0.026,1,,2.16,$81.20,$65.28,24.39,$115.44
JELD,JELD-WEN Holding Inc.,0.026,1,,2.14,$1.87,$0.93,101.08,$6.98
CSL,Carlisle Companies,0.025,4,$344.12,1.32,$385.25,$291.67,32.08,$430.31
BUD,Anheuser-Busch InBev,0.025,4,$69.37,1.13,$83.09,$56.78,46.34,$86.60
MTB,M&T Bank Corp.,0.025,4,$229.92,1.52,$251.13,$170.99,46.87,$255.00
PSKY,Paramount Skydance Corp.,0.025,3,$9.02,1.11,$9.27,$7.62,21.65,$20.57
FLEX,Flex Ltd.,0.025,3,$65.46,2.03,$119.70,$47.83,150.26,$166.86
TME,Tencent Music Entertainment Grp,0.025,3,$9.27,1.91,$9.90,$7.94,24.69,$26.00
GHC,Graham Holdings Co.,0.025,2,$1059.35,1.96,$1177.69,$923.50,27.52,$1262.35
SJM,J.M. Smucker Co,0.025,2,$96.44,2.01,$118.07,$87.28,35.28,$127.65
BYD,Boyd Gaming Corp.,0.025,1,,2.09,$81.46,$75.81,7.45,$91.41
WTM,White Mountains Insurance,0.025,1,,2.04,$2109.68,$1647.25,28.07,$2333.00
MNST,Monster Beverage Corp.,0.025,1,,2.08,$91.43,$60.97,49.96,$100.34
LII,Lennox International,0.025,1,,2.04,$423.28,$411.41,2.89,$610.08
AMLP,Alerian MLP ETF,0.025,1,,2.09,$55.05,$42.02,31.01,$55.62
TROW,T. Rowe Price Group,0.024,3,$94.43,1.62,$113.77,$84.21,35.10,$122.00
ISRG,Intuitive Surgical Inc.,0.024,3,$412.56,1.53,$393.38,$328.57,19.72,$603.88
KVUE,Kenvue Inc,0.024,3,$17.35,1.82,$19.03,$13.53,40.65,$21.18
EQX,Equinox Gold Corp,0.024,2,$14.46,1.98,$11.59,$6.28,84.55,$18.92
UHS,Universal Health Services Inc.,0.024,2,$148.69,1.13,$172.74,$140.08,23.32,$245.55
ECHO,EchoStar Corp.,0.024,2,$117.07,1.92,$89.15,$26.52,236.16,$147.25
TAC,TransAlta Corp.,0.024,2,$13.11,1.95,$12.26,$11.34,8.11,$17.69
LAMR,Lamar Advertising Co.,0.023,3,$155.82,1.64,$154.64,$108.22,42.89,$166.33
ABEV,Ambev S.A.,0.023,3,$3.14,1.83,$2.94,$2.08,41.35,$3.44
VRSN,Verisign Inc.,0.023,3,$248.35,0.85,$293.34,$207.53,41.35,$312.48
TJX,TJX Companies Inc.,0.023,3,$151.59,1.85,$158.82,$129.30,22.83,$170.00
BLCO,Bausch + Lomb Corp,0.023,2,$15.90,1.25,$16.83,$13.53,24.39,$18.92
CTVA,Corteva Inc.,0.023,2,$83.71,1.86,$76.47,$60.10,27.24,$90.97
WSO,Watsco Inc.,0.023,1,,1.90,$326.71,$300.66,8.66,$455.09
ANET,Arista Networks Inc.,0.023,1,,1.90,$191.52,$114.52,67.24,$214.89
RMD,ResMed Inc.,0.023,1,,1.89,$220.05,$180.27,22.07,$291.57
CBL,CBL & Associates Pptys Inc.,0.023,1,,1.92,$55.70,$26.71,108.54,$60.40
CRK,Comstock Resources Inc.,0.023,1,,1.91,$14.36,$12.12,18.48,$28.10
GFL,Gfl Environmental Inc Sub Vt,0.023,1,,1.87,$41.18,$33.32,23.59,$51.43
IVZ,Invesco Ltd,0.023,1,,1.87,$31.74,$19.72,60.95,$32.55
IWF,iShares Russell 1000 Growth ETF,0.022,5,$123.59,1.08,$124.17,$102.14,21.57,$129.03
NVS,Novartis AG,0.022,5,$154.59,0.84,$156.79,$114.09,37.43,$165.46
CAG,Conagra Brands Inc.,0.022,3,$15.53,1.61,$14.77,$12.39,19.21,$19.59
NTRS,Northern Trust Corp.,0.022,3,$139.57,1.78,$187.86,$119.17,57.64,$191.60
SWK,Stanley Black & Decker Inc.,0.022,2,$71.06,1.50,$102.64,$59.87,71.44,$104.40
ZBRA,Zebra Technologies Corp.,0.022,2,$209.08,1.82,$378.08,$199.05,89.94,$383.63
PCVX,Vaxcyte Inc.,0.022,2,$58.11,0.93,$58.29,$29.51,97.53,$65.00
SD,SandRidge Energy Inc.,0.022,2,$16.31,0.94,$14.37,$10.12,42.00,$17.94
NOC,Northrop Grumman Corp.,0.022,2,$675.67,1.77,$577.89,$479.02,20.64,$770.61
KD,Kyndryl Holdings Inc,0.022,1,,1.82,$13.63,$10.10,34.95,$33.90
AKAM,Akamai Technologies Inc.,0.022,1,,1.82,$117.65,$70.42,67.07,$165.45
ACGL,Arch Capital Group Ltd.,0.022,1,,1.78,$98.25,$82.45,19.16,$107.09
VNT,Vontier Corp.,0.022,1,,1.81,$34.24,$27.23,25.74,$48.13
KSPI,Jsc Kaspi.kz ADR,0.021,5,$79.84,0.88,$94.00,$65.63,43.23,$97.50
FN,Fabrinet,0.021,4,$534.23,1.16,$527.07,$272.49,93.43,$748.89
OTIS,Otis Worldwide Corp.,0.021,4,$76.80,1.64,$72.87,$69.16,5.36,$94.00
XP,XP Inc.,0.021,2,$19.04,1.40,$16.20,$14.80,9.46,$22.83
DVA,DaVita HealthCare Partners,0.021,1,,1.76,$183.69,$101.00,81.87,$247.49
TTWO,Take-Two Interactive Software,0.021,1,,1.73,$253.57,$187.63,35.14,$265.94
JBLU,JetBlue Airways Corp.,0.021,1,,1.74,$5.64,$3.87,45.74,$6.62
MSTR,MicroStrategy Inc.,0.021,1,,1.70,$97.33,$81.81,18.97,$414.36
AESI,Atlas Energy Solutions Inc,0.021,1,,1.76,$11.78,$7.64,54.19,$20.13
COLD,Americold Realty Trust,0.021,1,,1.74,$14.59,$9.59,52.14,$16.88
G,Genpact Ltd.,0.020,5,$32.76,0.89,$34.13,$26.85,27.11,$48.12
CIGI,Colliers International Group Inc.,0.020,5,$102.01,0.91,$100.08,$88.24,13.42,$171.06
TRV,Travelers Companies Inc.,0.020,5,$291.68,0.67,$375.62,$249.31,50.66,$398.70
DNOW,NOW Inc.,0.020,4,$12.42,0.84,$16.65,$10.94,52.19,$17.26
HSIC,Henry Schein Inc.,0.020,4,$74.94,1.38,$88.08,$61.95,42.18,$92.18
RRX,Regal Rexnord Corp.,0.020,3,$187.26,1.65,$173.42,$127.19,36.35,$247.80
CMCO,Columbus McKinnon Corp.,0.020,3,$14.53,1.59,$19.31,$11.95,61.59,$24.13
MAA,Mid-America Apt Communties,0.020,2,$122.12,1.64,$132.34,$117.48,12.65,$142.76
ROK,Rockwell Automation Inc.,0.020,2,$407.64,1.04,$435.22,$324.12,34.28,$497.36
RLI,RLI Corp.,0.020,2,$58.38,1.08,$63.58,$45.27,40.45,$66.91
ABR,Arbor Realty Trust Inc.,0.020,2,$7.71,1.22,$5.36,$4.73,13.32,$11.39
HRB,H&R Block Inc.,0.020,2,$31.74,1.61,$45.93,$27.48,67.14,$53.62
ECPG,Encore Capital Group Inc.,0.020,1,,1.62,$94.92,$38.96,143.63,$101.80
FCX,Freeport-McMoran Inc.,0.020,1,,1.67,$70.51,$34.78,102.73,$72.10
AMRZ.SW,AMRIZE Ltd.,0.020,1,,1.62,,,,
ESRT,Empire State Realty Trust Inc.,0.020,1,,1.66,$4.64,$4.61,0.65,$7.90
TGT,Target Corp.,0.019,5,$129.24,1.21,$152.02,$81.83,85.78,$153.32
BNS,Bank of Nova Scotia,0.019,3,$72.25,1.28,$88.56,$53.54,65.41,$90.47
BATRK,Atlanta Braves Holdings Inc. Series C,0.019,2,$42.70,1.41,$50.04,$37.76,32.52,$53.25
ACMR,ACM Research Inc.,0.019,2,$39.35,1.52,$79.41,$23.87,232.68,$127.19
CRDO,Credo Technology Group Holdi,0.019,2,$93.87,1.17,$239.94,$86.49,177.42,$308.67
FUL,H.B. Fuller Co.,0.019,2,$61.61,1.49,$61.25,$48.30,26.81,$68.05
ARLP,Alliance Resource Partners LP,0.019,2,$27.17,1.34,$24.79,$20.15,23.03,$28.08
YOU,Clear Secure Inc.,0.019,2,$48.70,1.48,$51.21,$29.03,76.40,$69.07
VYM,Vanguard High Dvd Yield ETF,0.019,2,$157.25,1.42,$166.06,$131.54,26.24,$166.22
IBIT,Ishares Bitcoin Trust ETF,0.019,1,,1.58,$36.23,$32.84,10.32,$71.82
DGX,Quest Diagnostics,0.018,3,$195.98,1.46,$237.63,$168.97,40.63,$240.13
PAYC,Paycom Software Inc.,0.018,3,$123.28,0.70,$213.45,$104.33,104.59,$232.79
EXPE,Expedia Group Inc.,0.018,3,$230.89,1.44,$314.01,$184.55,70.15,$331.31
FDS,FactSet Research Systems,0.018,3,$219.17,0.65,$284.12,$183.16,55.12,$381.24
DEI,Douglas Emmett Inc.,0.018,3,$9.88,1.16,$11.54,$8.79,31.29,$15.90
KR,Kroger Co.,0.018,3,$71.44,1.38,$56.48,$54.15,4.30,$76.18
ADM,Archer-Daniels-Midland,0.018,2,$74.85,0.88,$80.49,$54.34,48.12,$88.46
EDU,New Oriental Education & Technology,0.018,1,,1.46,$58.05,$44.25,31.19,$64.22
TKR,Timken Co.,0.017,4,$101.52,1.37,$126.57,$69.80,81.33,$146.37
SNY,Sanofi Aventis,0.017,4,$48.18,0.78,$43.48,$40.89,6.33,$49.91
CTAS,Cintas Corp.,0.017,3,$170.05,1.38,$202.71,$160.72,26.13,$224.54
WRBY,Warby Parker Inc.,0.017,3,$21.14,1.39,$26.41,$14.96,76.54,$31.00
CLS,Celestica Inc,0.017,3,$281.66,1.30,$314.59,$173.23,81.60,$474.03
IR,Ingersoll Rand Inc.,0.017,2,$80.12,0.74,$86.63,$68.07,27.27,$100.91
ST,Sensata Technologies Holding,0.017,2,$38.17,1.04,$45.79,$27.99,63.59,$53.89
PTON,Peloton Interactive Inc.,0.017,1,,1.36,$5.51,$3.65,50.96,$9.20
ADT,ADT Inc.,0.017,1,,1.43,$7.51,$6.15,22.11,$8.73
UMBF,UMB Financial Corp.,0.017,1,,1.43,$146.11,$102.27,42.87,$150.00
BIDU,Baidu Inc.,0.016,4,$111.44,1.30,$109.50,$84.64,29.37,$165.30
ROL,Rollins Inc.,0.016,4,$44.13,0.57,$37.23,$36.17,2.93,$65.40
BXP,BXP Inc.,0.016,3,$63.11,1.05,$67.90,$48.54,39.88,$75.95
PINS,Pinterest Inc.,0.016,2,$18.34,1.04,$24.37,$13.84,76.08,$38.57
FOXA,Fox Corporation,0.016,2,$58.40,0.93,$63.42,$48.34,31.20,$76.02
CALM,Cal-Maine Foods Inc.,0.016,2,$79.16,1.28,$81.98,$70.97,15.51,$114.09
RGA,Reinsurance Group of America Inc.,0.016,2,$204.16,1.32,$242.10,$175.83,37.69,$248.13
SUPN,Supernus Pharmaceuticals,0.016,1,,1.28,$47.07,$40.32,16.74,$59.68
MYRG,MYR Group Inc.,0.016,1,,1.32,$330.31,$171.51,92.59,$503.57
SAM,Boston Beer Company,0.016,1,,1.34,$180.99,$158.68,14.06,$264.46
NICE,Nice Ltd Spon ADR,0.016,1,,1.32,$102.57,$83.10,23.43,$153.68
AQN,Algonquin Power & Utilities,0.016,1,,1.35,$5.66,$5.13,10.33,$6.95
AZO,AutoZone Inc.,0.016,1,,1.34,$3067.99,$2902.20,5.71,$4388.11
VLO,Valero Energy,0.016,1,,1.30,$314.95,$128.06,145.94,$319.01
HLN,Haleon Plc ADR,0.015,5,$9.94,0.81,$9.93,$8.59,15.60,$11.13
MAS,Masco Corp.,0.015,3,$60.37,0.69,$74.72,$57.76,29.36,$83.64
POOL,Pool Corp.,0.015,2,$202.33,1.04,$199.98,$172.68,15.81,$330.05
AMH,American Homes 4 Rent,0.015,2,$27.92,1.19,$34.13,$26.95,26.64,$35.07
NAMS,Newamsterdam Pharma Co Nv,0.015,2,$32.01,0.81,$27.98,$23.05,21.39,$42.21
SKY,Skyline Champion Corp.,0.015,2,$74.59,1.22,$92.99,$63.69,46.00,$99.17
CX,Cemex,0.015,2,$11.44,0.73,$11.30,$8.37,35.01,$13.64
MKTX,MarketAxess Holdings Inc.,0.015,2,$164.54,1.19,$162.50,$108.75,49.43,$194.89
BKR,Baker Hughes Co.,0.015,2,$61.05,1.20,$64.07,$41.31,55.10,$69.92
NTR,Nutrien Ltd.,0.015,2,$62.95,1.05,$66.31,$51.72,28.21,$83.98
ITIC,Investors Title Co.,0.015,2,$237.81,0.77,$285.83,$208.91,36.82,$297.31
DAR,Darling Ingredients Inc.,0.015,2,$61.85,1.16,$62.83,$29.15,115.54,$66.02
BATRA,Atlanta Braves Holdings Inc. Series A,0.015,1,,1.26,$53.29,$41.50,28.41,$58.37
ALAB,Astera Labs Inc,0.015,1,,1.22,$317.23,$97.89,224.07,$499.48
BR,Broadridge Financial Solutions,0.015,1,,1.26,$173.40,$133.83,29.57,$261.00
KRC,Kilroy Realty Corp.,0.015,1,,1.21,$37.15,$26.89,38.16,$42.39
MTH,Meritage Homes Corp.,0.015,1,,1.26,$71.97,$57.65,24.84,$85.38
FITB,Fifth Third Bancorp,0.014,4,$48.66,0.60,$57.13,$39.08,46.19,$59.50
BKD,Brookdale Senior Living Inc.,0.014,3,$13.93,1.03,$13.69,$7.03,94.74,$17.09
GD,General Dynamics,0.014,3,$354.24,1.05,$395.97,$305.43,29.64,$400.00
AR,Antero Resources,0.014,3,$42.44,1.08,$37.07,$29.10,27.39,$45.75
SU,Suncor Energy Inc.,0.014,3,$66.12,0.95,$62.73,$36.86,70.18,$69.83
FLUT,Flutter Entertainment Plc,0.014,3,$101.95,0.97,$94.27,$89.71,5.08,$309.41
WRB,W.R. Berkley Corp.,0.014,2,$66.39,1.12,$70.82,$62.31,13.66,$77.45
BAM,Brookfield Asset Management,0.014,2,$44.70,0.75,$52.84,$41.77,26.50,$61.11
ADPT,Adaptive Biotechnologies Corp.,0.014,2,$14.01,1.16,$25.45,$11.92,113.51,$26.16
AGCO,AGCO Corp.,0.014,2,$115.87,1.11,$100.87,$98.75,2.15,$143.11
EQR,Equity Residential,0.014,2,$67.69,1.08,$65.83,$56.30,16.93,$71.50
GFI,Gold Fields Ltd.,0.014,2,$43.27,0.91,$41.10,$28.11,46.21,$59.90
UGI,UGI Corp.,0.014,2,$36.42,1.15,$33.99,$30.66,10.86,$40.48
KN,Knowles Corp.,0.014,2,$25.96,1.10,$38.26,$19.67,94.51,$42.93
SBAC,SBA Communications Corp.,0.014,1,,1.14,$181.05,$161.43,12.15,$223.11
RWAY,Runway Growth Finance Corp,0.014,1,,1.12,$6.63,$5.19,27.75,$9.61
ALX,Alexander's Inc.,0.014,1,,1.15,$270.02,$190.65,41.63,$284.73
CASH,Meta Financial Group Inc.,0.014,1,,1.18,$87.04,$65.75,32.38,$101.20
LILAK,Liberty LiLAC Group C,0.014,1,,1.18,$8.43,$4.76,77.10,$8.84
PB,Prosperity Bancshares Inc.,0.014,1,,1.11,$73.34,$59.51,23.24,$75.87
FSV,Firstservice Corp,0.014,1,,1.14,$142.74,$119.15,19.80,$208.07
TPH-OLD,TRI Pointe Group,0.014,1,,1.18,$46.97,$28.72,63.54,$46.99
GL,Globe Life Inc.,0.013,3,$177.91,0.71,$183.26,$127.06,44.23,$191.55
WAL,Western Alliance Bancorp,0.013,2,$70.86,1.02,$80.48,$65.45,22.96,$96.24
BCS,Barclays plc ADR,0.013,2,$21.16,1.06,$27.98,$18.85,48.44,$28.37
AXS,Axis Capital Holdings Ltd.,0.013,2,$101.58,1.02,$101.79,$86.98,17.03,$119.99
AM,Antero Midstream Corp.,0.013,2,$22.80,1.04,$21.94,$16.41,33.70,$23.35
AYI,Acuity Brands Inc.,0.013,2,$282.95,1.03,$353.40,$256.71,37.67,$379.43
FMS,Fresenius Medical Care AG & Co KCaG,0.013,2,$22.61,1.00,$24.35,$19.24,26.56,$26.57
JAZZ,Jazz Pharmaceuticals plc,0.013,2,$240.97,1.10,$256.52,$110.26,132.65,$265.05
PRA-OLD,ProAssurance Corp.,0.013,1,,1.05,$24.99,$22.79,9.65,$25.02
YMM,Full Truck Alliance Spn ADR,0.013,1,,1.10,$9.70,$7.38,31.44,$13.69
AXTA,Axalta Coating Systems Ltd.,0.013,1,,1.07,$37.44,$24.94,50.12,$38.61
HWM,Howmet Aerospace Inc.,0.013,1,,1.06,$283.71,$169.10,67.78,$309.85
CLW,Clearwater Paper Corp.,0.013,1,,1.08,$22.83,$11.73,94.63,$23.59
XYZ,Block Inc.,0.013,1,,1.05,$78.98,$48.21,63.82,$86.75
ACIW,ACI Worldwide Inc.,0.013,1,,1.05,$52.85,$38.05,38.90,$61.08
BCO,Brink's Co.,0.013,1,,1.07,$110.51,$90.86,21.63,$135.75
WCN,Waste Connections,0.013,1,,1.05,$166.22,$146.58,13.40,$189.37
HRL,Hormel Foods Corp.,0.012,4,$22.65,0.79,$24.70,$19.47,26.86,$27.88
DOW,Dow Inc.,0.012,3,$27.36,1.00,$30.58,$19.39,57.71,$42.31
RELX,RELX plc,0.012,3,$33.06,0.94,$35.62,$26.84,32.71,$47.69
LXU,LSB Industries Inc.,0.012,2,$14.77,0.92,$10.09,$7.20,40.14,$17.22
SRTA,Strata Critical Medical Inc.,0.012,2,$4.20,1.00,$5.94,$3.85,54.29,$6.50
EXR,Extra Space Storage Inc.,0.012,2,$145.00,0.94,$146.66,$121.45,20.76,$158.88
PRM,Perimeter Solutions SA,0.012,2,$24.42,0.87,$34.54,$17.60,96.25,$38.17
GSHD,Goosehead Insurance Inc.,0.012,2,$42.66,0.69,$64.55,$33.68,91.66,$90.79
CPRX-OLD,Catalyst Pharmaceuticals Inc.,0.012,2,$24.76,0.84,$31.50,$19.05,65.35,$32.56
ELAN,Elanco Animal Health Inc.,0.012,2,$23.93,0.91,$22.28,$16.89,31.91,$27.98
SLDE,Slide Insurance Holdings Inc,0.012,1,,0.95,$20.66,$12.53,64.88,$23.00
OSG,Octave Specialty Group Inc.,0.012,1,,1.01,$4.67,$3.88,20.36,$10.38
VTOL,Bristow Group Inc.,0.012,1,,1.00,$46.53,$34.83,33.59,$50.23
PBF,PBF Energy Inc.,0.012,1,,1.01,$66.29,$20.74,219.62,$74.74
BBW,Build-A-Bear Workshop Inc.,0.012,1,,1.01,$37.26,$29.35,26.95,$74.33
MNRO,Monro Inc.,0.012,1,,0.95,$11.76,$11.66,0.86,$23.19
HAS,Hasbro Inc.,0.012,1,,0.98,$94.49,$67.83,39.30,$105.38
YPF,YPF S.A.,0.012,1,,0.95,$50.94,$22.82,123.23,$57.49
COST,Costco Co.,0.011,7,$968.23,0.40,$952.75,$840.35,13.38,$1094.76
MPC,Marathon Petroleum Corp.,0.011,3,$244.42,0.92,$320.32,$154.97,106.70,$326.92
VOYA,Voya Financial Inc.,0.011,2,$90.53,0.94,$100.23,$64.13,56.29,$103.85
EQNR,Equinor ASA,0.011,2,$42.20,0.89,$40.99,$21.74,88.55,$43.02
W,Wayfair Inc.,0.011,2,$92.42,0.90,$103.26,$55.60,85.72,$119.98
AMP,Ameriprise Financial Inc.,0.011,2,$444.40,0.89,$557.53,$419.52,32.90,$565.05
STUB,Stubhub Holdings Inc Class A,0.011,2,$6.24,0.83,$8.78,$5.74,52.96,$27.89
AAP,Advance Auto Parts,0.011,2,$62.22,0.80,$55.73,$37.33,49.29,$64.62
SHC,Sotera Health Co,0.011,1,,0.93,$18.97,$13.09,44.92,$19.85
LZAGY,Lonza Group Ag Unspon ADR,0.011,1,,0.92,$70.87,$57.99,22.21,$73.17
FWONA,Liberty Media Corp Formula One Series A,0.011,1,,0.94,$93.88,$73.70,27.38,$99.52
NDAQ,Nasdaq Inc.,0.011,1,,0.91,$95.62,$76.55,24.91,$101.10
ALG,Alamo Group Inc.,0.011,1,,0.92,$168.98,$145.46,16.17,$231.56
NWL,Newell Brands Inc.,0.011,1,,0.87,$5.90,$2.91,102.75,$7.13
PANW,Palo Alto Networks,0.011,1,,0.87,$385.04,$139.57,175.88,$385.17
SHEL,Shell plc,0.010,5,$78.89,0.59,$89.95,$67.38,33.50,$94.05
IVV,Ishares Core S&P 500 ETF,0.010,4,$676.60,0.57,$776.74,$628.53,23.58,$780.64
IJR,Ishares Core S&P Small Cap E,0.010,3,$148.32,0.84,$148.06,$109.17,35.62,$150.69
NESR,National Energy Services Reunited Corp.,0.010,3,$21.58,0.75,$35.79,$6.66,437.39,$36.60
FIGR,Figure Technology Solut Cl A,0.010,2,$33.95,0.81,$28.82,$24.11,19.54,$78.00
SOFI,SoFi Technologies Inc.,0.010,2,$15.91,0.79,$18.12,$14.88,21.77,$32.73
CFR,Cullen Frost Bankers,0.010,2,$153.18,0.72,$165.65,$116.34,42.38,$170.29
CFG,Citizens Financial Group Inc.,0.010,2,$59.97,0.77,$72.67,$45.42,60.00,$74.54
PHG,Koninklijke Philips Electronics NV,0.010,2,$27.40,0.83,$26.94,$23.85,12.96,$32.18
BAH,Booz Allen Hamilton Hldg Corp.,0.010,2,$77.62,0.82,$77.90,$59.50,30.92,$109.82
DUSA,Davis Select Us Equity ETF,0.010,1,,0.79,$57.58,$45.27,27.19,$58.53
CET,Central Securities Corp.,0.010,1,,0.82,$55.33,$45.94,20.44,$55.82
BALL,Ball Corp.,0.010,1,,0.83,$62.58,$44.35,41.10,$67.84
COLL,Collegium Pharmaceutical Inc.,0.010,1,,0.83,$27.20,$27.11,0.33,$50.79
FBTC,Fidelity Wise Origin Bitcoin,0.010,1,,0.78,$55.65,$50.48,10.24,$110.25
AD,Array Digital Infrastructure Inc.,0.010,1,,0.78,$35.06,$28.86,21.48,$46.04
WVE,Wave Life Sciences Ltd.,0.010,1,,0.86,$6.04,$5.02,20.32,$21.73
AIT,Applied Industrial Tech.,0.010,1,,0.81,$357.80,$237.08,50.92,$362.93
CNTA-OLD,Centessa Pharmaceuticals ADR,0.010,1,,0.86,$40.60,$12.74,218.68,$40.60
MLKN,MillerKnoll Inc.,0.009,4,$20.38,0.52,$24.08,$13.34,80.51,$24.71
IWR,Ishares Russell Mid Cap ETF,0.009,2,$107.13,0.53,$113.08,$90.78,24.56,$113.39
AMTM,Amentum Holdings Inc.,0.009,2,$26.08,0.70,$24.44,$19.80,23.43,$38.11
TEM,Tempus Ai Inc,0.009,2,$45.22,0.75,$55.06,$40.77,35.05,$104.32
FLS,Flowserve Corp.,0.009,2,$73.53,0.72,$79.49,$48.28,64.64,$91.86
LIND,Lindblad Expeditions Hldgs Inc.,0.009,2,$17.77,0.67,$33.04,$11.37,190.59,$34.95
QLYS,Qualys Inc.,0.009,2,$87.86,0.56,$185.80,$74.51,149.36,$201.54
TREX,Trex Company Inc.,0.009,2,$36.42,0.71,$48.17,$29.77,61.81,$66.06
EME,Emcor Group,0.009,1,,0.74,$809.33,$564.01,43.50,$951.47
FOA,Finance Of America Companies Inc.,0.009,1,,0.70,$21.82,$15.77,38.36,$29.79
OCFC,OceanFirst Financial Corp.,0.009,1,,0.72,$19.00,$15.67,21.25,$20.12
MPWR,Monolithic Power Systems,0.009,1,,0.76,$1381.10,$790.29,74.76,$1711.48
ZD,Ziff Davis Inc.,0.009,1,,0.75,$54.31,$22.45,141.92,$58.06
FR,First Industrial Realty Trust Inc.,0.009,1,,0.76,$63.03,$45.84,37.50,$69.88
ECVT,Ecovyst Inc.,0.009,1,,0.71,$10.08,$7.41,36.03,$15.09
EEFT,Euronet Worldwide Inc.,0.009,1,,0.74,$70.89,$62.50,13.42,$98.52
RIOT,Riot Blockchain Inc.,0.009,1,,0.70,$19.40,$11.04,75.72,$30.32
SMH,Semiconductor HOLDRs,0.009,1,,0.74,$569.41,$280.28,103.16,$671.83
ICFI,ICF International Inc.,0.009,1,,0.76,$91.51,$58.71,55.87,$100.97
CZR,Caesars Entertainment,0.009,1,,0.75,$30.07,$17.86,68.37,$30.88
CLX,Clorox Co.,0.008,5,$102.24,0.26,$107.70,$84.70,27.15,$127.30
MMM,3M Co.,0.008,4,$149.16,0.52,$182.04,$138.62,31.32,$184.90
LBRDA,Liberty Broadband Corp. CL A,0.008,3,$50.22,0.46,$36.06,$26.14,37.95,$65.40
BMI,Badger Meter Inc.,0.008,3,$150.43,0.31,$136.44,$111.72,22.13,$202.32
COMP,Compass Inc.,0.008,2,$7.31,0.44,$12.40,$6.37,94.66,$13.96
TTE,TotalEnergies SE,0.008,2,$77.76,0.69,$87.96,$56.15,56.65,$93.00
KT,KT Corp.,0.008,2,$17.28,0.37,$18.30,$17.13,6.83,$24.58
VBIL,Vanguard 0 3m T Bill ETF,0.008,2,$75.68,0.58,$75.55,$72.77,3.82,$75.56
RJF,Raymond James Financial Inc.,0.008,2,$144.79,0.66,$179.09,$138.33,29.47,$182.73
HPQ,HP Inc.,0.008,2,$19.21,0.44,$29.80,$17.07,74.58,$30.87
ITW,Illinois Tool Works,0.008,2,$270.47,0.67,$294.52,$234.38,25.66,$301.92
CBOE,CBOE Holdings Inc.,0.008,2,$276.12,0.54,$285.02,$227.15,25.48,$370.40
MBC,Masterbrand Inc,0.008,2,$9.63,0.46,$9.06,$6.61,37.07,$14.22
SMG,Scotts Miracle-Gro Co.,0.008,2,$60.81,0.66,$62.27,$50.49,23.33,$75.34
KALU,Kaiser Aluminum Corp.,0.008,2,$126.47,0.58,$187.10,$69.81,168.01,$195.12
KRYS,Krystal Biotech Inc.,0.008,1,,0.67,$331.59,$136.73,142.51,$382.54
IPGP,IPG Photonics Corp.,0.008,1,,0.65,$84.89,$71.38,18.93,$155.82
AGO,Assured Guaranty Ltd.,0.008,1,,0.67,$75.94,$72.76,4.37,$91.53
VNO,Vornado Realty Trust,0.008,1,,0.62,$38.89,$24.57,58.28,$42.43
IT,Gartner Inc.,0.008,1,,0.66,$193.17,$124.25,55.47,$265.85
D,Dominion Energy Inc.,0.008,1,,0.66,$67.15,$54.72,22.72,$72.99
TIC,Acuren Corporation,0.008,1,,0.66,$10.33,$6.36,62.42,$14.94
AS,Amer Sports Inc,0.008,1,,0.67,$36.17,$28.92,25.07,$42.76
VTV,Vanguard Value ETF,0.007,3,$217.93,0.60,$225.02,$173.65,29.58,$225.31
EQPT,Equipmentshare.com Inc A,0.007,3,$20.37,0.41,$19.75,$15.71,25.72,$35.50
T,AT&T Inc.,0.007,3,$28.99,0.48,$24.05,$19.63,22.52,$28.75
TIGO,Millicom Intl Cellular S.a.,0.007,3,$75.79,0.34,$95.88,$38.41,149.62,$107.13
TDY,Teledyne Technologies,0.007,3,$605.02,0.53,$690.25,$483.02,42.90,$697.67
BTI,British American Tobacco plc,0.007,3,$59.53,0.36,$57.05,$47.79,19.38,$66.38
JOYY,JOYY Inc.,0.007,2,$58.39,0.54,$74.88,$44.97,66.51,$76.68
RAL,Ralliant Corp.,0.007,2,$41.59,0.31,$69.39,$37.20,86.53,$75.41
AXSM,Axsome Therapeutics Inc.,0.007,2,$244.77,0.54,$220.89,$102.67,115.15,$260.19
TNC,Tennant Co.,0.007,2,$67.14,0.55,$69.27,$59.89,15.66,$91.93
ZIM,Zim Integrated Shipping Serv,0.007,2,$26.35,0.29,$25.21,$11.75,114.55,$29.30
LYFT,Lyft Inc.,0.007,1,,0.61,$17.26,$12.46,38.52,$25.54
TX,Ternium S.A.,0.007,1,,0.54,$54.80,$29.79,83.95,$55.26
AAON,AAON Inc.,0.007,1,,0.61,$89.24,$61.74,44.54,$150.36
EXPD,Expeditors Int'l,0.007,1,,0.55,$179.00,$111.78,60.14,$187.74
MEOH,Methanex Corp.,0.007,1,,0.57,$55.23,$31.63,74.61,$66.53
DTE,DTE Energy Co.,0.007,1,,0.58,$136.78,$124.26,10.08,$155.75
CTRN,Citi Trends Inc.,0.007,1,,0.61,$74.17,$29.20,154.01,$77.91
WEX,WEX Inc.,0.007,1,,0.58,$186.45,$125.29,48.81,$192.37
EPAM,EPAM Systems Inc.,0.007,1,,0.54,$97.37,$73.06,33.27,$222.53
WLTH,Wealthfront Corp,0.007,1,,0.61,$9.52,$7.20,32.22,$14.88
MMSI,Merit Medical Systems Inc.,0.007,1,,0.57,$89.75,$59.74,50.23,$94.75
FSLR,First Solar Inc.,0.007,1,,0.60,$239.33,$176.47,35.62,$320.95
SBSI,Southside Bancshares Inc.,0.007,1,,0.59,$31.96,$25.41,25.78,$36.20
NGG,National Grid Plc Sp ADR,0.007,1,,0.56,$79.48,$64.85,22.56,$92.22
KRSP,Rice Acquisition Corp 3 A,0.007,1,,0.57,$10.47,$10.21,2.55,$11.89
NWG,NatWest Group Plc,0.007,1,,0.55,$19.18,$13.00,47.54,$19.42
UPBD,Upbound Group Inc.,0.007,1,,0.57,$19.22,$14.83,29.60,$25.85
BXC,BlueLinx Holdings Inc.,0.007,1,,0.57,$91.41,$44.78,104.13,$91.85
EMR,Emerson Electric,0.006,4,$140.26,0.26,$158.71,$122.14,29.94,$164.87
RNR,RenaissanceRe Holdings Ltd.,0.006,3,$303.66,0.35,$318.42,$230.19,38.33,$335.97
DCI,Donaldson Co.,0.006,3,$85.19,0.43,$96.74,$70.81,36.62,$112.42
PLAY,Dave & Buster's Ent. Inc.,0.006,2,$10.83,0.47,$9.85,$9.40,4.79,$26.72
QRVO,Qorvo Inc.,0.006,2,$93.27,0.51,$97.00,$74.92,29.47,$109.49
FRFHF,Fairfax Financial Holdings Ltd.,0.006,2,$1677.85,0.31,$1703.03,$1500.00,13.54,$1933.22
ING,ING Group NV,0.006,2,$26.16,0.49,$35.24,$22.47,56.83,$35.77
KFY,Korn Ferry,0.006,2,$64.18,0.33,$83.64,$57.98,44.26,$85.69
BEKE,KE Holdings Inc.,0.006,2,$14.64,0.38,$17.65,$13.81,27.81,$20.60
GLOB,Globant S.A.,0.006,2,$28.94,0.33,$38.55,$27.56,39.88,$79.67
HON,Honeywell Int'l Inc.,0.006,2,$226.03,0.48,$242.93,$186.58,30.20,$252.00
DINT,Davis Select International,0.006,1,,0.48,$30.42,$25.29,20.28,$30.75
PAGS,PagSeguro Digital Ltd.,0.006,1,,0.50,$9.08,$7.88,15.23,$12.03
ZTO,ZTO Express,0.006,1,,0.48,$23.93,$17.19,39.21,$25.97
PUK,Prudential Plc ADR,0.006,1,,0.46,$28.22,$24.61,14.67,$33.59
SHAZ,Sharonai Holdings Inc,0.006,1,,0.53,$52.70,$1.90,2673.68,$178.00
THG,Hanover Insurance Group,0.006,1,,0.46,$225.75,$162.15,39.22,$236.07
OCSL,Oaktree Specialty Lending Corp,0.006,1,,0.49,$12.73,$10.33,23.23,$13.11
ANDG,Andersen Group Inc A,0.006,1,,0.47,$49.12,$18.12,171.08,$50.48
MLCO,Melco Resorts & Entertainment,0.006,1,,0.50,$5.46,$5.07,7.69,$10.15
TAL,TAL Education Group,0.006,1,,0.49,$12.50,$8.88,40.77,$13.37
GCMG,Gcm Grosvenor Inc Class A,0.006,1,,0.48,$13.82,$9.20,50.22,$14.38
KWEB,Kraneshares Csi China Intern,0.006,1,,0.52,$29.12,$23.23,25.36,$40.87
HTZ,Hertz Global Hldgs Inc.,0.006,1,,0.51,$2.12,$1.45,46.21,$8.18
VYX,NCR Voyix Corp.,0.006,1,,0.49,$7.93,$6.02,31.73,$13.82
HDB,HDFC Bank Ltd.,0.005,6,$25.16,0.12,$23.45,$22.26,5.35,$37.19
UL,Unilever PLC,0.005,5,$59.07,0.22,$62.86,$53.97,16.47,$73.09
CCK,Crown Holdings,0.005,5,$110.57,0.19,$120.31,$88.12,36.53,$122.91
LITE,Lumentum Holdings Inc.,0.005,3,$702.75,0.42,$813.51,$111.20,631.57,$1085.68
HLT,Hilton Worldwide Holdings,0.005,3,$304.08,0.22,$311.00,$253.16,22.85,$358.00
LPX,Louisiana-Pacific Corp.,0.005,3,$73.31,0.21,$74.39,$66.12,12.51,$101.39
BIL,SPDR Bloomberg 1 3 Month T B,0.005,3,$91.64,0.26,$91.48,$88.17,3.75,$91.49
HPE,Hewlett Packard Enterprise,0.005,2,$23.81,0.44,$54.68,$19.62,178.70,$64.06
BWXT,BWX Technologies Inc.,0.005,2,$194.65,0.37,$168.88,$156.77,7.72,$241.50
CYD,China Yuchai Intl Ltd.,0.005,2,$38.72,0.43,$46.15,$26.79,72.27,$60.28
IDA,IDACORP Inc. Hldg. Co.,0.005,2,$143.16,0.44,$139.69,$119.22,17.17,$153.97
HAL,Halliburton Co.,0.005,2,$33.95,0.39,$33.64,$19.93,68.79,$43.41
HALO,Halozyme Therapeutics,0.005,2,$78.26,0.45,$102.62,$61.23,67.60,$104.77
TEO,Telecom Argentina S.A.,0.005,1,,0.44,$14.30,$6.29,127.34,$16.34
EMBC,Embecta Corp,0.005,1,,0.43,$4.99,$2.76,80.80,$15.08
SNN,Smith & Nephew plc,0.005,1,,0.37,$30.08,$28.56,5.32,$37.90
DWLD,Davis Select Worldwide ETF,0.005,1,,0.39,$48.56,$41.12,18.09,$49.48
SPRY,Ars Pharmaceuticals Inc,0.005,1,,0.39,$5.91,$4.91,20.37,$17.54
ORKA,Oruka Therapeutics Inc,0.005,1,,0.37,$105.14,$12.84,718.85,$105.31
NBIX,Neurocrine Biosciences Inc.,0.005,1,,0.40,$164.92,$122.14,35.03,$186.12
WK,Workiva Inc.,0.005,1,,0.44,$67.32,$43.34,55.33,$97.10
CNO,CNO Financial Group Inc.,0.005,1,,0.37,$55.29,$36.08,53.24,$57.59
GNE,Genie Energy Ltd.,0.005,1,,0.44,$14.48,$12.62,14.74,$16.34
SARO,Standardaero Inc,0.005,1,,0.41,$28.33,$23.83,18.88,$34.48
LKFT,Lakefront Biotherapeutics,0.005,1,,0.45,$26.91,$25.68,4.79,$37.78
PRG,PROG Holdings Inc.,0.005,1,,0.40,$42.20,$25.57,65.04,$47.73
PIPR,Piper Sandler Companies,0.005,1,,0.43,$74.87,$68.52,9.27,$93.05
DT,Dynatrace Inc.,0.005,1,,0.43,$50.57,$31.64,59.83,$53.29
SNDX,Syndax Pharmaceuticals Inc.,0.005,1,,0.43,$20.37,$12.10,68.35,$25.59
HTZWW,Hertz Global Hldgs Inc. WTS,0.005,1,,0.43,$1.03,$0.70,47.14,$4.13
FRPH,FRP Holdings Inc.,0.005,1,,0.38,$21.64,$20.53,5.41,$26.99
CART,Maplebear Inc,0.005,1,,0.45,$50.56,$32.73,54.48,$52.31
SMPL,Simply Good Foods Co.,0.005,1,,0.38,$10.81,$9.88,9.41,$30.36
FND,Floor & Decor Holdings,0.005,1,,0.43,$59.17,$42.64,38.77,$92.41
DMAC,DiaMedica Therapeutics Inc.,0.005,1,,0.45,$6.65,$4.39,51.48,$10.42
PKG,Packaging Corp. of America,0.005,1,,0.39,$254.75,$187.92,35.56,$258.81
DFNL,Davis Select Financial ETF,0.005,1,,0.44,$52.32,$42.44,23.28,$52.98
PRDO,Perdoceo Education Corp.,0.005,1,,0.39,$31.43,$26.27,19.64,$38.32
TWFG,Twfg Inc,0.005,1,,0.37,$27.64,$16.56,66.91,$29.99
VTI,Vanguard Total Stock Mkt ETF,0.004,5,$339.75,0.19,$381.63,$307.65,24.05,$383.29
SHG,Shinhan Financial Group Company,0.004,3,$62.02,0.19,$74.03,$46.26,60.03,$77.54
ONB,Old National Bancorp,0.004,3,$24.84,0.22,$26.52,$19.04,39.29,$27.36
SMFG,Sumitomo Mitsui Spons ADR,0.004,2,$19.75,0.31,$25.32,$15.18,66.80,$26.67
PBR.A,Petroleo Brasil Sp Pref ADR,0.004,2,$18.75,0.35,$16.44,$10.47,57.02,$19.88
NOVT,Novanta Inc.,0.004,2,$162.28,0.27,$163.86,$98.27,66.74,$176.38
AFL,AFLAC Inc.,0.004,2,$110.99,0.29,$121.94,$101.12,20.59,$130.22
NOG,Northern Oil and Gas Inc.,0.004,2,$29.24,0.28,$23.49,$17.18,36.73,$29.99
MDY,SPDR S&P Midcap 400 ETF Trst,0.004,2,$700.86,0.34,$706.98,$561.56,25.90,$710.42
NTES,NetEase.com Inc.,0.004,2,$111.94,0.22,$133.41,$105.44,26.53,$156.41
SMIN,Ishares Msci India Small Cap,0.004,1,,0.35,$71.49,$57.78,23.73,$74.41
ALNY,Alnylam Pharmaceuticals,0.004,1,,0.35,$216.98,$197.81,9.69,$495.55
SOPH,Sophia Genetics SA,0.004,1,,0.30,$7.67,$2.96,159.12,$7.88
SWIM,Latham Group Inc,0.004,1,,0.29,$7.31,$4.64,57.54,$8.97
PCAR,PACCAR Inc.,0.004,1,,0.36,$131.24,$90.27,45.39,$139.24
JGRW,Jensen Quality Growth ETF,0.004,1,,0.36,$28.83,$23.56,22.37,$28.96
IVVD,Invivyd Inc.,0.004,1,,0.29,$0.67,$0.48,39.58,$3.07
MINE,Mayfair Gold Corp,0.004,1,,0.32,$2.82,$2.16,30.56,$4.88
PHVS,Pharvaris NV,0.004,1,,0.29,$34.84,$19.56,78.12,$36.60
XEL,Xcel Energy Inc.,0.004,1,,0.33,$76.87,$67.09,14.58,$83.22
KMT,Kennametal Inc.,0.004,1,,0.35,$31.59,$19.53,61.75,$43.57
CRWV,Coreweave Inc Cl A,0.004,1,,0.30,$88.19,$60.55,45.65,$153.20
INFY,Infosys Ltd.,0.004,1,,0.32,$12.56,$10.30,21.94,$29.37
CDLX,Cardlytics Inc.,0.004,1,,0.31,$3.80,$3.49,8.88,$32.80
BRBR,BellRing Brands Inc. CL A,0.004,1,,0.32,$11.38,$7.82,45.52,$43.02
AGI,Alamos Gold Inc.,0.004,1,,0.31,$33.19,$25.22,31.60,$55.30
TCHP,T Rowe Price Blue Chip Growth ETF,0.004,1,,0.31,$51.42,$42.26,21.68,$53.26
MANE,Veradermics Inc,0.004,1,,0.30,$110.75,$32.00,246.09,$131.24
GLPI,Gaming and Leisure Properties Inc.,0.004,1,,0.33,$42.81,$39.81,7.54,$48.30
CCU,Compania Cervecerias Unidas SA,0.004,1,,0.30,$12.12,$10.56,14.77,$15.15
L,Loews Corp.,0.004,1,,0.30,$113.80,$93.03,22.33,$121.01
WB,Weibo Corp.,0.004,1,,0.29,$7.98,$7.09,12.55,$12.11
SION,Sionna Therapeutics Inc,0.004,1,,0.36,$4.50,$4.01,12.22,$54.97
EVLV,Evolv Technologies Holdings,0.004,1,,0.34,$5.86,$4.87,20.33,$8.91
TRP,TC Energy,0.004,1,,0.31,$63.33,$47.26,34.00,$70.90
FCN,FTI Consulting Inc.,0.004,1,,0.30,$150.87,$137.65,9.60,$189.30
COYA,Coya Therapeutics Inc,0.004,1,,0.29,$4.64,$3.71,25.07,$7.75
ZM,Zoom Video Communications Inc.,0.004,1,,0.32,$107.20,$69.15,55.03,$114.74
VUG,Vanguard Growth ETF,0.003,5,$86.16,0.13,$89.18,$69.56,28.21,$90.50
VWO,Vanguard FTSE Emerging Marke,0.003,4,$59.22,0.22,$60.33,$49.21,22.60,$61.52
RSP,Invesco S&P 500 Equal Weight,0.003,4,$193.41,0.21,$220.22,$179.29,22.83,$221.09
SNPS,Synopsys Inc.,0.003,4,$430.99,0.16,$411.68,$366.00,12.48,$628.89
SEIC,SEI Investments,0.003,3,$83.78,0.12,$104.72,$74.64,40.30,$107.00
ERO,Ero Copper Corp,0.003,3,$26.67,0.21,$36.54,$13.37,173.30,$39.80
NUE,Nucor Corp.,0.003,3,$173.09,0.25,$274.61,$130.11,111.06,$280.11
AUR,Aurora Innovation Inc.,0.003,3,$4.12,0.20,$6.98,$3.60,93.89,$8.57
BC,Brunswick Corp.,0.003,3,$74.08,0.22,$80.43,$54.53,47.50,$89.29
UHAL,U-Haul Holding Co.,0.003,3,$47.78,0.21,$74.01,$41.95,76.42,$76.45
ALL,Allstate Corp.,0.003,3,$237.94,0.28,$269.67,$185.28,45.55,$277.22
VIG,Vanguard Dividend Apprec ETF,0.003,3,$219.90,0.20,$245.79,$203.09,21.03,$246.06
ARCO,Arcos Dorados Holdings Inc.,0.003,2,$8.06,0.26,$8.07,$6.38,26.49,$9.67
MX,MagnaChip Semiconductor Corp.,0.003,2,$2.80,0.19,$3.66,$2.18,67.89,$9.86
SEI,Solaris Energy Infrastructure Inc.,0.003,2,$62.25,0.19,$58.60,$24.32,140.95,$86.19
VLTO,Veralto Corp.,0.003,2,$88.43,0.25,$97.11,$79.91,21.52,$109.53
ASB,Associated Banc-Corp,0.003,2,$29.40,0.18,$31.35,$22.91,36.84,$32.00
THO,Thor Industries,0.003,2,$77.06,0.15,$79.51,$69.23,14.85,$121.16
VO,Vanguard Mid Cap ETF,0.003,2,$79.63,0.25,$82.73,$68.69,20.44,$83.34
CNXC,Concentrix Corp.,0.003,2,$22.41,0.22,$25.50,$18.81,35.57,$55.22
COLB,Columbia Banking System Inc.,0.003,2,$32.05,0.20,$31.26,$22.75,37.41,$33.68
GLBAV-OLD,GCI Liberty Inc. Series A,0.003,2,$36.85,0.15,,,,
HAFN,Hafnia Ltd,0.003,2,$6.69,0.21,$7.49,$4.77,57.02,$9.18
VIST,"Vista Oil & Gas, S.A.B. de C.V.",0.003,2,$75.47,0.21,$68.36,$31.63,116.12,$81.44
ALSN,Allison Transmission Holdings,0.003,2,$114.03,0.19,$124.52,$75.38,65.19,$137.28
VALE,Vale SA,0.003,2,$15.91,0.21,$14.89,$9.35,59.25,$17.94
GLDM,SPDR Gold Minishares Trust,0.003,1,,0.27,$86.81,$65.64,32.25,$109.74
JKHY,Jack Henry & Associates Inc.,0.003,1,,0.26,$155.08,$121.04,28.12,$191.83
CNP,CenterPoint Energy,0.003,1,,0.23,$40.03,$36.00,11.19,$45.26
GIII,G-III Apparel Group,0.003,1,,0.22,$35.14,$23.79,47.71,$37.54
CGAU,Centerra Gold Inc,0.003,1,,0.27,$21.33,$6.60,223.18,$21.52
SPYM,Ste Str SPDR Pt S&P 500 ETF,0.003,1,,0.24,$91.00,$73.86,23.21,$91.44
VSTM,Verastem Inc.,0.003,1,,0.27,$6.79,$3.43,97.96,$11.25
SDGR,SCHRODINGER Inc.,0.003,1,,0.25,$18.77,$10.95,71.42,$23.02
ORIC,ORIC Pharmaceuticals Inc.,0.003,1,,0.21,$13.62,$7.23,88.38,$14.93
HGTY,Hagerty Inc.,0.003,1,,0.27,$13.12,$9.36,40.17,$14.00
BMM,Blue Moon Metals Inc,0.003,1,,0.25,$5.55,$3.47,59.94,$8.63
GDXJ,Vaneck Junior Gold Miners,0.003,1,,0.28,$118.78,$68.43,73.58,$157.49
SFM,Sprouts Farmers Market Inc.,0.003,1,,0.23,$85.33,$64.75,31.78,$152.25
TRMLF,Tourmaline Oil Corp,0.003,1,,0.23,$42.43,$38.60,9.92,$50.79
LBRT,Liberty Oilfield Services Inc.,0.003,1,,0.25,$21.13,$9.79,115.83,$34.38
FBAK,First National Bank Alaska,0.003,1,,0.26,$202.54,$165.01,22.74,$211.60
ATKR,Atkore International Group Inc.,0.003,1,,0.24,$93.75,$52.42,78.84,$93.88
OPTU,Optimum Communications Inc.,0.003,1,,0.22,$0.78,$0.58,34.48,$2.79
NTB,Bank of N.T. Butterfield & Son Ltd,0.003,1,,0.26,$62.53,$39.41,58.67,$62.55
BATL,Battalion Oil Corp.,0.003,1,,0.27,$1.41,$1.00,41.00,$29.70
OVV,Ovintiv Inc.,0.003,1,,0.26,$63.56,$34.83,82.49,$64.61
PSLV,Sprott Physical Silver Trust,0.003,1,,0.21,$21.60,$12.61,71.29,$38.13
COO,Cooper Cos Inc,0.003,1,,0.25,$76.32,$58.89,29.60,$89.83
SLQT,Selectquote Inc.,0.003,1,,0.22,$0.70,$0.56,25.00,$2.77
PLOW,Douglas Dynamics,0.003,1,,0.22,$42.66,$27.89,52.96,$55.00
INBX,Inhibrx,0.003,1,,0.27,$93.11,$20.57,352.65,$155.29
INDA,iShares MSCI India ETF,0.003,1,,0.26,$50.14,$45.21,10.90,$55.50
SMRT,SmartRent Inc.,0.003,1,,0.26,$1.36,$0.91,49.45,$2.20
MO,Altria Group Inc.,0.002,5,$65.99,0.13,$65.54,$53.01,23.64,$77.06
ROST,Ross Stores Inc.,0.002,4,$213.74,0.09,$254.83,$142.48,78.85,$257.00
IWD,Ishares Russell 1000 Value E,0.002,4,$241.31,0.12,$258.31,$191.66,34.78,$258.44
OEC,Orion SA,0.002,3,$6.60,0.09,$6.88,$4.28,60.75,$10.73
AIR,AAR Corp.,0.002,3,$120.62,0.10,$142.69,$71.67,99.09,$154.00
AEBI,Aebi Schmidt Holding Ag,0.002,3,$12.55,0.16,$12.75,$8.89,43.42,$15.90
APA,APA Corp.,0.002,3,$42.44,0.11,$41.02,$19.10,114.76,$45.04
ACWI,iShares MSCI ACWI ETF,0.002,3,$154.03,0.16,$161.10,$127.86,26.00,$161.72
AMT,American Tower Corp.,0.002,3,$172.58,0.14,$169.11,$160.06,5.65,$206.80
IWN,Ishares Russell 2000 Value E,0.002,3,$195.13,0.14,$224.29,$157.73,42.20,$227.31
HUN,Huntsman Corp.,0.002,3,$10.76,0.16,$10.36,$7.15,44.90,$16.09
SNA,Snap-On Inc.,0.002,3,$363.21,0.13,$411.11,$311.05,32.17,$423.02
PAAS,Pan American Silver Corp.,0.002,2,$45.78,0.18,$51.80,$30.29,71.01,$69.58
MANH,Manhattan Associates,0.002,2,$133.55,0.13,$195.69,$119.06,64.36,$220.72
FIX,Comfort Systems USA Inc.,0.002,2,$1981.92,0.20,$1674.84,$654.96,155.72,$2073.18
SMHI,SEACOR Marine Holdings Inc.,0.002,2,$7.19,0.18,$9.69,$5.55,74.59,$9.75
MTDR,Matador Resources Co.,0.002,2,$49.79,0.14,$52.23,$35.98,45.16,$65.88
MSM,MSC Industrial Direct,0.002,2,$117.04,0.13,$122.93,$76.68,60.32,$130.46
PLXS,Plexus Corp.,0.002,2,$237.59,0.09,$267.68,$126.86,111.00,$307.06
LPG,Dorian LPG Ltd,0.002,2,$34.79,0.11,$44.46,$22.18,100.45,$47.88
CECO,CECO Environmental Corp.,0.002,2,$90.74,0.11,$70.38,$42.78,64.52,$101.24
MT,ArcelorMittal,0.002,2,$51.98,0.17,$73.90,$31.50,134.60,$75.51
TWLO,Twilio Inc.,0.002,2,$130.56,0.16,$250.06,$91.84,172.28,$255.57
IBN,ICICI Bank Ltd.,0.002,2,$26.11,0.14,$30.08,$24.87,20.95,$33.11
VREX,Varex Imaging Corp.,0.002,2,$10.43,0.13,$18.46,$9.09,103.08,$18.49
MORN,Morningstar Inc.,0.002,1,,0.17,$201.03,$141.06,42.51,$263.33
RCKT,Rocket Pharmaceuticals Inc.,0.002,1,,0.15,$3.64,$2.53,43.87,$5.45
HR,Healthcare Realty Trust Inc.,0.002,1,,0.13,$19.64,$15.53,26.46,$22.04
VRM,Vroom Inc,0.002,1,,0.20,$9.78,$6.80,43.82,$30.00
WSFS,WSFS Financial Corp.,0.002,1,,0.20,$80.57,$49.37,63.20,$82.74
HTLD,Heartland Express,0.002,1,,0.16,$11.75,$6.96,68.82,$16.61
AEG,Aegon Ltd,0.002,1,,0.20,$9.45,$6.56,44.05,$9.61
BWX,State Street SPDR Bloomberg,0.002,1,,0.16,$21.79,$21.24,2.59,$22.92
LILA,Liberty LiLAC Group A,0.002,1,,0.17,$8.51,$4.73,79.92,$8.88
MOAT,Vaneck Morningstar Wide Moat,0.002,1,,0.15,$113.03,$94.07,20.16,$113.05
BTE,Baytex Energy Corp.,0.002,1,,0.17,$4.38,$1.90,130.53,$5.34
WU,Western Union Co.,0.002,1,,0.16,$7.03,$6.27,12.12,$9.78
KOP,Koppers Holdings Inc.,0.002,1,,0.14,$50.54,$24.82,103.63,$53.00
SHOE,Shoe Carnival Inc.,0.002,1,,0.13,$16.11,$14.00,15.07,$25.61
QURE,uniQure NV,0.002,1,,0.13,$46.06,$8.73,427.61,$71.50
RF,Regions Financial Corp.,0.002,1,,0.16,$31.46,$22.04,42.74,$32.47
FINV,Finvolution Group ADR,0.002,1,,0.14,$4.72,$4.24,11.32,$9.15
HXL,Hexcel Corp.,0.002,1,,0.14,$100.83,$59.30,70.03,$111.54
IGOV,Ishares International Treasu,0.002,1,,0.16,$41.19,$40.27,2.28,$43.12
FSM,Fortuna Mining Corp.,0.002,1,,0.15,$10.73,$6.35,68.98,$13.85
BULL,Webull Corp,0.002,1,,0.14,$7.26,$4.50,61.33,$17.08
DMRA,Damora Therapeutics Inc.,0.002,1,,0.17,$29.54,$2.45,1105.71,$38.33
NTNX,Nutanix Inc.,0.002,1,,0.17,$64.46,$34.01,89.53,$82.42
BNTX,Biontech Se ADR,0.002,1,,0.18,$92.80,$79.52,16.70,$124.00
PFG,Principal Financial Group,0.002,1,,0.15,$113.81,$73.45,54.95,$116.61
ADNT,Adient plc,0.002,1,,0.20,$18.71,$17.68,5.83,$27.32
LEGH,Legacy Housing Corp.,0.002,1,,0.19,$28.42,$18.29,55.39,$31.34
MMI,Marcus & Millichap Inc.,0.002,1,,0.20,$30.67,$24.20,26.74,$33.04
MGPI,MGP Ingredients Inc.,0.002,1,,0.13,$17.79,$15.72,13.17,$30.06
CLFD,Clearfield Inc.,0.002,1,,0.20,$28.79,$23.76,21.17,$52.73
ZG,Zillow Group Inc. CL A,0.002,1,,0.19,$34.07,$29.03,17.36,$90.22
MBUU,Malibu Boats Inc.,0.002,1,,0.14,$28.95,$23.84,21.43,$39.65
BUDFF,Anheuser Busch Inbev SA NV,0.002,1,,0.15,$84.28,$57.09,47.63,$86.78
VSS,Vanguard FTSE All Wo X Us Sc,0.002,1,,0.19,$158.38,$132.08,19.91,$162.02
RERE,AiHuiShou International Co. Ltd. ADS,0.002,1,,0.20,$4.55,$3.50,30.00,$6.32
WGO,Winnebago Industries Inc.,0.002,1,,0.16,$32.05,$26.80,19.59,$49.03
ILLUU,Illumination Acquisition Cor,0.002,1,,0.17,$10.04,$9.90,1.41,$10.09
FNDF,Schwab Fndmn Intl Lrg Co ETF,0.002,1,,0.16,$54.92,$39.82,37.92,$55.31
DOCN,DigitalOcean Holdings Inc.,0.002,1,,0.14,$129.73,$28.79,350.61,$187.50
RUSHB,Rush Enterprises Inc. - CL B,0.002,1,,0.16,$77.98,$47.43,64.41,$81.52
LAB,Standard Biotools Inc,0.002,1,,0.15,$0.79,$0.70,12.86,$1.72
SCSC,ScanSource Inc.,0.002,1,,0.17,$53.99,$33.76,59.92,$59.60
EVTC,EVERTEC Inc.,0.002,1,,0.19,$29.64,$21.73,36.40,$37.44
XLE,Energy Select Sector SPDR,0.002,1,,0.19,$60.18,$40.78,47.57,$63.01
DOCS,Doximity Inc.,0.002,1,,0.13,$25.63,$17.15,49.45,$76.51
JBTM,JBT Marel Corp.,0.001,3,$130.99,0.08,$122.41,$113.58,7.77,$169.95
LTH,Life Time Group Holdings Inc,0.001,3,$32.15,0.05,$42.46,$24.14,75.89,$47.24
VT,Vanguard Tot World Stk ETF,0.001,3,$140.65,0.05,$160.97,$129.00,24.78,$162.00
VB,Vanguard Small Cap ETF,0.001,3,$286.46,0.03,$305.18,$235.87,29.38,$306.54
CW,Curtiss-Wright Corp.,0.001,3,$694.60,0.05,$694.35,$464.78,49.39,$808.16
JHX,James Hardie Industries PLC,0.001,3,$18.94,0.05,$30.43,$16.46,84.87,$30.99
CAH,Cardinal Health Inc.,0.001,3,$211.26,0.08,$237.18,$136.33,73.97,$244.87
KB,Kb Financial Group Inc ADR,0.001,3,$99.74,0.06,$120.73,$76.31,58.21,$125.66
HRI,HERC Holdings Inc.,0.001,3,$134.58,0.04,$169.76,$88.00,92.91,$186.52
XLK,Technology Select Sect SPDR,0.001,3,$178.91,0.04,$186.32,$126.53,47.25,$198.49
ONON,On Holding AG,0.001,3,$34.42,0.05,$38.78,$31.41,23.46,$52.20
GIS,General Mills,0.001,3,$36.75,0.04,$37.26,$31.21,19.38,$48.32
MOS,Mosaic Co.,0.001,3,$25.50,0.04,$23.47,$19.80,18.54,$35.99
ASTE,Astec Industries,0.001,3,$60.14,0.03,$43.04,$40.16,7.17,$65.33
RKLB,Rocket Lab Corp.,0.001,2,$101.58,0.07,$80.04,$37.57,113.04,$151.00
RRC,Range Resources Corp.,0.001,2,$45.24,0.07,$40.29,$32.28,24.81,$48.18
LEVI,Levi Strauss & Co.,0.001,2,$23.56,0.08,$23.61,$17.50,34.91,$25.70
BHE,Benchmark Electronics,0.001,2,$92.59,0.06,$81.26,$35.59,128.32,$100.41
MAMA,Mama's Creations Inc,0.001,2,$17.85,0.04,$17.67,$7.88,124.24,$21.00
QQQM,Invesco Nasdaq 100 ETF,0.001,2,$259.30,0.04,$296.85,$228.49,29.92,$307.85
AZZ,AZZ Inc.,0.001,2,$131.71,0.07,$152.25,$92.36,64.84,$161.93
BKH,Black Hills,0.001,2,$70.52,0.07,$73.70,$56.42,30.63,$77.95
RDNT,RadNet Inc.,0.001,2,$57.05,0.08,$77.28,$50.82,52.07,$85.84
MRVI,Maravai LifeSciences Holdings Inc.,0.001,2,$4.54,0.04,$6.07,$2.03,199.01,$7.44
BSM,Black Stone Minerals L.P.,0.001,2,$13.97,0.09,$14.38,$10.79,33.27,$14.81
AMN,AMN Healthcare Services,0.001,2,$32.36,0.09,$36.60,$14.97,144.49,$37.22
HL,Hecla Mining Co.,0.001,2,$18.25,0.07,$17.55,$7.24,142.40,$34.16
NUVB,Nuvation Bio Inc.,0.001,2,$4.29,0.12,$6.60,$2.18,202.75,$9.75
ESI,Element Solutions Inc.,0.001,2,$42.31,0.03,$37.27,$22.69,64.26,$49.25
BTG,B2Gold Corp.,0.001,2,$3.86,0.06,$5.06,$3.42,47.95,$6.23
ZGN,Ermenegildo Zegna Nv,0.001,2,$10.94,0.04,$14.80,$7.61,94.48,$15.95
VECO,Veeco Instruments,0.001,2,$75.80,0.06,$49.34,$23.31,111.67,$86.63
FTI,TechnipFMC plc,0.001,2,$68.69,0.06,$74.13,$34.18,116.88,$77.92
PLTR,Palantir Technologies Inc.,0.001,2,$136.46,0.04,$175.23,$106.37,64.74,$207.52
QQQ,Invesco Qqq Trust Series 1,0.001,2,$720.51,0.09,$720.87,$554.99,29.89,$747.83
FTK,Flotek Industries Inc.,0.001,2,$23.52,0.04,$37.62,$10.95,243.56,$38.40
VPG,Vishay Precision Group,0.001,2,$149.92,0.04,$64.88,$26.13,148.30,$151.78
HOFT,Hooker Furniture Corp.,0.001,2,$17.83,0.08,$14.77,$8.38,76.25,$18.09
BWA,BorgWarner Inc.,0.001,2,$54.26,0.04,$69.28,$37.80,83.28,$78.82
TALO,Talos Energy Inc.,0.001,2,$15.05,0.06,$15.59,$7.79,100.13,$17.05
UCTT,Ultra Clean Holdings Inc.,0.001,2,$133.66,0.08,$82.27,$21.49,282.83,$144.22
FPS,Forgent Power Solutions Inc,0.001,2,$36.86,0.05,$37.60,$25.95,44.89,$66.00
NTSK,Netskope Inc Cl A,0.001,2,$8.49,0.05,$15.67,$7.67,104.30,$27.99
EQIX,Equinix Inc.,0.001,2,$980.26,0.10,$1043.38,$713.19,46.30,$1124.00
WMG,Warner Music Group Corp. CL A,0.001,2,$26.31,0.05,$26.41,$23.21,13.79,$35.23
DOV,Dover Corp.,0.001,2,$208.46,0.05,$210.10,$157.78,33.16,$236.42
GHM,Graham Corp.,0.001,2,$123.78,0.04,$108.75,$46.58,133.47,$125.82
DLO,DLocal Ltd,0.001,2,$13.00,0.05,$14.37,$10.35,38.84,$16.50
ATRO,Astronics Corp.,0.001,2,$81.26,0.03,$75.46,$30.20,149.87,$99.89
GWW,W.W. Grainger Inc.,0.001,2,$1333.60,0.09,$1297.45,$901.22,43.97,$1417.14
SIMO,Silicon Motion Technol ADR,0.001,2,$305.69,0.07,$230.61,$70.38,227.66,$354.28
VSH,Vishay Intertechnology,0.001,1,,0.07,$33.14,$11.60,185.69,$69.47
AEHR,Aehr Test Systems,0.001,1,,0.05,$106.20,$16.38,548.35,$126.62
URA,Global X Uranium ETF,0.001,1,,0.07,$44.38,$34.02,30.45,$62.28
PAYX,Paychex Inc.,0.001,1,,0.11,$121.18,$83.50,45.13,$135.61
NATL,NCR Atleos Corp.,0.001,1,,0.07,$46.40,$33.31,39.30,$48.50
BKLN,Invesco Senior Loan ETF,0.001,1,,0.09,$20.50,$19.59,4.65,$20.51
SM,SM Energy Co.,0.001,1,,0.05,$31.76,$17.13,85.41,$35.63
WTFC,Wintrust Financial Corp.,0.001,1,,0.08,$159.20,$117.89,35.04,$166.65
PSA,Public Storage,0.001,1,,0.05,$325.71,$251.62,29.45,$335.55
HELE,Helen of Troy Ltd.,0.001,1,,0.06,$29.21,$13.85,110.90,$30.68
NWE,Northwestern Corp.,0.001,1,,0.06,$71.22,$52.69,35.17,$74.47
DCO,Ducommun Inc.,0.001,1,,0.05,$194.85,$84.76,129.88,$210.39
SONY,Sony Group Corp.,0.001,1,,0.05,$23.82,$19.32,23.29,$30.34
PEYUF,Peyto Exploration & Development Corp.,0.001,1,,0.11,$17.88,$12.33,45.01,$20.78
GBCI,Glacier Bancorp,0.001,1,,0.05,$48.76,$39.06,24.83,$54.58
VGK,Vanguard FTSE Europe ETF,0.001,1,,0.07,$92.26,$74.71,23.49,$92.85
DLR,Digital Realty Trust Inc.,0.001,1,,0.07,$191.30,$144.28,32.59,$207.47
REG,Regency Centers Corp.,0.001,1,,0.05,$76.11,$65.10,16.91,$83.66
HCKT,Hackett Group Inc.,0.001,1,,0.06,$11.22,$9.05,23.98,$20.72
IPAR,Inter Parfums Inc.,0.001,1,,0.06,$119.49,$75.21,58.88,$129.29
CRCL,Circle Internet Group Inc,0.001,1,,0.10,$67.05,$49.90,34.37,$189.92
STGW,Stagwell Inc.,0.001,1,,0.11,$9.09,$4.29,111.89,$9.40
IMVT,Immunovant Inc.,0.001,1,,0.07,$39.89,$14.32,178.56,$41.23
AMBA,Ambarella Inc.,0.001,1,,0.06,$82.04,$48.30,69.86,$96.69
VGIT,Vanguard Intermediate Term T,0.001,1,,0.05,$58.26,$57.28,1.71,$59.61
ABCB,Ameris Bancorp,0.001,1,,0.05,$87.57,$66.01,32.66,$93.22
VICR,Vicor Corp.,0.001,1,,0.05,$208.81,$45.44,359.53,$382.65
ADMA,ADMA Biologics Inc.,0.001,1,,0.12,$9.75,$7.21,35.23,$20.46
KEY,KeyCorp,0.001,1,,0.11,$22.68,$15.97,42.02,$24.07
IEUR,iShares Core MSCI Europe ETF,0.001,1,,0.09,$78.10,$63.42,23.15,$78.55
QFIN,Qifu Technology Inc.,0.001,1,,0.05,$13.03,$11.31,15.21,$32.11
TBI,TrueBlue Inc.,0.001,1,,0.06,$10.60,$3.18,233.33,$10.74
BRSL,Brightstar Lottery,0.001,1,,0.05,$11.00,$9.90,11.11,$17.62
PHIN,PHINIA Inc.,0.001,1,,0.10,$73.81,$50.13,47.24,$86.94
MOD,Modine Mfg.,0.001,1,,0.07,$191.01,$111.18,71.80,$323.25
LW,Lamb Weston Hldgs Inc.,0.001,1,,0.12,$51.81,$37.02,39.95,$65.06
EAF,GrafTech International Ltd.,0.001,1,,0.10,$7.85,$4.92,59.55,$20.32
BRX,Brixmor Property Group Inc.,0.001,1,,0.07,$29.81,$23.87,24.88,$32.86
ESGD,Ishares Trust Ishares Esg Aw,0.001,1,,0.05,$107.09,$86.38,23.98,$107.87
HUBG,Hub Group 'A',0.001,1,,0.06,$47.35,$32.65,45.02,$52.92
VYMI,Vanguard Int High Dvd Yld In,0.001,1,,0.09,$104.59,$79.25,31.97,$105.30
PRMB,Primo Brands Corp,0.001,1,,0.05,$23.51,$14.12,66.50,$26.21
BELFB,Bel Fuse Inc. CL B,0.001,1,,0.09,$284.21,$124.25,128.74,$335.20
EHC,Encompass Health Corp.,0.001,1,,0.10,$125.81,$92.41,36.14,$127.27
CCJ,Cameco Corp.,0.001,1,,0.06,$97.31,$68.77,41.50,$135.24
EWJ,iShares MSCI Japan ETF,0.001,1,,0.06,$96.05,$74.19,29.46,$97.52
NSSC,Napco Security Technologies Inc.,0.001,1,,0.12,$40.01,$29.17,37.16,$47.60
POWL,Powell Industries,0.001,1,,0.07,$207.22,$78.37,164.41,$327.89
PONY,Pony Ai Inc,0.001,1,,0.12,$8.46,$6.37,32.81,$24.92
DOC,Healthpeak Properties Inc.,0.001,1,,0.05,$20.90,$15.12,38.23,$22.95
UVV,Universal Corp.,0.001,1,,0.06,$47.40,$46.96,0.94,$57.51
MYE,Myers Indus,0.001,1,,0.08,$33.16,$15.25,117.44,$37.45
LDOS,Leidos Holdings,0.001,1,,0.07,$139.10,$98.86,40.70,$204.08
SCHB,Schwab Us Broad Market ETF,0.001,1,,0.07,$29.87,$24.12,23.84,$30.01
AVB,AvalonBay Communities,0.001,1,,0.06,$183.84,$157.12,17.01,$198.63
BSY,Bentley Systems Inc Class B,0.001,1,,0.08,$35.31,$28.08,25.75,$56.94
TTMI,TTM Technologies Inc.,0.001,1,,0.05,$130.08,$39.20,231.84,$223.83
COHU,Cohu Inc.,0.001,1,,0.07,$49.47,$18.67,164.97,$74.60
XOP,SPDR S&P Oil & Gas Exploration & Production ETF,0.001,1,,0.12,$175.93,$118.70,48.21,$189.43
NPO,EnPro Industries,0.001,1,,0.06,$332.52,$201.26,65.22,$390.42
HII,Huntington Ingalls Industries,0.001,1,,0.06,$330.81,$258.30,28.07,$458.02
LASR,nLight Inc.,0.001,1,,0.08,$51.01,$24.87,105.11,$86.95
NG,NovaGold Resources,0.001,1,,0.07,$7.64,$5.08,50.39,$14.40
SPSM,Ss SPDR P S&P 600 Small Cap,0.001,1,,0.08,$57.57,$42.44,35.65,$58.60
AMPX,Amprius Technologies Inc,0.001,1,,0.06,$11.81,$6.36,85.69,$24.23
HNGE,Hinge Health Inc A,0.001,1,,0.06,$91.57,$30.08,204.42,$92.89
TWST,Twist Bioscience Corp.,0.001,1,,0.05,$124.88,$23.30,435.97,$125.66
RVI,Robinhood Ventures Fund I,0.001,1,,0.05,$28.22,$21.00,34.38,$77.39
DRH,DiamondRock Hospitality Co.,0.001,1,,0.10,$12.13,$7.15,69.65,$13.79
SEE-OLD,Sealed Air Corp.,0.001,1,,0.07,$41.83,$22.40,86.74,$44.06
H,Hyatt Hotels Corp.,0.001,1,,0.05,$170.08,$133.82,27.10,$206.86
MTRN,Materion Corp.,0.001,1,,0.06,$279.67,$104.21,168.37,$304.58
RYCEY,Rolls Royce Holdings Sp ADR,0.001,1,,0.07,$20.62,$13.19,56.33,$21.27
CIB,Grupo Cibest SA ADR,0.001,1,,0.12,$91.47,$45.35,101.70,$94.21
NSP,Insperity Inc.,0.001,1,,0.06,$51.22,$18.24,180.81,$55.90
QCRH,QCR Holdings Inc.,0.001,1,,0.08,$103.73,$66.45,56.10,$106.55
CEF,Sprott Physical Gold And Sil,0.001,1,,0.07,$44.88,$30.58,46.76,$61.38
DNA,Ginkgo Bioworks Holdings Inc.,0.001,1,,0.06,$7.65,$5.37,42.46,$17.58
FLYX,Flyexclusive Inc,0.001,1,,0.11,$1.23,$1.05,17.14,$8.88
CR,Crane Co,0.001,1,,0.09,$219.35,$159.36,37.64,$230.50
DIA,SPDR Djia Trust,0.001,1,,0.06,$538.99,$432.71,24.56,$546.75
CUZ,Cousins Properties,0.001,1,,0.06,$29.37,$20.52,43.13,$32.95
UVSP,Univest Financial Corp.,0.001,1,,0.11,$42.19,$27.34,54.32,$45.22
ENB,Enbridge Inc.,0.001,1,,0.07,$51.39,$43.67,17.68,$58.45
GCO,Genesco Inc.,0.001,1,,0.11,$37.71,$21.93,71.96,$43.60
FROG,JFrog Ltd,0.001,1,,0.07,$88.15,$34.05,158.88,$99.22
SDY,SPDR S&P Dividend ETF,0.001,1,,0.05,$157.52,$132.64,18.76,$160.29
TRVI,Trevi Therapeutics Inc.,0.001,1,,0.11,$17.80,$6.93,156.85,$20.22
KNF,Knife River Corp.,0.001,1,,0.11,$67.52,$58.72,14.99,$96.28
BZH,Beazer Homes USA,0.001,1,,0.12,$33.06,$17.83,85.42,$34.54
LINC,Lincoln Educational Services Corp.,0.001,1,,0.05,$30.77,$17.29,77.96,$56.34
PATK,Patrick Industries Inc.,0.001,1,,0.07,$85.50,$81.29,5.18,$147.22
FFIV,F5 Networks,0.001,1,,0.08,$409.99,$223.76,83.23,$435.00
TPC,Tutor Perini Corp.,0.001,1,,0.06,$98.52,$53.70,83.46,$102.30
WWD,Woodward Inc.,0.001,1,,0.05,$356.11,$232.66,53.06,$450.92
USNA,USANA Health Sciences,0.001,1,,0.08,$14.34,$14.19,1.06,$32.32
REAL,RealReal Inc.,0.001,1,,0.05,$11.91,$6.44,84.94,$17.39
ASGN,ASGN Inc.,0.001,1,,0.12,,,,
IESC,IES Holdings Inc.,0.001,1,,0.05,$751.09,$309.51,142.67,$811.85
UNFI,United Natural Foods,0.001,1,,0.06,$46.30,$24.88,86.09,$57.02
PNR,Pentair plc,0.001,1,,0.05,$66.73,$57.35,16.36,$112.57
MINN,Mairs & Power Mn Muni Bond,0.001,1,,0.09,$22.07,$21.01,5.05,$22.91
VONG,Vanguard Russell 1000 Growth,0.001,1,,0.12,$127.83,$105.09,21.64,$132.77
SPYX,SPDR S&P 500 Fossil Fuel Res,0.001,1,,0.07,$63.47,$51.17,24.04,$63.77
NOAH,Noah Holdings Ltd,0.001,1,,0.05,$8.82,$8.14,8.35,$11.17
SABR,Sabre Corp.,0.001,1,,0.10,$2.07,$0.81,155.56,$2.30
HVT,Haverty Furniture,0.001,1,,0.12,$28.95,$19.04,52.05,$29.83
OBT,Orange County Bancorp Inc,0.001,1,,0.05,$38.29,$22.47,70.40,$40.10
LYG,Lloyds TSB Grp Plc ADR,0.001,1,,0.07,$6.12,$4.05,51.11,$6.24
ONTO,Onto Innovation Inc.,0.001,1,,0.05,$291.35,$101.00,188.47,$386.46
ENOV,Enovis Corp.,0.001,1,,0.05,$24.24,$19.14,26.65,$34.28
OUT,Outfront Media Inc.,0.000,3,$32.76,0.02,$30.04,$15.84,89.65,$34.63
CPA,Copa Holdings SA,0.000,3,$155.58,0.03,$136.69,$106.15,28.77,$160.47
IVE,Ishares S&P 500 Value ETF,0.000,3,$211.11,0.01,$236.33,$194.79,21.33,$236.39
CVLG,Covenant Transportation Group Inc. CL A,0.000,2,$44.18,0.03,$33.48,$17.87,87.35,$49.88
IJH,Ishares Core S&P Midcap ETF,0.000,2,$77.12,0.03,$77.54,$61.37,26.35,$77.99
PENG,Penguin Solutions Inc.,0.000,2,$56.56,0.02,$55.18,$16.04,244.01,$89.86
AWK,American Water Works Inc.,0.000,2,$136.12,0.01,$135.45,$119.60,13.25,$144.90
ESAB,ESAB Corp.,0.000,2,$97.15,0.03,$85.58,$82.08,4.26,$137.11
FTAI,FTAI Aviation Ltd.,0.000,2,,0.00,$215.00,$134.00,60.45,$322.42
MAN,ManpowerGroup,0.000,2,$32.69,0.03,$56.52,$24.58,129.94,$57.94
IFS,Intercorp Financial Services,0.000,2,$50.21,0.03,$58.40,$35.76,63.31,$61.38
VXUS,Vanguard Total Intl Stock,0.000,2,$77.13,0.01,$86.83,$68.16,27.39,$88.62
EGP,EastGroup Properties SBI,0.000,2,$185.09,0.04,$201.86,$154.07,31.02,$226.71
AXGN,AxoGen Inc.,0.000,2,$42.93,0.03,$48.22,$13.64,253.52,$48.72
IWS,Ishares Russell Mid Cap Valu,0.000,2,$146.74,0.01,$171.04,$131.21,30.36,$171.67
WT,WisdomTree Investments,0.000,2,$16.15,0.02,$22.19,$10.65,108.36,$23.15
HLX,Helix Energy Solutions,0.000,2,$9.32,0.01,$10.00,$5.58,79.21,$10.75
HZO,MarineMax Inc.,0.000,2,$36.62,0.02,$52.12,$21.42,143.32,$52.13
LOCO,El Pollo Loco Holdings Inc.,0.000,2,$16.96,0.03,$15.20,$8.99,69.08,$17.40
GTES,Gates Industrial Corp.,0.000,2,$26.63,0.03,$28.40,$20.88,36.02,$30.34
MITK,Mitek Systems Inc.,0.000,2,$16.82,0.01,$18.55,$8.53,117.47,$21.05
IAU,iShares Gold Trust,0.000,2,,0.00,$82.51,$62.48,32.06,$104.40
SCHD,Schwab Us Dvd Equity ETF,0.000,2,$31.31,0.02,$34.19,$25.63,33.40,$34.24
IVW,iShares S&P 500 Growth ETF,0.000,2,,0.00,$141.75,$108.03,31.21,$143.26
PII,Polaris Inc.,0.000,2,$54.51,0.03,$69.77,$46.69,49.43,$77.98
PH,Parker-Hannifin,0.000,2,,0.00,$1060.50,$710.89,49.18,$1099.94
DGII,Digi International,0.000,2,$74.95,0.03,$82.75,$31.70,161.04,$86.84
CALY,Callaway Golf Co.,0.000,2,$18.79,0.02,$17.05,$8.00,113.13,$20.28
ACWX,iShares MSCI ACWI EX U.S. ETF,0.000,2,$73.55,0.02,$77.04,$60.03,28.34,$77.64
CAKE,Cheesecake Factory,0.000,2,$79.54,0.02,$111.19,$42.66,160.64,$111.66
RXO,Rxo Inc,0.000,2,$17.86,0.03,$21.33,$10.43,104.51,$29.90
VEU,Vanguard FTSE All World ex US ETF,0.000,2,$75.11,0.01,$84.83,$66.30,27.95,$85.47
KMB,Kimberly-Clark,0.000,2,$96.48,0.02,$108.02,$91.17,18.48,$130.00
KAR,KAR Auction Services,0.000,2,$33.18,0.02,$30.88,$17.08,80.80,$30.98
SANM,Sanmina Corp.,0.000,2,,0.00,$199.15,$108.37,83.77,$288.68
MEC,Mayville Engineering Co. Inc.,0.000,2,$37.46,0.02,$22.89,$12.25,86.86,$38.76
CELH,Celsius Holdings Inc.,0.000,2,,0.00,$27.21,$23.56,15.49,$66.74
GMED,Globus Medical Inc.,0.000,2,$86.17,0.02,$86.15,$54.15,59.10,$101.40
ADTN,ADTRAN Holdings Inc.,0.000,2,$13.90,0.03,$7.63,$7.11,7.31,$19.98
AAOI,Applied Optoelectronics Inc,0.000,2,$116.37,0.02,$132.81,$18.50,617.89,$233.67
KNX,Knight-Swift Transportation,0.000,2,$67.73,0.01,$68.67,$38.26,79.48,$82.86
HBAN,Huntington Bancshares,0.000,2,$15.65,0.02,$17.60,$14.64,20.22,$19.09
VGT,Vanguard Info Tech ETF,0.000,2,$86.67,0.01,$120.25,$82.99,44.90,$125.85
BRC,Brady Corp.,0.000,2,$81.29,0.01,$96.34,$68.68,40.27,$99.25
CON,Concentra Group Holdings Par,0.000,2,$27.67,0.03,$34.10,$18.39,85.43,$35.15
VV,Vanguard Large Cap ETF,0.000,2,$302.33,0.01,$356.08,$288.27,23.52,$357.60
FORM,FormFactor Inc.,0.000,2,$159.93,0.03,$112.47,$27.00,316.56,$160.27
MUR,Murphy Oil,0.000,2,$32.56,0.03,$35.49,$21.22,67.25,$42.97
IWB,Ishares Russell 1000 ETF,0.000,2,$391.17,0.02,$423.31,$343.95,23.07,$424.94
RLGT,Radiant Logistics Inc.,0.000,1,,0.01,$8.32,$5.78,43.94,$9.68
STNG,Scorpio Tankers Inc.,0.000,1,,0.03,$76.44,$42.59,79.48,$86.86
LMND,Lemonade Inc.,0.000,1,,0.01,$52.68,$46.16,14.12,$99.90
M,Macy's Inc.,0.000,1,,0.02,$24.90,$11.58,115.03,$26.59
ASPS,Altisource Portfolio Solutions S.A.,0.000,1,,0.01,$5.54,$4.30,28.84,$14.36
ENS,EnerSys,0.000,1,,0.02,$186.30,$93.86,98.49,$244.02
AVAH,Aveanna Healthcare Holdings Inc.,0.000,1,,0.01,$9.46,$5.93,59.53,$10.32
LSCC,Lattice Semconductor,0.000,1,,0.00,$128.32,$59.37,116.14,$157.01
SBLK,Star Bulk Carriers Corp.,0.000,1,,0.02,$28.42,$16.07,76.85,$29.50
PRAX,Praxis Precision Medicines Inc.,0.000,1,,0.02,$366.96,$37.19,886.72,$382.54
FDXF,FedEx Freight Holding Co.,0.000,1,,0.03,$141.35,$135.00,4.70,$200.00
INSG,Inseego Corp.,0.000,1,,0.01,$5.34,$4.77,11.95,$21.90
KNCRF,Konecranes Oyj,0.000,1,,0.02,$30.29,$25.79,17.45,$35.01
LYTS,LSI Industries Inc.,0.000,1,,0.02,$24.77,$17.13,44.60,$27.36
KARO,Karooooo Ltd,0.000,1,,0.00,$63.23,$40.30,56.90,$67.14
NCMI,National CineMedia Inc.,0.000,1,,0.00,$3.95,$2.75,43.64,$4.90
ALCC-OLD,AltC Acquisition Corp.,0.000,1,,0.01,$18.23,$10.27,77.51,$18.80
OSUR,OraSure Technologies Inc.,0.000,1,,0.01,$4.00,$2.08,92.31,$4.58
RGR,Sturm Ruger,0.000,1,,0.00,$37.17,$28.19,31.86,$47.91
SWZ,Swiss Helvetia Fund Inc.,0.000,1,,0.01,$5.95,$5.84,1.88,$6.31
ZDGE,Zedge Inc.,0.000,1,,0.04,$2.94,$2.17,35.48,$4.61
NX,Quanex Building Products,0.000,1,,0.01,$21.06,$10.88,93.57,$22.76
RMBS,Rambus Inc.,0.000,1,,0.01,$95.89,$67.15,42.80,$174.10
CEVA,CEVA Inc.,0.000,1,,0.02,$31.92,$17.02,87.54,$51.60
GDX,VanEck Vectors Gold Miners ETF,0.000,1,,0.03,$90.49,$55.93,61.79,$117.18
CNK,Cinemark Holdings Inc.,0.000,1,,0.01,$37.75,$21.46,75.91,$38.98
XLF,Financial Select Sector SPDR,0.000,1,,0.00,$57.81,$47.50,21.71,$58.41
EXEL,Exelixis Inc.,0.000,1,,0.00,$52.96,$33.76,56.87,$57.57
SKYT-OLD,Skywater Technology Inc,0.000,1,,0.00,$32.49,$8.49,282.69,$39.93
FIG,Figma Inc Cl A,0.000,1,,0.01,$25.39,$16.60,52.95,$91.00
GEMI,Gemini Space Station Inc A,0.000,1,,0.00,$4.11,$3.74,9.89,$45.89
ARX,Accelerant Holdings Cl A,0.000,1,,0.00,$12.04,$9.18,31.15,$30.48
RDN,Radian Group,0.000,1,,0.01,$36.50,$31.02,17.67,$41.05
SBCF,Seacoast Banking Corp. of Florida,0.000,1,,0.04,$34.82,$26.58,31.00,$35.64
LIF,Life360 Inc,0.000,1,,0.01,$64.61,$37.01,74.57,$112.54
AMBQ,Ambiq Micro Inc,0.000,1,,0.04,$63.92,$22.12,188.97,$91.61
DPC,Dpc Holdings Plc,0.000,1,,0.00,$51.48,$42.50,21.13,$57.25
HLIT,Harmonic Inc.,0.000,1,,0.04,$11.60,$8.47,36.95,$17.68
AVNW,Aviat Networks Inc.,0.000,1,,0.01,$20.90,$13.92,50.14,$27.02
PLPC,Preformed Line Products,0.000,1,,0.02,$462.63,$158.45,191.97,$497.00
COCXF,Lindt & Spruengli AG,0.000,1,,0.03,$142302.63,$108817.57,30.77,$142302.63
ITGR,Integer Holdings Corp.,0.000,1,,0.01,$125.08,$62.00,101.74,$126.14
LPTH,LightPath Technologies Inc. CL A,0.000,1,,0.04,$12.57,$3.36,274.11,$18.94
STE,STERIS Plc,0.000,1,,0.00,$238.91,$194.56,22.80,$267.96
FMC,FMC Corp.,0.000,1,,0.04,$10.46,$9.95,5.13,$39.44
EVC,Entravision Communications Corp. CL A,0.000,1,,0.03,$11.70,$1.88,522.34,$13.74
RIO,Rio Tinto plc,0.000,1,,0.00,$101.91,$58.43,74.41,$112.58
SAIC,Science Applications International Corp.,0.000,1,,0.01,$125.46,$80.50,55.85,$127.28
LXFR,Luxfer Holdings Plc,0.000,1,,0.00,$17.08,$11.06,54.43,$19.30
SMA,Smartstop Self Storage Reit,0.000,1,,0.01,$33.99,$28.80,18.02,$38.02
PAX,Patria Investments Ltd A,0.000,1,,0.00,$11.20,$10.40,7.69,$17.11
EYE,National Vision Holdings Inc.,0.000,1,,0.01,$22.43,$14.75,52.07,$30.02
VICI,VICI Properties Inc.,0.000,1,,0.03,$26.07,$25.82,0.97,$31.85
OSIS,OSI Systems Inc.,0.000,1,,0.02,$232.61,$197.27,17.91,$311.72
KSA,Ishrs Msci Saudi Arabia ETF,0.000,1,,0.03,$37.85,$35.27,7.31,$40.39
SITM,SiTime Corp.,0.000,1,,0.04,$689.96,$199.12,246.50,$901.81
ALRS,Alerus Financial Corp.,0.000,1,,0.02,$33.21,$19.80,67.73,$34.40
DVDCF,Davide Campari-Milano S.p.A.,0.000,1,,0.02,$6.62,$6.07,9.06,$7.98
PWR,Quanta Services,0.000,1,,0.00,$660.86,$362.70,82.21,$788.63
SNAP,Snap Inc.,0.000,1,,0.00,$5.35,$3.81,40.42,$9.28
WBS,Webster Financial Corp.,0.000,1,,0.00,$78.70,$51.49,52.85,$79.34
TEX,Terex Corp.,0.000,1,,0.01,$66.34,$41.48,59.93,$74.69
TTAM,Titan America SA,0.000,1,,0.01,$15.81,$13.83,14.32,$19.57
CHEF,Chefs' Warehouse,0.000,1,,0.03,$108.83,$53.20,104.57,$117.33
NLR,Vaneck Urani & Nuclr ETF Usd,0.000,1,,0.01,$116.99,$101.92,14.79,$165.21
CYRX,CryoPort Inc.,0.000,1,,0.03,$14.82,$7.51,97.34,$16.89
ILF,Ishares Latin America 40 ETF,0.000,1,,0.01,$34.52,$24.76,39.42,$38.01
MASS,908 Devices Inc,0.000,1,,0.01,$8.80,$5.03,74.95,$9.34
AMRC,Ameresco Inc. CL A,0.000,1,,0.03,$25.28,$18.38,37.54,$44.93
AVBH,Avidbank Holdings Inc,0.000,1,,0.02,$32.33,$22.95,40.87,$34.18
O,Realty Income Corp.,0.000,1,,0.03,$61.89,$53.78,15.08,$66.87
NUV,Nuveen Municipal Value,0.000,1,,0.00,$9.07,$8.17,11.02,$9.23
PTGX,Protagonist Therapeutics Inc.,0.000,1,,0.02,$150.00,$50.58,196.56,$151.60
CRMT,America's Car Mart Inc.,0.000,1,,0.03,$3.13,$1.38,126.81,$47.93
AXTI,AXT Inc.,0.000,1,,0.03,$73.81,$2.05,3500.49,$143.16
LRLCF,L'Oreal SA,0.000,1,,0.02,$442.80,$374.08,18.37,$477.54
PL,Planet Labs PBC,0.000,1,,0.04,$23.10,$6.10,278.69,$51.76
LIVN,LivaNova PLC,0.000,1,,0.01,$76.48,$48.78,56.79,$85.76
ERIE,Erie Indemnity Co. CL A,0.000,1,,0.01,$252.35,$203.47,24.02,$363.75
IART,Integra LifeSciences Holdings,0.000,1,,0.01,$17.07,$8.70,96.21,$20.49
HSBC,HSBC Holdings plc,0.000,1,,0.01,$103.32,$60.80,69.93,$107.92
MTSI,MACOM Technology Solutions Hldg,0.000,1,,0.01,$297.03,$118.16,151.38,$418.90
STVN,Stevanato Group Spa,0.000,1,,0.02,$20.58,$12.84,60.28,$27.90
ESTA,Establishment Labs Hldg Inc.,0.000,1,,0.02,$75.06,$33.35,125.07,$97.59
IIIN,Insteel Industries Inc.,0.000,1,,0.03,$32.34,$24.32,32.98,$38.54
PSMT,PriceSmart Inc.,0.000,1,,0.00,$168.81,$104.98,60.80,$199.84
SCCO,Southern Copper Corp.,0.000,1,,0.02,$200.11,$91.04,119.80,$222.72
MGNI,Magnite Inc.,0.000,1,,0.02,$24.21,$10.82,123.75,$26.65
CGEN,Compugen Ltd,0.000,1,,0.02,$2.34,$1.30,80.00,$3.24
NGS,Natural Gas Services Group Inc.,0.000,1,,0.03,$36.97,$22.94,61.16,$44.61
POWW,Ammo Inc,0.000,1,,0.01,$2.56,$1.13,126.55,$2.67
FLCA,Franklin FTSE Canada ETF,0.000,1,,0.01,$54.92,$41.48,32.40,$55.02
EWT,Ishares Msci Taiwan ETF,0.000,1,,0.03,$102.18,$55.03,85.68,$112.78
DLG.MI,De'Longhi SPA,0.000,1,,0.02,,,,
QTRX,Quanterix Corp.,0.000,1,,0.02,$2.42,$2.15,12.56,$8.77
SOLS,Solstice Adv Materials Inc,0.000,1,,0.02,$60.32,$40.36,49.45,$90.72
TD,Toronto-Dominion Bank,0.000,1,,0.00,$121.08,$70.42,71.94,$124.87
TWI,Titan International Inc.,0.000,1,,0.01,$7.08,$6.43,10.11,$11.70
WNC,Wabash National,0.000,1,,0.00,$12.53,$6.59,90.14,$14.23
BKE,Buckle Inc.,0.000,1,,0.01,$46.65,$40.39,15.50,$56.75
AIRJ,Airjoule Technologies Corp,0.000,1,,0.01,$5.93,$2.22,167.12,$6.75
IJK,Ishares S&P Mid Cap 400 Grow,0.000,1,,0.00,$117.06,$90.91,28.76,$117.75
DY,Dycom Industries,0.000,1,,0.02,$400.79,$233.00,72.01,$566.47
FVR,Frontview Reit Inc,0.000,1,,0.02,$19.38,$11.14,73.97,$22.29
EXTR,Extreme Networks Inc.,0.000,1,,0.03,$23.54,$13.48,74.63,$33.73
HCSG,Healthcare Services Group,0.000,1,,0.02,$21.79,$14.20,53.45,$25.75
KLAR,Klarna Group Plc,0.000,1,,0.01,$19.62,$12.06,62.69,$57.20
TAK,Takeda Pharmaceutical Co. Ltd,0.000,1,,0.00,$17.55,$12.99,35.10,$18.90
ACLS,Axcelis Technologies,0.000,1,,0.02,$132.65,$73.60,80.23,$193.78
TT,Trane Technologies plc,0.000,1,,0.00,$476.99,$346.44,37.68,$505.87
PRLB,Proto Labs Inc.,0.000,1,,0.02,$89.66,$45.10,98.80,$91.98
AMPY,Amplify Energy Corp.,0.000,1,,0.02,$4.16,$3.48,19.54,$6.79
LTSSF,Lotus Bakeries,0.000,1,,0.02,$13636.36,$8949.77,52.37,$13636.36
WYFI,Whitefiber Inc,0.000,1,,0.01,$23.62,$10.51,124.74,$46.87
LOGI,Logitech International SA,0.000,1,,0.01,$104.87,$83.32,25.86,$129.66
MRCY,Mercury Systems Inc.,0.000,1,,0.00,$108.64,$52.68,106.23,$128.45
STC,Stewart Information Services,0.000,1,,0.01,$65.70,$56.65,15.98,$76.79
XCEM,Columbia Em Core Ex China,0.000,1,,0.00,$49.17,$32.77,50.05,$55.43
ETON,Eton Pharmaceuticals Inc.,0.000,1,,0.01,$43.67,$14.27,206.03,$50.18
TILE,Interface Inc. CL A,0.000,1,,0.01,$37.49,$24.38,53.77,$40.50
PIFYF,Pine Cliff Energy Ltd,0.000,1,,0.04,$0.38,$0.35,8.57,$0.66
LOMA,Loma Negra Argentina,0.000,1,,0.00,$10.33,$7.04,46.73,$13.20
NATR,Nature's Sunshine Products Inc.,0.000,1,,0.00,$15.77,$12.97,21.59,$28.14
AUROW,Aurora Innovation Inc. WTS,0.000,1,,0.02,$0.19,$0.13,46.15,$1.00
TRNO,Terreno Realty Corp.,0.000,1,,0.03,$68.36,$51.23,33.44,$78.94
HSPT-OLD,Horizon Space Acquisition Ii,0.000,1,,0.00,$4.76,$3.59,32.59,$14.31
WILLF,Demant A s,0.000,1,,0.01,$43.31,$28.08,54.24,$44.36
BTAI,Bioxcel Therapeutics Inc,0.000,1,,0.01,$0.93,$0.74,25.68,$8.08
TFII,Tfi International Inc,0.000,1,,0.02,$138.80,$79.64,74.28,$167.14
TITN,Titan Machinery Inc.,0.000,1,,0.03,$18.29,$13.21,38.46,$25.00
CIA,Citizens Inc. CL A,0.000,1,,0.01,$3.84,$3.72,3.23,$6.54
