Symbol,Stock,%▼,"Ownership
count",Hold Price*,Max %,"Current
Price","52 Week
Low","% Above
52 Week
Low","52 Week
High"
AMZN,Amazon.com Inc.,2.917,34,$238.34,32.21,$251.52,$196.00,28.33,$287.20
GOOG,Alphabet Inc. CL C,2.582,34,$353.33,23.39,$340.35,$236.07,44.17,$403.96
BRK.B,Berkshire Hathaway CL B,2.416,26,$500.39,33.89,$502.65,$464.01,8.33,$537.74
GOOGL,Alphabet Inc.,2.084,36,$357.37,24.55,$343.50,$235.23,46.03,$408.10
MSFT,Microsoft Corp.,1.779,37,$373.02,20.54,$517.53,$348.54,48.49,$549.20
BRK.A,Berkshire Hathaway CL A,1.758,17,$748851.77,42.42,$754790.00,$698000.00,8.14,$806102.81
V,Visa Inc.,1.713,30,$343.09,19.83,$360.66,$292.74,23.20,$385.57
META,Meta Platforms Inc.,1.580,31,$563.30,20.45,$728.08,$519.37,40.19,$779.82
CVNA,Carvana Co.,1.483,7,$65.82,78.85,$63.77,$54.46,17.10,$97.38
MA,Mastercard Inc.,1.419,22,$513.60,20.01,$552.26,$463.74,19.09,$601.23
AAPL,Apple Inc.,1.224,22,$289.36,41.05,$333.69,$242.76,37.46,$345.34
TSM,Taiwan Semiconductor S.A.,0.986,24,$477.55,10.55,$472.78,$264.08,79.03,$477.72
GE,GE Aerospace,0.968,10,$373.73,35.61,$309.56,$268.58,15.26,$388.84
MCO,Moody's Corp.,0.948,17,$452.92,19.14,$441.36,$399.61,10.45,$543.25
JOE,St. Joe Co.,0.932,1,,76.43,$65.38,$45.92,42.38,$73.02
TDG,TransDigm Group Inc.,0.751,6,$1332.04,27.51,$1090.38,$1071.25,1.79,$1463.03
BN,Brookfield Corp.,0.736,9,$42.59,16.29,$36.92,$35.69,3.45,$49.31
SPGI,S&P Global Inc.,0.730,15,$407.26,19.92,$386.27,$360.09,7.27,$521.12
ASML,ASML Holding NV,0.722,9,$1989.38,21.11,$1867.31,$929.28,100.94,$1997.38
NVDA,NVIDIA Corp.,0.720,18,$200.09,9.34,$233.95,$163.90,42.74,$237.88
IBKR,Interactive Brokers Group Inc.,0.706,6,$87.04,33.42,$88.30,$58.70,50.43,$98.66
IEP,Icahn Enterprises,0.658,1,,53.95,$6.67,$5.82,14.60,$7.44
FICO,Fair Isaac Corp.,0.581,8,$1194.78,25.77,$661.25,$586.05,12.83,$1886.28
HCC,Warrior Met Coal Inc.,0.580,3,$81.16,43.32,$89.35,$61.64,44.95,$111.42
LOAR,Loar Holdings Inc,0.575,1,,47.15,$61.72,$53.15,16.12,$83.43
MOH,Molina Healthcare Inc.,0.567,3,$193.75,43.49,$189.54,$121.06,56.57,$244.89
GPI,Group 1 Automotive,0.566,2,$291.17,46.41,$249.84,$234.05,6.75,$458.18
PDD,Pinduoduo Inc.,0.545,4,$76.28,22.17,$75.38,$71.94,4.78,$139.41
UBER,Uber Technologies Inc.,0.521,11,$72.16,12.72,$68.11,$65.41,4.13,$101.30
AMAT,Applied Materials,0.516,12,$723.00,19.48,$540.04,$202.28,166.98,$738.88
C,Citigroup Inc.,0.484,8,$139.96,18.50,$128.50,$91.72,40.10,$147.21
COF,Capital One Financial,0.470,16,$200.62,7.13,$194.72,$173.62,12.15,$256.63
AXP,American Express,0.464,16,$338.24,17.14,$302.78,$289.26,4.67,$384.36
SUNB,Sunbelt Rentals Holdings Inc,0.464,12,$75.05,10.59,$77.10,$60.16,28.16,$85.44
ELV,Elevance Health Inc.,0.457,12,$386.73,9.11,$386.43,$270.87,42.66,$434.35
SNX,SYNNEX Corp.,0.456,4,$267.34,26.38,$278.37,$141.15,97.22,$298.77
CROX,Crocs Inc.,0.443,6,$120.64,27.20,$118.09,$73.21,61.30,$141.28
DIS,Walt Disney Co.,0.432,20,$96.25,9.55,$102.19,$91.48,11.71,$115.42
LULU,Lululemon Athletica Inc.,0.403,4,$176.58,32.35,$94.46,$93.41,1.12,$225.98
CVS,CVS Health Corp.,0.396,10,$103.45,10.63,$86.46,$68.48,26.26,$110.00
EQH,Equitable Holdings Inc.,0.395,5,$43.88,30.38,$52.64,$34.72,51.61,$55.06
SLM,SLM Corp.,0.387,3,$27.27,24.16,$22.75,$17.46,30.30,$30.52
JHG-OLD,Janus Henderson Group,0.385,1,,31.53,$51.98,$37.96,36.93,$53.76
RIG,Transocean Ltd.,0.373,2,$4.89,30.53,$5.17,$3.07,68.40,$7.66
AVGO,Broadcom Inc.,0.368,13,$377.75,10.61,$355.14,$288.98,22.89,$493.32
ICLR,ICON plc,0.358,6,$173.71,11.94,$162.05,$66.57,143.43,$203.91
FERG,Ferguson Enterprises Inc.,0.339,11,$237.33,6.88,$223.33,$212.13,5.28,$268.59
SCHW,Charles Schwab Corp.,0.338,11,$92.27,6.56,$96.70,$83.72,15.50,$114.53
ADI,Analog Devices,0.319,11,$397.17,7.97,$417.15,$220.71,89.00,$444.56
AMR,Alpha Metallurgical Resources Inc.,0.318,1,,26.11,$171.54,$133.64,28.36,$253.82
MKL,Markel Group Inc.,0.309,5,$1953.01,10.89,$1737.18,$1704.17,1.94,$2207.59
UNH,United Health Group Inc.,0.302,17,$415.63,6.05,$371.90,$252.95,47.03,$458.79
TMO,Thermo Fisher Scientific,0.301,11,$501.36,9.81,$654.80,$434.50,50.70,$683.63
KHC,Kraft Heinz Co.,0.299,9,$23.61,12.80,$22.19,$20.34,9.10,$27.65
PYPL,PayPal Holdings Inc.,0.294,8,$43.18,10.61,$52.80,$38.12,38.51,$78.34
RKT,Rocket Companies Inc.,0.290,5,$15.75,11.65,$11.70,$11.25,4.00,$24.36
CVI,CVR Energy Inc.,0.289,1,,23.73,$54.83,$19.50,181.18,$56.24
VFC,V.F. Corp.,0.287,2,$16.68,23.36,$14.33,$12.46,15.01,$22.00
BABA,Alibaba Group Holdings,0.281,9,$95.98,16.92,$105.85,$91.99,15.07,$189.33
CAT,Caterpillar Inc.,0.275,6,$1064.90,19.65,$845.42,$479.23,76.41,$1071.47
CNH,CNH Industrial NV,0.271,5,$11.23,17.11,$13.47,$8.91,51.18,$14.46
WM,Waste Management Inc.,0.267,3,$222.88,17.30,$204.45,$190.92,7.09,$246.06
ORLA-OLD,Orla Mining Ltd,0.264,3,$9.73,21.55,$9.45,$8.43,12.10,$21.95
CP,Canadian Pacific Kansas City,0.261,7,$86.65,7.44,$85.94,$67.83,26.70,$96.69
LYV,Live Nation Inc.,0.257,8,$183.11,7.69,$168.77,$125.34,34.65,$189.25
APP,Applovin Corp.,0.257,4,$515.25,14.50,$268.22,$266.84,0.52,$738.01
ASH,Ashland Global Holdings Inc.,0.256,2,$65.89,17.47,$69.52,$45.84,51.66,$77.80
GM,General Motors,0.255,7,$77.08,11.46,$78.27,$53.87,45.29,$91.66
LEN,Lennar Corp.,0.255,4,$90.49,11.82,$79.81,$75.70,5.43,$131.68
BKNG,Booking Holdings Inc.,0.252,6,$178.24,8.46,$159.02,$149.40,6.44,$222.95
RPRX,Royalty Pharma plc,0.250,3,$56.07,8.82,$57.16,$34.56,65.39,$64.38
VRT,Vertiv Holdings Co.,0.250,3,$334.82,20.37,$252.18,$147.72,70.71,$379.76
NFLX,Netflix Inc.,0.248,11,$71.40,5.41,$67.06,$65.08,3.04,$124.86
CNI,Canadian Natl Railway Co.,0.247,6,$119.24,17.95,$119.77,$88.62,35.15,$130.84
DHR,Danaher Corp.,0.245,12,$190.48,7.64,$214.06,$160.31,33.53,$241.35
BAC,Bank of America Corp.,0.244,15,$56.98,9.20,$53.75,$45.64,17.77,$64.89
BDX,Becton Dickinson,0.238,7,$151.33,9.93,$176.80,$124.46,42.05,$191.94
QSR,Restaurant Brands International,0.238,3,$72.51,9.62,$69.91,$62.26,12.29,$81.15
GRBK,Green Brick Partners,0.237,2,$80.04,19.39,$66.66,$60.44,10.29,$83.18
CRM,Salesforce.com,0.235,10,$156.66,8.33,$234.69,$146.06,60.68,$267.80
AZN,AstraZeneca PLC,0.233,3,$187.18,19.03,$156.90,$90.90,72.61,$209.12
KKR,KKR & Co. L.P.,0.231,7,$91.78,8.95,$90.29,$82.35,9.64,$144.02
WFC,Wells Fargo,0.225,14,$82.64,3.11,$80.45,$72.36,11.18,$96.18
YETI,YETI Holdings Inc.,0.224,2,$49.56,18.33,$40.87,$31.66,29.09,$53.99
SGOV,Ishares 0 3 Month Treasury B,0.220,4,$100.67,10.59,$100.44,$96.81,3.75,$100.44
CACC,Credit Acceptance Corp.,0.220,2,$636.74,18.01,$527.50,$401.90,31.25,$668.86
RACE,Ferrari NV,0.216,4,$370.77,7.71,$388.33,$308.95,25.69,$498.05
PM,Philip Morris Intl.,0.212,10,$180.91,9.18,$187.46,$137.25,36.58,$205.99
SOLV,Solventum Corp,0.210,4,$77.15,15.02,$87.85,$62.38,40.83,$94.16
WBD,Warner Bros. Discovery Inc.,0.209,5,$26.66,11.68,$30.94,$17.08,81.15,$30.97
LAD,Lithia Motors Inc.,0.207,6,$290.49,13.20,$307.77,$238.86,28.85,$438.67
TXN,Texas Instruments,0.206,14,$298.07,3.93,$293.80,$150.20,95.61,$332.33
OMF,OneMain Holdings,0.200,4,$60.97,10.08,$56.02,$44.20,26.74,$68.16
EGO,Eldorado Gold Corp.,0.197,1,,16.18,$38.12,$24.30,56.87,$50.88
CPNG,Coupang Inc.,0.196,8,$17.37,6.89,$13.78,$13.35,3.22,$32.96
TKO,TKO Group Holdings Inc.,0.196,1,,16.07,$175.58,$171.19,2.56,$224.23
IFF,International Flavors & Fragrances Inc.,0.194,5,$79.22,5.43,$82.42,$57.85,42.47,$88.89
OXY,Occidental Petroleum,0.192,4,$48.57,7.02,$58.08,$38.26,51.80,$66.83
AON,Aon Plc,0.191,10,$331.69,4.91,$269.45,$268.90,0.20,$381.47
FWONK,Liberty Media Corp Formula One Series C,0.191,3,$95.14,7.73,$91.20,$80.15,13.79,$109.36
GXO,Gxo Logistics Inc.,0.189,1,,15.46,$46.56,$43.61,6.76,$66.85
EPD,Enterprise Products Partners LP,0.188,6,$36.76,13.46,$36.18,$28.18,28.39,$39.69
APTV,Aptiv PLC,0.187,2,$61.38,14.51,$43.54,$42.56,2.30,$78.49
AER,AerCap Holdings N.V.,0.185,3,$145.78,7.16,$144.34,$117.76,22.57,$158.38
ALC,Alcon Inc.,0.185,2,$67.33,15.19,$63.76,$61.84,3.10,$87.22
PEP,PepsiCo Inc.,0.184,12,$135.40,5.27,$125.89,$125.16,0.58,$166.41
MU,Micron Technology Inc.,0.184,5,$1154.29,15.06,$1074.89,$179.43,499.06,$1254.81
CMCSA,Comcast Corp.,0.183,14,$24.55,3.15,$21.57,$21.28,1.36,$32.04
LLY,Eli Lilly & Co.,0.183,7,$1199.42,6.89,$1142.85,$778.93,46.72,$1292.65
KO,Coca Cola Co.,0.182,9,$81.27,10.86,$85.65,$64.14,33.54,$91.94
BLK,BlackRock Inc.,0.181,6,$961.57,9.93,$1059.63,$907.59,16.75,$1194.41
DASH,DoorDash Inc.,0.181,4,$184.53,7.46,$189.15,$143.30,32.00,$285.50
PVH,PVH Corp.,0.179,4,$74.26,9.92,$75.53,$59.55,26.83,$100.69
HGV,Hilton Grand Vacations Inc.,0.177,2,$52.37,14.48,$34.86,$34.01,2.50,$55.40
SIRI,SiriusXM Holdings Inc,0.175,5,$29.54,5.59,$25.72,$19.15,34.31,$32.37
ICE,Intercontinental Exchange Inc.,0.174,6,$123.11,4.90,$150.15,$121.39,23.69,$174.25
BAYRY,Bayer Ag Sponsored ADR,0.172,1,,14.12,$12.73,$7.46,70.64,$15.23
ACN,Accenture,0.170,12,$124.44,4.86,$198.90,$116.75,70.36,$285.21
BAX,Baxter International Inc.,0.170,7,$21.32,4.09,$23.49,$15.72,49.43,$29.99
CCL,Carnival Corp.,0.170,2,$28.57,12.78,$25.76,$21.45,20.09,$33.49
TOL,Toll Brothers,0.169,4,$164.75,10.71,$136.61,$122.93,11.13,$167.75
TRMD,Torm Plc,0.169,2,$25.79,13.87,$40.00,$16.70,139.52,$40.00
OKTA,Okta Inc.,0.168,1,,13.80,$211.49,$62.66,237.52,$216.59
TSLA,Tesla Inc.,0.167,6,$420.60,7.44,$370.59,$297.38,24.62,$498.83
DG,Dollar General,0.167,5,$115.11,8.66,$118.94,$93.78,26.83,$156.68
IONS,Ionis Pharmaceuticals Inc.,0.167,1,,13.70,$43.54,$43.01,1.23,$86.74
ROP,Roper Technologies Inc.,0.165,4,$338.39,7.80,$354.32,$304.43,16.39,$516.29
ORCL,Oracle Corp.,0.164,14,$146.55,4.51,$142.30,$114.50,24.28,$319.46
APH,Amphenol Corp.,0.164,7,$88.16,8.29,$86.96,$58.82,47.84,$89.12
SPOT,Spotify Technology S.A.,0.163,7,$459.13,4.96,$472.89,$405.00,16.76,$708.55
KEX,Kirby Corp.,0.161,1,,13.22,$137.87,$79.52,73.38,$157.69
PG,Procter & Gamble,0.160,9,$146.64,4.38,$144.91,$134.62,7.64,$164.77
GIL,Gildan Activewear Inc.,0.160,1,,13.10,$41.00,$39.93,2.68,$72.73
AJG,Arthur J. Gallagher & Co.,0.159,6,$229.57,6.43,$226.11,$189.61,19.25,$309.90
XRAY,DENTSPLY SIRONA Inc.,0.159,3,$10.61,12.18,$8.67,$8.59,0.93,$14.76
PFE,Pfizer Inc.,0.158,10,$24.08,3.07,$27.80,$22.57,23.17,$29.21
USB,U.S. Bancorp,0.157,6,$60.41,5.56,$57.51,$43.35,32.66,$65.46
ADP,Automatic Data Processing Inc.,0.157,6,$223.95,4.93,$257.68,$185.56,38.87,$286.17
VMC,Vulcan Materials,0.157,6,$295.01,5.62,$243.06,$237.03,2.54,$329.20
MDLN,Medline Inc Cl A,0.157,4,$39.44,6.28,$35.61,$31.49,13.08,$50.88
INTU,Intuit Inc.,0.156,8,$261.00,6.62,$281.08,$251.72,11.66,$682.76
SHW,Sherwin-Williams,0.155,7,$344.32,4.50,$319.51,$289.19,10.48,$375.09
NEM,Newmont Corp.,0.155,4,$93.40,6.25,$115.56,$75.34,53.38,$135.01
SGI,Somnigroup International Inc.,0.155,2,$78.40,8.30,$61.97,$60.08,3.15,$97.86
EXE,Expand Energy Corp.,0.154,1,,12.64,$85.52,$83.25,2.73,$124.43
HD,Home Depot,0.153,10,$352.68,5.61,$282.85,$277.15,2.06,$389.18
GEHC,GE HealthCare Technologies Inc.,0.153,8,$64.01,4.67,$64.29,$58.72,9.49,$89.64
EG,Everest Group Ltd,0.153,4,$357.23,11.28,$368.27,$295.27,24.72,$398.90
DE,Deere & Co.,0.152,7,$634.33,6.56,$687.00,$428.12,60.47,$719.50
CRH,CRH plc,0.152,5,$107.00,5.14,$81.94,$80.81,1.40,$130.09
UHAL.B,U Haul Holding Co Non Voting,0.152,4,$57.70,4.42,$54.34,$39.55,37.40,$66.84
ALK,Alaska Air Group,0.151,2,$52.20,10.58,$39.53,$33.03,19.68,$60.63
WAT,Waters Corp.,0.150,8,$375.04,6.25,$425.21,$282.77,50.37,$448.21
MSI,Motorola Solutions Inc.,0.148,8,$415.29,5.63,$447.41,$356.42,25.53,$493.57
TRU,TransUnion,0.148,3,$72.14,5.94,$63.44,$60.96,4.07,$88.68
INTC,Intel Corp.,0.147,7,$139.63,4.62,$119.33,$32.89,262.82,$142.35
JPM,JPMorgan Chase & Co.,0.146,15,$327.33,3.54,$332.38,$276.43,20.24,$366.50
HEI.A,HEICO Corp. CL A,0.146,4,$257.91,6.38,$224.84,$199.25,12.84,$279.52
UNP,Union Pacific,0.145,11,$272.00,5.95,$278.28,$211.08,31.84,$314.53
SW,Smurfit Westrock Plc,0.143,3,$46.26,7.56,$42.54,$31.79,33.82,$51.52
PPLI,People Inc.,0.143,3,$46.16,7.54,$41.28,$29.56,39.65,$48.32
FBIN,Fortune Brands Innovations Inc.,0.141,5,$54.90,4.83,$38.56,$31.92,20.80,$63.70
RBC,RBC Bearings Inc.,0.141,2,$644.06,10.70,$515.56,$364.50,41.44,$667.69
PGR,Progressive Corp.,0.140,7,$218.45,4.79,$210.31,$187.70,12.05,$239.26
OSK,Oshkosh Corp.,0.140,5,$153.48,6.69,$133.85,$115.83,15.56,$178.55
ET,Energy Transfer LP,0.140,4,$19.12,7.18,$20.47,$15.10,35.56,$21.84
SN,Sharkninja Inc,0.139,5,$152.27,10.67,$182.57,$83.12,119.65,$194.54
SYK,Stryker Corp.,0.139,4,$314.84,6.72,$275.43,$266.16,3.48,$388.25
KOF,Coca-Cola FEMSA S A CV,0.138,3,$106.25,9.34,$106.50,$76.78,38.71,$117.09
EQT,EQT Corp.,0.137,3,$53.17,6.19,$50.17,$47.79,4.98,$67.84
LRCX,Lam Research,0.136,7,$433.33,5.72,$347.49,$130.42,166.44,$438.03
BA,Boeing Co.,0.136,6,$216.47,3.38,$193.56,$176.77,9.50,$254.35
JNJ,Johnson & Johnson,0.135,12,$253.97,3.96,$256.03,$178.91,43.11,$281.07
DB,Deutsche Bank AG,0.135,4,$33.86,10.80,$34.97,$27.13,28.90,$41.62
MAT,Mattel Inc.,0.135,2,$13.88,8.92,$15.27,$12.40,23.15,$22.48
BLDR,Builders FirstSource Inc.,0.134,6,$89.48,5.60,$56.25,$54.75,2.74,$131.50
UAA,Under Armour Inc.,0.134,1,,10.98,$4.71,$4.13,14.04,$8.15
TEL,TE Connectivity plc,0.133,8,$201.61,3.93,$220.36,$189.53,16.27,$250.61
QCOM,QUALCOMM Inc.,0.133,7,$184.79,3.66,$184.87,$120.88,52.94,$257.56
SLB,Schlumberger Ltd.,0.132,8,$46.49,4.36,$48.74,$30.88,57.84,$60.15
DHI,D.R. Horton,0.132,4,$162.88,6.59,$135.00,$130.96,3.08,$174.13
BFAM,Bright Horizons Family Solutions Inc.,0.132,2,$70.88,8.28,$64.26,$57.63,11.50,$109.86
CB,Chubb Limited,0.131,6,$340.74,4.79,$330.89,$262.07,26.26,$364.81
PHM,PulteGroup Inc.,0.131,3,$137.21,8.64,$115.73,$108.02,7.14,$143.57
FISV,Fiserv Inc.,0.130,9,$49.05,2.79,$44.36,$43.87,1.12,$129.85
CBRE,CBRE Group,0.130,7,$134.69,3.67,$129.58,$121.69,6.48,$174.27
RYN,Rayonier Inc.,0.129,1,,10.54,$18.06,$17.91,0.84,$24.53
AIIR,Air Holdings Ltd,0.129,1,,10.61,$7.39,$5.29,39.70,$13.37
TSN,Tyson Foods,0.128,6,$57.25,3.11,$51.89,$48.84,6.24,$68.27
NCLH,Norwegian Cruise Line Hlgs Ltd.,0.128,3,$21.11,4.23,$15.14,$13.63,11.08,$25.13
FLG,Flagstar Financial Inc.,0.127,2,$14.94,9.62,$11.70,$10.54,11.01,$15.43
GEV,Ge Vernova Inc,0.126,10,$1174.86,3.91,$988.70,$529.18,86.84,$1195.94
TDS,Telephone & Data Systems,0.125,2,$37.01,5.17,$35.39,$31.48,12.42,$49.02
HHH,Howard Hughes Holdings Inc.,0.125,1,,10.23,$71.04,$60.09,18.22,$91.07
SE,Sea Ltd,0.124,8,$95.83,5.02,$95.19,$77.05,23.54,$193.48
TDW,Tidewater Inc.,0.124,3,$66.63,9.95,$82.42,$46.65,76.68,$101.58
ZS,Zscaler Inc.,0.124,1,,10.18,$196.60,$114.63,71.51,$336.99
NOW,ServiceNow Inc.,0.123,6,$99.28,4.59,$134.38,$81.24,65.41,$192.97
CI,Cigna Group,0.122,7,$275.68,2.67,$270.53,$234.20,15.51,$308.48
EFX,Equifax Inc.,0.121,9,$158.73,2.27,$140.00,$137.01,2.18,$241.61
FDX,FedEx Corp.,0.120,7,$313.13,3.18,$290.36,$176.88,64.16,$342.73
APD,Air Products & Chemicals,0.118,7,$293.18,3.96,$277.57,$223.18,24.37,$312.82
CSGP,CoStar Group Inc.,0.118,4,$28.32,6.49,$27.38,$25.89,5.76,$85.24
EWBC,East West Bancorp,0.118,1,,9.68,$126.21,$90.34,39.71,$137.47
URI,United Rentals,0.116,6,$1132.89,5.14,$1081.04,$698.94,54.67,$1177.15
ABNB,Airbnb Inc.,0.116,5,$143.10,3.59,$162.43,$110.81,46.58,$193.45
RYAN,Ryan Specialty Holdings Inc,0.116,2,$37.76,9.09,$37.67,$29.07,29.58,$58.44
MRK,Merck & Co.,0.115,10,$128.49,4.43,$144.30,$79.67,81.12,$156.00
MRSH,Marsh,0.115,6,$166.67,3.98,$170.06,$154.82,9.84,$203.37
TECH,Bio-Techne Corp.,0.115,5,$70.65,3.68,$72.40,$43.07,68.10,$72.69
ACHC,Acadia Healthcare Co.,0.114,2,$29.53,6.00,$28.06,$11.43,145.49,$35.83
EVH,Evolent Health Inc.,0.114,1,,9.34,$3.46,$2.10,64.76,$8.46
GPC,Genuine Parts,0.110,6,$117.98,6.13,$127.24,$89.11,42.79,$147.43
IDXX,IDEXX Laboratories,0.110,6,$526.44,3.93,$518.39,$500.61,3.55,$769.98
REGN,Regeneron Pharmaceuticals,0.110,3,$623.54,4.95,$735.20,$538.24,36.59,$859.34
VTRS,Viatris Inc.,0.110,3,$15.88,5.13,$17.60,$9.36,88.03,$18.43
NU,Nu Holdings Ltd,0.108,5,$13.36,4.29,$13.43,$11.20,19.91,$18.98
NBR,Nabors Industries Ltd.,0.108,1,,8.85,$79.64,$36.66,117.24,$112.90
FRPT,Freshpet Inc.,0.108,1,,8.87,$60.26,$46.45,29.73,$86.00
ZBH,Zimmer Biomet Holdings,0.107,7,$86.09,3.36,$88.29,$78.70,12.19,$105.75
DECK,Deckers Outdoor,0.107,2,$99.29,7.52,$79.12,$77.20,2.49,$122.29
LIN,Linde plc,0.106,7,$518.94,4.94,$479.48,$384.00,24.86,$546.40
CFRHF,Compagnie Financiere Richemont SA,0.106,1,,8.67,$210.46,$158.90,32.45,$247.85
MELI,Mercadolibre Inc.,0.105,7,$1697.39,5.10,$1696.56,$1495.00,13.48,$2428.00
DCH,Dauch Corp.,0.105,3,$5.42,3.97,$5.60,$4.92,13.82,$9.25
SYF,Synchrony Financial,0.105,3,$76.05,7.84,$71.77,$62.56,14.72,$87.67
CVX,Chevron Corp.,0.104,11,$165.76,4.67,$206.69,$142.51,45.04,$217.78
WTW,Willis Towers Watson plc,0.104,5,$261.37,3.44,$288.61,$238.94,20.79,$350.34
WEN,Wendy's Co.,0.104,4,$8.29,5.97,$6.12,$6.02,1.66,$9.51
DVN,Devon Energy Corp.,0.103,5,$41.32,4.49,$47.65,$30.69,55.26,$52.00
TFX,Teleflex,0.103,3,$126.76,4.91,$124.12,$99.39,24.88,$144.64
CGNX,Cognex Corp.,0.103,2,$72.42,7.60,$64.97,$34.45,88.59,$72.78
CPRT,Copart Inc.,0.102,6,$28.19,4.41,$27.22,$26.74,1.80,$45.89
AMD,Advanced Micro Devices,0.101,6,$580.91,5.12,$633.91,$163.14,288.57,$645.46
FCNCA,First Citizens Bancshares,0.101,3,$2080.78,5.32,$2073.46,$1617.01,28.23,$2294.10
VST,Vistra Corp.,0.101,3,$158.63,4.70,$140.02,$132.26,5.87,$215.85
CNX,CNX Resources Corp.,0.101,1,,8.25,$31.50,$30.78,2.34,$43.62
UPS,United Parcel Service,0.100,7,$107.50,2.95,$93.02,$76.95,20.88,$116.86
MDT,Medtronic plc,0.100,7,$78.23,2.76,$86.38,$72.06,19.87,$102.92
BCC,Boise Cascade Company,0.100,3,$77.63,7.47,$74.99,$64.38,16.48,$91.16
ABM,ABM Industries,0.099,5,$44.24,7.10,$48.97,$36.23,35.16,$50.98
ORLY,O'Reilly Automotive,0.099,4,$92.09,3.90,$84.90,$82.59,2.80,$105.36
CNQ,Canadian Natural Resources,0.098,3,$39.50,8.04,$48.44,$28.47,70.14,$51.85
ABG,Asbury Automotive Group Inc.,0.098,2,$201.08,7.91,$175.88,$169.02,4.06,$258.75
EWY,iShares MSCI South Korea ETF,0.097,2,$201.90,6.55,$191.88,$78.86,143.32,$220.89
CR,Crane Co,0.097,2,$223.07,7.82,$208.20,$159.16,30.81,$230.22
BMY,Bristol-Myers Squibb,0.096,8,$57.62,2.88,$61.15,$40.71,50.21,$67.94
MGM,MGM Resorts International,0.096,4,$47.81,4.91,$30.48,$29.19,4.42,$51.59
MLM,Martin Marietta,0.096,3,$576.70,4.56,$482.27,$470.19,2.57,$707.94
GPN,Global Payments Inc.,0.095,4,$72.56,2.49,$78.38,$60.75,29.02,$95.61
AEM,Agnico-Eagle Mines Ltd.,0.094,3,$155.15,6.22,$183.69,$134.08,37.00,$254.05
APG,APi Group Corp.,0.094,3,$42.35,5.00,$40.48,$33.52,20.76,$49.99
URBN,Urban Outfitters Inc.,0.094,1,,7.72,$80.80,$59.54,35.71,$85.43
AU,AngloGold Ashanti Ltd.,0.093,3,$80.90,6.81,$94.92,$59.78,58.78,$124.69
NOMD,Nomad Foods Ltd,0.093,1,,7.61,$10.65,$8.86,20.20,$12.66
HKHHF,Heineken Holding NV,0.093,1,,7.61,$75.23,$64.00,17.55,$84.80
AVTR,Avantor Inc.,0.091,5,$9.90,2.82,$15.34,$7.27,111.00,$16.05
KLAC,KLA Corp.,0.091,3,$301.71,5.78,$206.89,$97.57,112.04,$307.03
MAR,Marriott Int'l.,0.090,4,$370.59,7.02,$358.96,$254.64,40.97,$410.15
MEDP,Medpace Holdings Inc.,0.090,4,$529.59,4.52,$599.47,$373.00,60.72,$677.90
HUM,Humana Inc.,0.090,2,$397.22,5.13,$388.36,$161.90,139.88,$428.88
HUT,Hut 8 Corp,0.090,2,$115.44,4.07,$89.63,$31.67,183.01,$140.80
ARES,Ares Management LP,0.090,2,$111.31,6.45,$117.55,$92.59,26.96,$173.99
GTX,Garrett Motion Inc.,0.090,2,$36.23,7.28,$27.07,$12.09,123.90,$36.14
GWRE,Guidewire Software Inc.,0.089,1,,7.27,$152.15,$102.30,48.73,$255.89
BNY,Bank of New York Mellon Corp.,0.088,10,$144.61,2.21,$145.40,$101.34,43.48,$165.84
KMX,CarMax Inc.,0.088,5,$52.89,3.50,$54.92,$30.26,81.49,$65.28
ECL,Ecolab Inc.,0.088,4,$278.61,4.22,$273.70,$241.85,13.17,$306.79
Q,Qnity Electronics Inc.,0.088,3,$163.31,7.23,$131.48,$72.62,81.05,$177.16
SHOP,Shopify Inc.,0.088,3,$114.18,4.50,$151.39,$94.00,61.05,$182.19
DLTR,Dollar Tree Inc.,0.088,1,,7.25,$112.16,$84.71,32.40,$142.40
YNDX,Yandex N.V.,0.088,1,,7.19,$20.00,$14.09,41.94,$20.36
BL,BlackLine Inc.,0.088,1,,7.19,$27.41,$24.70,10.97,$59.57
GNRC,Generac Holdings Inc.,0.087,6,$292.81,2.91,$216.80,$134.80,60.83,$296.44
JEF,Jefferies Financial Group Inc.,0.087,4,$49.98,3.44,$45.97,$35.00,31.34,$65.11
FLR,Fluor Corp.,0.087,2,$52.39,6.24,$49.90,$39.33,26.88,$58.35
RUSHA,Rush Enterprises Inc.,0.087,2,$48.65,7.03,$47.18,$30.09,56.80,$55.58
XOM,ExxonMobil Holdings Corp.,0.086,11,$136.72,3.65,$164.01,$107.28,52.88,$174.09
STX,Seagate Technology,0.086,3,$965.00,5.90,$848.99,$207.78,308.60,$1143.27
ALLY,Ally Financial Inc.,0.085,4,$45.95,4.78,$37.91,$35.43,7.00,$46.96
TOST,Toast Inc.,0.085,2,$27.82,6.98,$29.79,$22.26,33.83,$39.73
GDS,GDS Holdings Ltd,0.085,2,$30.03,4.92,$27.57,$26.97,2.22,$48.61
CEG,Constellation Energy Corp.,0.085,2,$248.37,3.97,$257.49,$228.28,12.80,$410.41
ABT,Abbott Labs,0.084,7,$90.74,3.98,$97.50,$81.39,19.79,$132.31
RTX,RTX Corp.,0.084,7,$189.73,3.49,$184.68,$153.36,20.42,$226.41
PFGC,Performance Food Group,0.084,4,$111.79,4.00,$93.85,$80.82,16.12,$117.48
QXO,Qxo Inc,0.084,3,$17.28,4.10,$12.06,$11.14,8.26,$27.61
MGA,Magna International Inc.,0.084,3,$91.94,6.54,$64.57,$41.73,54.73,$73.22
CTSH,Cognizant Technology Solutions,0.083,6,$38.73,3.02,$58.51,$36.86,58.74,$85.48
GTN,Gray Television Inc.,0.083,1,,6.80,$4.54,$3.49,30.09,$6.20
KEYS,Keysight Technologies Inc.,0.082,5,$350.07,4.48,$384.64,$158.79,142.23,$387.93
APO,Apollo Global Management,0.082,3,$118.31,4.46,$114.02,$98.73,15.49,$151.39
JLL,Jones Lang Lasalle Inc.,0.081,5,$309.95,3.28,$306.81,$259.83,18.08,$393.84
INDV,Indivior Pharmaceuticals Inc.,0.081,1,,6.65,$35.71,$27.68,29.01,$42.81
CRS,Carpenter Technology,0.080,3,$616.84,3.63,$388.47,$233.24,66.55,$625.72
CSCO,Cisco Systems,0.079,7,$117.46,5.40,$112.20,$65.60,71.04,$129.38
GSK,GSK plc,0.079,6,$52.42,3.51,$47.03,$41.38,13.65,$60.12
IQV,IQVIA Holdings Inc.,0.079,4,$193.22,3.13,$258.21,$154.50,67.13,$277.40
BIIB,Biogen Inc.,0.079,3,$216.06,3.75,$219.88,$138.00,59.33,$230.49
EBAY,eBay Inc.,0.079,2,$111.75,4.74,$106.40,$77.32,37.61,$118.62
TEVA,Teva Pharmaceutical Industries Ltd.,0.079,2,$33.88,3.97,$39.53,$16.74,136.14,$40.79
RHI,Robert Half International,0.079,2,$30.70,5.93,$36.12,$21.08,71.35,$46.09
ADBE,Adobe Inc.,0.078,10,$205.01,2.57,$237.69,$190.12,25.02,$363.70
MANU,Manchester United plc,0.078,3,$22.93,2.41,$20.08,$14.85,35.22,$24.45
CME,CME Group,0.077,7,$220.83,2.52,$263.14,$217.29,21.10,$318.35
COP,ConocoPhillips,0.077,7,$103.96,2.10,$126.75,$82.95,52.80,$141.62
HTHT,H World Group Ltd ADR,0.077,3,$41.72,5.59,$41.78,$34.95,19.54,$54.14
ZTS,Zoetis Inc.,0.076,5,$71.86,3.03,$69.69,$68.77,1.34,$145.99
BP,BP plc,0.076,4,$36.95,3.65,$44.79,$31.12,43.93,$47.14
AMGN,Amgen,0.076,4,$362.12,3.21,$403.04,$280.23,43.82,$447.03
MCK,McKesson Corp.,0.076,2,$755.61,5.95,$902.28,$722.11,24.95,$996.84
VEEV,Veeva Systems Inc.,0.075,6,$177.47,1.93,$273.33,$148.05,84.62,$310.50
JCI,Johnson Controls Intl. plc,0.075,4,$146.11,4.27,$156.24,$103.24,51.34,$156.95
NSRGY,Nestle,0.075,1,,6.11,$89.72,$87.46,2.58,$107.17
AN,AutoNation Inc.,0.075,1,,6.17,$162.46,$152.86,6.28,$235.81
MSCI,MSCI Inc.,0.074,6,$560.04,3.24,$535.95,$495.54,8.15,$642.47
OLN,Olin Corp.,0.074,4,$19.82,4.83,$15.90,$14.95,6.35,$29.90
MDLZ,Mondelez International,0.074,4,$57.84,5.64,$58.19,$49.90,16.61,$66.07
NYT,New York Times CL A,0.074,3,$69.98,4.55,$62.70,$53.65,16.87,$86.83
MTZ,MasTec Inc.,0.074,2,$416.06,3.42,$215.93,$182.34,18.42,$441.43
ACI,Albertsons Co Inc.,0.074,1,,6.09,$11.75,$10.86,8.20,$19.18
DAL,Delta Air Lines Inc.,0.073,5,$93.66,2.16,$84.09,$54.60,54.01,$95.44
SBUX,Starbucks Corp.,0.073,5,$102.19,3.13,$94.71,$76.05,24.54,$109.88
FTV,Fortive Corp.,0.073,4,$61.09,3.47,$57.47,$47.50,20.99,$64.48
BRZE,Braze Inc A,0.073,2,$21.69,5.99,$25.42,$15.26,66.58,$37.33
VAL,Valaris plc,0.073,1,,5.99,$78.39,$46.70,67.86,$114.12
Z,Zillow Group Inc.,0.072,1,,5.89,$27.41,$26.67,2.77,$79.40
ENTG,Entegris Inc.,0.071,6,$179.86,2.70,$166.47,$67.81,145.49,$186.78
WCC,WESCO International Inc.,0.071,5,$345.38,4.23,$381.73,$206.05,85.26,$385.00
RYAAY,Ryanair Holdings PLC,0.071,3,$64.75,5.59,$55.05,$51.68,6.52,$72.60
HOG,Harley-Davidson,0.071,2,$24.46,5.79,$24.55,$16.84,45.78,$28.66
SPUU,Dir Dai S&P 500 Bu 2x ETF Us,0.071,1,,5.81,$225.95,$154.45,46.29,$232.12
PLGO,Pelagos Insurance Capital,0.071,1,,5.84,$24.25,$17.09,41.90,$26.18
FNF,Fidelity National Financial Inc.,0.070,3,$47.16,3.54,$39.26,$38.06,3.15,$56.47
FIVE,Five Below Inc.,0.070,2,$179.79,3.62,$221.19,$137.77,60.55,$263.88
XYZ,Block Inc.,0.070,2,$76.00,4.26,$74.33,$48.21,54.18,$86.92
OGN,Organon & Co.,0.070,1,,5.72,$13.72,$5.67,141.98,$13.79
NVST,Envista Holdings Corp.,0.069,5,$26.35,2.87,$23.46,$18.77,24.99,$30.42
MCHP,Microchip Technology,0.069,4,$91.20,5.37,$81.32,$47.28,72.00,$104.75
ODFL,Old Dominion Freight Line,0.069,3,$216.60,4.93,$180.48,$125.23,44.12,$251.64
DELL,Dell Technologies Inc.,0.069,3,$431.46,5.68,$562.52,$109.70,412.78,$595.51
MSA,MSA Safety Inc.,0.069,3,$174.58,4.68,$181.23,$149.32,21.37,$207.14
UAN,CVR Partners LP,0.069,1,,5.62,$124.82,$78.61,58.78,$136.82
NOV,Nov Inc.,0.068,4,$18.55,1.98,$18.80,$12.01,56.54,$21.84
WAB,WABTEC Corp.,0.068,3,$269.60,4.93,$287.54,$185.19,55.27,$306.32
MRP,Millrose Properties,0.068,2,$30.05,3.95,$24.61,$23.44,4.99,$32.17
BLMN,Bloomin Brands Inc.,0.068,1,,5.59,$8.48,$5.19,63.39,$12.63
GLD,SPDR Gold Trust,0.067,6,$1293.45,2.35,$380.14,$355.80,6.84,$509.70
CCC,CCC Intelligent Solutions Hldgs Inc.,0.067,2,$5.16,3.02,$6.56,$4.08,60.78,$9.55
UBS,UBS AG,0.066,4,$44.91,2.66,$47.71,$35.38,34.85,$55.99
LYB,LyondellBasell Industries,0.065,3,$52.65,2.87,$58.58,$39.12,49.74,$82.22
MBI,MBIA Inc.,0.065,2,$6.52,4.34,$4.40,$4.19,5.01,$7.87
CRGY,Crescent Energy Inc A,0.065,2,$9.82,4.86,$13.39,$7.46,79.49,$15.47
OZK,Bank OZK,0.065,2,$52.09,3.22,$46.71,$41.16,13.48,$53.18
RGLD,Royal Gold Inc.,0.065,2,$199.61,5.09,$234.64,$167.47,40.11,$304.35
PHYS,Sprott Physical Gold Trust,0.065,2,$30.17,5.29,$31.21,$29.30,6.52,$42.07
CLF,Cleveland-Cliffs Inc.,0.065,2,$9.39,5.30,$11.32,$7.73,46.44,$16.70
PRI,Primerica Inc.,0.065,1,,5.36,$275.42,$227.14,21.26,$325.96
TTMI,TTM Technologies Inc.,0.064,4,$187.02,3.13,$131.87,$53.36,147.13,$223.83
NSC,Norfolk Southern Corp.,0.064,4,$314.59,4.13,$317.44,$273.59,16.03,$357.18
FANG,Diamondback Energy Inc.,0.064,2,$175.78,3.02,$184.71,$133.81,38.04,$216.90
SGU,Star Gas Partners LP,0.064,1,,5.26,$12.88,$10.82,19.04,$13.33
CTRI,Centuri Holdings Inc,0.064,1,,5.25,$20.91,$19.03,9.88,$42.99
TRUP,Trupanion Inc.,0.064,1,,5.28,$23.58,$21.16,11.44,$46.98
SAP,SAP SE,0.063,7,$154.11,2.96,$208.57,$144.97,43.87,$276.54
BIO,Bio-Rad Laboratories Inc.,0.063,3,$293.61,2.39,$369.14,$236.73,55.93,$396.23
NXPI,NXP Semiconductors NV,0.063,3,$281.03,2.48,$243.66,$179.82,35.50,$337.28
UA,Under Armour CL C,0.063,1,,5.18,$4.59,$3.95,16.20,$7.91
BF.B,Brown-Forman Corp.,0.062,5,$26.65,3.33,$26.16,$22.23,17.68,$30.85
LPLA,LPL Financial Holdings Inc.,0.062,4,$281.68,2.10,$316.44,$259.94,21.74,$399.03
PLD,Prologis Inc.,0.062,3,$135.47,2.70,$128.91,$107.65,19.75,$152.14
TLN,Talen Energy Corp,0.062,3,$384.26,3.37,$320.77,$279.77,14.65,$451.28
LNC,Lincoln National,0.062,2,$35.35,5.04,$40.30,$31.40,28.34,$47.67
VGNT,Versigent Plc,0.062,2,$42.01,2.64,$46.43,$26.27,76.74,$50.75
MIR,Mirion Technologies Inc,0.062,2,$17.93,4.24,$14.60,$14.04,3.99,$30.28
AAL,American Airlines Group Inc.,0.062,2,$18.07,3.31,$12.94,$10.09,28.25,$18.79
GPGI,GPGI Inc.,0.062,1,,5.09,$12.90,$11.17,15.49,$26.77
QUAD,Quad/Graphics Inc.,0.062,1,,5.06,$9.42,$4.93,91.08,$11.03
PTLO,Portillo's Inc Cl A,0.062,1,,5.05,$3.51,$3.29,6.69,$6.83
XPO,XPO Logistics,0.060,4,$205.29,4.84,$186.09,$121.48,53.19,$232.05
LKQ,LKQ Corp.,0.060,4,$26.33,2.86,$22.80,$20.92,8.99,$35.92
MHK,Mohawk Industries,0.060,3,$121.33,2.37,$126.41,$92.99,35.94,$140.30
MET,MetLife Inc.,0.060,2,$84.61,2.76,$94.43,$66.41,42.19,$100.93
VZ,Verizon Communications,0.059,7,$42.34,1.76,$45.92,$36.55,25.64,$51.67
MS,Morgan Stanley,0.059,5,$209.04,3.54,$190.31,$148.47,28.18,$230.98
NEE,NextEra Energy Inc.,0.059,4,$87.77,3.10,$76.83,$74.41,3.25,$97.30
LEA,Lear Corp.,0.059,3,$134.06,2.61,$120.85,$93.67,29.02,$149.08
AME,Ametek Inc.,0.059,2,$241.94,4.87,$251.93,$178.15,41.41,$260.78
DJCO,Daily Journal Corp.,0.059,1,,4.80,$656.44,$348.63,88.29,$692.50
GS,Goldman Sachs Group,0.058,5,$1011.37,2.77,$902.56,$725.74,24.36,$1148.37
OKE,ONEOK Inc.,0.058,2,$86.94,3.08,$87.88,$84.15,4.43,$97.66
BRCC,BRC Inc.,0.058,1,,4.79,$9.05,$6.00,50.83,$18.55
MP,MP Materials Corp.,0.058,1,,4.74,$46.97,$37.81,24.23,$100.25
MNDY,monday.com Ltd.,0.058,1,,4.77,$78.80,$57.50,37.04,$210.49
LFUS,Littelfuse Inc.,0.057,7,$455.33,2.52,$456.53,$231.54,97.17,$499.60
ARW,Arrow Electronics,0.057,4,$213.41,4.35,$242.01,$101.79,137.75,$247.25
AVT,Avnet Inc.,0.057,3,$88.82,3.87,$106.94,$43.35,146.69,$108.63
CHD,Church & Dwight,0.057,2,$96.88,4.58,$94.31,$80.29,17.46,$105.37
CNR,Core Natural Resources Inc.,0.057,1,,4.67,$88.96,$74.41,19.55,$114.56
ALAB,Astera Labs Inc,0.057,1,,4.65,$350.33,$97.89,257.88,$499.48
PNC,PNC Financial Services,0.056,5,$246.22,3.78,$221.03,$172.82,27.90,$258.96
BHF,Brighthouse Financial Inc.,0.056,1,,4.60,$50.02,$44.51,12.38,$66.80
GLW,Corning Inc.,0.055,4,$255.43,4.26,$164.19,$76.98,113.29,$271.27
OC,Owens Corning,0.055,3,$158.94,2.86,$118.36,$95.63,23.77,$159.88
YUMC,Yum China Holdings Inc.,0.055,3,$40.87,4.25,$39.98,$39.72,0.65,$57.33
SEG,Seaport Entertainment Group,0.055,2,$26.60,3.86,$22.38,$17.74,26.16,$29.61
BGC,BGC Group Inc.,0.055,1,,4.48,$11.78,$8.20,43.66,$12.86
CNDT,Conduent Inc.,0.055,1,,4.48,$1.65,$1.15,43.48,$2.82
B,Barrick Mining Corp.,0.054,5,$36.73,3.12,$40.23,$29.73,35.32,$53.80
BX,Blackstone Group,0.054,4,$117.67,3.30,$111.75,$99.78,12.00,$163.37
AMRZ,Amrize Ltd,0.054,3,$53.30,2.13,$37.26,$36.55,1.94,$65.13
KGC,Kinross Gold Corp.,0.054,3,$23.62,4.14,$24.06,$21.89,9.91,$38.96
TER,Teradyne Inc.,0.054,2,$483.84,4.42,$449.04,$131.50,241.48,$487.72
LLYVK,Liberty Media Corp. Series C Live,0.054,2,$105.64,4.07,$97.87,$78.68,24.39,$109.75
FAST,Fastenal,0.054,2,$48.03,2.72,$50.75,$38.34,32.37,$52.92
NMIH,NMI Holdings,0.054,2,$41.09,4.39,$38.83,$34.84,11.45,$46.74
MAVF,Matrix Advisors Value ETF,0.054,1,,4.41,$138.41,$113.25,22.22,$142.84
TJX,TJX Companies Inc.,0.053,3,$151.50,2.52,$132.68,$122.78,8.06,$169.47
TMHC-OLD,Taylor Morrison Home Corp.,0.053,3,$71.74,3.30,$72.46,$54.15,33.81,$72.50
TDAY,Gannett Co.,0.053,2,$8.55,2.83,$7.05,$3.42,106.14,$9.21
SYY,Sysco Corp.,0.052,5,$83.44,1.81,$77.49,$66.76,16.07,$89.92
OMC,Omnicom Group,0.052,4,$72.83,2.53,$74.15,$64.32,15.28,$88.65
MPLX,MPLX LP,0.052,2,$56.33,3.90,$56.38,$44.22,27.50,$60.39
MSGE,Madison Square Garden Entertainment Corp.,0.052,1,,4.28,$79.87,$41.65,91.76,$90.41
VNOM,Viper Energy Inc.,0.052,1,,4.25,$40.64,$33.67,20.70,$49.62
MCD,McDonald's Corp.,0.051,7,$270.31,2.18,$231.89,$229.61,0.99,$335.18
RMNI,Rimini Street Inc.,0.051,2,$4.26,4.15,$4.24,$2.87,47.74,$5.68
OSW,OneSpaWorld Holdings Ltd,0.051,1,,4.19,$23.62,$18.94,24.71,$29.19
DEO,Diageo ADR,0.050,8,$80.38,1.60,$84.75,$71.73,18.15,$101.71
NKE,NIKE Inc.,0.050,7,$41.05,2.32,$33.87,$31.97,5.94,$72.39
ABBV,AbbVie Inc.,0.050,7,$251.64,3.09,$262.82,$189.40,38.76,$269.39
REZI,Resideo Technologies Inc.,0.050,5,$31.10,1.90,$18.35,$17.51,4.80,$32.01
PPG,PPG Industries,0.050,3,$121.29,2.78,$105.15,$91.35,15.11,$130.99
KDP,Keurig Dr Pepper Inc.,0.050,2,$32.73,4.04,$30.37,$24.26,25.19,$33.58
CRL,Charles River Labs,0.050,2,$226.79,3.41,$290.19,$146.20,98.49,$303.31
FTNT,Fortinet Inc.,0.050,1,,4.09,$180.95,$73.55,146.02,$183.09
NTRA,Natera Inc.,0.049,4,$271.45,3.32,$410.35,$160.59,155.53,$427.47
CRBG,Corebridge Financial Inc.,0.049,3,$28.63,2.84,$34.03,$21.74,56.53,$35.64
LBTYA,Liberty Global Ltd CL A,0.049,3,$11.37,2.57,$8.92,$8.80,1.36,$13.52
IEX,IDEX Corp.,0.049,2,$226.95,3.97,$232.99,$157.11,48.30,$243.02
CHTR,Charter Communications,0.048,6,$142.21,1.95,$109.29,$108.30,0.91,$284.60
FN,Fabrinet,0.047,4,$562.08,3.30,$463.69,$358.28,29.42,$748.89
LUV,Southwest Airlines,0.047,2,$51.42,3.87,$42.47,$28.75,47.72,$54.38
SEB,Seaboard Corp.,0.047,2,$4464.28,3.80,$4024.28,$3133.55,28.43,$5983.34
LUMN,Lumen Technologies Inc.,0.047,1,,3.87,$5.75,$5.38,6.88,$11.95
MAIR,Madison Air Solutions Corp A,0.047,1,,3.87,$25.04,$22.91,9.30,$44.50
WDAY,Workday Inc.,0.046,4,$122.42,1.78,$186.14,$110.36,68.67,$247.40
CNC,Centene Corp.,0.046,3,$64.19,2.71,$62.99,$31.63,99.15,$69.63
WULF,Terawulf Inc,0.046,2,$24.70,3.65,$15.49,$10.47,47.95,$29.84
DKS,Dick's Sporting Goods Inc.,0.046,2,$226.81,3.02,$136.08,$119.27,14.09,$242.09
CNA,CNA Financial Corp.,0.046,1,,3.77,$46.34,$40.34,14.87,$55.19
CG,Carlyle Group,0.045,4,$42.11,1.91,$39.82,$38.72,2.84,$65.91
FLEX,Flex Ltd.,0.045,3,$162.07,3.66,$116.61,$53.07,119.73,$166.86
SDHC,Smith Douglas Homes Corp,0.045,3,$15.54,3.67,$10.08,$9.75,3.38,$23.49
NVT,nVent Electric plc,0.045,3,$169.61,3.19,$169.56,$92.78,82.75,$184.40
NVR,NVR Inc.,0.045,3,$6813.41,3.03,$5993.85,$5501.01,8.96,$8200.00
STLA,Stellantis N.V.,0.045,2,$5.74,3.69,$4.40,$4.30,2.33,$12.22
TWLO,Twilio Inc.,0.045,2,$206.33,3.70,$294.58,$99.23,196.87,$305.95
DD,DuPont de Nemours Inc.,0.045,2,$135.65,3.71,$129.98,$86.86,49.64,$156.04
NRP,Natural Resource Partners,0.045,1,,3.69,$109.50,$94.82,15.48,$126.18
HSY,Hershey Co.,0.044,5,$175.44,2.08,$160.19,$156.16,2.58,$235.80
COHR,Coherent Corp.,0.044,4,$394.47,3.50,$337.04,$108.19,211.53,$440.00
ILMN,Illumina Inc.,0.044,2,$175.83,2.02,$273.04,$88.00,210.27,$280.17
USFD,US Foods Holding Corp.,0.044,2,$102.25,3.07,$96.92,$69.88,38.69,$111.42
SSNC,SS&C Technologies Holdings Inc.,0.044,2,$62.05,2.01,$78.53,$61.18,28.36,$88.93
ERFSF,Eurofins Scientific SE,0.044,1,,3.60,$82.52,$64.33,28.28,$92.97
PGEN,Precigen Inc.,0.044,1,,3.61,$8.54,$2.99,185.62,$8.98
PSX,Phillips 66,0.043,6,$169.05,2.96,$264.58,$123.09,114.95,$277.12
LBRDK-OLD,Liberty Broadband Corp. CL C,0.043,4,$33.26,1.94,$35.99,$26.25,37.10,$65.73
CORZ,Core Scientific Inc,0.043,3,$25.59,3.38,$16.45,$13.36,23.13,$30.46
AERO,Grupo Aeromexico Sab De Cv,0.043,2,$18.00,1.89,$15.39,$12.26,25.53,$23.05
BFH,Bread Financial Holdings Inc.,0.043,2,$108.35,3.40,$98.05,$53.23,84.20,$114.28
AFRM,Affirm Holdings Inc.,0.043,2,$81.55,3.51,$70.77,$42.10,68.10,$90.44
SA,Seabridge Gold Inc.,0.043,1,,3.52,$26.97,$21.67,24.46,$40.06
MSGS,Madison Square Garden Sports Corp.,0.042,4,$401.84,2.64,$406.95,$207.90,95.74,$438.93
ROIV,Roivant Sciences Ltd,0.042,4,$35.39,1.95,$35.72,$15.25,134.23,$42.50
TAP,Molson Coors Beverage Co.,0.042,3,$38.94,2.94,$36.86,$35.52,3.77,$53.00
CHYM,Chime Financial Inc Cl A,0.042,3,$20.48,2.78,$27.25,$15.88,71.60,$35.55
AMG,Affiliated Managers Group,0.042,3,$338.40,3.37,$371.43,$230.23,61.33,$392.91
FOX,Fox Corporation CL B,0.042,2,$46.84,3.27,$55.89,$43.86,27.43,$67.48
NRG,NRG Energy Inc.,0.042,1,,3.44,$95.23,$93.36,2.00,$188.71
ALV,Autoliv Inc.,0.041,2,$116.17,3.37,$111.85,$97.72,14.46,$131.23
INCY,Incyte Corp.,0.041,2,$113.36,2.64,$115.30,$82.82,39.22,$132.60
GFL,Gfl Environmental Inc Sub Vt,0.041,1,,3.39,$41.98,$33.32,25.99,$46.95
CPT,Camden Property Trust,0.040,3,$114.49,1.76,$95.96,$93.28,2.87,$118.52
UAL,United Airlines Holdings Inc.,0.040,2,$135.99,3.31,$112.51,$84.64,32.93,$138.77
WSC,WillScot Mobile Mini Hldgs Corp.,0.040,2,$28.86,3.28,$17.30,$14.72,17.53,$29.66
SSD,Simpson Manufacturing,0.040,2,$209.35,3.09,$173.56,$155.27,11.78,$212.80
PENN,Penn National Gaming Inc.,0.040,2,$21.36,3.20,$14.77,$11.65,26.78,$22.36
STZ,Constellation Brands,0.039,4,$139.09,1.58,$112.87,$111.54,1.19,$166.17
RS,Reliance Steel & Aluminum,0.039,2,$373.60,3.23,$400.31,$256.46,56.09,$432.62
CE,Celanese Corp.,0.039,2,$46.00,2.82,$44.19,$35.07,26.01,$70.65
IDT,IDT Corp. CL B,0.039,1,,3.23,$78.98,$45.54,73.43,$81.79
SWKS,Skyworks Solutions Inc.,0.039,1,,3.18,$85.03,$51.48,65.17,$92.80
STT,State Street Corp.,0.038,5,$169.60,1.93,$175.96,$102.21,72.16,$194.90
NVO,Novo Nordisk A S,0.038,4,$47.94,1.05,$37.32,$34.20,9.12,$61.21
EW,Edwards Lifesciences Corp.,0.038,2,$90.46,3.09,$85.15,$72.30,17.77,$96.29
IBP,Installed Building Products,0.038,2,$229.84,3.07,$193.00,$186.64,3.41,$344.87
PCG,PG&E Corp.,0.038,2,$16.82,2.85,$12.32,$11.72,5.12,$18.97
STRL,Sterling Construction Co. Inc.,0.038,1,,3.13,$533.42,$281.58,89.44,$1005.68
FPH,Five Point Holdings LLC,0.038,1,,3.11,$4.54,$4.53,0.22,$6.47
LMT,Lockheed Martin Corp.,0.037,5,$509.46,1.38,$505.41,$429.47,17.68,$683.27
AEP,American Electric Power,0.037,3,$136.81,1.72,$119.57,$109.93,8.77,$139.52
LH,Labcorp Holdings Inc.,0.037,3,$280.00,1.92,$308.49,$242.07,27.44,$341.06
FNV,Franco Nevada Corp.,0.037,2,$208.45,1.81,$239.30,$180.18,32.81,$284.12
FMX,Fomento Economico Mexicano,0.037,2,$127.90,2.74,$115.68,$84.80,36.42,$141.47
ALGN,Align Technology Inc.,0.037,1,,3.07,$143.74,$124.91,15.07,$200.44
RBLX,Roblox Corp.,0.037,1,,3.04,$44.12,$33.88,30.22,$141.95
MICC,Magnum Ice Cream Co NV,0.036,7,$16.98,0.91,$17.48,$12.94,35.09,$20.69
ONON,On Holding AG,0.036,4,$35.42,2.88,$30.85,$26.37,16.99,$51.08
CARR,Carrier Global Corp.,0.036,4,$73.35,1.74,$55.12,$49.67,10.97,$76.49
SNOW,Snowflake Inc.,0.036,3,$254.50,2.25,$341.04,$118.30,188.28,$384.56
YUM,Yum! Brands Inc.,0.036,3,$159.86,2.01,$136.12,$134.26,1.39,$169.29
EL,Estee Lauder Cos.,0.036,3,$78.94,2.87,$91.97,$65.74,39.90,$120.38
SPHR,Sphere Entertainment Co.,0.036,2,$173.03,2.87,$128.25,$57.01,124.96,$181.63
AWI,Armstrong World Industries Inc.,0.036,2,$160.42,1.50,$163.12,$150.00,8.75,$204.82
TPG,Tpg Inc,0.036,1,,2.92,$44.67,$36.07,23.84,$67.83
CPAY,Corpay Inc.,0.036,1,,2.99,$394.60,$252.84,56.07,$427.46
WMT,Walmart Inc.,0.035,6,$113.26,2.76,$104.26,$98.06,6.32,$134.83
BF.A,Brown-Forman Corp. CL A,0.035,3,$27.36,2.22,$26.67,$22.63,17.85,$30.62
TW,Tradeweb Markets Inc.,0.035,3,$99.66,1.63,$102.22,$91.30,11.96,$127.35
EMBJ,Embraer SA,0.035,3,$63.80,2.09,$75.21,$53.26,41.21,$80.29
BRO,Brown & Brown Inc.,0.035,3,$64.15,1.62,$59.91,$53.69,11.59,$95.63
TRGP,Targa Resources Corp.,0.035,2,$268.14,2.83,$281.74,$141.11,99.66,$307.94
RGEN,Repligen Corp.,0.035,2,$136.44,2.44,$181.70,$100.99,79.92,$198.87
CDNS,Cadence Design Systems,0.035,2,$375.32,2.81,$351.35,$262.75,33.72,$416.69
UNF,UniFirst Corp.,0.035,2,$264.46,2.03,$251.78,$146.76,71.56,$306.26
ULS,Ul Solutions Inc Class A,0.035,1,,2.91,$65.99,$63.17,4.46,$107.17
PRVA,Privia Health Group Inc.,0.035,1,,2.91,$20.30,$18.92,7.29,$28.82
VOO,Vanguard S&P 500 ETF,0.034,6,$686.82,1.77,$707.54,$575.30,22.99,$714.55
TCOM,Trip.com Group Ltd,0.034,3,$39.84,1.50,$38.09,$38.01,0.21,$78.99
CPB,Campbell's Co.,0.034,3,$22.27,2.60,$19.62,$18.99,3.32,$30.16
BR,Broadridge Financial Solutions,0.034,2,$136.95,1.49,$156.93,$133.01,17.98,$233.40
WSO,Watsco Inc.,0.034,2,$416.73,1.90,$297.47,$295.75,0.58,$455.09
IMO,Imperial Oil Ltd.,0.034,2,$112.17,2.51,$125.68,$82.02,53.23,$138.09
CBRS,Cerebras Systems Inc A,0.034,1,,2.76,$166.43,$160.81,3.49,$386.34
CMPR,Cimpress plc,0.034,1,,2.77,$75.04,$60.59,23.85,$106.58
MIDD,Middleby Corp.,0.034,1,,2.82,$104.57,$88.87,17.67,$148.55
EFA,iShares MSCI EAFE ETF,0.033,5,$103.87,2.39,$103.96,$88.19,17.88,$108.89
WY,Weyerhaeuser Co.,0.033,4,$23.94,2.02,$18.47,$18.41,0.33,$27.03
LOW,Lowe's Cos.,0.033,3,$220.49,1.43,$180.80,$179.21,0.89,$289.87
CTO,CTO Realty Growth Inc.,0.033,1,,2.74,$20.54,$13.94,47.35,$22.31
GPK,Graphic Packaging Hldg Co.,0.033,1,,2.69,$8.78,$8.59,2.21,$18.83
ATS,Ats Corp,0.033,1,,2.67,$18.26,$17.77,2.76,$35.82
FER,Ferrovial Se,0.033,1,,2.72,$53.64,$52.24,2.68,$74.07
KNSL,Kinsale Capital Group Inc.,0.033,1,,2.67,$329.72,$287.01,14.88,$483.75
VRSK,Verisk Analytics Inc.,0.032,5,$179.53,1.65,$163.88,$155.10,5.66,$247.71
HCA,HCA Healthcare Inc.,0.032,5,$389.89,2.12,$426.69,$353.34,20.76,$553.56
BSX,Boston Scientific,0.032,5,$42.68,2.29,$42.60,$41.94,1.57,$105.65
CSX,CSX Corp.,0.032,3,$47.53,2.15,$47.43,$33.20,42.86,$53.45
WMB,Williams Cos.,0.032,3,$74.34,2.57,$70.54,$54.53,29.36,$78.91
CASY,Casey's Gen'l Stores,0.032,3,$794.80,1.98,$617.76,$496.20,24.50,$927.15
VRTX,Vertex Pharmaceuticals,0.032,2,$496.73,1.51,$504.73,$400.74,25.95,$560.25
WPM,Wheaton Precious Metals Corp.,0.032,2,$112.32,2.63,$136.28,$92.01,48.11,$165.03
CLH,Clean Harbors Inc.,0.032,2,$298.75,2.59,$318.51,$201.34,58.20,$335.94
RDDT,Reddit Inc Cl A,0.032,2,$173.58,1.83,$147.86,$119.27,23.97,$263.50
LII,Lennox International,0.032,1,,2.60,$356.30,$348.90,2.12,$585.05
GGG,Graco Inc.,0.032,1,,2.63,$78.00,$72.23,7.99,$94.99
ITUB,ita Unibanco Holding S.A.,0.032,1,,2.59,$8.59,$6.05,41.98,$9.46
MTN,Vail Resorts Inc.,0.031,4,$136.15,2.23,$141.16,$116.69,20.97,$160.49
LEN.B,Lennar Corp. CL B,0.031,4,$88.71,2.12,$78.69,$74.44,5.71,$123.45
MAS,Masco Corp.,0.031,3,$81.37,1.33,$68.36,$57.51,18.87,$83.27
TME,Tencent Music Entertainment Grp,0.031,3,$8.35,1.49,$7.74,$7.66,1.04,$23.23
BAP,Credicorp Ltd.,0.031,3,$389.58,1.08,$373.31,$219.79,69.85,$413.25
TTWO,Take-Two Interactive Software,0.031,2,$249.98,1.89,$202.73,$187.63,8.05,$265.94
A,Agilent Technologies,0.031,2,$132.83,2.53,$167.78,$108.14,55.15,$177.05
JBS,Jbs Nv A,0.031,2,$11.85,2.54,$11.67,$10.61,9.99,$17.27
FIS,Fidelity National Information Services,0.031,2,$38.88,1.56,$32.44,$32.10,1.06,$66.59
RLI,RLI Corp.,0.031,2,$59.07,1.48,$55.94,$45.14,23.93,$66.81
WHK,Whitehawk Minerals Corp Cl A,0.031,1,,2.56,$25.49,$24.06,5.94,$29.07
JELD,JELD-WEN Holding Inc.,0.031,1,,2.53,$1.89,$0.93,103.23,$4.97
WFRD,Weatherford International plc,0.031,1,,2.51,$79.72,$60.12,32.60,$112.79
RMD,ResMed Inc.,0.031,1,,2.54,$218.89,$179.75,21.77,$281.89
IBM,International Business Machines,0.030,5,$281.21,2.36,$222.64,$197.77,12.58,$330.09
CL,Colgate-Palmolive,0.030,5,$91.68,1.24,$84.26,$73.21,15.09,$98.15
PAYX,Paychex Inc.,0.030,2,$98.33,2.35,$98.94,$83.50,18.49,$127.98
TRIP,TripAdvisor Inc.,0.030,2,$13.71,1.62,$8.51,$8.02,6.11,$17.82
BE,Bloom Energy Corp.,0.030,2,$302.69,2.36,$289.15,$75.70,281.97,$351.28
FOUR,Shift4 Payments Inc. CL A,0.030,2,$48.64,2.09,$36.17,$34.56,4.66,$80.98
SDRL,Seadrill Ltd,0.030,2,$37.82,2.45,$43.85,$28.10,56.05,$55.47
NWSA,News Corp.,0.030,2,$24.83,2.32,$28.69,$22.03,30.23,$31.55
TTC,Toro Co.,0.030,2,$97.42,2.39,$98.64,$66.72,47.84,$104.28
ZBRA,Zebra Technologies Corp.,0.030,2,$263.26,2.42,$375.86,$199.05,88.83,$386.23
PEG,Public Serv. Enterprise Inc.,0.030,2,$81.16,2.42,$68.07,$66.15,2.90,$85.40
LAZ,Lazard Inc.,0.030,2,$41.94,2.41,$36.07,$35.16,2.59,$57.45
CHRW,C.H. Robinson Worldwide,0.030,2,$188.34,1.33,$157.72,$121.78,29.51,$209.43
NXT,Nextracker Inc Cl A,0.030,1,,2.49,$84.30,$74.91,12.54,$163.13
ESRT,Empire State Realty Trust Inc.,0.030,1,,2.45,$4.17,$3.93,6.11,$7.83
OCSL,Oaktree Specialty Lending Corp,0.030,1,,2.49,$11.91,$10.07,18.27,$12.98
CSL,Carlisle Companies,0.029,4,$362.75,1.62,$329.34,$290.64,13.32,$428.80
DPC,Dpc Holdings Plc,0.029,4,$49.06,2.27,$41.35,$37.65,9.83,$57.25
BMRN,BioMarin Pharmaceutical Inc.,0.029,3,$57.22,1.24,$57.18,$49.26,16.08,$70.98
SUI,Sun Communities Inc.,0.029,3,$119.91,1.75,$110.75,$109.29,1.34,$134.01
CPRI,Capri Holdings Ltd,0.029,2,$18.57,2.29,$14.44,$12.40,16.45,$28.27
PTEN,Patterson-UTI Energy Inc.,0.029,1,,2.41,$11.21,$5.02,123.31,$13.39
VSEC,VSE Corp.,0.028,3,$228.50,2.18,$167.28,$154.36,8.37,$247.85
WST,West Pharmaceutical Services,0.028,2,$358.99,1.85,$364.98,$223.52,63.29,$385.75
PBH,Prestige Consumer Healthcare,0.028,2,$47.27,2.29,$45.26,$42.62,6.19,$71.07
AMLP,Alerian MLP ETF,0.028,1,,2.26,$52.64,$41.24,27.64,$56.43
MNST,Monster Beverage Corp.,0.028,1,,2.28,$42.94,$32.94,30.36,$50.17
FDXF,FedEx Freight Holding Co.,0.027,5,$151.00,1.02,$112.89,$107.67,4.85,$200.00
VEA,Vanguard FTSE Developed ETF,0.027,5,$71.25,1.63,$71.13,$57.35,24.03,$73.85
BLCO,Bausch + Lomb Corp,0.027,3,$16.56,1.51,$17.11,$13.77,24.26,$18.92
DINO,HF Sinclair Corp.,0.027,3,$69.65,1.99,$113.36,$44.66,153.83,$118.39
NESR,National Energy Services Reunited Corp.,0.027,3,$29.93,2.18,$24.67,$9.95,147.94,$36.94
GLIBK,GCI Liberty Inc. Series C,0.027,2,$21.56,2.18,$23.24,$19.30,20.41,$41.18
EXP,Eagle Materials Inc.,0.027,2,$225.00,2.21,$171.36,$167.32,2.41,$245.20
COIN,Coinbase Global Inc.,0.027,1,,2.24,$183.00,$139.11,31.55,$402.16
HLF,Herbalife Nutrition Ltd.,0.027,1,,2.25,$12.56,$7.56,66.14,$20.40
BOKF,BOK Financial Corp.,0.027,1,,2.25,$128.36,$100.84,27.29,$146.20
FAF,First Amer'n Corp.,0.027,1,,2.21,$62.49,$55.23,13.15,$79.13
CVSA,Covista Inc.,0.027,1,,2.20,$125.48,$86.97,44.28,$156.26
KSPI,Jsc Kaspi.kz ADR,0.026,7,$86.62,0.96,$94.05,$64.26,46.36,$107.58
TFC,Truist Financial Corp.,0.026,4,$49.82,2.06,$46.45,$39.11,18.77,$54.51
ITRN,Ituran Location & Control Ltd.,0.026,3,$61.01,1.93,$52.53,$32.98,59.28,$67.11
FOSL,Fossil Inc.,0.026,2,$4.14,2.10,$6.80,$1.70,300.00,$7.06
GNTX,Gentex Corp.,0.026,2,$25.27,2.09,$22.08,$20.26,8.98,$27.38
CDW,CDW Corp.,0.026,2,$140.64,1.09,$133.29,$96.09,38.71,$159.23
DOX,Amdocs Ltd.,0.026,2,$50.54,2.07,$58.12,$48.76,19.20,$82.57
BBIO,BridgeBio Pharma Inc.,0.026,2,$74.48,2.11,$67.25,$52.00,29.33,$93.42
AIG,American International Group,0.026,2,$74.53,2.02,$74.93,$69.90,7.20,$85.64
FLS,Flowserve Corp.,0.026,2,$74.16,2.10,$74.37,$48.14,54.49,$91.59
BKV,Bkv Corporation,0.026,1,,2.17,$21.57,$20.08,7.42,$32.81
DHT,DHT Holdings Inc.,0.026,1,,2.13,$23.68,$9.43,151.11,$23.72
DVA,DaVita HealthCare Partners,0.026,1,,2.15,$178.69,$101.00,76.92,$247.49
TECK,Teck Resources,0.026,1,,2.14,$68.56,$37.75,81.62,$72.46
NFG,National Fuel Gas,0.026,1,,2.15,$76.43,$74.10,3.14,$95.34
VAC,Marriott Vacations Worldwide,0.026,1,,2.16,$104.20,$42.68,144.14,$130.30
SPCX,Space Exploration Technologies Corp.,0.025,5,$170.86,0.67,$158.96,$104.83,51.64,$225.64
BUD,Anheuser-Busch InBev,0.025,4,$82.40,1.27,$73.43,$57.42,27.88,$86.60
VOYA,Voya Financial Inc.,0.025,3,$90.53,1.08,$96.65,$63.83,51.42,$105.64
KVUE,Kenvue Inc,0.025,3,$19.11,1.90,$17.20,$13.22,30.11,$19.67
VSNT,Versant Media Group Inc.,0.025,3,$36.01,1.77,$30.94,$26.30,17.64,$44.57
MAA,Mid-America Apt Communties,0.025,2,$138.94,2.00,$115.27,$114.47,0.70,$142.76
COTY,Coty Inc.,0.025,2,$2.16,2.00,$2.66,$1.82,46.15,$4.47
ATI,Allegheny Technologies Inc.,0.025,2,$197.10,1.39,$192.42,$79.29,142.68,$243.57
ISRG,Intuitive Surgical Inc.,0.025,2,$397.68,1.53,$391.95,$328.57,19.29,$603.88
EOG,EOG Resources,0.025,2,$129.73,1.99,$141.38,$99.12,42.64,$154.16
SJM,J.M. Smucker Co,0.025,2,$112.50,2.02,$117.19,$86.47,35.53,$135.89
INSM,Insmed Inc.,0.025,1,,2.07,$111.12,$90.39,22.93,$212.75
FBTC,Fidelity Wise Origin Bitcoin,0.025,1,,2.07,$73.33,$50.48,45.27,$110.25
KBR,KBR Inc.,0.025,1,,2.07,$34.24,$29.67,15.40,$47.30
SHEN,Shenandoah Telecommunications Co.,0.025,1,,2.06,$10.86,$9.67,12.31,$17.35
BIDU,Baidu Inc.,0.024,4,$114.29,1.98,$84.32,$83.95,0.44,$165.30
MTB,M&T Bank Corp.,0.024,3,$238.01,1.52,$219.14,$169.89,28.99,$254.31
WRBY,Warby Parker Inc.,0.024,3,$30.34,1.89,$27.03,$14.96,80.68,$31.00
AXTA,Axalta Coating Systems Ltd.,0.024,2,$34.22,1.18,$32.20,$24.94,29.11,$38.61
UHS,Universal Health Services Inc.,0.024,2,$148.69,1.12,$175.72,$139.92,25.59,$245.26
PR,Permian Resources Corp.,0.024,2,$18.41,1.97,$22.12,$11.52,92.01,$24.48
ANET,Arista Networks Inc.,0.024,2,$169.88,1.94,$207.35,$114.52,81.06,$214.89
ECPG,Encore Capital Group Inc.,0.024,1,,1.94,$95.92,$39.95,140.10,$104.98
COLD,Americold Realty Trust,0.024,1,,1.98,$13.97,$9.44,47.99,$16.61
JXN,Jackson Financial Inc.,0.024,1,,1.94,$131.53,$86.88,51.39,$140.33
FCX,Freeport-McMoran Inc.,0.024,1,,2.00,$72.04,$38.27,88.24,$80.24
SPB,Spectrum Brands Holdings Inc.,0.023,4,$85.75,1.23,$78.32,$48.72,60.76,$98.53
LAMR,Lamar Advertising Co.,0.023,3,$155.98,1.64,$144.12,$109.09,32.11,$164.46
CAG,Conagra Brands Inc.,0.023,3,$13.46,1.76,$13.36,$12.39,7.83,$19.59
ADPT,Adaptive Biotechnologies Corp.,0.023,2,$21.45,1.83,$28.35,$12.00,136.25,$29.96
BATRK,Atlanta Braves Holdings Inc. Series C,0.023,2,$51.90,1.64,$52.03,$37.76,37.79,$54.86
AGX,Argan Inc.,0.023,2,$798.55,1.80,$383.83,$254.39,50.88,$805.09
PANW,Palo Alto Networks,0.023,2,$341.02,1.88,$403.24,$139.57,188.92,$409.50
WEC,WEC Energy Group,0.023,1,,1.92,$101.59,$99.80,1.79,$118.87
SHC,Sotera Health Co,0.023,1,,1.88,$18.22,$13.09,39.19,$19.85
PDRDF,Pernod Ricard,0.023,1,,1.92,$67.94,$65.28,4.07,$100.83
SWK,Stanley Black & Decker Inc.,0.023,1,,1.92,$91.34,$59.35,53.90,$103.78
WTM,White Mountains Insurance,0.023,1,,1.85,$2020.92,$1783.97,13.28,$2333.00
BYD,Boyd Gaming Corp.,0.023,1,,1.92,$67.25,$65.00,3.46,$91.17
LNT,Alliant Energy,0.023,1,,1.86,$64.33,$62.41,3.08,$78.22
CHRD,Chord Energy,0.023,1,,1.87,$137.01,$80.76,69.65,$157.06
TRV,Travelers Companies Inc.,0.022,4,$330.13,0.71,$360.38,$248.46,45.05,$397.34
ABEV,Ambev S.A.,0.022,3,$3.14,1.81,$2.99,$2.07,44.44,$3.42
HSIC,Henry Schein Inc.,0.022,3,$83.52,1.54,$84.88,$61.95,37.01,$92.18
GILD,Gilead Sciences,0.022,3,$126.34,1.57,$144.74,$107.02,35.25,$154.51
IWF,iShares Russell 1000 Growth ETF,0.022,3,$124.17,1.08,$127.07,$102.05,24.52,$128.91
GHC,Graham Holdings Co.,0.022,2,$1141.45,1.74,$1149.61,$923.50,24.48,$1262.35
IR,Ingersoll Rand Inc.,0.022,2,$81.99,0.92,$76.07,$68.05,11.79,$100.89
ECHO,EchoStar Corp.,0.022,2,$101.50,1.73,$94.25,$65.76,43.32,$147.25
CTVA,Corteva Inc.,0.022,2,$84.69,1.84,$11.92,$9.00,32.44,$14.44
PRMB,Primo Brands Corp,0.022,2,$24.44,1.77,$19.51,$14.04,38.96,$26.08
KRC,Kilroy Realty Corp.,0.022,1,,1.83,$33.63,$26.46,27.10,$40.89
UMBF,UMB Financial Corp.,0.022,1,,1.79,$130.94,$101.90,28.50,$152.78
JD,JD.com Inc.,0.021,5,$25.48,1.17,$25.78,$23.66,8.96,$34.98
ROL,Rollins Inc.,0.021,4,$41.74,0.57,$30.16,$29.70,1.55,$65.40
NTRS,Northern Trust Corp.,0.021,3,$173.84,1.69,$171.40,$118.61,44.51,$194.86
TKR,Timken Co.,0.021,3,$145.31,1.72,$122.44,$69.62,75.87,$145.98
CMCO,Columbus McKinnon Corp.,0.021,2,$15.13,1.71,$16.74,$11.95,40.08,$24.13
WIX,Wix.com Ltd.,0.021,2,$44.27,0.90,$72.62,$40.16,80.83,$155.47
ROK,Rockwell Automation Inc.,0.021,2,$495.08,1.17,$454.35,$328.32,38.39,$495.83
PSKY,Paramount Skydance Corp.,0.021,2,$9.86,0.99,$9.50,$7.58,25.33,$19.10
INGR,Ingredion Inc.,0.021,1,,1.72,$95.33,$92.81,2.72,$120.48
LBTYK,Liberty Global Ltd CL C,0.021,1,,1.74,$8.75,$8.65,1.16,$13.12
VNT,Vontier Corp.,0.021,1,,1.70,$31.66,$27.21,16.35,$48.09
VRSN,Verisign Inc.,0.020,3,$251.56,0.76,$288.32,$206.93,39.33,$311.57
CMI,Cummins Inc.,0.020,3,$713.22,1.05,$528.32,$394.95,33.77,$735.02
XP,XP Inc.,0.020,2,$16.26,1.34,$21.50,$14.80,45.27,$22.83
SD,SandRidge Energy Inc.,0.020,2,$13.70,0.84,$13.62,$10.70,27.29,$17.78
ROG,Rogers Corp.,0.020,2,$163.73,1.61,$160.00,$75.14,112.94,$169.00
CLB,Core Laboratories Inc.,0.020,1,,1.63,$9.92,$9.63,3.01,$20.32
ACGL,Arch Capital Group Ltd.,0.020,1,,1.67,$93.60,$82.45,13.52,$107.09
TGT,Target Corp.,0.019,4,$130.61,1.21,$156.00,$81.20,92.12,$170.75
DEI,Douglas Emmett Inc.,0.019,3,$11.80,1.30,$9.82,$8.62,13.92,$14.70
HP,Helmerich & Payne,0.019,2,$32.75,1.46,$38.56,$21.12,82.58,$48.17
VYM,Vanguard High Dvd Yield ETF,0.019,2,$158.03,1.42,$156.46,$134.14,16.64,$166.68
LLYVA,Liberty Media Corp. Series A Live,0.019,2,$101.26,1.41,$95.72,$77.12,24.12,$106.06
ST,Sensata Technologies Holding,0.019,2,$47.74,1.27,$43.51,$27.92,55.84,$53.75
LILAK,Liberty LiLAC Group C,0.019,1,,1.56,$8.50,$4.76,78.57,$8.92
HAE,Haemonetics Corp.,0.019,1,,1.54,$104.68,$48.17,117.31,$110.45
DNOW,NOW Inc.,0.018,4,$12.97,0.67,$15.76,$10.94,44.06,$17.26
BNS,Bank of Nova Scotia,0.018,3,$86.81,1.18,$91.19,$61.04,49.39,$95.74
AR,Antero Resources,0.018,2,$35.14,1.42,$34.08,$29.10,17.11,$45.75
ADM,Archer-Daniels-Midland,0.018,2,$76.40,0.88,$80.45,$54.00,48.98,$88.75
VSAT,Viasat Inc.,0.018,2,$89.81,1.50,$72.00,$29.13,147.17,$93.03
AMH,American Homes 4 Rent,0.018,2,$33.52,1.40,$30.26,$26.66,13.50,$34.70
SKY,Skyline Champion Corp.,0.018,2,$88.12,1.42,$88.10,$63.69,38.33,$99.17
LHX,L3Harris Technologies Inc.,0.018,2,$290.59,1.49,$236.60,$234.01,1.11,$374.59
FG,F&G Annuities & Life Inc.,0.018,1,,1.44,$21.92,$19.95,9.87,$34.01
EQX,Equinox Gold Corp,0.018,1,,1.47,$11.11,$8.47,31.17,$18.88
CRWV,Coreweave Inc Cl A,0.018,1,,1.44,$89.62,$60.55,48.01,$153.20
SWX,Southwest Gas Holdings Inc.,0.018,1,,1.51,$82.69,$74.55,10.92,$93.81
PAYC,Paycom Software Inc.,0.017,3,$125.68,0.70,$220.99,$104.16,112.16,$244.98
FDS,FactSet Research Systems,0.017,3,$230.08,0.65,$266.00,$182.47,45.78,$320.48
BKD,Brookdale Senior Living Inc.,0.017,3,$16.09,1.27,$10.86,$7.97,36.26,$17.09
AMP,Ameriprise Financial Inc.,0.017,3,$458.73,0.90,$490.91,$419.52,17.02,$572.56
CTAS,Cintas Corp.,0.017,3,$170.08,1.38,$193.02,$160.31,20.40,$218.60
BXP,BXP Inc.,0.017,3,$66.31,1.04,$60.45,$47.99,25.96,$74.09
RRX,Regal Rexnord Corp.,0.017,2,$238.19,1.43,$159.87,$126.91,25.97,$247.24
ITIC,Investors Title Co.,0.017,2,$273.68,0.96,$290.20,$208.58,39.13,$309.07
MMYT,MakeMyTrip Ltd,0.017,2,$53.29,1.39,$44.62,$32.67,36.58,$96.60
NAMS,Newamsterdam Pharma Co Nv,0.017,2,$33.89,1.00,$23.20,$21.02,10.37,$42.21
PINS,Pinterest Inc.,0.017,2,$21.03,1.14,$19.26,$13.84,39.16,$35.42
EXPE,Expedia Group Inc.,0.017,2,$255.88,1.43,$265.00,$184.28,43.80,$341.51
MANE,Veradermics Inc,0.017,2,$122.94,0.88,$116.76,$32.00,264.88,$131.24
DGX,Quest Diagnostics,0.017,2,$212.00,1.42,$233.33,$168.97,38.09,$248.84
JBLU,JetBlue Airways Corp.,0.017,1,,1.43,$4.15,$3.87,7.24,$6.62
STUB,Stubhub Holdings Inc Class A,0.017,1,,1.39,$5.41,$5.22,3.64,$21.49
MATW,Matthews Intl Corp. A,0.017,1,,1.37,$19.29,$18.54,4.05,$30.32
FSV,Firstservice Corp,0.017,1,,1.41,$129.13,$118.87,8.63,$188.49
ALX,Alexander's Inc.,0.017,1,,1.42,$243.86,$190.65,27.91,$284.73
AKAM,Akamai Technologies Inc.,0.017,1,,1.40,$108.92,$70.82,53.80,$165.45
NTES,NetEase.com Inc.,0.016,3,$128.14,0.80,$117.21,$105.01,11.62,$152.74
POOL,Pool Corp.,0.016,2,$214.93,1.06,$161.42,$158.40,1.91,$306.05
FUL,H.B. Fuller Co.,0.016,2,$58.29,1.30,$50.20,$46.70,7.49,$68.05
GSHD,Goosehead Insurance Inc.,0.016,2,$48.50,0.87,$45.51,$33.68,35.12,$79.85
RGA,Reinsurance Group of America Inc.,0.016,2,$212.65,1.33,$249.41,$175.13,42.41,$257.81
PRM,Perimeter Solutions SA,0.016,2,$35.65,1.11,$27.45,$19.70,39.34,$38.17
SHAZ,Sharonai Holdings Inc,0.016,2,$84.66,0.65,$50.81,$1.90,2574.21,$178.00
NOC,Northrop Grumman Corp.,0.016,2,$509.32,1.24,$478.00,$470.06,1.69,$767.12
BAM,Brookfield Asset Management,0.016,2,$44.85,0.75,$44.85,$41.36,8.44,$57.07
UPBD,Upbound Group Inc.,0.016,1,,1.29,$15.91,$14.83,7.28,$23.10
OSG,Octave Specialty Group Inc.,0.016,1,,1.34,$4.60,$3.88,18.56,$10.38
ACIW,ACI Worldwide Inc.,0.016,1,,1.28,$50.15,$38.05,31.80,$61.08
SAM,Boston Beer Company,0.016,1,,1.35,$167.50,$158.68,5.56,$264.46
AZO,AutoZone Inc.,0.016,1,,1.34,$2792.03,$2756.13,1.30,$4252.54
NICE,Nice Ltd Spon ADR,0.016,1,,1.32,$113.90,$83.10,37.06,$141.10
NVS,Novartis AG,0.015,5,$156.73,0.84,$141.00,$118.00,19.49,$165.46
FITB,Fifth Third Bancorp,0.015,3,$56.37,0.65,$50.87,$38.75,31.28,$59.01
NTR,Nutrien Ltd.,0.015,2,$62.95,1.04,$70.06,$51.33,36.49,$83.34
WRB,W.R. Berkley Corp.,0.015,2,$70.53,1.21,$68.98,$62.22,10.86,$77.34
DLR,Digital Realty Trust Inc.,0.015,2,$179.58,1.18,$178.55,$143.30,24.60,$206.06
ARLP,Alliance Resource Partners LP,0.015,2,$23.98,1.06,$24.53,$20.88,17.48,$28.08
MKTX,MarketAxess Holdings Inc.,0.015,2,$113.50,1.25,$164.14,$108.23,51.66,$193.95
CALM,Cal-Maine Foods Inc.,0.015,2,$80.56,1.18,$66.67,$63.50,4.99,$95.25
CRK,Comstock Resources Inc.,0.015,1,,1.26,$12.78,$12.12,5.45,$28.10
MTH,Meritage Homes Corp.,0.015,1,,1.26,$63.85,$57.22,11.59,$84.75
PB,Prosperity Bancshares Inc.,0.015,1,,1.19,$67.38,$59.01,14.18,$75.23
OPCH,Option Care Health Inc.,0.015,1,,1.26,$22.64,$18.01,25.71,$36.80
YPF,YPF S.A.,0.015,1,,1.19,$49.67,$23.37,112.54,$57.87
CLW,Clearwater Paper Corp.,0.015,1,,1.26,$19.81,$11.73,68.88,$23.59
DOLE,Dole Food Company,0.015,1,,1.25,$12.75,$12.22,4.34,$16.27
HLN,Haleon Plc ADR,0.014,5,$9.33,0.73,$8.80,$8.59,2.44,$11.06
IVV,Ishares Core S&P 500 ETF,0.014,3,$748.90,0.86,$773.10,$628.63,22.98,$780.83
GD,General Dynamics,0.014,3,$354.24,1.05,$330.09,$305.43,8.07,$400.00
BCS,Barclays plc ADR,0.014,2,$26.86,1.16,$23.71,$18.86,25.72,$28.37
SBAC,SBA Communications Corp.,0.014,2,$176.46,1.14,$158.49,$157.35,0.72,$221.58
SUPN,Supernus Pharmaceuticals,0.014,1,,1.14,$42.38,$40.51,4.62,$59.68
VLO,Valero Energy,0.014,1,,1.12,$406.30,$152.07,167.18,$419.04
ICFI,ICF International Inc.,0.014,1,,1.15,$81.86,$58.62,39.65,$97.47
ALG,Alamo Group Inc.,0.014,1,,1.11,$161.01,$145.46,10.69,$219.00
ADT,ADT Inc.,0.014,1,,1.16,$6.25,$6.03,3.65,$8.61
JAZZ,Jazz Pharmaceuticals plc,0.013,2,$240.97,1.10,$235.67,$128.80,82.97,$266.38
TAC,TransAlta Corp.,0.013,2,$13.83,1.10,$12.35,$11.29,9.39,$17.62
AXS,Axis Capital Holdings Ltd.,0.013,2,$107.44,1.00,$94.88,$86.58,9.59,$119.44
ABR,Arbor Realty Trust Inc.,0.013,2,$5.42,0.78,$3.56,$3.55,0.28,$11.02
FMS,Fresenius Medical Care AG & Co KCaG,0.013,2,$22.61,1.00,$22.25,$19.25,15.58,$26.58
VMRK,Vivmark Residential,0.013,2,$67.93,1.07,$59.79,$56.30,6.20,$71.50
COMP,Compass Inc.,0.013,2,$12.33,0.66,$9.22,$6.37,44.74,$13.96
FOXA,Fox Corporation,0.013,2,$52.16,0.76,$62.28,$48.13,29.40,$75.68
CASH,Meta Financial Group Inc.,0.013,1,,1.10,$73.96,$65.71,12.56,$101.13
HWM,Howmet Aerospace Inc.,0.013,1,,1.06,$231.27,$183.45,26.07,$309.85
AGCO,AGCO Corp.,0.013,1,,1.06,$114.61,$98.22,16.69,$142.68
MNRO,Monro Inc.,0.013,1,,1.05,$14.18,$10.82,31.05,$22.69
RWAY,Runway Growth Finance Corp,0.013,1,,1.04,$6.55,$4.94,32.59,$8.64
CPRX-OLD,Catalyst Pharmaceuticals Inc.,0.013,1,,1.06,$31.50,$19.05,65.35,$32.56
MSTR,MicroStrategy Inc.,0.013,1,,1.03,$160.01,$81.81,95.59,$365.21
COLL,Collegium Pharmaceutical Inc.,0.013,1,,1.06,$22.02,$21.43,2.75,$50.79
MYRG,MYR Group Inc.,0.013,1,,1.05,$304.77,$190.14,60.29,$503.57
G,Genpact Ltd.,0.012,5,$27.50,0.44,$33.29,$26.71,24.63,$47.87
SNY,Sanofi Aventis,0.012,4,$42.66,0.63,$39.92,$39.50,1.06,$49.91
DOW,Dow Inc.,0.012,3,$27.36,1.00,$27.97,$19.68,42.12,$41.82
TREX,Trex Company Inc.,0.012,2,$50.04,0.91,$43.56,$29.77,46.32,$54.30
EXR,Extra Space Storage Inc.,0.012,2,$145.30,0.93,$133.25,$120.04,11.00,$157.03
BKR,Baker Hughes Co.,0.012,2,$55.50,1.01,$56.00,$43.24,29.51,$69.92
NE,Noble Corp.,0.012,2,$37.30,0.86,$40.70,$25.46,59.86,$53.83
DAR,Darling Ingredients Inc.,0.012,2,$54.62,0.96,$62.94,$29.15,115.92,$69.98
KALU,Kaiser Aluminum Corp.,0.012,2,$195.62,0.93,$152.03,$73.78,106.06,$199.89
KN,Knowles Corp.,0.012,2,$41.48,0.94,$40.05,$20.57,94.70,$42.93
CRDO,Credo Technology Group Holdi,0.012,2,$271.95,1.00,$218.64,$86.49,152.79,$308.67
GL,Globe Life Inc.,0.012,2,$178.68,0.71,$165.68,$127.06,30.40,$191.55
UGI,UGI Corp.,0.012,2,$34.54,0.99,$37.20,$30.36,22.53,$40.08
XMTR,Xometry Inc.,0.012,1,,0.95,$102.53,$35.86,185.92,$107.93
SMG,Scotts Miracle-Gro Co.,0.012,1,,0.96,$49.02,$47.90,2.34,$74.53
PBF,PBF Energy Inc.,0.012,1,,0.95,$80.78,$25.16,221.07,$83.36
FWONA,Liberty Media Corp Formula One Series A,0.012,1,,0.95,$83.39,$73.70,13.15,$99.52
WCN,Waste Connections,0.012,1,,0.99,$153.82,$146.58,4.94,$178.40
BBW,Build-A-Bear Workshop Inc.,0.012,1,,0.97,$25.56,$23.94,6.77,$70.63
IVZ,Invesco Ltd,0.012,1,,1.01,$30.66,$20.03,53.07,$33.66
BATRA,Atlanta Braves Holdings Inc. Series A,0.012,1,,1.01,$57.62,$41.50,38.84,$60.48
EDU,New Oriental Education & Technology,0.012,1,,0.99,$55.44,$44.25,25.29,$64.22
FOA,Finance Of America Companies Inc.,0.012,1,,1.00,$13.50,$12.15,11.11,$29.79
MDB,MongoDB Inc.,0.012,1,,0.99,$357.96,$215.68,65.97,$473.10
YMM,Full Truck Alliance Spn ADR,0.012,1,,0.96,$8.17,$7.38,10.70,$13.69
VTOL,Bristow Group Inc.,0.012,1,,0.95,$40.26,$34.73,15.92,$50.10
SU,Suncor Energy Inc.,0.011,4,$53.69,0.71,$69.56,$36.63,89.90,$72.06
HRL,Hormel Foods Corp.,0.011,3,$24.82,0.77,$20.25,$19.42,4.27,$26.43
ACMR,ACM Research Inc.,0.011,3,$126.89,0.92,$83.38,$28.46,192.97,$127.19
AUR,Aurora Innovation Inc.,0.011,3,$6.82,0.72,$5.67,$3.60,57.50,$8.57
SOFI,SoFi Technologies Inc.,0.011,2,$17.93,0.90,$15.77,$14.88,5.98,$32.73
PHG,Koninklijke Philips Electronics NV,0.011,2,$27.19,0.90,$23.92,$23.70,0.93,$32.21
AM,Antero Midstream Corp.,0.011,2,$22.75,0.90,$20.36,$16.41,24.07,$23.35
AAP,Advance Auto Parts,0.011,2,$62.22,0.80,$38.68,$37.33,3.62,$64.62
ELAN,Elanco Animal Health Inc.,0.011,2,$24.61,0.87,$22.14,$19.40,14.12,$27.98
W,Wayfair Inc.,0.011,2,$92.42,0.90,$101.25,$55.60,82.10,$119.98
LZAGY,Lonza Group Ag Unspon ADR,0.011,1,,0.92,$67.22,$57.99,15.92,$74.36
NWL,Newell Brands Inc.,0.011,1,,0.87,$5.40,$2.87,88.15,$7.05
CZR,Caesars Entertainment,0.011,1,,0.89,$29.65,$17.86,66.01,$30.88
KD,Kyndryl Holdings Inc,0.011,1,,0.87,$11.56,$10.10,14.46,$30.99
AAON,AAON Inc.,0.011,1,,0.87,$83.27,$72.95,14.15,$150.16
COST,Costco Co.,0.010,7,$935.41,0.35,$920.65,$840.35,9.56,$1094.76
SHEL,Shell plc,0.010,5,$77.54,0.59,$96.23,$66.79,44.08,$99.16
IJR,Ishares Core S&P Small Cap E,0.010,3,$148.32,0.84,$138.52,$110.57,25.28,$150.15
VBIL,Vanguard 0 3m T Bill ETF,0.010,2,$75.68,0.58,$75.54,$72.81,3.75,$75.54
LIND,Lindblad Expeditions Hldgs Inc.,0.010,2,$28.24,0.78,$34.78,$11.37,205.89,$35.49
DT,Dynatrace Inc.,0.010,2,$43.92,0.43,$59.32,$31.64,87.48,$60.24
GFI,Gold Fields Ltd.,0.010,2,$33.59,0.63,$35.62,$30.43,17.06,$58.68
KR,Kroger Co.,0.010,2,$55.53,0.72,$59.03,$53.78,9.76,$75.66
TEM,Tempus Ai Inc,0.010,2,$57.93,0.77,$76.63,$40.77,87.96,$104.32
BCO,Brink's Co.,0.010,1,,0.86,$101.80,$90.86,12.04,$135.75
SLDE,Slide Insurance Holdings Inc,0.010,1,,0.84,$23.61,$14.15,66.86,$26.75
EEFT,Euronet Worldwide Inc.,0.010,1,,0.81,$63.50,$62.25,2.01,$89.77
WAL,Western Alliance Bancorp,0.010,1,,0.81,$76.38,$65.11,17.31,$95.75
QLYS,Qualys Inc.,0.010,1,,0.86,$193.00,$74.51,159.03,$201.54
NDAQ,Nasdaq Inc.,0.010,1,,0.85,$90.33,$76.29,18.40,$100.76
VNO,Vornado Realty Trust,0.010,1,,0.83,$33.73,$24.57,37.28,$41.60
TIC,Acuren Corporation,0.010,1,,0.83,$8.26,$6.36,29.87,$14.65
PCVX,Vaxcyte Inc.,0.010,1,,0.85,$56.48,$39.87,41.66,$65.00
BRBR,BellRing Brands Inc. CL A,0.010,1,,0.84,$7.43,$7.33,1.36,$36.16
CFG,Citizens Financial Group Inc.,0.010,1,,0.82,$64.33,$46.55,38.20,$75.33
CET,Central Securities Corp.,0.010,1,,0.85,$56.19,$47.33,18.72,$57.39
DUSA,Davis Select Us Equity ETF,0.010,1,,0.82,$55.15,$46.06,19.74,$58.53
CIGI,Colliers International Group Inc.,0.009,4,$93.70,0.60,$89.78,$87.36,2.77,$171.06
IWR,Ishares Russell Mid Cap ETF,0.009,3,$110.27,0.53,$108.28,$90.51,19.63,$114.63
MLKN,MillerKnoll Inc.,0.009,3,$20.46,0.52,$20.24,$13.23,52.99,$24.51
RJF,Raymond James Financial Inc.,0.009,2,$152.03,0.75,$158.21,$137.85,14.77,$182.11
CFR,Cullen Frost Bankers,0.009,2,$154.52,0.71,$155.04,$115.60,34.12,$169.71
AVB-OLD,AvalonBay Communities,0.009,2,$188.69,0.72,$184.30,$157.12,17.30,$198.63
MPWR,Monolithic Power Systems,0.009,2,$1382.24,0.76,$1439.73,$827.63,73.96,$1708.95
HPQ,HP Inc.,0.009,2,$21.93,0.49,$32.12,$16.91,89.95,$36.23
OCFC,OceanFirst Financial Corp.,0.009,1,,0.77,$16.78,$16.16,3.84,$20.12
FR,First Industrial Realty Trust Inc.,0.009,1,,0.76,$59.46,$48.63,22.27,$69.31
EME,Emcor Group,0.009,1,,0.74,$786.61,$564.01,39.47,$951.47
PSUS,Pershing Square Usa Ltd,0.009,1,,0.77,$37.14,$35.71,4.00,$44.00
HAS,Hasbro Inc.,0.009,1,,0.73,$89.54,$67.33,32.99,$104.60
RIOT,Riot Blockchain Inc.,0.009,1,,0.70,$19.73,$11.50,71.57,$30.32
CTRN,Citi Trends Inc.,0.009,1,,0.74,$47.91,$30.73,55.91,$77.91
MMM,3M Co.,0.008,4,$161.92,0.52,$161.89,$138.02,17.29,$184.09
BMI,Badger Meter Inc.,0.008,3,$148.38,0.31,$127.77,$111.36,14.74,$201.67
TROW,T. Rowe Price Group,0.008,3,$113.63,0.30,$104.62,$83.17,25.79,$120.50
ITW,Illinois Tool Works,0.008,2,$270.47,0.67,$262.92,$232.87,12.90,$299.98
TTE,TotalEnergies SE,0.008,2,$77.76,0.69,$84.40,$53.98,56.35,$92.37
BTDR,Bitdeer Technologies Group A,0.008,2,$15.87,0.68,$11.02,$6.92,59.25,$27.80
RELX,RELX plc,0.008,2,$31.67,0.61,$33.42,$26.84,24.52,$45.98
KT,KT Corp.,0.008,2,$17.28,0.37,$18.94,$16.93,11.87,$23.90
LXU,LSB Industries Inc.,0.008,2,$10.81,0.66,$9.86,$7.97,23.71,$17.22
FIGR,Figure Technology Solut Cl A,0.008,1,,0.65,$28.53,$24.11,18.33,$78.00
AD,Array Digital Infrastructure Inc.,0.008,1,,0.67,$34.39,$28.86,19.16,$46.04
KRYS,Krystal Biotech Inc.,0.008,1,,0.67,$322.28,$179.16,79.88,$382.54
BXC,BlueLinx Holdings Inc.,0.008,1,,0.64,$73.64,$44.78,64.45,$93.80
TX,Ternium S.A.,0.008,1,,0.65,$56.61,$31.27,81.04,$58.73
SBSI,Southside Bancshares Inc.,0.008,1,,0.66,$30.73,$25.12,22.33,$35.79
DMAC,DiaMedica Therapeutics Inc.,0.008,1,,0.68,$8.23,$5.25,56.76,$10.42
AGO,Assured Guaranty Ltd.,0.008,1,,0.63,$68.47,$67.24,1.83,$91.07
KRSP,Rice Acquisition Corp 3 A,0.008,1,,0.67,$10.60,$10.21,3.82,$11.89
HKHGF,Hongkong Land Holdings Ltd,0.008,1,,0.63,$8.57,$5.51,55.54,$8.57
NWG,NatWest Group Plc,0.008,1,,0.67,$17.67,$13.51,30.79,$19.21
ZD,Ziff Davis Inc.,0.008,1,,0.63,$55.20,$22.45,145.88,$60.48
D,Dominion Energy Inc.,0.008,1,,0.65,$61.31,$54.17,13.18,$72.26
MMS,MAXIMUS Inc.,0.008,1,,0.64,$52.65,$51.04,3.15,$98.42
IPGP,IPG Photonics Corp.,0.008,1,,0.65,$84.05,$69.41,21.09,$155.82
CLX,Clorox Co.,0.007,5,$95.44,0.24,$80.41,$79.12,1.63,$125.83
VTV,Vanguard Value ETF,0.007,3,$217.93,0.60,$217.23,$179.15,21.26,$227.52
BTI,British American Tobacco plc,0.007,3,$61.76,0.37,$52.64,$47.05,11.88,$65.34
TDY,Teledyne Technologies,0.007,3,$666.90,0.56,$617.17,$483.02,27.77,$697.67
MTD,Mettler-Toledo International Inc.,0.007,2,$1277.67,0.32,$1486.19,$1023.05,45.27,$1554.83
EQNR,Equinor ASA,0.007,2,$31.40,0.57,$42.56,$21.54,97.59,$45.84
ING,ING Group NV,0.007,2,$31.38,0.58,$34.78,$22.49,54.65,$37.52
BAH,Booz Allen Hamilton Hldg Corp.,0.007,2,$60.67,0.56,$67.35,$59.05,14.06,$106.66
TNC,Tennant Co.,0.007,2,$87.54,0.55,$67.12,$59.62,12.58,$91.52
AXSM,Axsome Therapeutics Inc.,0.007,2,$244.77,0.54,$179.25,$117.30,52.81,$260.19
SRTA,Strata Critical Medical Inc.,0.007,2,$5.27,0.58,$4.73,$3.95,19.75,$6.50
EPAM,EPAM Systems Inc.,0.007,1,,0.54,$108.29,$73.06,48.22,$222.53
EXPD,Expeditors Int'l,0.007,1,,0.54,$192.47,$111.78,72.19,$194.59
WVE,Wave Life Sciences Ltd.,0.007,1,,0.54,$3.78,$3.56,6.18,$21.73
AS,Amer Sports Inc,0.007,1,,0.57,$27.17,$26.10,4.10,$42.76
ANDG,Andersen Group Inc A,0.007,1,,0.61,$57.14,$18.12,215.34,$58.18
RAL,Ralliant Corp.,0.007,1,,0.54,$73.20,$37.17,96.93,$75.35
VYX,NCR Voyix Corp.,0.007,1,,0.56,$6.70,$6.02,11.30,$13.02
QMCO,Quantum Corp.,0.007,1,,0.59,$34.50,$4.19,723.39,$35.17
FSLR,First Solar Inc.,0.007,1,,0.57,$174.61,$168.60,3.56,$320.95
MMSI,Merit Medical Systems Inc.,0.007,1,,0.61,$85.37,$59.74,42.90,$94.75
TMUS,T-Mobile US Inc.,0.007,1,,0.56,$163.64,$160.81,1.76,$226.24
PAYP,Paypay Corp,0.007,1,,0.55,$14.92,$12.07,23.61,$24.89
GCMG,Gcm Grosvenor Inc Class A,0.007,1,,0.54,$13.05,$9.12,43.09,$14.74
BLTE,Belite Bio Inc ADR,0.007,1,,0.55,$159.56,$72.65,119.63,$200.00
WLTH,Wealthfront Corp,0.007,1,,0.57,$10.03,$7.20,39.31,$14.88
UL,Unilever PLC,0.006,5,$60.12,0.22,$59.70,$53.97,10.62,$73.09
TIGO,Millicom Intl Cellular S.a.,0.006,3,$90.76,0.39,$88.32,$42.79,106.40,$107.13
RNR,RenaissanceRe Holdings Ltd.,0.006,3,$316.90,0.32,$325.53,$229.91,41.59,$339.82
PBR.A,Petroleo Brasil Sp Pref ADR,0.006,2,$14.64,0.49,$19.60,$10.25,91.22,$19.70
PUK,Prudential Plc ADR,0.006,2,$26.81,0.49,$24.57,$24.25,1.32,$33.36
VLTO,Veralto Corp.,0.006,2,$88.68,0.48,$94.68,$79.80,18.65,$107.30
QRVO,Qorvo Inc.,0.006,2,$93.27,0.51,$114.17,$74.92,52.39,$121.09
HWKN,Hawkins Inc.,0.006,2,$142.10,0.45,$131.41,$116.05,13.24,$185.12
CX,Cemex,0.006,2,$12.00,0.50,$9.53,$8.85,7.68,$13.60
CYD,China Yuchai Intl Ltd.,0.006,2,$47.42,0.51,$31.95,$28.09,13.74,$60.28
BEKE,KE Holdings Inc.,0.006,2,$14.53,0.38,$16.43,$13.81,18.97,$19.77
KFY,Korn Ferry,0.006,2,$66.58,0.30,$71.92,$57.57,24.93,$86.88
GLOB,Globant S.A.,0.006,2,$28.94,0.33,$35.10,$27.56,27.36,$72.10
DTE,DTE Energy Co.,0.006,1,,0.53,$124.45,$119.68,3.99,$154.33
ZTO,ZTO Express,0.006,1,,0.48,$19.50,$17.83,9.37,$25.97
NGG,National Grid Plc Sp ADR,0.006,1,,0.53,$76.12,$69.79,9.07,$92.22
CART,Maplebear Inc,0.006,1,,0.51,$44.25,$32.73,35.20,$52.68
FND,Floor & Decor Holdings,0.006,1,,0.46,$45.49,$42.64,6.68,$77.46
WEX,WEX Inc.,0.006,1,,0.47,$169.10,$125.29,34.97,$203.99
SNN,Smith & Nephew plc,0.006,1,,0.49,$26.42,$26.07,1.34,$36.52
NBIX,Neurocrine Biosciences Inc.,0.006,1,,0.49,$143.18,$122.14,17.23,$186.12
MBC,Masterbrand Inc,0.006,1,,0.46,$7.02,$6.27,11.96,$13.96
AIT,Applied Industrial Tech.,0.006,1,,0.53,$343.45,$236.75,45.07,$374.27
BCE,BCE Inc.,0.006,1,,0.51,$19.73,$19.73,0.00,$25.77
PPL,PPL Corp.,0.006,1,,0.49,$32.80,$31.56,3.93,$39.46
IT,Gartner Inc.,0.006,1,,0.49,$184.80,$124.25,48.73,$261.84
AGL,Agilon Health Inc,0.006,1,,0.46,$84.14,$7.48,1024.87,$133.04
DINT,Davis Select International,0.006,1,,0.48,$27.92,$25.77,8.34,$30.75
TWFG,Twfg Inc,0.006,1,,0.53,$24.61,$16.56,48.61,$31.30
THG,Hanover Insurance Group,0.006,1,,0.46,$219.43,$163.54,34.18,$235.06
CRAI,CRA International Inc.,0.006,1,,0.47,$170.38,$131.23,29.83,$224.94
T,AT&T Inc.,0.005,3,$20.70,0.40,$24.30,$19.63,23.79,$28.75
BIL,SPDR Bloomberg 1 3 Month T B,0.005,3,$91.64,0.27,$91.43,$88.45,3.37,$91.60
LPX,Louisiana-Pacific Corp.,0.005,3,$78.66,0.21,$65.10,$62.18,4.70,$99.15
DCI,Donaldson Co.,0.005,3,$89.77,0.38,$88.65,$78.40,13.07,$112.05
ARCO,Arcos Dorados Holdings Inc.,0.005,3,$8.06,0.26,$7.11,$6.35,11.97,$9.58
EMR,Emerson Electric,0.005,3,$143.16,0.26,$161.61,$121.73,32.76,$165.79
FRFHF,Fairfax Financial Holdings Ltd.,0.005,2,$1644.34,0.26,$1550.00,$1500.00,3.33,$1933.22
HALO,Halozyme Therapeutics,0.005,2,$78.26,0.45,$109.86,$61.23,79.42,$116.85
IDA,IDACORP Inc. Hldg. Co.,0.005,2,$151.30,0.43,$132.79,$121.82,9.01,$153.97
EQPT,Equipmentshare.com Inc A,0.005,2,$19.66,0.38,$18.50,$15.71,17.76,$35.50
BWXT,BWX Technologies Inc.,0.005,2,$194.65,0.37,$134.86,$131.86,2.28,$241.12
DWLD,Davis Select Worldwide ETF,0.005,1,,0.38,$44.56,$42.44,5.00,$49.48
DFNL,Davis Select Financial ETF,0.005,1,,0.45,$48.33,$42.56,13.56,$53.09
SARO,Standardaero Inc,0.005,1,,0.41,$21.05,$20.79,1.25,$34.48
MEOH,Methanex Corp.,0.005,1,,0.43,$58.43,$31.54,85.26,$66.34
SGRY,Surgery Partners Inc.,0.005,1,,0.38,$13.32,$11.41,16.74,$23.44
PRG,PROG Holdings Inc.,0.005,1,,0.40,$31.00,$25.48,21.66,$47.57
TAL,TAL Education Group,0.005,1,,0.43,$12.06,$8.88,35.81,$13.37
AQN,Algonquin Power & Utilities,0.005,1,,0.39,$5.10,$4.89,4.29,$6.86
SMPL,Simply Good Foods Co.,0.005,1,,0.42,$9.83,$9.38,4.80,$25.66
SION,Sionna Therapeutics Inc,0.005,1,,0.40,$4.91,$4.01,22.44,$54.97
CNO,CNO Financial Group Inc.,0.005,1,,0.37,$53.86,$37.63,43.13,$57.40
QURE,uniQure NV,0.005,1,,0.38,$23.46,$8.73,168.73,$71.50
FRPH,FRP Holdings Inc.,0.005,1,,0.43,$20.28,$20.27,0.05,$25.74
SMIN,Ishares Msci India Small Cap,0.005,1,,0.42,$68.35,$57.78,18.29,$74.41
SOPH,Sophia Genetics SA,0.005,1,,0.42,$8.07,$3.75,115.20,$8.98
WHR,Whirlpool Corp.,0.005,1,,0.38,$30.31,$29.81,1.68,$93.59
SNDX,Syndax Pharmaceuticals Inc.,0.005,1,,0.43,$17.60,$12.99,35.49,$25.59
ORKA,Oruka Therapeutics Inc,0.005,1,,0.41,$84.52,$19.04,343.91,$115.52
SUN,Sunoco Inc.,0.005,1,,0.43,$74.73,$45.68,63.59,$80.22
LKFT,Lakefront Biotherapeutics,0.005,1,,0.37,$29.37,$25.68,14.37,$37.78
PKG,Packaging Corp. of America,0.005,1,,0.45,$228.54,$186.77,22.36,$258.31
WK,Workiva Inc.,0.005,1,,0.37,$71.23,$43.34,64.35,$97.10
MLCO,Melco Resorts & Entertainment,0.005,1,,0.44,$4.19,$4.06,3.20,$9.53
KGS,Kodiak Gas Services Inc,0.005,1,,0.39,$54.33,$31.78,70.96,$77.10
HAL,Halliburton Co.,0.005,1,,0.39,$31.85,$21.03,51.45,$43.20
HDB,HDFC Bank Ltd.,0.004,5,$25.83,0.12,$22.34,$21.77,2.62,$36.81
VTI,Vanguard Total Stock Mkt ETF,0.004,5,$370.00,0.19,$377.99,$308.73,22.43,$384.15
CCK,Crown Holdings,0.004,4,$111.82,0.19,$106.05,$88.12,20.35,$122.91
ONB,Old National Bancorp,0.004,3,$25.90,0.22,$24.96,$18.93,31.85,$27.21
LBRDA-OLD,Liberty Broadband Corp. CL A,0.004,3,$33.28,0.29,$35.98,$26.14,37.64,$65.40
HPE,Hewlett Packard Enterprise,0.004,3,$45.11,0.34,$69.33,$19.57,254.27,$70.29
SMFG,Sumitomo Mitsui Spons ADR,0.004,2,$23.58,0.36,$25.40,$14.95,69.90,$27.62
HLI,Houlihan Lokey Inc.,0.004,2,$134.13,0.33,$126.37,$112.24,12.59,$201.83
MDY,SPDR S&P Midcap 400 ETF Trst,0.004,2,$703.33,0.34,$669.66,$562.03,19.15,$715.63
NOVT,Novanta Inc.,0.004,2,$162.28,0.27,$149.27,$98.27,51.90,$176.38
AFL,AFLAC Inc.,0.004,2,$117.24,0.28,$111.54,$103.27,8.01,$129.57
COO,Cooper Cos Inc,0.004,2,$71.72,0.25,$56.91,$51.01,11.57,$89.83
UHAL,U-Haul Holding Co.,0.004,2,$65.44,0.26,$61.89,$41.95,47.53,$76.45
VIST,"Vista Oil & Gas, S.A.B. de C.V.",0.004,2,$63.80,0.35,$64.25,$33.90,89.53,$81.44
FCN,FTI Consulting Inc.,0.004,1,,0.30,$136.40,$129.12,5.64,$189.30
PAGS,PagSeguro Digital Ltd.,0.004,1,,0.31,$9.02,$8.00,12.75,$11.68
GLPI,Gaming and Leisure Properties Inc.,0.004,1,,0.32,$37.68,$37.36,0.86,$47.34
ALNY,Alnylam Pharmaceuticals,0.004,1,,0.31,$219.72,$197.81,11.08,$495.55
COYA,Coya Therapeutics Inc,0.004,1,,0.35,$4.81,$3.71,29.65,$7.75
ZM,Zoom Video Communications Inc.,0.004,1,,0.32,$92.88,$70.70,31.37,$114.74
PCAR,PACCAR Inc.,0.004,1,,0.35,$109.68,$90.03,21.83,$138.87
PIPR,Piper Sandler Companies,0.004,1,,0.36,$65.36,$62.96,3.81,$92.80
TCHP,T Rowe Price Blue Chip Growth ETF,0.004,1,,0.31,$52.11,$42.26,23.31,$53.26
SDGR,SCHRODINGER Inc.,0.004,1,,0.33,$30.31,$10.95,176.80,$32.45
CCU,Compania Cervecerias Unidas SA,0.004,1,,0.30,$10.59,$10.25,3.32,$15.15
MINE,Mayfair Gold Corp,0.004,1,,0.29,$2.65,$2.16,22.69,$4.88
INBX,Inhibrx,0.004,1,,0.30,$96.99,$28.16,244.42,$155.29
BTSG,Brightspring Health Services,0.004,1,,0.32,$60.25,$27.11,122.24,$73.75
SLQT,Selectquote Inc.,0.004,1,,0.32,$0.41,$0.38,7.89,$2.22
AGI,Alamos Gold Inc.,0.004,1,,0.31,$32.46,$27.02,20.13,$55.24
INDA,iShares MSCI India ETF,0.004,1,,0.34,$46.52,$45.21,2.90,$55.50
PRDO,Perdoceo Education Corp.,0.004,1,,0.30,$31.91,$26.14,22.07,$38.13
ATKR,Atkore International Group Inc.,0.004,1,,0.30,$94.62,$53.32,77.46,$94.88
PHVS,Pharvaris NV,0.004,1,,0.36,$31.19,$20.65,51.04,$43.25
XEL,Xcel Energy Inc.,0.004,1,,0.29,$71.40,$68.72,3.90,$82.56
SFM,Sprouts Farmers Market Inc.,0.004,1,,0.35,$64.47,$61.88,4.19,$114.34
EVLV,Evolv Technologies Holdings,0.004,1,,0.34,$4.57,$4.56,0.22,$8.81
GNE,Genie Energy Ltd.,0.004,1,,0.35,$16.43,$12.56,30.81,$16.83
JGRW,Jensen Quality Growth ETF,0.004,1,,0.36,$27.57,$23.54,17.12,$28.94
SWIM,Latham Group Inc,0.004,1,,0.32,$6.41,$4.64,38.15,$8.97
VUG,Vanguard Growth ETF,0.003,6,$86.16,0.13,$91.17,$69.49,31.20,$91.75
SPY,SPDR S&P 500 ETF Trust,0.003,6,$746.85,0.06,$769.64,$626.11,22.92,$777.44
RSP,Invesco S&P 500 Equal Weight,0.003,4,$212.87,0.22,$209.73,$179.25,17.00,$222.60
SNPS,Synopsys Inc.,0.003,4,$446.14,0.16,$489.90,$362.55,35.13,$539.48
VWO,Vanguard FTSE Emerging Marke,0.003,4,$59.69,0.22,$59.56,$51.24,16.24,$61.42
VIG,Vanguard Dividend Apprec ETF,0.003,3,$236.65,0.21,$235.05,$208.30,12.84,$246.48
IWM,iShares Russell 2000 ETF,0.003,3,$300.49,0.25,$281.52,$226.60,24.24,$304.38
ALL,Allstate Corp.,0.003,3,$237.94,0.28,$223.74,$184.51,21.26,$276.07
BC,Brunswick Corp.,0.003,2,$84.24,0.21,$65.43,$57.26,14.27,$88.81
COLB,Columbia Banking System Inc.,0.003,2,$32.05,0.20,$28.92,$22.66,27.63,$33.27
VO,Vanguard Mid Cap ETF,0.003,2,$80.57,0.25,$79.59,$68.44,16.29,$84.28
ASB,Associated Banc-Corp,0.003,2,$30.77,0.18,$29.00,$23.04,25.87,$32.21
SEIC,SEI Investments,0.003,2,$87.74,0.12,$102.43,$74.64,37.23,$112.15
ALSN,Allison Transmission Holdings,0.003,2,$112.75,0.19,$117.97,$75.21,56.85,$136.97
AYI,Acuity Brands Inc.,0.003,2,$376.66,0.25,$308.76,$256.71,20.28,$379.43
CNXC,Concentrix Corp.,0.003,2,$22.41,0.22,$24.91,$18.81,32.43,$47.10
HAFN,Hafnia Ltd,0.003,2,$6.62,0.21,$10.25,$4.60,122.83,$10.28
THO,Thor Industries,0.003,2,$75.17,0.15,$69.55,$67.31,3.33,$121.16
BSY,Bentley Systems Inc Class B,0.003,1,,0.27,$32.23,$28.02,15.02,$56.82
VSTM,Verastem Inc.,0.003,1,,0.27,$7.70,$3.43,124.49,$10.82
FBAK,First National Bank Alaska,0.003,1,,0.25,$202.54,$165.01,22.74,$211.60
PS,Pershing Square Inc.,0.003,1,,0.24,$52.76,$21.93,140.58,$59.94
JKHY,Jack Henry & Associates Inc.,0.003,1,,0.26,$142.54,$120.60,18.19,$191.13
GIII,G-III Apparel Group,0.003,1,,0.22,$27.37,$24.36,12.36,$37.40
LBRT,Liberty Oilfield Services Inc.,0.003,1,,0.21,$19.31,$11.35,70.13,$34.23
LEGH,Legacy Housing Corp.,0.003,1,,0.24,$29.35,$18.29,60.47,$31.34
BMM,Blue Moon Metals Inc,0.003,1,,0.28,$4.93,$3.47,42.07,$8.63
NTB,Bank of N.T. Butterfield & Son Ltd,0.003,1,,0.26,$58.76,$39.10,50.28,$64.17
SMRT,SmartRent Inc.,0.003,1,,0.24,$1.20,$0.91,31.87,$2.20
GLDM,SPDR Gold Minishares Trust,0.003,1,,0.22,$82.05,$76.55,7.18,$109.74
OVV,Ovintiv Inc.,0.003,1,,0.21,$60.34,$34.67,74.04,$67.41
RUSHB,Rush Enterprises Inc. - CL B,0.003,1,,0.21,$56.71,$31.53,79.86,$57.38
CGAU,Centerra Gold Inc,0.003,1,,0.22,$21.43,$10.33,107.45,$24.52
L,Loews Corp.,0.003,1,,0.27,$106.03,$97.16,9.13,$120.94
RCL,Royal Caribbean Cruises Ltd.,0.003,1,,0.21,$277.74,$222.22,24.98,$350.59
PLOW,Douglas Dynamics,0.003,1,,0.22,$40.51,$27.69,46.30,$54.60
HGTY,Hagerty Inc.,0.003,1,,0.27,$13.61,$9.36,45.41,$14.17
OGC,Oceanagold Corp,0.003,1,,0.25,$27.11,$20.01,35.48,$42.96
LESL,Leslie's Inc.,0.003,1,,0.24,$0.15,$0.12,25.00,$12.53
MO,Altria Group Inc.,0.002,5,$71.95,0.12,$67.35,$52.17,29.10,$75.85
IWD,Ishares Russell 1000 Value E,0.002,4,$244.40,0.12,$249.38,$196.35,27.01,$259.24
NUE,Nucor Corp.,0.002,3,$222.78,0.14,$240.39,$129.80,85.20,$279.45
OEC,Orion SA,0.002,3,$6.63,0.09,$5.79,$4.28,35.28,$8.61
AEBI,Aebi Schmidt Holding Ag,0.002,3,$12.55,0.16,$10.91,$8.87,23.00,$15.87
AIR,AAR Corp.,0.002,3,$142.94,0.11,$102.51,$76.10,34.70,$154.00
AMT,American Tower Corp.,0.002,3,$163.57,0.09,$162.20,$158.35,2.43,$192.15
APLD,Applied Digital Corp,0.002,3,$37.30,0.14,$25.38,$19.01,33.51,$50.73
ACWI,iShares MSCI ACWI ETF,0.002,3,$156.97,0.16,$160.09,$132.79,20.56,$162.80
SNA,Snap-On Inc.,0.002,2,$402.37,0.12,$368.90,$312.34,18.11,$420.41
PAAS,Pan American Silver Corp.,0.002,2,$44.79,0.18,$45.51,$32.65,39.39,$69.34
HLT,Hilton Worldwide Holdings,0.002,2,$330.48,0.12,$319.36,$253.04,26.21,$357.84
SMHI,SEACOR Marine Holdings Inc.,0.002,2,$7.65,0.18,$8.27,$5.55,49.01,$10.00
HUN,Huntsman Corp.,0.002,2,$10.62,0.16,$8.53,$7.08,20.48,$15.93
TD,Toronto-Dominion Bank,0.002,2,$121.55,0.13,$117.88,$76.20,54.70,$125.47
CECO,CECO Environmental Corp.,0.002,2,$90.74,0.11,$73.66,$42.82,72.02,$101.24
PLXS,Plexus Corp.,0.002,2,$300.67,0.11,$273.13,$132.03,106.87,$307.06
RF,Regions Financial Corp.,0.002,2,$30.20,0.16,$27.10,$21.82,24.20,$32.14
ERO,Ero Copper Corp,0.002,2,$26.74,0.19,$37.91,$19.09,98.59,$40.83
IBN,ICICI Bank Ltd.,0.002,2,$29.03,0.14,$27.44,$24.87,10.33,$32.75
IWN,Ishares Russell 2000 Value E,0.002,2,$221.16,0.17,$212.34,$166.05,27.88,$226.94
HONA,Honeywell Aerospace Inc,0.002,2,$221.08,0.20,$154.63,$149.19,3.65,$266.62
NUVB,Nuvation Bio Inc.,0.002,2,$5.68,0.13,$5.14,$3.36,52.98,$9.75
MANH,Manhattan Associates,0.002,2,$139.25,0.18,$204.15,$119.06,71.47,$227.03
LPG,Dorian LPG Ltd,0.002,2,$34.79,0.11,$57.21,$22.18,157.94,$59.97
FIX,Comfort Systems USA Inc.,0.002,2,$1981.92,0.20,$1728.01,$768.90,124.74,$2072.10
VALE,Vale SA,0.002,2,$15.04,0.19,$13.76,$10.07,36.64,$17.45
MTDR,Matador Resources Co.,0.002,2,$49.79,0.14,$53.50,$35.98,48.69,$65.88
VREX,Varex Imaging Corp.,0.002,2,$10.43,0.13,$18.46,$9.09,103.08,$18.63
MX,MagnaChip Semiconductor Corp.,0.002,2,$4.73,0.19,$3.68,$2.18,68.81,$9.86
HXL,Hexcel Corp.,0.002,1,,0.14,$86.41,$60.32,43.25,$111.54
MOAT,Vaneck Morningstar Wide Moat,0.002,1,,0.14,$106.22,$94.07,12.92,$115.58
WB,Weibo Corp.,0.002,1,,0.18,$6.33,$6.27,0.96,$11.93
BULL,Webull Corp,0.002,1,,0.18,$7.34,$4.50,63.11,$15.04
GT,Goodyear Tire & Rubber,0.002,1,,0.13,$4.84,$4.83,0.21,$10.62
XLE,Energy Select Sector SPDR,0.002,1,,0.15,$62.82,$41.18,52.55,$65.78
LILA,Liberty LiLAC Group A,0.002,1,,0.17,$8.53,$4.73,80.34,$8.99
GDXJ,Vaneck Junior Gold Miners,0.002,1,,0.20,$113.65,$85.38,33.11,$157.49
VSS,Vanguard FTSE All Wo X Us Sc,0.002,1,,0.14,$155.65,$132.47,17.50,$162.15
NSSC,Napco Security Technologies Inc.,0.002,1,,0.17,$36.17,$33.75,7.17,$51.52
HR,Healthcare Realty Trust Inc.,0.002,1,,0.13,$17.47,$15.71,11.20,$21.77
IVVD,Invivyd Inc.,0.002,1,,0.15,$0.82,$0.53,54.72,$3.07
EVTC,EVERTEC Inc.,0.002,1,,0.19,$27.23,$21.73,25.31,$34.41
DOCN,DigitalOcean Holdings Inc.,0.002,1,,0.14,$140.07,$37.09,277.65,$187.50
RERE,AiHuiShou International Co. Ltd. ADS,0.002,1,,0.16,$3.64,$3.50,4.00,$6.32
WU,Western Union Co.,0.002,1,,0.16,$6.00,$5.87,2.21,$9.44
WSFS,WSFS Financial Corp.,0.002,1,,0.20,$78.03,$49.37,58.05,$82.74
FSM,Fortuna Mining Corp.,0.002,1,,0.19,$11.25,$7.69,46.29,$13.85
BNTX,Biontech Se ADR,0.002,1,,0.18,$96.90,$79.52,21.86,$124.00
SEDG,SolarEdge Technologies Inc.,0.002,1,,0.18,$33.09,$28.21,17.30,$81.25
NTNX,Nutanix Inc.,0.002,1,,0.20,$72.29,$34.01,112.56,$77.90
HTLD,Heartland Express,0.002,1,,0.16,$11.90,$6.94,71.47,$16.58
CLFD,Clearfield Inc.,0.002,1,,0.14,$33.48,$23.76,40.91,$52.73
ADNT,Adient plc,0.002,1,,0.20,$17.31,$16.51,4.85,$27.32
BRKR,Bruker Corp.,0.002,1,,0.15,$63.24,$32.26,96.03,$66.98
AMTM,Amentum Holdings Inc.,0.002,1,,0.17,$18.14,$17.72,2.37,$38.11
MSM,MSC Industrial Direct,0.002,1,,0.13,$130.12,$76.68,69.69,$132.33
PSLV,Sprott Physical Silver Trust,0.002,1,,0.15,$19.55,$15.06,29.81,$38.13
WGO,Winnebago Industries Inc.,0.002,1,,0.16,$26.30,$25.69,2.37,$48.44
GENI,Genius Sports Ltd,0.002,1,,0.16,$6.02,$3.83,57.18,$12.39
MMI,Marcus & Millichap Inc.,0.002,1,,0.20,$28.57,$24.00,19.04,$33.28
HTZ,Hertz Global Hldgs Inc.,0.002,1,,0.17,$1.76,$1.45,21.38,$8.18
KOP,Koppers Holdings Inc.,0.002,1,,0.14,$46.04,$24.77,85.87,$52.90
SHOE,Shoe Carnival Inc.,0.002,1,,0.13,$12.58,$10.20,23.33,$21.58
PFG,Principal Financial Group,0.002,1,,0.13,$111.96,$75.30,48.69,$121.18
NOG,Northern Oil and Gas Inc.,0.002,1,,0.16,$23.83,$16.85,41.42,$29.41
SLV,iShares Silver Trust,0.002,1,,0.19,$54.74,$41.70,31.27,$109.83
MORN,Morningstar Inc.,0.002,1,,0.15,$183.55,$140.69,30.46,$226.47
ORIC,ORIC Pharmaceuticals Inc.,0.002,1,,0.16,$12.21,$7.23,68.88,$14.93
BUDFF,Anheuser Busch Inbev SA NV,0.002,1,,0.16,$70.41,$57.78,21.86,$86.78
LAB,Standard Biotools Inc,0.002,1,,0.14,$0.74,$0.63,17.46,$1.72
SABR,Sabre Corp.,0.002,1,,0.14,$1.97,$0.81,143.21,$2.50
MBUU,Malibu Boats Inc.,0.002,1,,0.14,$23.01,$22.20,3.65,$34.97
SPRY,Ars Pharmaceuticals Inc,0.002,1,,0.18,$4.07,$3.99,2.01,$13.15
TRP,TC Energy,0.002,1,,0.17,$59.07,$47.30,24.88,$70.15
SCSC,ScanSource Inc.,0.002,1,,0.17,$61.73,$33.76,82.85,$66.78
RCI,Rogers Communications Inc.,0.002,1,,0.18,$30.83,$30.15,2.26,$39.99
TRMLF,Tourmaline Oil Corp,0.002,1,,0.18,$42.63,$40.04,6.47,$50.38
IDCC,InterDigital Inc.,0.002,1,,0.13,$335.13,$248.51,34.86,$409.73
FNDF,Schwab Fndmn Intl Lrg Co ETF,0.002,1,,0.15,$53.84,$40.86,31.77,$56.48
CNP,CenterPoint Energy,0.002,1,,0.20,$37.79,$36.37,3.90,$44.99
EMBC,Embecta Corp,0.002,1,,0.17,$5.65,$2.76,104.71,$14.43
BTE,Baytex Energy Corp.,0.002,1,,0.14,$4.63,$2.15,115.35,$5.32
ZIM,Zim Integrated Shipping Serv,0.002,1,,0.20,$29.63,$11.75,152.17,$30.96
DMRA,Damora Therapeutics Inc.,0.002,1,,0.17,$20.65,$3.64,467.31,$38.33
NOK,Nokia Corp.,0.002,1,,0.20,$10.60,$4.76,122.69,$17.36
AEG,Aegon Ltd,0.002,1,,0.20,$8.45,$6.39,32.24,$9.35
VT,Vanguard Tot World Stk ETF,0.001,4,$156.95,0.07,$159.13,$132.28,20.30,$162.29
HRI,HERC Holdings Inc.,0.001,3,$143.35,0.04,$138.37,$87.56,58.03,$185.59
CAH,Cardinal Health Inc.,0.001,3,$237.56,0.09,$228.30,$149.36,52.85,$257.70
APA,APA Corp.,0.001,3,$32.57,0.06,$43.68,$21.13,106.72,$47.44
XLK,Technology Select Sect SPDR,0.001,3,$190.45,0.04,$199.81,$126.38,58.10,$201.39
QQQ,Invesco Qqq Trust Series 1,0.001,3,$736.46,0.09,$749.58,$554.41,35.20,$754.54
CW,Curtiss-Wright Corp.,0.001,3,$758.31,0.05,$545.64,$520.83,4.76,$807.77
OTIS,Otis Worldwide Corp.,0.001,3,$71.61,0.07,$64.05,$63.58,0.74,$93.43
MPC,Marathon Petroleum Corp.,0.001,3,$255.59,0.08,$422.33,$160.07,163.84,$431.08
VECO,Veeco Instruments,0.001,3,$75.80,0.06,$57.38,$26.00,120.69,$86.63
JBTM,JBT Marel Corp.,0.001,3,$144.99,0.09,$108.60,$104.45,3.97,$169.81
AEIS,Advanced Energy Industries,0.001,3,$372.88,0.06,$304.28,$169.11,79.93,$397.18
RXO,Rxo Inc,0.001,2,$27.60,0.06,$23.38,$10.43,124.16,$29.90
CM,Can Imperial Bk Of Commerce,0.001,2,$115.10,0.10,$111.02,$76.98,44.22,$124.03
SITM,SiTime Corp.,0.001,2,$745.53,0.04,$709.44,$243.68,191.14,$901.81
SIMO,Silicon Motion Technol ADR,0.001,2,$333.35,0.07,$280.50,$79.13,254.48,$354.28
UCTT,Ultra Clean Holdings Inc.,0.001,2,$142.59,0.08,$72.69,$21.49,238.25,$144.22
VPG,Vishay Precision Group,0.001,2,$149.92,0.04,$79.07,$29.08,171.91,$151.78
WBS-OLD,Webster Financial Corp.,0.001,2,$76.34,0.05,$77.78,$51.49,51.06,$79.40
HOFT,Hooker Furniture Corp.,0.001,2,$17.83,0.08,$13.17,$8.31,58.48,$17.94
LASR,nLight Inc.,0.001,2,$69.62,0.08,$40.58,$28.05,44.67,$86.95
DLO,DLocal Ltd,0.001,2,$13.00,0.05,$13.75,$10.46,31.45,$16.50
GLBAV-OLD,GCI Liberty Inc. Series A,0.001,2,$21.90,0.08,,,,
LEVI,Levi Strauss & Co.,0.001,2,$24.83,0.08,$19.87,$17.50,13.54,$25.70
LTH,Life Time Group Holdings Inc,0.001,2,$40.84,0.06,$40.99,$24.14,69.80,$47.24
TALO,Talos Energy Inc.,0.001,2,$12.91,0.05,$16.78,$8.97,87.07,$18.73
RKLB,Rocket Lab Corp.,0.001,2,$101.58,0.07,$73.92,$37.57,96.75,$151.00
JOYY,JOYY Inc.,0.001,2,$65.99,0.08,$79.19,$50.37,57.22,$80.79
ONTO,Onto Innovation Inc.,0.001,2,$378.43,0.05,$327.77,$118.97,175.51,$386.46
BTG,B2Gold Corp.,0.001,2,$3.75,0.06,$5.20,$3.56,46.07,$6.21
ZGN,Ermenegildo Zegna Nv,0.001,2,$13.02,0.04,$12.52,$8.55,46.43,$15.95
WMG,Warner Music Group Corp. CL A,0.001,2,$27.07,0.06,$26.82,$23.04,16.41,$34.97
GHM,Graham Corp.,0.001,2,$123.78,0.04,$91.49,$52.57,74.03,$125.82
VICR,Vicor Corp.,0.001,2,$379.84,0.05,$308.90,$48.53,536.51,$382.65
DPZ,Dominos Pizza Inc.,0.001,2,$295.99,0.08,$297.62,$280.27,6.19,$434.73
CLS,Celestica Inc,0.001,2,$364.81,0.08,$387.32,$230.24,68.22,$474.03
FTK,Flotek Industries Inc.,0.001,2,$23.52,0.04,$30.94,$13.19,134.57,$39.67
MAMA,Mama's Creations Inc,0.001,2,$17.85,0.04,$12.93,$9.90,30.61,$21.00
BKH,Black Hills,0.001,2,$74.40,0.07,$70.96,$57.53,23.34,$77.21
BWA,BorgWarner Inc.,0.001,2,$66.40,0.04,$60.52,$40.02,51.22,$78.61
JHX,James Hardie Industries PLC,0.001,2,$26.18,0.06,$24.99,$16.46,51.82,$31.43
ROST,Ross Stores Inc.,0.001,2,$212.84,0.09,$228.54,$146.28,56.23,$256.50
BSM,Black Stone Minerals L.P.,0.001,2,$13.97,0.09,$14.56,$11.29,28.96,$15.20
EQIX,Equinix Inc.,0.001,2,$1042.41,0.09,$1025.72,$709.79,44.51,$1118.65
FFIV,F5 Networks,0.001,2,$415.93,0.08,$454.04,$223.76,102.91,$462.00
MRVI,Maravai LifeSciences Holdings Inc.,0.001,2,$6.24,0.07,$7.90,$2.55,209.80,$9.42
ASTE,Astec Industries,0.001,2,$61.20,0.03,$42.00,$39.38,6.65,$65.33
FTI,TechnipFMC plc,0.001,2,$66.26,0.05,$68.82,$35.18,95.62,$80.70
AMN,AMN Healthcare Services,0.001,2,$32.36,0.09,$36.63,$14.97,144.69,$37.22
HL,Hecla Mining Co.,0.001,2,$15.41,0.06,$17.20,$11.57,48.66,$34.15
ATRO,Astronics Corp.,0.001,2,$81.26,0.03,$68.19,$41.50,64.31,$99.89
SHG,Shinhan Financial Group Company,0.001,2,$63.25,0.12,$78.03,$45.61,71.08,$85.57
PLTR,Palantir Technologies Inc.,0.001,2,$116.72,0.04,$188.75,$106.37,77.45,$207.52
RDNT,RadNet Inc.,0.001,2,$61.67,0.08,$69.93,$50.82,37.60,$85.84
DOV,Dover Corp.,0.001,2,$224.29,0.05,$189.69,$157.36,20.55,$235.79
H,Hyatt Hotels Corp.,0.001,1,,0.08,$158.90,$133.71,18.84,$206.69
HVT,Haverty Furniture,0.001,1,,0.12,$27.50,$18.81,46.20,$29.47
ASGN,ASGN Inc.,0.001,1,,0.12,,,,
EHC,Encompass Health Corp.,0.001,1,,0.10,$119.80,$92.25,29.86,$127.28
MTRN,Materion Corp.,0.001,1,,0.06,$312.16,$109.25,185.73,$314.24
COHU,Cohu Inc.,0.001,1,,0.07,$73.48,$18.67,293.57,$74.69
TWST,Twist Bioscience Corp.,0.001,1,,0.05,$188.67,$23.30,709.74,$200.31
BELFB,Bel Fuse Inc. CL B,0.001,1,,0.09,$257.94,$129.82,98.69,$335.20
FROG,JFrog Ltd,0.001,1,,0.07,$95.50,$34.05,180.47,$105.76
HII,Huntington Ingalls Industries,0.001,1,,0.06,$268.54,$256.79,4.58,$455.90
EAF,GrafTech International Ltd.,0.001,1,,0.08,$9.44,$4.92,91.87,$20.32
MINN,Mairs & Power Mn Muni Bond,0.001,1,,0.10,$20.80,$20.52,1.36,$22.78
BWLP,Bw Lpg Ltd,0.001,1,,0.09,$25.64,$10.17,152.11,$26.47
HELE,Helen of Troy Ltd.,0.001,1,,0.06,$26.74,$13.85,93.07,$30.68
PATK,Patrick Industries Inc.,0.001,1,,0.08,$67.16,$66.24,1.39,$146.40
FINV,Finvolution Group ADR,0.001,1,,0.12,$2.90,$2.89,0.35,$7.20
SEI,Solaris Energy Infrastructure Inc.,0.001,1,,0.06,$74.93,$38.18,96.25,$86.02
ADMA,ADMA Biologics Inc.,0.001,1,,0.10,$9.72,$7.21,34.81,$20.46
IEUR,iShares Core MSCI Europe ETF,0.001,1,,0.08,$73.40,$64.33,14.10,$78.90
VRM,Vroom Inc,0.001,1,,0.11,$9.03,$6.80,32.79,$27.75
EWT,Ishares Msci Taiwan ETF,0.001,1,,0.05,$116.33,$58.01,100.53,$116.71
NSP,Insperity Inc.,0.001,1,,0.06,$46.48,$18.03,157.79,$55.25
DCO,Ducommun Inc.,0.001,1,,0.05,$175.39,$84.76,106.93,$210.39
PEYUF,Peyto Exploration & Development Corp.,0.001,1,,0.08,$16.17,$12.41,30.30,$20.58
PLAY,Dave & Buster's Ent. Inc.,0.001,1,,0.08,$6.75,$6.26,7.83,$22.10
URA,Global X Uranium ETF,0.001,1,,0.05,$39.79,$37.18,7.02,$62.28
CIFR,Cipher Mining Inc,0.001,1,,0.09,$15.71,$11.72,34.04,$30.14
PDLB,Ponce Financial Group Inc.,0.001,1,,0.05,$20.35,$13.91,46.30,$21.10
TBI,TrueBlue Inc.,0.001,1,,0.06,$9.18,$3.18,188.68,$11.03
ESGD,Ishares Trust Ishares Esg Aw,0.001,1,,0.05,$103.15,$87.40,18.02,$108.00
CCJ,Cameco Corp.,0.001,1,,0.06,$85.18,$77.55,9.84,$135.24
HTZWW,Hertz Global Hldgs Inc. WTS,0.001,1,,0.09,$0.89,$0.70,27.14,$3.89
WWD,Woodward Inc.,0.001,1,,0.05,$331.62,$243.79,36.03,$450.52
EWJ,iShares MSCI Japan ETF,0.001,1,,0.05,$98.92,$74.98,31.93,$99.22
XOP,SPDR S&P Oil & Gas Exploration & Production ETF,0.001,1,,0.09,$184.93,$119.67,54.53,$200.09
ABCB,Ameris Bancorp,0.001,1,,0.05,$81.44,$68.12,19.55,$92.99
BATL,Battalion Oil Corp.,0.001,1,,0.10,$1.03,$1.00,3.00,$29.70
VYMI,Vanguard Int High Dvd Yld In,0.001,1,,0.08,$100.49,$79.72,26.05,$106.45
CDLX,Cardlytics Inc.,0.001,1,,0.11,$2.53,$2.47,2.43,$26.70
ENOV,Enovis Corp.,0.001,1,,0.05,$17.77,$17.30,2.72,$34.28
UVV,Universal Corp.,0.001,1,,0.06,$42.20,$41.10,2.68,$57.51
KEY,KeyCorp,0.001,1,,0.11,$20.08,$15.82,26.93,$23.84
IESC,IES Holdings Inc.,0.001,1,,0.05,$339.34,$170.07,99.53,$408.26
ABVX,Abivax SA ADR,0.001,1,,0.05,$92.88,$69.81,33.05,$148.83
LINC,Lincoln Educational Services Corp.,0.001,1,,0.05,$21.91,$17.29,26.72,$56.34
POWL,Powell Industries,0.001,1,,0.07,$196.10,$92.47,112.07,$327.74
SPSM,Ss SPDR P S&P 600 Small Cap,0.001,1,,0.08,$53.84,$42.96,25.33,$58.36
BTAIQ,Bioxcel Therapeutics Inc,0.001,1,,0.05,$0.05,$0.02,150.00,$1.21
REAL,RealReal Inc.,0.001,1,,0.05,$8.90,$8.05,10.56,$17.39
MYE,Myers Indus,0.001,1,,0.08,$31.63,$15.18,108.37,$37.29
LW,Lamb Weston Hldgs Inc.,0.001,1,,0.12,$43.60,$37.02,17.77,$65.06
GBCI,Glacier Bancorp,0.001,1,,0.05,$43.91,$39.06,12.42,$54.58
CBOE,CBOE Holdings Inc.,0.001,1,,0.08,$271.26,$226.52,19.75,$369.38
OBT,Orange County Bancorp Inc,0.001,1,,0.05,$37.73,$22.74,65.92,$39.91
LYG,Lloyds TSB Grp Plc ADR,0.001,1,,0.07,$5.50,$4.26,29.11,$6.25
SVC,Service Properties Trust,0.001,1,,0.09,$6.38,$5.58,14.34,$13.21
ALT,Altimmune Inc.,0.001,1,,0.06,$2.74,$2.56,7.03,$6.44
INFQ,Infleqtion Inc,0.001,1,,0.08,$13.15,$8.52,54.34,$21.28
BRX,Brixmor Property Group Inc.,0.001,1,,0.06,$27.39,$23.60,16.06,$32.49
WRLC,Windrock Ltd Co,0.001,1,,0.07,,,,
KSA,Ishrs Msci Saudi Arabia ETF,0.001,1,,0.07,$36.22,$35.27,2.69,$40.22
SDY,SPDR S&P Dividend ETF,0.001,1,,0.05,$147.57,$131.84,11.93,$159.32
CEF,Sprott Physical Gold And Sil,0.001,1,,0.05,$41.48,$36.16,14.71,$61.38
DNA,Ginkgo Bioworks Holdings Inc.,0.001,1,,0.10,$12.35,$5.37,129.98,$17.58
STGW,Stagwell Inc.,0.001,1,,0.11,$8.36,$4.29,94.87,$9.55
RYCEY,Rolls Royce Holdings Sp ADR,0.001,1,,0.07,$19.49,$13.14,48.33,$21.22
TSCO,Tractor Supply,0.001,1,,0.07,$31.09,$28.17,10.37,$56.84
MGPI,MGP Ingredients Inc.,0.001,1,,0.11,$12.79,$12.50,2.32,$26.12
HUBG,Hub Group 'A',0.001,1,,0.05,$29.77,$29.37,1.36,$52.71
QCRH,QCR Holdings Inc.,0.001,1,,0.08,$100.95,$66.35,52.15,$107.95
SPG,Simon Property Group Inc.,0.001,1,,0.05,$200.95,$164.57,22.11,$235.97
DOCS,Doximity Inc.,0.001,1,,0.10,$27.93,$17.15,62.86,$74.33
AMPX,Amprius Technologies Inc,0.001,1,,0.06,$9.67,$7.71,25.42,$24.23
BHE,Benchmark Electronics,0.001,1,,0.06,$87.39,$35.52,146.03,$100.21
ARTV,Artiva Biotherapeutics Inc,0.001,1,,0.07,$6.83,$2.71,152.03,$14.53
CDP,Copt Defense Properties,0.001,1,,0.05,$33.57,$26.01,29.07,$38.54
FPAG,Fpa Global Equity ETF New,0.001,1,,0.07,$40.80,$34.27,19.05,$43.47
INFY,Infosys Ltd.,0.001,1,,0.06,$11.04,$10.30,7.18,$29.37
LDOS,Leidos Holdings,0.001,1,,0.07,$117.74,$98.54,19.48,$203.41
GWW,W.W. Grainger Inc.,0.001,1,,0.09,$1280.30,$901.22,42.06,$1417.14
MOD,Modine Mfg.,0.001,1,,0.07,$178.20,$111.18,60.28,$323.25
NPO,EnPro Industries,0.001,1,,0.06,$332.56,$201.04,65.42,$389.99
SPYX,SPDR S&P 500 Fossil Fuel Res,0.001,1,,0.07,$63.03,$51.06,23.44,$63.82
PHIN,PHINIA Inc.,0.001,1,,0.09,$59.78,$49.91,19.78,$86.55
CIB,Grupo Cibest SA ADR,0.001,1,,0.12,$91.91,$48.24,90.53,$103.97
SCHB,Schwab Us Broad Market ETF,0.001,1,,0.07,$29.61,$24.15,22.61,$30.07
DIA,SPDR Djia Trust,0.001,1,,0.05,$511.10,$447.25,14.28,$545.04
USNA,USANA Health Sciences,0.001,1,,0.08,$14.82,$12.57,17.90,$27.95
CUZ,Cousins Properties,0.001,1,,0.07,$28.01,$20.52,36.50,$32.95
IMVT,Immunovant Inc.,0.001,1,,0.09,$33.62,$15.95,110.78,$45.42
TRVI,Trevi Therapeutics Inc.,0.001,1,,0.08,$13.91,$9.28,49.89,$20.22
ALRS,Alerus Financial Corp.,0.001,1,,0.06,$32.67,$19.66,66.17,$34.17
UVSP,Univest Financial Corp.,0.001,1,,0.11,$41.81,$27.34,52.93,$45.22
SONY,Sony Group Corp.,0.001,1,,0.05,$23.82,$19.32,23.29,$30.22
RRC,Range Resources Corp.,0.001,1,,0.05,$38.23,$32.44,17.85,$48.07
VONG,Vanguard Russell 1000 Growth,0.001,1,,0.12,$130.82,$104.98,24.61,$132.62
FRVO,Fervo Energy Co A,0.001,1,,0.06,$14.45,$13.44,7.51,$42.65
ALGT,Allegiant Travel Company,0.001,1,,0.05,$77.61,$57.11,35.90,$123.63
RCKT,Rocket Pharmaceuticals Inc.,0.001,1,,0.12,$2.56,$2.51,1.99,$5.45
DRH,DiamondRock Hospitality Co.,0.001,1,,0.10,$12.57,$7.19,74.83,$13.67
GCO,Genesco Inc.,0.001,1,,0.11,$34.80,$21.93,58.69,$43.60
AMBA,Ambarella Inc.,0.001,1,,0.10,$68.65,$48.30,42.13,$96.69
VGK,Vanguard FTSE Europe ETF,0.001,1,,0.06,$86.38,$75.56,14.32,$93.06
NNBR,NN Inc.,0.001,1,,0.05,$4.51,$1.10,310.00,$4.79
PSA,Public Storage,0.001,1,,0.05,$283.81,$249.06,13.95,$332.14
EEM,Ishares Msci Emerging Market,0.001,1,,0.06,$67.67,$50.83,33.13,$71.57
KNF,Knife River Corp.,0.001,1,,0.10,$50.33,$49.65,1.37,$96.28
ENB,Enbridge Inc.,0.001,1,,0.07,$45.97,$43.08,6.71,$57.65
QNT,Quantinuum Inc A,0.001,1,,0.07,$46.08,$45.80,0.61,$86.79
YOU,Clear Secure Inc.,0.001,1,,0.06,$41.55,$28.93,43.62,$68.83
TPC,Tutor Perini Corp.,0.001,1,,0.05,$86.73,$57.70,50.31,$102.20
M,Macy's Inc.,0.001,1,,0.06,$22.73,$15.85,43.41,$26.36
AEHR,Aehr Test Systems,0.001,1,,0.05,$107.21,$18.70,473.32,$147.40
VSH,Vishay Intertechnology,0.001,1,,0.07,$38.18,$11.56,230.28,$69.25
RFL,Rafael Holdings Inc.,0.001,1,,0.08,$1.54,$1.12,37.50,$3.96
CRCL,Circle Internet Group Inc,0.001,1,,0.07,$81.25,$49.90,62.83,$159.47
FPAS,Fpa Short Duration Govt ETF,0.001,1,,0.05,$23.80,$23.69,0.46,$24.91
WTFC,Wintrust Financial Corp.,0.001,1,,0.09,$145.02,$117.89,23.01,$166.65
BZH,Beazer Homes USA,0.001,1,,0.12,$33.40,$17.83,87.32,$34.54
DOC,Healthpeak Properties Inc.,0.001,1,,0.06,$19.49,$14.97,30.19,$22.72
UNFI,United Natural Foods,0.001,1,,0.05,$45.59,$30.91,47.49,$57.02
HNGE,Hinge Health Inc A,0.001,1,,0.06,$97.67,$30.08,224.70,$99.73
NG,NovaGold Resources,0.001,1,,0.07,$6.55,$5.08,28.94,$14.40
SANM,Sanmina Corp.,0.000,3,$253.04,0.01,$229.04,$113.71,101.42,$288.68
VB,Vanguard Small Cap ETF,0.000,3,$302.93,0.03,$288.99,$238.00,21.42,$308.60
GIS,General Mills,0.000,3,$34.80,0.02,$32.01,$31.18,2.66,$48.26
OUT,Outfront Media Inc.,0.000,3,$32.76,0.02,$28.70,$16.24,76.72,$34.24
KB,Kb Financial Group Inc ADR,0.000,3,$104.97,0.03,$123.88,$75.15,64.84,$133.29
CPA,Copa Holdings SA,0.000,3,$155.53,0.03,$132.48,$104.75,26.47,$158.35
FORM,FormFactor Inc.,0.000,3,$159.91,0.03,$149.15,$37.14,301.59,$160.27
SNDK,SanDisk Corp.,0.000,2,$2273.04,0.01,$1719.99,$115.68,1386.85,$2354.39
CAMT,Camtek Ltd,0.000,2,$163.15,0.01,$165.19,$91.91,79.73,$215.99
CVLG,Covenant Transportation Group Inc. CL A,0.000,2,$44.18,0.03,$33.76,$17.83,89.34,$49.78
FTAI,FTAI Aviation Ltd.,0.000,2,,0.00,$167.03,$148.67,12.35,$321.70
ACLS,Axcelis Technologies,0.000,2,$189.45,0.02,$147.77,$73.60,100.77,$193.78
PH,Parker-Hannifin,0.000,2,,0.00,$972.55,$709.46,37.08,$1097.73
WOLF,Wolfspeed Inc.,0.000,2,$48.27,0.02,$35.28,$13.49,161.53,$80.82
MT,ArcelorMittal,0.000,2,$60.21,0.01,$64.51,$36.21,78.16,$79.68
VV,Vanguard Large Cap ETF,0.000,2,$341.77,0.01,$355.00,$287.55,23.46,$358.31
MEC,Mayville Engineering Co. Inc.,0.000,2,$37.46,0.02,$16.44,$12.25,34.20,$38.76
AWK,American Water Works Inc.,0.000,2,$131.60,0.01,$130.25,$118.81,9.63,$142.37
AXGN,AxoGen Inc.,0.000,2,$46.19,0.03,$37.39,$15.27,144.86,$52.91
SCHD,Schwab Us Dvd Equity ETF,0.000,2,$31.66,0.02,$32.72,$25.43,28.67,$35.03
VEU,Vanguard FTSE All World ex US ETF,0.000,2,$83.76,0.01,$83.45,$68.31,22.16,$86.32
KAR,KAR Auction Services,0.000,2,$41.24,0.02,$30.88,$17.08,80.80,$30.98
LSCC,Lattice Semconductor,0.000,2,$152.94,0.01,$134.00,$60.50,121.49,$157.01
EGP,EastGroup Properties SBI,0.000,2,$202.54,0.04,$195.78,$160.68,21.84,$224.75
EXTR,Extreme Networks Inc.,0.000,2,$32.37,0.03,$23.12,$13.48,71.51,$33.73
IVE,Ishares S&P 500 Value ETF,0.000,2,,0.00,$229.62,$199.18,15.28,$238.98
VICI,VICI Properties Inc.,0.000,2,$26.55,0.02,$22.65,$22.54,0.49,$30.84
LITE,Lumentum Holdings Inc.,0.000,2,$858.53,0.01,$1085.42,$147.81,634.33,$1091.61
LOCO,El Pollo Loco Holdings Inc.,0.000,2,$16.96,0.03,$14.22,$8.99,58.18,$17.40
VGT,Vanguard Info Tech ETF,0.000,2,$120.00,0.02,$128.32,$82.90,54.79,$129.35
CAKE,Cheesecake Factory,0.000,2,$79.54,0.02,$109.65,$42.54,157.76,$118.46
MTSI,MACOM Technology Solutions Hldg,0.000,2,$380.48,0.01,$321.60,$121.97,163.67,$418.90
ESI,Element Solutions Inc.,0.000,2,$47.76,0.03,$37.93,$22.64,67.54,$49.14
IWS,Ishares Russell Mid Cap Valu,0.000,2,,0.00,$162.56,$131.84,23.30,$172.90
UTZ,Utz Brands Inc.,0.000,2,$7.70,0.02,$14.27,$6.69,113.30,$14.27
MOS,Mosaic Co.,0.000,2,$21.19,0.03,$21.07,$19.63,7.34,$34.72
DGII,Digi International,0.000,2,$74.95,0.03,$75.61,$34.41,119.73,$86.84
THC,Tenet Healthcare Corp.,0.000,2,,0.00,$258.62,$157.58,64.12,$283.05
ADTN,ADTRAN Holdings Inc.,0.000,2,$13.90,0.03,$7.04,$6.73,4.61,$19.98
BRC,Brady Corp.,0.000,2,$91.57,0.01,$84.78,$70.38,20.46,$99.25
CIEN,Ciena Corp.,0.000,2,$490.71,0.01,$391.34,$147.36,165.57,$637.51
AAOI,Applied Optoelectronics Inc,0.000,2,$148.11,0.02,$115.59,$18.50,524.81,$233.67
SKYT-OLD,Skywater Technology Inc,0.000,2,,0.00,$32.49,$8.49,282.69,$39.93
HZO,MarineMax Inc.,0.000,2,$36.62,0.02,$52.35,$21.42,144.40,$52.56
ACWX,iShares MSCI ACWI EX U.S. ETF,0.000,2,$76.11,0.02,$76.01,$62.22,22.16,$78.78
IJH,Ishares Core S&P Midcap ETF,0.000,2,$77.11,0.03,$73.39,$61.43,19.47,$78.47
SMTC,Semtech Corp.,0.000,2,$161.84,0.02,$194.88,$60.28,223.29,$201.99
IAU,iShares Gold Trust,0.000,2,,0.00,$77.95,$72.85,7.00,$104.40
PARR,Par Pacific Holdings,0.000,1,,0.02,$84.00,$33.21,152.94,$87.72
CBT,Cabot Corp.,0.000,1,,0.03,$76.95,$56.94,35.14,$94.00
ETN,Eaton Corp.,0.000,1,,0.03,$436.11,$309.33,40.99,$478.00
PBFS,Pioneer Bancorp Inc.,0.000,1,,0.04,$17.77,$12.64,40.59,$19.91
CNS,Cohen & Steers Inc.,0.000,1,,0.00,$73.00,$56.80,28.52,$86.56
METCB,Ramaco Resources Inc B,0.000,1,,0.01,$4.33,$4.19,3.34,$20.70
REG,Regency Centers Corp.,0.000,1,,0.04,$71.60,$64.44,11.11,$82.82
WYFI,Whitefiber Inc,0.000,1,,0.01,$17.93,$10.51,70.60,$46.87
STM,Stmicroelectronics Nv Ny Shs,0.000,1,,0.01,$57.26,$20.92,173.71,$81.19
J,Jacobs Solutions Inc.,0.000,1,,0.01,$138.06,$105.09,31.37,$166.66
BLZE,Backblaze Inc A,0.000,1,,0.00,$14.36,$3.26,340.49,$23.99
FLUT,Flutter Entertainment Plc,0.000,1,,0.03,$74.81,$73.50,1.78,$257.76
DNTH,Dianthus Therapeutics Inc,0.000,1,,0.01,$88.21,$32.22,173.77,$117.88
DOUG,Douglas Elliman Inc,0.000,1,,0.00,$1.55,$1.47,5.44,$3.03
STRW,Strawberry Fields Reit Inc,0.000,1,,0.01,$13.50,$10.58,27.60,$14.57
AFYA,Afya Ltd,0.000,1,,0.00,$12.22,$11.62,5.16,$16.16
GKOS,Glaukos Corp.,0.000,1,,0.01,$163.75,$73.16,123.82,$191.62
EVER,EverQuote Inc. CL A,0.000,1,,0.01,$19.50,$13.88,40.49,$28.73
HLLY,Holley Inc,0.000,1,,0.00,$2.34,$2.29,2.18,$4.48
EPC,Edgewell Personal Care Co.,0.000,1,,0.03,$26.97,$15.53,73.66,$29.79
UTI,Universal Technical Institute,0.000,1,,0.04,$19.38,$18.02,7.55,$51.34
ITRI,Itron Inc.,0.000,1,,0.02,$86.51,$77.77,11.24,$142.00
EROC,Erock Inc A,0.000,1,,0.03,$12.65,$8.88,42.45,$20.70
NPKI,NPK International Inc.,0.000,1,,0.02,$11.79,$10.73,9.88,$16.50
TTAM,Titan America SA,0.000,1,,0.01,$13.37,$13.24,0.98,$19.51
VCTR,Victory Capital Holdings,0.000,1,,0.02,$113.23,$55.62,103.58,$123.00
RNG,RingCentral Inc.,0.000,1,,0.01,$78.28,$24.01,226.03,$81.90
AVNW,Aviat Networks Inc.,0.000,1,,0.01,$20.68,$13.92,48.56,$27.02
STKL-OLD,SunOpta Inc.,0.000,1,,0.01,$6.50,$3.32,95.78,$6.94
DVDCF,Davide Campari-Milano S.p.A.,0.000,1,,0.01,$6.88,$6.07,13.34,$7.78
CDRE,Cadre Holdings Inc,0.000,1,,0.01,$25.00,$24.42,2.38,$48.44
BG,Bunge Global SA,0.000,1,,0.04,$106.72,$77.14,38.35,$134.02
FULT,Fulton Financial Corp.,0.000,1,,0.01,$22.81,$16.02,42.38,$25.02
PACK,Ranpak Holdings Corp. CL A,0.000,1,,0.01,$4.09,$3.22,27.02,$7.81
REXR,Rexford Industrial Realty Inc.,0.000,1,,0.03,$36.69,$31.11,17.94,$42.27
RTLLF,Rational Ag,0.000,1,,0.02,$650.00,$650.00,0.00,$859.22
SLF,Sun Life Financial Inc.,0.000,1,,0.00,$78.57,$55.24,42.23,$83.65
NTAP,NetApp Inc.,0.000,1,,0.01,$226.27,$92.93,143.48,$231.90
COUR,Coursera Inc,0.000,1,,0.01,$5.02,$4.53,10.82,$11.14
CATH,Global X S&P 500 Catholic Values ETF,0.000,1,,0.01,$91.48,$75.37,21.37,$93.05
XGN,Exagen Inc.,0.000,1,,0.00,$8.17,$2.59,215.44,$12.23
BBY,Best Buy Co. Inc.,0.000,1,,0.00,$87.97,$53.81,63.48,$96.53
FVR,Frontview Reit Inc,0.000,1,,0.02,$16.68,$12.23,36.39,$22.01
AIRJ,Airjoule Technologies Corp,0.000,1,,0.01,$3.92,$2.22,76.58,$6.75
ESS,Essex Property Trust,0.000,1,,0.04,$268.65,$231.64,15.98,$300.48
SLP,Simulations Plus Inc.,0.000,1,,0.03,$18.50,$11.09,66.82,$21.01
UMH,UMH Properties Inc.,0.000,1,,0.02,$15.41,$13.17,17.01,$16.77
ARM,Arvinmeritor Inc.,0.000,1,,0.01,$307.49,$100.02,207.43,$452.70
TRS,TriMas Corp.,0.000,1,,0.02,$39.12,$30.34,28.94,$45.38
JOUT,Johnson Outdoors Inc.,0.000,1,,0.01,$44.91,$34.91,28.65,$53.16
LRN,Stride Inc.,0.000,1,,0.02,$78.89,$60.61,30.16,$155.06
STNG,Scorpio Tankers Inc.,0.000,1,,0.03,$86.23,$48.08,79.35,$90.06
COPX,Global X Copper Miners ETF,0.000,1,,0.00,$85.91,$55.44,54.96,$99.65
MATV,Mativ Holdings Inc.,0.000,1,,0.00,$11.90,$7.01,69.76,$15.02
TWI,Titan International Inc.,0.000,1,,0.01,$6.99,$6.37,9.73,$11.70
AMBQ,Ambiq Micro Inc,0.000,1,,0.04,$68.18,$22.12,208.23,$91.61
HOMB,Home Bancshares Inc.,0.000,1,,0.02,$28.67,$25.28,13.41,$31.54
AVBH,Avidbank Holdings Inc,0.000,1,,0.02,$31.26,$24.03,30.09,$34.18
DLG.MI,De'Longhi SPA,0.000,1,,0.02,,,,
CAE,CAE Inc.,0.000,1,,0.04,$24.01,$22.76,5.49,$34.24
SSPPF,Ssp Group Plc,0.000,1,,0.02,$2.54,$1.67,52.10,$2.55
BIRK,Birkenstock Holding Plc,0.000,1,,0.01,$33.33,$29.93,11.36,$50.73
JJSF,J & J Snack Foods,0.000,1,,0.03,$78.25,$67.51,15.91,$95.74
BLLN,Billiontoone Inc Cl A,0.000,1,,0.02,$105.90,$61.96,70.92,$150.44
FMC,FMC Corp.,0.000,1,,0.04,$8.44,$8.33,1.32,$31.50
JOBY,Joby Aviation Inc.,0.000,1,,0.03,$5.95,$5.85,1.71,$19.98
GPRK,Geopark Ltd,0.000,1,,0.00,$10.85,$5.68,91.02,$13.13
SBGI,Sinclair Broadcast Group Inc.,0.000,1,,0.00,$12.43,$11.82,5.16,$16.69
ATAT,Atour Lifestyle Holdings ADR,0.000,1,,0.00,$32.26,$30.78,4.81,$42.49
GH,Guardant Health Inc.,0.000,1,,0.04,$177.80,$61.00,191.48,$183.51
EXEL,Exelixis Inc.,0.000,1,,0.00,$58.39,$33.76,72.96,$61.14
PIFYF,Pine Cliff Energy Ltd,0.000,1,,0.03,$0.36,$0.35,2.86,$0.65
AKTS,Aktis Oncology Inc,0.000,1,,0.02,$18.52,$14.72,25.82,$34.19
UFCS,United Fire Group Inc.,0.000,1,,0.00,$54.62,$29.32,86.29,$56.74
BFLY,Butterfly Network Inc,0.000,1,,0.03,$8.95,$1.90,371.05,$10.05
JBHT,J.B. Hunt Transport Services Inc.,0.000,1,,0.00,$234.20,$133.44,75.51,$299.26
PRGO,Perrigo Co.,0.000,1,,0.04,$14.26,$8.81,61.86,$20.70
ASX,Ase Technology Holding ADR,0.000,1,,0.01,$47.45,$10.92,334.52,$47.93
TRN,Trinity Industries,0.000,1,,0.03,$26.13,$24.06,8.60,$38.31
KVHI,KVH Industries Inc.,0.000,1,,0.00,$7.01,$5.09,37.72,$13.00
FLYX.WS,Eg Acquisition Corp A WTS28,0.000,1,,0.00,,,,
SYNA,Synaptics Inc.,0.000,1,,0.02,$121.10,$58.28,107.79,$149.11
SBCF,Seacoast Banking Corp. of Florida,0.000,1,,0.04,$32.68,$27.91,17.09,$36.07
SIL,Global X Silver Miners ETF,0.000,1,,0.00,$86.50,$61.06,41.66,$119.08
OIS,Oil States International Inc.,0.000,1,,0.03,$8.23,$5.50,49.64,$14.50
MTRX,Matrix Service Co.,0.000,1,,0.02,$10.28,$9.38,9.59,$15.97
TITN,Titan Machinery Inc.,0.000,1,,0.03,$25.42,$13.21,92.43,$26.90
XLF,Financial Select Sector SPDR,0.000,1,,0.00,$53.49,$47.34,12.99,$58.39
AMRC,Ameresco Inc. CL A,0.000,1,,0.03,$21.57,$18.38,17.36,$44.93
VNQ,Vanguard Real Estate ETF,0.000,1,,0.00,$89.50,$84.66,5.72,$100.93
TEO,Telecom Argentina S.A.,0.000,1,,0.04,$11.72,$6.90,69.86,$16.34
WILLF,Demant A s,0.000,1,,0.02,$45.55,$28.08,62.22,$45.55
SRRK,Scholar Rock Holding Corp.,0.000,1,,0.02,$46.81,$27.07,72.92,$61.76
RRBI,Red River Bancshares Inc,0.000,1,,0.02,$103.41,$60.98,69.58,$104.87
WT,WisdomTree Investments,0.000,1,,0.02,$24.38,$10.64,129.14,$25.91
HYBB,Ishares Bb Rated Corp Bond,0.000,1,,0.00,$44.85,$44.05,1.82,$46.22
TFII,Tfi International Inc,0.000,1,,0.02,$118.90,$79.34,49.86,$166.50
QQQM,Invesco Nasdaq 100 ETF,0.000,1,,0.02,$308.69,$228.24,35.25,$310.67
HSBC,HSBC Holdings plc,0.000,1,,0.01,$96.14,$61.80,55.57,$107.43
JBL,Jabil Inc.,0.000,1,,0.01,$304.41,$189.46,60.67,$428.84
NVMI,Nova Ltd,0.000,1,,0.01,$396.12,$266.43,48.68,$615.99
KOD,Kodiak Sciences Inc.,0.000,1,,0.01,$94.45,$10.94,763.35,$104.00
CCRN-OLD,Cross Country Healthcare,0.000,1,,0.02,$13.25,$7.43,78.33,$14.99
ASR,Grupo Aeroportuario Sure SA de CV,0.000,1,,0.00,$234.41,$226.34,3.57,$374.45
EIKN,Eikon Therapeutics Inc,0.000,1,,0.00,$7.33,$7.07,3.68,$17.40
PNR,Pentair plc,0.000,1,,0.04,$53.03,$51.81,2.35,$112.57
FIP,Ftai Infrastructure Inc,0.000,1,,0.02,$2.69,$2.59,3.86,$6.56
ALH,Alliance Laundry Holdings In,0.000,1,,0.00,$21.30,$18.64,14.27,$28.23
CALY,Callaway Golf Co.,0.000,1,,0.02,$14.45,$8.39,72.23,$20.28
SMBK,SmartFinancial Inc.,0.000,1,,0.02,$50.99,$32.74,55.74,$54.14
TRVG,Trivago Nv ADR,0.000,1,,0.00,$4.68,$2.59,80.69,$6.80
LNTH,Lantheus Holdings Inc.,0.000,1,,0.00,$99.96,$49.67,101.25,$111.86
FLYX,Flyexclusive Inc,0.000,1,,0.04,$1.25,$1.05,19.05,$8.88
