Symbol,Stock,%▼,"Ownership
count",Hold Price*,Max %,"Current
Price","52 Week
Low","% Above
52 Week
Low","52 Week
High"
AMZN,Amazon.com Inc.,2.990,34,$233.65,38.20,$262.65,$196.00,34.01,$287.20
GOOG,Alphabet Inc. CL C,2.576,34,$351.38,23.39,$343.54,$196.90,74.47,$404.23
BRK.B,Berkshire Hathaway CL B,2.407,26,$499.87,33.89,$504.03,$464.01,8.62,$537.74
GOOGL,Alphabet Inc.,2.083,36,$357.25,24.55,$345.90,$196.04,76.44,$408.37
BRK.A,Berkshire Hathaway CL A,1.758,17,$748851.77,42.42,$755570.01,$698000.00,8.25,$806102.81
MSFT,Microsoft Corp.,1.730,37,$372.62,16.75,$495.40,$349.20,41.87,$550.24
V,Visa Inc.,1.675,30,$342.00,19.83,$364.15,$292.74,24.39,$373.28
META,Meta Platforms Inc.,1.580,31,$563.30,20.45,$589.85,$519.78,13.48,$793.65
CVNA,Carvana Co.,1.483,7,$65.82,78.85,$75.59,$54.46,38.80,$97.38
MA,Mastercard Inc.,1.383,22,$512.82,20.01,$569.29,$463.74,22.76,$598.04
AAPL,Apple Inc.,1.211,22,$287.81,41.05,$305.93,$222.96,37.21,$344.27
MCO,Moody's Corp.,1.020,17,$451.10,19.14,$484.96,$399.61,21.36,$543.25
TSM,Taiwan Semiconductor S.A.,0.986,24,$477.55,10.55,$426.35,$221.29,92.67,$479.00
GE,GE Aerospace,0.968,10,$373.73,35.61,$368.38,$262.47,40.35,$388.84
JOE,St. Joe Co.,0.932,1,,76.43,$68.40,$46.02,48.63,$73.19
BN,Brookfield Corp.,0.736,9,$42.59,16.29,$43.85,$37.87,15.79,$49.40
SPGI,S&P Global Inc.,0.730,15,$407.26,19.92,$418.80,$360.90,16.04,$532.64
TDG,TransDigm Group Inc.,0.727,6,$1257.92,25.54,$1256.90,$1123.61,11.86,$1463.03
ASML,ASML Holding NV,0.722,9,$1989.38,21.11,$1844.08,$711.50,159.18,$1997.36
NVDA,NVIDIA Corp.,0.720,18,$200.09,9.34,$225.16,$163.85,37.42,$236.26
IBKR,Interactive Brokers Group Inc.,0.706,6,$87.04,33.42,$92.06,$58.76,56.67,$97.84
IEP,Icahn Enterprises,0.658,1,,53.95,$7.42,$6.24,18.91,$7.98
FICO,Fair Isaac Corp.,0.581,8,$1194.78,25.77,$1085.78,$870.01,24.80,$1998.01
HCC,Warrior Met Coal Inc.,0.580,3,$81.16,43.32,$98.20,$54.46,80.32,$110.29
LOAR,Loar Holdings Inc,0.575,1,,47.15,$77.41,$53.15,45.64,$83.43
MOH,Molina Healthcare Inc.,0.567,3,$193.75,43.49,$212.43,$121.06,75.47,$244.89
GPI,Group 1 Automotive,0.566,2,$291.17,46.41,$263.95,$259.24,1.82,$486.11
PDD,Pinduoduo Inc.,0.545,4,$76.28,22.17,$84.79,$71.94,17.86,$139.41
UBER,Uber Technologies Inc.,0.521,11,$72.16,12.72,$75.95,$65.41,16.11,$101.99
AMAT,Applied Materials,0.516,12,$723.00,19.48,$507.18,$153.78,229.81,$739.67
COF,Capital One Financial,0.470,16,$200.62,7.13,$227.34,$174.23,30.48,$257.54
C,Citigroup Inc.,0.465,8,$128.18,16.91,$139.33,$88.80,56.90,$147.21
AXP,American Express,0.464,16,$338.24,17.14,$342.48,$289.26,18.40,$384.36
SUNB,Sunbelt Rentals Holdings Inc,0.464,12,$75.05,10.59,$84.80,$60.40,40.40,$85.78
ELV,Elevance Health Inc.,0.458,12,$386.73,9.11,$400.32,$272.05,47.15,$436.24
SNX,SYNNEX Corp.,0.456,4,$267.34,26.38,$258.74,$141.15,83.31,$295.89
DIS,Walt Disney Co.,0.445,20,$96.27,9.55,$106.85,$91.48,16.80,$118.07
CROX,Crocs Inc.,0.443,6,$120.64,27.20,$131.72,$73.21,79.92,$141.28
LULU,Lululemon Athletica Inc.,0.403,4,$176.58,32.35,$119.55,$104.44,14.47,$225.98
CVS,CVS Health Corp.,0.396,10,$103.45,10.63,$97.16,$65.35,48.68,$110.00
EQH,Equitable Holdings Inc.,0.395,5,$43.88,30.38,$53.09,$34.72,52.91,$53.71
SLM,SLM Corp.,0.387,3,$27.27,24.16,$28.03,$17.55,59.72,$32.32
JHG-OLD,Janus Henderson Group,0.385,1,,31.53,$51.98,$37.96,36.93,$53.76
RIG,Transocean Ltd.,0.373,2,$4.89,30.53,$5.76,$2.76,108.70,$7.66
AVGO,Broadcom Inc.,0.368,13,$377.75,10.61,$392.99,$279.82,40.44,$494.22
ICLR,ICON plc,0.341,6,$169.38,11.94,$163.15,$66.57,145.08,$203.91
FERG,Ferguson Enterprises Inc.,0.339,11,$237.33,6.88,$244.94,$204.50,19.78,$269.59
SCHW,Charles Schwab Corp.,0.338,11,$92.27,6.56,$111.09,$83.72,32.69,$111.18
ADI,Analog Devices,0.319,11,$397.17,7.97,$389.39,$221.38,75.89,$445.91
AMR,Alpha Metallurgical Resources Inc.,0.318,1,,26.11,$166.05,$133.64,24.25,$253.82
MKL,Markel Group Inc.,0.309,5,$1953.01,10.89,$1847.24,$1719.41,7.43,$2207.59
UNH,United Health Group Inc.,0.302,17,$415.63,6.05,$401.73,$254.51,57.84,$461.62
TMO,Thermo Fisher Scientific,0.301,11,$501.36,9.81,$588.29,$434.83,35.29,$642.71
KHC,Kraft Heinz Co.,0.299,9,$23.61,12.80,$25.51,$20.66,23.48,$28.09
PYPL,PayPal Holdings Inc.,0.294,8,$43.18,10.61,$61.66,$38.22,61.33,$78.53
RKT,Rocket Companies Inc.,0.290,5,$15.75,11.65,$14.76,$12.17,21.28,$24.36
CVI,CVR Energy Inc.,0.289,1,,23.73,$35.26,$19.50,80.82,$41.41
VFC,V.F. Corp.,0.287,2,$16.68,23.36,$14.87,$12.33,20.60,$22.15
BABA,Alibaba Group Holdings,0.281,9,$95.98,16.92,$123.81,$91.99,34.59,$190.92
CAT,Caterpillar Inc.,0.275,6,$1064.90,19.65,$856.57,$401.84,113.16,$1071.47
CNH,CNH Industrial NV,0.271,5,$11.23,17.11,$10.44,$8.91,17.17,$13.18
WM,Waste Management Inc.,0.267,3,$222.88,17.30,$224.55,$191.77,17.09,$247.15
ORLA-OLD,Orla Mining Ltd,0.264,3,$9.73,21.55,$9.45,$8.43,12.10,$21.95
CP,Canadian Pacific Kansas City,0.261,7,$86.65,7.44,$93.50,$67.98,37.54,$94.66
LYV,Live Nation Inc.,0.257,8,$183.11,7.69,$188.46,$125.34,50.36,$189.25
APP,Applovin Corp.,0.257,4,$515.25,14.50,$315.44,$303.17,4.05,$745.61
ASH,Ashland Global Holdings Inc.,0.256,2,$65.89,17.47,$73.71,$45.29,62.75,$78.25
GM,General Motors,0.255,7,$77.08,11.46,$86.77,$53.98,60.74,$91.85
LEN,Lennar Corp.,0.255,4,$90.49,11.82,$86.83,$79.83,8.77,$141.39
BKNG,Booking Holdings Inc.,0.253,6,$178.24,8.46,$212.06,$149.76,41.60,$229.86
RPRX,Royalty Pharma plc,0.250,3,$56.07,8.82,$58.60,$33.43,75.29,$60.20
VRT,Vertiv Holdings Co.,0.250,3,$334.82,20.37,$293.84,$118.57,147.82,$379.86
NFLX,Netflix Inc.,0.248,11,$71.40,5.41,$78.16,$65.08,20.10,$126.71
CNI,Canadian Natl Railway Co.,0.247,6,$119.24,17.95,$126.84,$89.10,42.36,$131.55
DHR,Danaher Corp.,0.245,12,$190.48,7.64,$202.45,$160.60,26.06,$241.78
BAC,Bank of America Corp.,0.244,15,$56.95,9.20,$64.49,$45.79,40.84,$65.20
BDX,Becton Dickinson,0.239,7,$151.33,9.93,$183.40,$125.19,46.50,$185.32
QSR,Restaurant Brands International,0.238,3,$72.51,9.62,$77.64,$59.14,31.28,$81.22
GRBK,Green Brick Partners,0.237,2,$80.04,19.39,$70.46,$60.44,16.58,$83.18
CRM,Salesforce.com,0.235,10,$156.66,8.33,$196.21,$146.32,34.10,$267.75
AZN,AstraZeneca PLC,0.233,3,$187.18,19.03,$156.45,$90.90,72.11,$209.12
KKR,KKR & Co. L.P.,0.231,7,$91.78,8.95,$114.01,$82.35,38.45,$151.00
WFC,Wells Fargo,0.225,14,$82.64,3.11,$88.82,$72.36,22.75,$96.18
YETI,YETI Holdings Inc.,0.224,2,$49.56,18.33,$44.56,$31.66,40.75,$53.99
SGOV,Ishares 0 3 Month Treasury B,0.220,4,$100.67,10.59,$100.56,$96.85,3.83,$100.56
CACC,Credit Acceptance Corp.,0.220,2,$636.74,18.01,$587.27,$401.90,46.12,$668.86
RACE,Ferrari NV,0.216,4,$370.77,7.71,$414.85,$308.95,34.28,$498.75
PM,Philip Morris Intl.,0.212,10,$180.91,9.18,$190.39,$138.43,37.54,$207.76
SOLV,Solventum Corp,0.210,4,$77.15,15.02,$88.59,$62.38,42.02,$90.00
WBD,Warner Bros. Discovery Inc.,0.209,5,$26.66,11.68,$27.99,$11.25,148.80,$30.00
LAD,Lithia Motors Inc.,0.207,6,$290.49,13.20,$377.55,$238.86,58.06,$438.67
TXN,Texas Instruments,0.206,14,$298.07,3.93,$279.58,$150.20,86.14,$332.33
OMF,OneMain Holdings,0.200,4,$60.97,10.08,$65.68,$44.20,48.60,$68.16
EGO,Eldorado Gold Corp.,0.197,1,,16.18,$39.73,$21.76,82.58,$50.96
CPNG,Coupang Inc.,0.196,8,$17.37,6.89,$16.12,$14.92,8.04,$34.08
TKO,TKO Group Holdings Inc.,0.196,1,,16.07,$201.28,$173.96,15.70,$225.15
IFF,International Flavors & Fragrances Inc.,0.194,5,$79.22,5.43,$84.18,$58.13,44.81,$89.32
OXY,Occidental Petroleum,0.192,4,$48.57,7.02,$58.36,$38.44,51.82,$67.14
AON,Aon Plc,0.191,10,$331.69,4.91,$355.83,$303.10,17.40,$381.47
FWONK,Liberty Media Corp Formula One Series C,0.191,3,$95.14,7.73,$103.90,$80.15,29.63,$109.36
GXO,Gxo Logistics Inc.,0.189,1,,15.46,$48.58,$45.40,7.00,$66.85
EPD,Enterprise Products Partners LP,0.188,6,$36.78,13.46,$38.90,$28.18,38.04,$39.58
APTV,Aptiv PLC,0.187,2,$61.38,14.51,$49.56,$46.16,7.37,$78.49
AER,AerCap Holdings N.V.,0.185,3,$145.78,7.16,$152.45,$110.97,37.38,$158.38
ALC,Alcon Inc.,0.185,2,$67.33,15.19,$74.25,$61.84,20.07,$89.98
PEP,PepsiCo Inc.,0.184,12,$135.47,5.27,$140.79,$133.40,5.54,$168.19
MU,Micron Technology Inc.,0.184,5,$1154.29,15.06,$971.66,$113.28,757.75,$1254.81
CMCSA,Comcast Corp.,0.183,15,$24.56,3.15,$26.18,$21.28,23.03,$32.04
LLY,Eli Lilly & Co.,0.183,7,$1199.42,6.89,$1180.16,$680.86,73.33,$1247.66
KO,Coca Cola Co.,0.182,9,$81.27,10.86,$87.71,$64.04,36.96,$90.92
BLK,BlackRock Inc.,0.181,6,$961.57,9.93,$1173.73,$912.25,28.66,$1200.54
DASH,DoorDash Inc.,0.181,4,$184.53,7.46,$217.02,$143.30,51.44,$285.50
PVH,PVH Corp.,0.179,4,$74.26,9.92,$82.47,$59.58,38.42,$100.75
HGV,Hilton Grand Vacations Inc.,0.177,2,$52.37,14.48,$45.93,$36.79,24.84,$55.40
SIRI,SiriusXM Holdings Inc,0.175,5,$29.54,5.59,$28.46,$19.15,48.62,$32.37
ICE,Intercontinental Exchange Inc.,0.174,6,$123.11,4.90,$154.73,$121.79,27.05,$180.55
ACN,Accenture,0.170,12,$124.44,4.86,$176.89,$116.75,51.51,$285.21
BAX,Baxter International Inc.,0.170,7,$21.32,4.09,$26.73,$15.72,70.04,$30.00
CCL,Carnival Corp.,0.170,2,$28.57,12.78,$28.12,$23.21,21.15,$33.49
TOL,Toll Brothers,0.169,4,$164.75,10.71,$148.27,$122.93,20.61,$167.75
TRMD,Torm Plc,0.169,2,$25.79,13.87,$30.08,$17.91,67.95,$34.50
DG,Dollar General,0.168,5,$115.11,8.66,$123.28,$93.78,31.46,$156.68
OKTA,Okta Inc.,0.168,1,,13.80,$147.43,$62.66,135.29,$157.00
TSLA,Tesla Inc.,0.167,6,$420.60,7.44,$342.27,$297.38,15.10,$498.83
IONS,Ionis Pharmaceuticals Inc.,0.167,1,,13.70,$57.24,$41.71,37.23,$86.74
PFE,Pfizer Inc.,0.166,10,$24.79,3.07,$26.79,$22.03,21.61,$27.79
ROP,Roper Technologies Inc.,0.165,4,$338.39,7.80,$399.34,$305.19,30.85,$540.19
ORCL,Oracle Corp.,0.164,14,$146.55,4.51,$150.52,$114.50,31.46,$341.82
APH,Amphenol Corp.,0.164,7,$176.32,8.29,$167.11,$104.00,60.68,$178.52
SPOT,Spotify Technology S.A.,0.163,7,$459.13,4.96,$512.82,$405.00,26.62,$748.30
BAYRY,Bayer Ag Sponsored ADR,0.162,1,,13.26,$13.84,$7.46,85.52,$15.23
KEX,Kirby Corp.,0.161,1,,13.22,$138.62,$79.52,74.32,$157.69
PG,Procter & Gamble,0.160,9,$146.63,4.38,$144.55,$134.62,7.38,$164.77
NEM,Newmont Corp.,0.160,4,$100.86,6.59,$117.76,$66.49,77.11,$134.29
GIL,Gildan Activewear Inc.,0.160,1,,13.10,$56.72,$46.55,21.85,$73.05
AJG,Arthur J. Gallagher & Co.,0.159,6,$229.57,6.43,$251.21,$190.12,32.13,$310.73
XRAY,DENTSPLY SIRONA Inc.,0.159,3,$10.61,12.18,$11.59,$9.41,23.17,$14.76
VMC,Vulcan Materials,0.157,6,$295.01,5.62,$282.00,$251.38,12.18,$329.20
USB,U.S. Bancorp,0.157,6,$60.41,5.56,$65.42,$43.76,49.50,$65.61
ADP,Automatic Data Processing Inc.,0.157,6,$223.95,4.93,$272.96,$186.74,46.17,$301.70
MDLN,Medline Inc Cl A,0.157,4,$39.44,6.28,$35.74,$32.82,8.90,$50.88
INTU,Intuit Inc.,0.156,8,$261.00,6.62,$345.66,$251.72,37.32,$713.52
SHW,Sherwin-Williams,0.155,7,$344.32,4.50,$359.10,$289.86,23.89,$376.95
SGI,Somnigroup International Inc.,0.155,2,$78.40,8.30,$66.06,$60.23,9.68,$98.11
EXE,Expand Energy Corp.,0.154,1,,12.64,$94.78,$84.48,12.19,$124.43
HD,Home Depot,0.153,10,$352.68,5.61,$338.86,$286.95,18.09,$418.06
GEHC,GE HealthCare Technologies Inc.,0.153,8,$64.01,4.67,$73.69,$58.72,25.49,$89.64
EG,Everest Group Ltd,0.153,4,$357.23,11.28,$370.11,$296.87,24.67,$401.07
DE,Deere & Co.,0.152,7,$634.33,6.56,$608.85,$429.14,41.88,$670.49
CRH,CRH plc,0.152,5,$107.00,5.14,$97.15,$93.74,3.64,$130.09
UHAL.B,U Haul Holding Co Non Voting,0.152,4,$57.70,4.42,$65.19,$39.58,64.70,$66.90
ALK,Alaska Air Group,0.151,2,$52.20,10.58,$45.96,$33.03,39.15,$65.88
WAT,Waters Corp.,0.150,8,$375.04,6.25,$412.17,$282.77,45.76,$420.26
MSI,Motorola Solutions Inc.,0.148,8,$415.29,5.63,$466.51,$357.34,30.55,$493.57
TRU,TransUnion,0.148,3,$72.14,5.94,$80.48,$63.37,27.00,$95.04
INTC,Intel Corp.,0.147,7,$139.63,4.62,$102.50,$22.78,349.96,$142.35
JPM,JPMorgan Chase & Co.,0.146,15,$326.91,3.54,$362.84,$276.43,31.26,$366.50
HEI.A,HEICO Corp. CL A,0.146,4,$257.91,6.38,$274.99,$199.25,38.01,$279.52
UNP,Union Pacific,0.145,11,$272.00,5.95,$293.68,$207.45,41.57,$315.99
EQT,EQT Corp.,0.144,3,$59.14,6.72,$54.42,$47.79,13.87,$67.84
PPLI,People Inc.,0.143,3,$46.16,7.54,$40.40,$29.56,36.67,$48.32
SW,Smurfit Westrock Plc,0.143,3,$46.26,7.56,$49.25,$31.79,54.92,$51.52
FBIN,Fortune Brands Innovations Inc.,0.141,5,$54.90,4.83,$47.84,$32.11,48.99,$64.07
RBC,RBC Bearings Inc.,0.141,2,$644.06,10.70,$560.49,$364.50,53.77,$667.69
PGR,Progressive Corp.,0.140,7,$218.45,4.79,$209.60,$187.79,11.61,$239.38
OSK,Oshkosh Corp.,0.140,5,$153.48,6.69,$152.89,$115.83,32.00,$178.55
ET,Energy Transfer LP,0.140,4,$19.12,7.18,$21.05,$15.10,39.40,$21.12
SN,Sharkninja Inc,0.139,5,$152.27,10.67,$185.10,$83.12,122.69,$191.22
SYK,Stryker Corp.,0.139,4,$314.84,6.72,$339.21,$280.25,21.04,$392.86
KOF,Coca-Cola FEMSA S A CV,0.138,3,$106.25,9.34,$108.94,$76.77,41.90,$113.87
LRCX,Lam Research,0.136,7,$433.33,5.72,$332.36,$93.59,255.12,$438.50
BA,Boeing Co.,0.136,6,$216.47,3.38,$231.67,$176.77,31.06,$254.35
JNJ,Johnson & Johnson,0.135,12,$253.97,3.96,$260.35,$170.35,52.83,$274.90
DB,Deutsche Bank AG,0.135,4,$33.84,10.80,$38.56,$27.13,42.13,$39.01
MAT,Mattel Inc.,0.135,2,$13.88,8.92,$15.03,$12.73,18.07,$22.48
BLDR,Builders FirstSource Inc.,0.134,6,$89.48,5.60,$72.51,$65.10,11.38,$151.03
UAA,Under Armour Inc.,0.134,1,,10.98,$5.36,$4.13,29.78,$8.15
TEL,TE Connectivity plc,0.133,8,$201.61,3.93,$216.23,$190.27,13.64,$251.59
SLB,Schlumberger Ltd.,0.133,8,$48.45,4.36,$53.77,$31.05,73.17,$58.51
QCOM,QUALCOMM Inc.,0.133,7,$184.79,3.66,$165.79,$121.54,36.41,$258.96
DHI,D.R. Horton,0.132,4,$162.88,6.59,$148.81,$130.96,13.63,$182.36
BFAM,Bright Horizons Family Solutions Inc.,0.132,2,$70.88,8.28,$71.31,$57.63,23.74,$124.25
FISV,Fiserv Inc.,0.131,9,$49.05,2.79,$54.39,$47.04,15.63,$140.42
CB,Chubb Limited,0.131,6,$340.74,4.79,$343.64,$262.86,30.73,$365.91
PHM,PulteGroup Inc.,0.131,3,$137.21,8.64,$130.18,$108.26,20.25,$143.88
CBRE,CBRE Group,0.130,7,$134.69,3.67,$152.86,$121.69,25.61,$174.27
RYN,Rayonier Inc.,0.129,1,,10.54,$21.57,$19.25,12.05,$24.84
AIIR,Air Holdings Ltd,0.129,1,,10.61,$7.46,$5.29,41.02,$13.37
TSN,Tyson Foods,0.128,6,$57.25,3.11,$58.17,$49.30,17.99,$68.90
NCLH,Norwegian Cruise Line Hlgs Ltd.,0.128,3,$21.11,4.23,$19.01,$14.53,30.83,$27.18
FLG,Flagstar Financial Inc.,0.126,2,$13.31,9.53,$14.25,$10.55,35.07,$15.44
TDS,Telephone & Data Systems,0.125,2,$37.01,5.17,$35.21,$31.51,11.74,$49.07
HHH,Howard Hughes Holdings Inc.,0.125,1,,10.23,$66.60,$61.01,9.16,$91.07
GEV,Ge Vernova Inc,0.124,10,$1165.08,3.91,$1063.25,$529.18,100.92,$1195.94
SE,Sea Ltd,0.124,8,$95.83,5.02,$121.94,$77.05,58.26,$199.30
TDW,Tidewater Inc.,0.124,3,$66.63,9.95,$94.28,$46.65,102.10,$95.32
ZS,Zscaler Inc.,0.124,1,,10.18,$183.60,$114.63,60.17,$336.99
NOW,ServiceNow Inc.,0.123,6,$99.28,4.59,$124.00,$81.24,52.63,$194.73
CI,Cigna Group,0.122,7,$275.68,2.67,$282.56,$235.50,19.98,$310.19
EFX,Equifax Inc.,0.121,9,$158.73,2.27,$180.85,$150.75,19.97,$269.54
MRK,Merck & Co.,0.120,10,$124.44,4.85,$135.84,$75.81,79.18,$135.97
FDX,FedEx Corp.,0.120,7,$313.13,3.18,$334.64,$173.85,92.49,$344.07
APD,Air Products & Chemicals,0.118,7,$293.18,3.96,$308.97,$224.64,37.54,$314.87
CSGP,CoStar Group Inc.,0.118,4,$28.32,6.49,$32.38,$25.89,25.07,$91.89
MTZ,MasTec Inc.,0.118,3,$380.73,3.63,$297.59,$167.66,77.50,$441.43
EWBC,East West Bancorp,0.118,1,,9.68,$136.60,$90.34,51.21,$137.31
ABNB,Airbnb Inc.,0.116,5,$143.10,3.59,$184.06,$110.81,66.10,$187.12
RYAN,Ryan Specialty Holdings Inc,0.116,2,$37.76,9.09,$41.82,$29.07,43.86,$59.58
MRSH,Marsh,0.115,6,$166.67,3.98,$187.82,$155.72,20.61,$209.50
TECH,Bio-Techne Corp.,0.115,5,$70.65,3.68,$72.40,$43.12,67.90,$72.43
ACHC,Acadia Healthcare Co.,0.114,2,$29.53,6.00,$30.83,$11.43,169.73,$35.83
EVH,Evolent Health Inc.,0.114,1,,9.34,$4.68,$2.10,122.86,$10.08
IDXX,IDEXX Laboratories,0.110,6,$526.44,3.93,$550.96,$518.55,6.25,$769.98
GPC,Genuine Parts,0.110,6,$117.98,6.13,$135.03,$89.80,50.37,$148.58
REGN,Regeneron Pharmaceuticals,0.110,3,$623.54,4.95,$803.48,$538.87,49.10,$818.90
VTRS,Viatris Inc.,0.110,3,$15.88,5.13,$16.23,$9.17,76.99,$18.39
AEM,Agnico-Eagle Mines Ltd.,0.109,3,$194.89,7.41,$186.46,$128.83,44.73,$254.61
NU,Nu Holdings Ltd,0.108,5,$13.36,4.29,$15.23,$11.20,35.98,$18.98
NBR,Nabors Industries Ltd.,0.108,1,,8.85,$94.17,$31.10,202.80,$112.90
FRPT,Freshpet Inc.,0.108,1,,8.87,$72.76,$46.45,56.64,$86.00
ZBH,Zimmer Biomet Holdings,0.107,7,$86.09,3.36,$100.65,$78.91,27.55,$107.16
DECK,Deckers Outdoor,0.107,2,$99.29,7.52,$93.09,$78.91,17.97,$125.45
LIN,Linde plc,0.106,7,$518.94,4.94,$482.74,$385.26,25.30,$548.20
CFRHF,Compagnie Financiere Richemont SA,0.106,1,,8.67,$240.80,$159.49,50.98,$254.24
MELI,Mercadolibre Inc.,0.105,7,$1697.39,5.10,$1844.58,$1495.00,23.38,$2548.50
WTW,Willis Towers Watson plc,0.105,5,$261.37,3.44,$331.59,$239.74,38.31,$349.37
SYF,Synchrony Financial,0.105,3,$76.05,7.84,$81.00,$62.56,29.48,$87.67
DCH,Dauch Corp.,0.105,3,$5.42,3.97,$6.73,$4.92,36.79,$9.25
CVX,Chevron Corp.,0.104,11,$166.10,4.67,$200.00,$143.75,39.13,$212.76
WEN,Wendy's Co.,0.104,4,$8.29,5.97,$8.64,$6.07,42.34,$10.14
DVN,Devon Energy Corp.,0.103,5,$41.32,4.49,$45.85,$30.89,48.43,$52.34
TFX,Teleflex,0.103,3,$126.76,4.91,$137.17,$99.39,38.01,$144.64
CGNX,Cognex Corp.,0.103,2,$72.42,7.60,$65.63,$34.50,90.23,$72.88
CPRT,Copart Inc.,0.102,6,$28.19,4.41,$31.61,$26.81,17.90,$50.11
AMD,Advanced Micro Devices,0.101,6,$580.91,5.12,$514.39,$149.22,244.72,$584.73
FCNCA,First Citizens Bancshares,0.101,3,$2080.78,5.32,$2291.33,$1618.56,41.57,$2296.30
VST,Vistra Corp.,0.101,3,$158.63,4.70,$148.13,$132.47,11.82,$218.91
CNX,CNX Resources Corp.,0.101,1,,8.25,$35.72,$27.72,28.86,$43.62
UPS,United Parcel Service,0.100,7,$107.50,2.95,$104.50,$78.17,33.68,$118.73
MDT,Medtronic plc,0.100,7,$78.23,2.76,$91.27,$72.65,25.63,$103.76
BCC,Boise Cascade Company,0.100,3,$77.63,7.47,$83.24,$64.57,28.91,$91.43
BMY,Bristol-Myers Squibb,0.099,8,$58.30,2.88,$63.83,$41.13,55.19,$68.10
ABM,ABM Industries,0.099,5,$44.24,7.10,$48.13,$36.45,32.04,$49.80
ORLY,O'Reilly Automotive,0.099,4,$92.09,3.90,$91.05,$82.59,10.24,$108.72
CNQ,Canadian Natural Resources,0.098,3,$39.50,8.04,$47.97,$27.99,71.38,$50.44
ABG,Asbury Automotive Group Inc.,0.098,2,$201.08,7.91,$210.66,$172.01,22.47,$263.38
CR,Crane Co,0.097,2,$223.07,7.82,$218.34,$159.36,37.01,$230.50
EWY,iShares MSCI South Korea ETF,0.097,2,$201.90,6.55,$179.74,$69.37,159.10,$220.89
MGM,MGM Resorts International,0.096,4,$47.81,4.91,$44.10,$29.19,51.08,$51.59
MLM,Martin Marietta,0.096,3,$576.70,4.56,$547.93,$523.48,4.67,$709.08
BP,BP plc,0.095,4,$43.67,5.18,$42.53,$31.12,36.66,$47.14
GPN,Global Payments Inc.,0.095,4,$72.56,2.49,$93.05,$60.93,52.72,$95.58
APG,APi Group Corp.,0.094,3,$42.35,5.00,$43.95,$33.40,31.59,$49.99
URBN,Urban Outfitters Inc.,0.094,1,,7.72,$77.81,$59.54,30.69,$84.35
AU,AngloGold Ashanti Ltd.,0.093,3,$80.90,6.81,$96.30,$49.33,95.22,$125.48
NOMD,Nomad Foods Ltd,0.093,1,,7.61,$11.73,$8.86,32.39,$14.98
HKHHF,Heineken Holding NV,0.093,1,,7.61,$78.38,$64.00,22.47,$84.80
AVTR,Avantor Inc.,0.091,5,$9.90,2.82,$13.66,$7.27,87.90,$15.93
KLAC,KLA Corp.,0.091,3,$301.71,5.78,$203.72,$82.87,145.83,$307.37
MAR,Marriott Int'l.,0.090,4,$370.59,7.02,$356.72,$255.16,39.80,$410.98
MEDP,Medpace Holdings Inc.,0.090,4,$529.59,4.52,$578.50,$373.00,55.09,$677.90
HUT,Hut 8 Corp,0.090,2,$115.44,4.07,$85.44,$20.69,312.95,$140.80
HUM,Humana Inc.,0.090,2,$397.22,5.13,$389.05,$161.90,140.30,$428.88
GTX,Garrett Motion Inc.,0.090,2,$36.23,7.28,$29.00,$12.13,139.08,$36.25
ARES,Ares Management LP,0.090,2,$111.31,6.45,$144.02,$93.57,53.92,$184.56
URI,United Rentals,0.089,6,$967.96,3.91,$1153.83,$698.94,65.08,$1177.15
GWRE,Guidewire Software Inc.,0.089,1,,7.27,$175.59,$102.30,71.64,$272.60
BNY,Bank of New York Mellon Corp.,0.088,10,$144.61,2.24,$163.24,$97.96,66.64,$163.66
KMX,CarMax Inc.,0.088,5,$52.89,3.50,$59.92,$30.26,98.02,$62.56
ECL,Ecolab Inc.,0.088,4,$278.61,4.22,$276.11,$242.49,13.86,$307.61
Q,Qnity Electronics Inc.,0.088,3,$163.31,7.23,$142.30,$72.67,95.82,$177.28
SHOP,Shopify Inc.,0.088,3,$114.18,4.50,$154.32,$94.00,64.17,$182.19
BL,BlackLine Inc.,0.088,1,,7.19,$30.53,$24.70,23.60,$59.57
DLTR,Dollar Tree Inc.,0.088,1,,7.25,$129.39,$84.71,52.74,$142.40
YNDX,Yandex N.V.,0.088,1,,7.19,$20.00,$14.09,41.94,$20.36
GNRC,Generac Holdings Inc.,0.087,6,$292.81,2.91,$219.30,$134.80,62.69,$296.44
JEF,Jefferies Financial Group Inc.,0.087,4,$49.98,3.44,$55.14,$35.26,56.38,$69.47
FLR,Fluor Corp.,0.087,2,$52.39,6.24,$52.37,$39.33,33.16,$57.93
STX,Seagate Technology,0.086,3,$965.00,5.90,$973.44,$150.80,545.52,$1144.18
ALLY,Ally Financial Inc.,0.085,4,$45.95,4.78,$44.91,$35.43,26.76,$46.96
TOST,Toast Inc.,0.085,2,$27.82,6.98,$34.75,$22.26,56.11,$45.64
CEG,Constellation Energy Corp.,0.085,2,$248.37,3.97,$282.50,$228.63,23.56,$411.04
GDS,GDS Holdings Ltd,0.085,2,$30.03,4.92,$34.41,$26.97,27.59,$48.61
RTX,RTX Corp.,0.084,7,$189.73,3.49,$222.97,$148.41,50.24,$226.13
ABT,Abbott Labs,0.084,7,$90.74,3.98,$111.25,$81.39,36.69,$134.38
PFGC,Performance Food Group,0.084,4,$111.79,4.00,$107.25,$80.82,32.70,$117.48
QXO,Qxo Inc,0.084,3,$17.28,4.10,$14.51,$13.18,10.09,$27.61
MGA,Magna International Inc.,0.084,3,$91.94,6.54,$70.24,$41.73,68.32,$71.45
CTSH,Cognizant Technology Solutions,0.083,6,$38.73,3.02,$58.79,$37.08,58.55,$85.98
GTN,Gray Television Inc.,0.083,1,,6.80,$5.22,$3.55,47.04,$6.30
GSK,GSK plc,0.082,6,$53.07,3.51,$49.52,$37.31,32.73,$60.12
KEYS,Keysight Technologies Inc.,0.082,5,$350.07,4.48,$357.82,$152.85,134.10,$374.96
APO,Apollo Global Management,0.082,3,$118.31,4.46,$140.76,$99.14,41.98,$152.03
JLL,Jones Lang Lasalle Inc.,0.081,5,$309.95,3.28,$375.00,$259.83,44.33,$375.71
INDV,Indivior Pharmaceuticals Inc.,0.081,1,,6.65,$39.01,$27.68,40.93,$42.81
CRS,Carpenter Technology,0.080,3,$616.84,3.63,$544.59,$227.57,139.31,$625.99
CSCO,Cisco Systems,0.079,7,$117.46,5.40,$111.68,$64.42,73.36,$129.88
IQV,IQVIA Holdings Inc.,0.079,4,$193.22,3.13,$236.66,$154.50,53.18,$251.36
BIIB,Biogen Inc.,0.079,3,$216.06,3.75,$209.83,$131.52,59.54,$219.72
TEVA,Teva Pharmaceutical Industries Ltd.,0.079,2,$33.88,3.97,$36.77,$17.33,112.18,$37.39
RHI,Robert Half International,0.079,2,$30.70,5.93,$43.22,$21.36,102.34,$44.47
MCK,McKesson Corp.,0.079,2,$860.77,6.19,$869.00,$664.79,30.72,$997.90
EBAY,eBay Inc.,0.079,2,$111.75,4.74,$103.14,$77.56,32.98,$118.98
ADBE,Adobe Inc.,0.078,10,$205.01,2.57,$264.02,$190.12,38.87,$370.86
LYB,LyondellBasell Industries,0.078,3,$69.94,3.97,$63.76,$39.52,61.34,$83.07
MANU,Manchester United plc,0.078,3,$22.93,2.41,$24.19,$14.59,65.80,$24.45
COP,ConocoPhillips,0.077,7,$103.96,2.10,$126.78,$83.51,51.81,$134.87
CME,CME Group,0.077,7,$220.83,2.52,$269.80,$218.31,23.59,$319.84
HTHT,H World Group Ltd ADR,0.077,3,$41.72,5.59,$41.88,$31.47,33.08,$55.19
ZTS,Zoetis Inc.,0.076,5,$71.86,3.03,$73.79,$70.98,3.96,$157.46
AMGN,Amgen,0.076,4,$362.12,3.21,$415.21,$264.02,57.26,$421.79
VEEV,Veeva Systems Inc.,0.075,6,$177.47,1.93,$243.75,$148.05,64.64,$310.50
JCI,Johnson Controls Intl. plc,0.075,4,$146.11,4.27,$153.64,$101.75,51.00,$157.06
RGLD,Royal Gold Inc.,0.075,2,$251.91,5.89,$230.68,$165.09,39.73,$304.97
NSRGY,Nestle,0.075,1,,6.11,$99.65,$84.97,17.28,$107.17
AN,AutoNation Inc.,0.075,1,,6.17,$209.41,$176.62,18.57,$235.81
MSCI,MSCI Inc.,0.074,6,$560.04,3.24,$569.13,$495.54,14.85,$642.47
MDLZ,Mondelez International,0.074,4,$57.84,5.64,$63.61,$50.34,26.36,$66.65
OLN,Olin Corp.,0.074,4,$19.82,4.83,$19.10,$17.73,7.73,$30.25
NYT,New York Times CL A,0.074,3,$69.98,4.55,$64.79,$53.65,20.76,$86.83
ACI,Albertsons Co Inc.,0.074,1,,6.09,$12.42,$10.86,14.36,$19.18
DAL,Delta Air Lines Inc.,0.073,5,$93.66,2.16,$89.35,$54.60,63.64,$95.44
SBUX,Starbucks Corp.,0.073,5,$102.19,3.13,$107.69,$76.05,41.60,$109.88
FTV,Fortive Corp.,0.073,4,$61.09,3.47,$61.62,$46.33,33.00,$64.56
BRZE,Braze Inc A,0.073,2,$21.69,5.99,$28.93,$15.26,89.58,$37.33
VAL,Valaris plc,0.073,1,,5.99,$85.62,$43.53,96.69,$114.12
XOM,ExxonMobil Holdings Corp.,0.072,10,$140.19,3.65,$160.10,$103.36,54.90,$175.22
SEB,Seaboard Corp.,0.072,2,$5648.02,5.88,$4364.15,$3133.55,39.27,$5983.34
RUSHA,Rush Enterprises Inc.,0.072,2,$66.25,5.78,$82.23,$45.26,81.68,$83.61
OGN,Organon & Co.,0.072,1,,5.88,$13.72,$5.67,141.98,$13.72
ENTG,Entegris Inc.,0.071,6,$179.86,2.70,$161.76,$67.81,138.55,$186.78
WCC,WESCO International Inc.,0.071,5,$345.38,4.23,$361.55,$202.38,78.65,$385.37
RYAAY,Ryanair Holdings PLC,0.071,3,$64.75,5.59,$58.81,$53.14,10.67,$73.75
HOG,Harley-Davidson,0.071,2,$24.46,5.79,$27.78,$16.96,63.80,$30.44
PLGO,Pelagos Insurance Capital,0.071,1,,5.84,$23.84,$15.45,54.30,$26.34
SPUU,Dir Dai S&P 500 Bu 2x ETF Us,0.071,1,,5.81,$230.58,$154.62,49.13,$232.39
GLD,SPDR Gold Trust,0.070,6,$1293.02,2.50,$401.48,$305.19,31.55,$509.70
FNF,Fidelity National Financial Inc.,0.070,3,$47.16,3.54,$49.47,$42.32,16.90,$57.15
FIVE,Five Below Inc.,0.070,2,$179.79,3.62,$244.54,$132.00,85.26,$251.63
XYZ,Block Inc.,0.070,2,$76.00,4.26,$82.88,$48.21,71.91,$86.75
NVST,Envista Holdings Corp.,0.069,5,$26.35,2.87,$28.07,$18.77,49.55,$30.42
NOV,Nov Inc.,0.069,4,$18.55,1.98,$21.14,$11.80,79.15,$21.46
MSA,MSA Safety Inc.,0.069,3,$174.58,4.68,$189.13,$149.32,26.66,$207.14
DELL,Dell Technologies Inc.,0.069,3,$431.46,5.68,$490.81,$109.70,347.41,$514.00
ODFL,Old Dominion Freight Line,0.069,3,$216.60,4.93,$210.97,$125.43,68.20,$252.03
UAN,CVR Partners LP,0.069,1,,5.62,$123.50,$74.15,66.55,$128.59
MRP,Millrose Properties,0.068,2,$30.05,3.95,$30.33,$25.60,18.48,$32.54
BLMN,Bloomin Brands Inc.,0.068,1,,5.59,$10.55,$5.19,103.28,$12.63
CCC,CCC Intelligent Solutions Hldgs Inc.,0.067,2,$5.16,3.02,$6.97,$4.08,70.83,$10.14
UBS,UBS AG,0.066,4,$44.91,2.66,$53.63,$35.38,51.58,$55.15
CLF,Cleveland-Cliffs Inc.,0.065,2,$9.39,5.30,$11.90,$7.73,53.95,$16.70
PHYS,Sprott Physical Gold Trust,0.065,2,$30.17,5.29,$33.23,$25.42,30.72,$42.07
CRGY,Crescent Energy Inc A,0.065,2,$9.82,4.86,$12.20,$7.53,62.02,$14.16
OZK,Bank OZK,0.065,2,$52.09,3.22,$52.49,$41.16,27.53,$53.18
PRI,Primerica Inc.,0.065,1,,5.36,$313.69,$228.06,37.55,$327.28
NSC,Norfolk Southern Corp.,0.064,4,$314.59,4.13,$334.41,$263.58,26.87,$357.18
TTMI,TTM Technologies Inc.,0.064,4,$187.02,3.13,$140.00,$39.20,257.14,$223.83
FANG,Diamondback Energy Inc.,0.064,2,$175.78,3.02,$202.47,$131.14,54.39,$212.17
CTRI,Centuri Holdings Inc,0.064,1,,5.25,$23.62,$19.04,24.05,$42.99
SGU,Star Gas Partners LP,0.064,1,,5.26,$12.64,$10.70,18.13,$13.33
TRUP,Trupanion Inc.,0.064,1,,5.28,$30.60,$21.16,44.61,$49.91
SAP,SAP SE,0.063,7,$154.11,2.96,$207.97,$144.97,43.46,$276.56
BIO,Bio-Rad Laboratories Inc.,0.063,3,$293.61,2.39,$356.26,$236.73,50.49,$365.00
NXPI,NXP Semiconductors NV,0.063,3,$281.03,2.48,$234.71,$180.63,29.94,$338.80
UA,Under Armour CL C,0.063,1,,5.18,$5.25,$3.95,32.91,$7.91
BF.B,Brown-Forman Corp.,0.062,5,$26.65,3.33,$28.42,$22.41,26.82,$31.11
LPLA,LPL Financial Holdings Inc.,0.062,4,$281.68,2.10,$370.67,$259.94,42.60,$399.03
TLN,Talen Energy Corp,0.062,3,$384.26,3.37,$362.74,$301.45,20.33,$451.28
PLD,Prologis Inc.,0.062,3,$135.47,2.70,$141.03,$102.11,38.12,$153.35
MIR,Mirion Technologies Inc,0.062,2,$17.93,4.24,$15.89,$14.11,12.62,$30.28
VGNT,Versigent Plc,0.062,2,$42.01,2.64,$46.20,$26.34,75.40,$50.89
AAL,American Airlines Group Inc.,0.062,2,$18.07,3.31,$14.83,$10.09,46.98,$18.79
LNC,Lincoln National,0.062,2,$35.35,5.04,$45.46,$31.40,44.78,$47.67
QUAD,Quad/Graphics Inc.,0.062,1,,5.06,$9.94,$4.98,99.60,$11.15
PTLO,Portillo's Inc Cl A,0.062,1,,5.05,$5.16,$3.78,36.51,$7.81
GPGI,GPGI Inc.,0.062,1,,5.09,$12.78,$11.22,13.90,$26.77
LKQ,LKQ Corp.,0.060,4,$26.33,2.86,$25.42,$21.17,20.08,$36.34
XPO,XPO Logistics,0.060,4,$205.29,4.84,$211.06,$121.48,73.74,$232.05
MHK,Mohawk Industries,0.060,3,$121.33,2.37,$140.10,$92.99,50.66,$143.13
MET,MetLife Inc.,0.060,2,$84.61,2.76,$97.66,$66.41,47.06,$100.93
VZ,Verizon Communications,0.059,7,$42.42,1.76,$48.48,$36.55,32.64,$50.06
MS,Morgan Stanley,0.059,5,$209.04,3.54,$217.36,$137.90,57.62,$230.98
NEE,NextEra Energy Inc.,0.059,4,$87.77,3.10,$86.19,$67.81,27.11,$98.03
LEA,Lear Corp.,0.059,3,$134.06,2.61,$124.95,$94.25,32.57,$150.00
WAB,WABTEC Corp.,0.059,3,$252.57,4.16,$299.02,$183.59,62.87,$306.64
OKE,ONEOK Inc.,0.059,2,$86.94,3.08,$94.99,$61.67,54.03,$95.05
AME,Ametek Inc.,0.059,2,$241.94,4.87,$254.79,$178.41,42.81,$261.16
DJCO,Daily Journal Corp.,0.059,1,,4.80,$603.33,$348.63,73.06,$674.75
GS,Goldman Sachs Group,0.058,5,$1011.37,2.77,$1039.42,$691.63,50.29,$1153.99
BRCC,BRC Inc.,0.058,1,,4.79,$0.85,$0.60,41.67,$1.86
MP,MP Materials Corp.,0.058,1,,4.74,$58.74,$37.81,55.36,$100.25
MNDY,monday.com Ltd.,0.058,1,,4.77,$87.52,$57.50,52.21,$220.80
LFUS,Littelfuse Inc.,0.057,7,$455.33,2.52,$457.57,$231.99,97.24,$500.57
ARW,Arrow Electronics,0.057,4,$213.41,4.35,$213.99,$101.79,110.23,$237.33
AVT,Avnet Inc.,0.057,3,$88.82,3.87,$95.71,$43.52,119.92,$100.00
CHD,Church & Dwight,0.057,2,$96.88,4.58,$101.30,$80.29,26.17,$105.37
ALAB,Astera Labs Inc,0.057,1,,4.65,$321.61,$97.89,228.54,$499.48
CNR,Core Natural Resources Inc.,0.057,1,,4.67,$95.94,$68.44,40.18,$114.68
PNC,PNC Financial Services,0.056,5,$245.81,3.78,$256.97,$172.82,48.69,$258.13
BHF,Brighthouse Financial Inc.,0.056,1,,4.60,$58.68,$42.07,39.48,$66.80
GLW,Corning Inc.,0.055,4,$255.43,4.26,$165.99,$62.68,164.82,$271.78
YUMC,Yum China Holdings Inc.,0.055,3,$40.87,4.25,$47.59,$40.15,18.53,$57.69
OC,Owens Corning,0.055,3,$158.94,2.86,$154.67,$95.63,61.74,$159.88
CNDT,Conduent Inc.,0.055,1,,4.48,$1.52,$1.15,32.17,$2.98
B,Barrick Mining Corp.,0.054,5,$36.73,3.12,$41.60,$22.91,81.58,$54.01
BX,Blackstone Group,0.054,4,$117.64,3.30,$143.93,$99.78,44.25,$182.67
AMRZ,Amrize Ltd,0.054,3,$53.30,2.13,$46.69,$46.03,1.43,$65.29
KGC,Kinross Gold Corp.,0.054,3,$23.62,4.14,$27.31,$18.55,47.22,$39.01
LLYVK,Liberty Media Corp. Series C Live,0.054,2,$105.64,4.07,$108.86,$78.68,38.36,$109.75
FAST,Fastenal,0.054,2,$48.03,2.72,$51.02,$38.34,33.07,$52.92
TER,Teradyne Inc.,0.054,2,$483.84,4.42,$418.79,$106.03,294.97,$487.91
MAVF,Matrix Advisors Value ETF,0.054,1,,4.41,$141.92,$111.01,27.84,$142.84
OMC,Omnicom Group,0.053,4,$72.83,2.53,$87.57,$64.98,34.76,$88.55
TJX,TJX Companies Inc.,0.053,3,$151.50,2.52,$152.11,$130.42,16.63,$169.47
TDAY,Gannett Co.,0.053,2,$8.55,2.83,$7.04,$3.42,105.85,$9.21
SYY,Sysco Corp.,0.052,5,$83.44,1.81,$82.99,$67.23,23.44,$90.56
MPLX,MPLX LP,0.052,2,$56.33,3.90,$59.48,$44.22,34.51,$60.16
MSGE,Madison Square Garden Entertainment Corp.,0.052,1,,4.28,$85.44,$36.05,137.00,$90.41
VNOM,Viper Energy Inc.,0.052,1,,4.25,$42.29,$33.67,25.60,$49.62
MCD,McDonald's Corp.,0.051,7,$270.31,2.18,$272.83,$260.96,4.55,$337.56
RMNI,Rimini Street Inc.,0.051,2,$4.26,4.15,$4.99,$2.87,73.87,$5.08
OSW,OneSpaWorld Holdings Ltd,0.051,1,,4.19,$26.92,$18.97,41.91,$29.25
DEO,Diageo ADR,0.050,8,$80.38,1.60,$95.44,$71.73,33.05,$112.30
NKE,NIKE Inc.,0.050,7,$41.05,2.32,$40.73,$40.00,1.83,$78.02
ABBV,AbbVie Inc.,0.050,7,$251.64,3.09,$249.46,$189.40,31.71,$267.47
REZI,Resideo Technologies Inc.,0.050,5,$31.10,1.90,$20.50,$18.88,8.58,$32.01
PPG,PPG Industries,0.050,3,$121.29,2.78,$114.11,$91.35,24.92,$130.99
KDP,Keurig Dr Pepper Inc.,0.050,2,$32.73,4.04,$31.44,$24.43,28.69,$34.76
CRL,Charles River Labs,0.050,2,$226.79,3.41,$280.05,$144.26,94.13,$288.02
SEG,Seaport Entertainment Group,0.050,2,$22.34,3.40,$27.71,$17.74,56.20,$29.61
FTNT,Fortinet Inc.,0.050,1,,4.09,$160.01,$73.55,117.55,$172.09
NTRA,Natera Inc.,0.049,4,$271.45,3.32,$309.93,$156.71,97.77,$326.03
CRBG,Corebridge Financial Inc.,0.049,3,$28.63,2.84,$34.47,$21.90,57.40,$34.81
LBTYA,Liberty Global Ltd CL A,0.049,3,$11.37,2.57,$10.47,$9.43,11.03,$13.52
IEX,IDEX Corp.,0.049,2,$226.95,3.97,$238.94,$155.87,53.29,$243.80
CE,Celanese Corp.,0.049,2,$63.95,3.65,$45.66,$35.07,30.20,$70.65
Z,Zillow Group Inc.,0.049,1,,4.00,$34.78,$29.23,18.99,$93.88
CHTR,Charter Communications,0.048,6,$142.21,1.95,$154.27,$111.55,38.30,$285.82
FN,Fabrinet,0.047,4,$562.08,3.30,$570.22,$272.49,109.26,$748.89
LUV,Southwest Airlines,0.047,2,$51.42,3.87,$44.26,$28.88,53.25,$54.63
LUMN,Lumen Technologies Inc.,0.047,1,,3.87,$6.72,$4.27,57.38,$11.95
MAIR,Madison Air Solutions Corp A,0.047,1,,3.87,$31.28,$27.38,14.24,$44.50
WDAY,Workday Inc.,0.046,4,$122.42,1.81,$198.68,$110.36,80.03,$249.85
MCHP,Microchip Technology,0.046,4,$66.67,3.45,$79.17,$47.57,66.43,$105.38
CNC,Centene Corp.,0.046,3,$64.19,2.71,$67.47,$27.76,143.05,$69.36
WULF,Terawulf Inc,0.046,2,$24.70,3.65,$17.38,$8.14,113.51,$29.84
DKS,Dick's Sporting Goods Inc.,0.046,2,$226.81,3.02,$201.97,$184.42,9.52,$244.38
CNA,CNA Financial Corp.,0.046,1,,3.77,$51.00,$40.72,25.25,$55.71
CG,Carlyle Group,0.045,4,$42.11,1.91,$49.28,$39.60,24.44,$68.43
NVT,nVent Electric plc,0.045,3,$169.61,3.19,$171.39,$85.15,101.28,$184.40
SDHC,Smith Douglas Homes Corp,0.045,3,$15.54,3.67,$13.98,$10.72,30.41,$23.49
NVR,NVR Inc.,0.045,3,$6813.41,3.03,$6307.93,$5501.01,14.67,$8618.28
FLEX,Flex Ltd.,0.045,3,$162.07,3.66,$126.16,$47.83,163.77,$166.86
STLA,Stellantis N.V.,0.045,2,$5.74,3.69,$5.36,$5.25,2.10,$12.22
TWLO,Twilio Inc.,0.045,2,$206.33,3.70,$238.20,$98.44,141.97,$258.35
DD,DuPont de Nemours Inc.,0.045,2,$135.65,3.71,$146.26,$85.75,70.57,$156.73
NRP,Natural Resource Partners,0.045,1,,3.69,$104.56,$95.51,9.48,$127.10
BGC,BGC Group Inc.,0.045,1,,3.72,$11.20,$8.21,36.42,$12.89
HSY,Hershey Co.,0.044,5,$175.44,2.08,$184.22,$156.70,17.56,$235.80
COHR,Coherent Corp.,0.044,4,$394.47,3.50,$325.83,$84.35,286.28,$440.00
ILMN,Illumina Inc.,0.044,2,$175.83,2.02,$190.89,$88.00,116.92,$207.00
SSNC,SS&C Technologies Holdings Inc.,0.044,2,$62.05,2.01,$81.50,$61.40,32.74,$89.82
USFD,US Foods Holding Corp.,0.044,2,$102.25,3.07,$108.92,$69.88,55.87,$111.42
NMIH,NMI Holdings,0.044,2,$37.53,3.62,$45.71,$34.84,31.20,$46.74
PGEN,Precigen Inc.,0.044,1,,3.61,$6.10,$2.51,143.03,$7.32
ERFSF,Eurofins Scientific SE,0.044,1,,3.60,$82.48,$64.33,28.21,$85.34
PSX,Phillips 66,0.043,6,$169.05,2.96,$233.61,$118.20,97.64,$236.14
LBRDK,Liberty Broadband Corp. CL C,0.043,4,$33.26,1.94,$36.33,$26.25,38.40,$65.73
CORZ,Core Scientific Inc,0.043,3,$25.59,3.38,$20.18,$13.14,53.58,$30.46
AERO,Grupo Aeromexico Sab De Cv,0.043,2,$18.00,1.89,$15.75,$12.26,28.47,$23.05
BFH,Bread Financial Holdings Inc.,0.043,2,$108.35,3.40,$113.40,$53.34,112.60,$114.12
AFRM,Affirm Holdings Inc.,0.043,2,$81.55,3.51,$78.35,$42.10,86.10,$100.00
SA,Seabridge Gold Inc.,0.043,1,,3.52,$33.52,$15.98,109.76,$40.06
ROIV,Roivant Sciences Ltd,0.042,4,$35.39,1.95,$36.20,$11.54,213.69,$37.00
MSGS,Madison Square Garden Sports Corp.,0.042,4,$401.84,2.64,$407.17,$191.33,112.81,$438.93
AMG,Affiliated Managers Group,0.042,3,$338.40,3.37,$374.37,$214.97,74.15,$392.91
TAP,Molson Coors Beverage Co.,0.042,3,$38.94,2.94,$42.77,$38.04,12.43,$53.62
TMHC-OLD,Taylor Morrison Home Corp.,0.042,3,$62.23,2.43,$72.46,$54.15,33.81,$72.50
CHYM,Chime Financial Inc Cl A,0.042,3,$20.48,2.78,$32.02,$15.88,101.64,$33.41
FOX,Fox Corporation CL B,0.042,2,$46.84,3.27,$61.41,$44.08,39.31,$67.81
NRG,NRG Energy Inc.,0.042,1,,3.44,$126.24,$112.50,12.21,$188.71
FRDM,Freedom 100 Emeging Mrkt ETF,0.042,1,,3.41,$68.41,$40.19,70.22,$76.55
ALV,Autoliv Inc.,0.041,2,$116.17,3.37,$122.11,$98.41,24.08,$132.17
INCY,Incyte Corp.,0.041,2,$113.36,2.64,$120.16,$81.09,48.18,$132.60
GFL,Gfl Environmental Inc Sub Vt,0.041,1,,3.39,$41.90,$33.32,25.75,$51.32
CPT,Camden Property Trust,0.040,3,$114.49,1.76,$110.36,$94.30,17.03,$119.81
WSC,WillScot Mobile Mini Hldgs Corp.,0.040,2,$28.86,3.28,$23.76,$14.77,60.87,$29.77
PENN,Penn National Gaming Inc.,0.040,2,$21.36,3.20,$18.79,$11.65,61.29,$22.36
UAL,United Airlines Holdings Inc.,0.040,2,$135.99,3.31,$125.34,$84.64,48.09,$138.77
SSD,Simpson Manufacturing,0.040,2,$209.35,3.09,$193.78,$155.55,24.58,$213.18
IDT,IDT Corp. CL B,0.040,1,,3.24,$66.55,$45.54,46.14,$68.82
PTEN,Patterson-UTI Energy Inc.,0.040,1,,3.25,$11.37,$4.93,130.63,$12.96
STZ,Constellation Brands,0.039,4,$139.09,1.58,$139.18,$123.82,12.41,$166.17
RS,Reliance Steel & Aluminum,0.039,2,$373.60,3.23,$426.54,$256.46,66.32,$431.75
SWKS,Skyworks Solutions Inc.,0.039,1,,3.18,$69.62,$51.48,35.24,$88.05
STT,State Street Corp.,0.038,5,$169.60,1.93,$191.74,$102.75,86.61,$192.51
NVO,Novo Nordisk A S,0.038,4,$47.94,1.05,$45.89,$34.58,32.71,$61.89
IBP,Installed Building Products,0.038,2,$229.84,3.07,$240.23,$192.75,24.63,$345.54
PCG,PG&E Corp.,0.038,2,$16.82,2.85,$17.84,$14.15,26.08,$19.04
MBI,MBIA Inc.,0.038,2,$6.10,2.15,$5.17,$4.84,6.82,$8.26
EW,Edwards Lifesciences Corp.,0.038,2,$90.46,3.09,$91.60,$72.30,26.69,$96.29
STRL,Sterling Construction Co. Inc.,0.038,1,,3.13,$576.48,$263.45,118.82,$1005.68
FPH,Five Point Holdings LLC,0.038,1,,3.11,$5.16,$4.60,12.17,$6.64
LMT,Lockheed Martin Corp.,0.037,5,$509.46,1.38,$608.68,$425.00,43.22,$687.50
LH,Labcorp Holdings Inc.,0.037,3,$280.00,1.92,$318.13,$242.59,31.14,$325.58
AEP,American Electric Power,0.037,3,$136.81,1.72,$125.60,$102.52,22.51,$139.52
FNV,Franco Nevada Corp.,0.037,2,$208.45,1.84,$234.21,$172.08,36.11,$284.60
FMX,Fomento Economico Mexicano,0.037,2,$127.90,2.78,$118.27,$77.32,52.96,$141.47
ALGN,Align Technology Inc.,0.037,1,,3.07,$181.31,$122.00,48.61,$200.44
RBLX,Roblox Corp.,0.037,1,,3.04,$38.23,$33.88,12.84,$142.00
MICC,Magnum Ice Cream Co NV,0.036,7,$16.98,0.91,$19.58,$12.94,51.31,$20.11
CARR,Carrier Global Corp.,0.036,4,$73.35,1.74,$62.78,$49.67,26.39,$76.49
ONON,On Holding AG,0.036,4,$35.42,2.88,$32.22,$30.11,7.01,$51.08
EL,Estee Lauder Cos.,0.036,3,$78.94,2.87,$86.10,$65.96,30.53,$120.79
SNOW,Snowflake Inc.,0.036,3,$254.50,2.25,$328.92,$118.30,178.04,$341.95
YUM,Yum! Brands Inc.,0.036,3,$159.86,2.01,$148.11,$135.39,9.40,$170.14
SPHR,Sphere Entertainment Co.,0.036,2,$173.03,2.87,$168.00,$39.15,329.12,$181.63
AWI,Armstrong World Industries Inc.,0.036,2,$160.42,1.50,$182.20,$150.00,21.47,$204.82
CPAY,Corpay Inc.,0.036,1,,2.99,$417.60,$252.84,65.16,$425.95
TPG,Tpg Inc,0.036,1,,2.92,$53.03,$36.07,47.02,$67.83
WMT,Walmart Inc.,0.035,6,$113.26,2.76,$115.27,$94.85,21.53,$135.16
EMBJ,Embraer SA,0.035,3,$63.80,2.09,$75.38,$53.37,41.24,$80.46
BRO,Brown & Brown Inc.,0.035,3,$64.15,1.62,$70.54,$53.69,31.38,$97.36
BF.A,Brown-Forman Corp. CL A,0.035,3,$27.36,2.22,$28.90,$22.81,26.70,$30.87
TW,Tradeweb Markets Inc.,0.035,3,$99.66,1.63,$106.29,$91.42,16.27,$131.42
RGEN,Repligen Corp.,0.035,2,$136.44,2.44,$166.83,$100.99,65.19,$175.77
CDNS,Cadence Design Systems,0.035,2,$375.32,2.81,$324.82,$262.75,23.62,$416.69
UNF,UniFirst Corp.,0.035,2,$264.46,2.03,$286.76,$146.95,95.14,$306.67
TRGP,Targa Resources Corp.,0.035,2,$268.14,2.83,$275.79,$141.11,95.44,$289.68
ULS,Ul Solutions Inc Class A,0.035,1,,2.91,$77.46,$61.36,26.24,$107.38
PRVA,Privia Health Group Inc.,0.035,1,,2.91,$22.00,$19.53,12.65,$28.82
VOO,Vanguard S&P 500 ETF,0.034,6,$686.82,1.77,$713.61,$575.06,24.09,$716.39
CPB,Campbell's Co.,0.034,3,$22.27,2.60,$23.17,$19.23,20.49,$32.13
TCOM,Trip.com Group Ltd,0.034,3,$39.84,1.50,$44.98,$38.04,18.24,$78.99
BR,Broadridge Financial Solutions,0.034,2,$136.95,1.49,$171.01,$133.83,27.78,$260.02
WSO,Watsco Inc.,0.034,2,$416.73,1.90,$313.06,$300.66,4.12,$455.09
IMO,Imperial Oil Ltd.,0.034,2,$112.17,2.55,$133.28,$80.68,65.20,$138.75
MIDD,Middleby Corp.,0.034,1,,2.82,$117.91,$88.87,32.68,$148.55
CMPR,Cimpress plc,0.034,1,,2.77,$94.46,$56.34,67.66,$106.58
CBRS,Cerebras Systems Inc A,0.034,1,,2.76,$218.98,$160.81,36.17,$386.34
EFA,iShares MSCI EAFE ETF,0.033,5,$103.87,2.39,$108.64,$87.06,24.79,$108.89
WY,Weyerhaeuser Co.,0.033,4,$23.94,2.05,$24.56,$20.60,19.22,$27.28
LOW,Lowe's Cos.,0.033,3,$220.49,1.43,$218.47,$199.40,9.56,$289.87
WPM,Wheaton Precious Metals Corp.,0.033,2,$112.32,2.67,$134.21,$90.36,48.53,$165.25
GPK,Graphic Packaging Hldg Co.,0.033,1,,2.69,$11.40,$8.69,31.19,$22.69
FER,Ferrovial Se,0.033,1,,2.72,$64.13,$52.14,23.00,$74.07
KNSL,Kinsale Capital Group Inc.,0.033,1,,2.67,$379.19,$287.20,32.03,$484.06
CTO,CTO Realty Growth Inc.,0.033,1,,2.74,$22.00,$14.20,54.93,$22.71
ATS,Ats Corp,0.033,1,,2.67,$20.31,$19.14,6.11,$35.82
HCA,HCA Healthcare Inc.,0.032,5,$389.89,2.15,$404.68,$353.99,14.32,$554.58
BSX,Boston Scientific,0.032,5,$42.68,2.29,$51.83,$42.20,22.82,$109.50
VRSK,Verisk Analytics Inc.,0.032,5,$179.53,1.65,$181.67,$155.52,16.81,$273.70
WMB,Williams Cos.,0.032,3,$74.34,2.57,$75.20,$54.10,39.00,$79.49
CASY,Casey's Gen'l Stores,0.032,3,$794.80,1.98,$846.45,$488.30,73.35,$927.15
CSX,CSX Corp.,0.032,3,$46.87,2.15,$50.16,$31.48,59.34,$53.60
VRTX,Vertex Pharmaceuticals,0.032,2,$496.73,1.51,$505.75,$374.17,35.17,$546.17
RDDT,Reddit Inc Cl A,0.032,2,$173.58,1.83,$178.09,$119.27,49.32,$282.95
CLH,Clean Harbors Inc.,0.032,2,$298.75,2.59,$321.98,$201.34,59.92,$335.94
LII,Lennox International,0.032,1,,2.60,$422.01,$411.41,2.58,$610.08
GGG,Graco Inc.,0.032,1,,2.63,$81.94,$72.23,13.44,$94.99
ITUB,ita Unibanco Holding S.A.,0.032,1,,2.59,$7.40,$5.88,25.85,$9.47
MTN,Vail Resorts Inc.,0.031,4,$136.15,2.23,$148.30,$116.69,27.09,$160.49
LEN.B,Lennar Corp. CL B,0.031,4,$88.71,2.12,$85.36,$78.02,9.41,$134.56
MAS,Masco Corp.,0.031,3,$81.37,1.33,$74.33,$57.76,28.69,$83.64
TME,Tencent Music Entertainment Grp,0.031,3,$8.35,1.49,$8.84,$7.94,11.34,$26.00
BAP,Credicorp Ltd.,0.031,3,$389.58,1.08,$386.36,$230.45,67.65,$413.25
A,Agilent Technologies,0.031,2,$132.83,2.53,$148.53,$108.14,37.35,$159.31
TTWO,Take-Two Interactive Software,0.031,2,$249.98,1.89,$246.95,$187.63,31.62,$265.94
FIS,Fidelity National Information Services,0.031,2,$38.88,1.56,$42.92,$37.42,14.70,$69.73
JBS,Jbs Nv A,0.031,2,$11.85,2.54,$13.65,$11.45,19.21,$17.27
RLI,RLI Corp.,0.031,2,$59.07,1.48,$63.77,$45.27,40.87,$66.91
WFRD,Weatherford International plc,0.031,1,,2.51,$94.79,$54.04,75.41,$112.79
JELD,JELD-WEN Holding Inc.,0.031,1,,2.53,$1.93,$0.93,107.53,$6.98
RMD,ResMed Inc.,0.031,1,,2.54,$224.46,$180.27,24.51,$291.57
WHK,Whitehawk Minerals Corp Cl A,0.031,1,,2.56,$26.15,$25.34,3.20,$28.60
IBM,International Business Machines,0.030,5,$280.43,2.36,$234.32,$197.77,18.48,$330.09
CL,Colgate-Palmolive,0.030,5,$91.68,1.26,$91.95,$73.21,25.60,$98.15
FOUR,Shift4 Payments Inc. CL A,0.030,2,$48.64,2.09,$45.37,$34.56,31.28,$92.79
TTC,Toro Co.,0.030,2,$97.42,2.39,$98.38,$66.72,47.45,$104.28
PEG,Public Serv. Enterprise Inc.,0.030,2,$81.15,2.42,$76.04,$74.20,2.48,$86.18
SDRL,Seadrill Ltd,0.030,2,$37.82,2.45,$47.98,$28.10,70.75,$55.47
ZBRA,Zebra Technologies Corp.,0.030,2,$263.26,2.42,$376.03,$199.05,88.91,$386.23
LAZ,Lazard Inc.,0.030,2,$41.94,2.41,$44.64,$37.82,18.03,$57.45
PAYX,Paychex Inc.,0.030,2,$98.33,2.35,$122.02,$83.50,46.13,$135.23
BE,Bloom Energy Corp.,0.030,2,$302.69,2.36,$229.94,$40.56,466.91,$351.28
TRIP,TripAdvisor Inc.,0.030,2,$13.71,1.62,$10.74,$9.01,19.20,$20.16
CHRW,C.H. Robinson Worldwide,0.030,2,$188.34,1.33,$148.57,$118.68,25.19,$210.33
NWSA,News Corp.,0.030,2,$24.83,2.32,$29.16,$22.11,31.89,$31.48
NXT,Nextracker Inc Cl A,0.030,1,,2.49,$101.47,$53.77,88.71,$163.13
OCSL,Oaktree Specialty Lending Corp,0.030,1,,2.49,$12.98,$10.33,25.65,$13.12
ESRT,Empire State Realty Trust Inc.,0.030,1,,2.45,$4.75,$4.61,3.04,$7.90
DPC,Dpc Holdings Plc,0.029,4,$49.06,2.27,$50.09,$42.50,17.86,$57.25
CSL,Carlisle Companies,0.029,4,$362.75,1.62,$370.04,$291.67,26.87,$430.31
SUI,Sun Communities Inc.,0.029,3,$119.91,1.75,$123.29,$113.81,8.33,$135.36
BMRN,BioMarin Pharmaceutical Inc.,0.029,3,$57.22,1.24,$67.36,$49.26,36.74,$70.98
CPRI,Capri Holdings Ltd,0.029,2,$18.57,2.29,$15.34,$14.78,3.79,$28.27
VSEC,VSE Corp.,0.028,3,$228.50,2.18,$241.82,$154.36,56.66,$247.85
WST,West Pharmaceutical Services,0.028,2,$358.99,1.85,$349.42,$223.52,56.33,$385.75
PBH,Prestige Consumer Healthcare,0.028,2,$47.27,2.29,$51.38,$42.62,20.55,$71.07
MNST,Monster Beverage Corp.,0.028,1,,2.28,$46.82,$30.49,53.56,$50.17
VEA,Vanguard FTSE Developed ETF,0.027,5,$71.25,1.63,$73.58,$56.19,30.95,$73.89
FDXF,FedEx Freight Holding Co.,0.027,5,$151.00,1.02,$150.29,$135.00,11.33,$200.00
NESR,National Energy Services Reunited Corp.,0.027,3,$29.93,2.18,$36.31,$6.78,435.55,$36.82
DINO,HF Sinclair Corp.,0.027,3,$69.65,1.99,$93.67,$42.36,121.13,$93.73
BLCO,Bausch + Lomb Corp,0.027,3,$16.56,1.51,$17.05,$13.77,23.82,$18.92
GLIBK,GCI Liberty Inc. Series C,0.027,2,$21.56,2.18,$26.70,$19.30,38.34,$41.18
EXP,Eagle Materials Inc.,0.027,2,$225.00,2.21,$208.52,$171.79,21.38,$245.53
COIN,Coinbase Global Inc.,0.027,1,,2.24,$148.47,$139.11,6.73,$402.16
FAF,First Amer'n Corp.,0.027,1,,2.21,$73.86,$55.74,32.51,$79.87
BOKF,BOK Financial Corp.,0.027,1,,2.25,$146.07,$101.28,44.22,$146.38
HLF,Herbalife Nutrition Ltd.,0.027,1,,2.25,$12.33,$7.56,63.10,$20.40
ATGE,Adtalem Global Education,0.027,1,,2.20,,,,
KSPI,Jsc Kaspi.kz ADR,0.026,7,$86.62,0.96,$98.70,$65.63,50.39,$100.99
TFC,Truist Financial Corp.,0.026,4,$49.82,2.06,$53.10,$39.11,35.77,$54.51
ITRN,Ituran Location & Control Ltd.,0.026,3,$61.01,1.93,$53.39,$30.68,74.02,$67.77
DOX,Amdocs Ltd.,0.026,2,$50.54,2.07,$58.22,$49.24,18.24,$85.59
CDW,CDW Corp.,0.026,2,$140.64,1.09,$139.42,$96.55,44.40,$168.93
GNTX,Gentex Corp.,0.026,2,$25.27,2.09,$23.87,$20.26,17.82,$28.80
AIG,American International Group,0.026,2,$74.53,2.02,$76.64,$70.36,8.93,$86.21
FLS,Flowserve Corp.,0.026,2,$74.16,2.10,$80.87,$48.28,67.50,$91.86
BBIO,BridgeBio Pharma Inc.,0.026,2,$74.48,2.11,$79.86,$46.81,70.60,$93.42
FOSL,Fossil Inc.,0.026,2,$4.14,2.10,$5.57,$1.70,227.65,$6.25
DHT,DHT Holdings Inc.,0.026,1,,2.13,$19.52,$9.93,96.58,$20.19
TECK,Teck Resources,0.026,1,,2.14,$63.53,$30.75,106.60,$71.15
DVA,DaVita HealthCare Partners,0.026,1,,2.15,$180.06,$101.00,78.28,$247.49
VAC,Marriott Vacations Worldwide,0.026,1,,2.16,$120.99,$43.02,181.24,$131.34
NFG,National Fuel Gas,0.026,1,,2.15,$81.92,$74.64,9.75,$96.03
BKV,Bkv Corporation,0.026,1,,2.17,$26.73,$20.08,33.12,$32.81
SPCX,Space Exploration Technologies Corp.,0.025,5,$170.86,0.67,$140.00,$104.83,33.55,$225.64
BUD,Anheuser-Busch InBev,0.025,4,$82.40,1.27,$79.73,$56.78,40.42,$86.60
VOYA,Voya Financial Inc.,0.025,3,$90.53,1.08,$101.52,$64.13,58.30,$103.85
VSNT,Versant Media Group Inc.,0.025,3,$36.01,1.77,$39.65,$26.61,49.00,$45.11
KVUE,Kenvue Inc,0.025,3,$19.11,1.90,$19.20,$13.38,43.50,$20.84
ATI,Allegheny Technologies Inc.,0.025,2,$197.10,1.39,$228.48,$70.42,224.45,$243.57
MAA,Mid-America Apt Communties,0.025,2,$138.94,2.00,$133.49,$117.48,13.63,$142.76
EOG,EOG Resources,0.025,2,$129.73,1.99,$142.61,$99.12,43.88,$149.59
SJM,J.M. Smucker Co,0.025,2,$112.50,2.02,$121.39,$86.47,40.38,$126.46
ISRG,Intuitive Surgical Inc.,0.025,2,$397.68,1.53,$394.51,$328.57,20.07,$603.88
COTY,Coty Inc.,0.025,2,$2.16,2.00,$2.85,$1.82,56.59,$5.08
FBTC,Fidelity Wise Origin Bitcoin,0.025,1,,2.07,$54.74,$50.48,8.44,$110.25
KBR,KBR Inc.,0.025,1,,2.07,$38.37,$29.80,28.76,$51.56
SHEN,Shenandoah Telecommunications Co.,0.025,1,,2.06,$13.27,$9.67,37.23,$17.35
INSM,Insmed Inc.,0.025,1,,2.07,$123.74,$90.39,36.90,$212.75
AMLP,Alerian MLP ETF,0.025,1,,2.09,$54.96,$41.24,33.27,$54.99
BIDU,Baidu Inc.,0.024,4,$114.29,1.98,$103.67,$84.82,22.22,$165.30
WRBY,Warby Parker Inc.,0.024,3,$30.34,1.89,$25.91,$14.96,73.20,$31.00
MTB,M&T Bank Corp.,0.024,3,$238.01,1.52,$254.09,$170.99,48.60,$255.68
UHS,Universal Health Services Inc.,0.024,2,$148.69,1.13,$170.02,$140.08,21.37,$245.55
AXTA,Axalta Coating Systems Ltd.,0.024,2,$34.22,1.18,$37.31,$24.94,49.60,$38.61
PR,Permian Resources Corp.,0.024,2,$18.41,1.97,$21.50,$11.60,85.34,$22.48
ANET,Arista Networks Inc.,0.024,2,$169.88,1.94,$198.82,$114.52,73.61,$214.89
COLD,Americold Realty Trust,0.024,1,,1.98,$14.88,$9.59,55.16,$16.88
JXN,Jackson Financial Inc.,0.024,1,,1.94,$135.32,$87.44,54.76,$137.99
EQX,Equinox Gold Corp,0.024,1,,1.98,$11.60,$7.52,54.26,$18.92
FCX,Freeport-McMoran Inc.,0.024,1,,2.00,$66.49,$34.78,91.17,$72.10
ECPG,Encore Capital Group Inc.,0.024,1,,1.94,$103.74,$39.95,159.67,$103.76
SPB,Spectrum Brands Holdings Inc.,0.023,4,$85.75,1.23,$89.93,$48.98,83.61,$99.06
ABEV,Ambev S.A.,0.023,3,$3.14,1.83,$2.80,$2.08,34.62,$3.44
CAG,Conagra Brands Inc.,0.023,3,$13.46,1.76,$15.62,$12.39,26.07,$19.59
LAMR,Lamar Advertising Co.,0.023,3,$155.98,1.64,$155.47,$110.33,40.91,$166.33
BATRK,Atlanta Braves Holdings Inc. Series C,0.023,2,$51.90,1.64,$53.58,$37.76,41.90,$54.46
PANW,Palo Alto Networks,0.023,2,$341.02,1.88,$384.27,$139.57,175.32,$398.88
AGX,Argan Inc.,0.023,2,$798.55,1.80,$578.22,$196.06,194.92,$805.09
ADPT,Adaptive Biotechnologies Corp.,0.023,2,$21.45,1.83,$24.74,$11.92,107.55,$26.16
WTM,White Mountains Insurance,0.023,1,,1.85,$2137.12,$1647.25,29.74,$2333.00
BYD,Boyd Gaming Corp.,0.023,1,,1.92,$84.13,$75.81,10.97,$91.41
SWK,Stanley Black & Decker Inc.,0.023,1,,1.92,$102.07,$59.87,70.49,$104.68
CHRD,Chord Energy,0.023,1,,1.87,$137.32,$81.48,68.53,$150.63
LNT,Alliant Energy,0.023,1,,1.86,$70.60,$61.37,15.04,$78.22
WEC,WEC Energy Group,0.023,1,,1.92,$110.52,$100.35,10.13,$118.87
SHC,Sotera Health Co,0.023,1,,1.88,$18.89,$13.09,44.31,$19.85
PDRDF,Pernod Ricard,0.023,1,,1.92,$77.13,$65.28,18.15,$115.44
GILD,Gilead Sciences,0.022,3,$126.34,1.57,$138.36,$106.44,29.99,$155.38
IWF,iShares Russell 1000 Growth ETF,0.022,3,$124.17,1.08,$125.29,$102.14,22.66,$129.03
HSIC,Henry Schein Inc.,0.022,3,$83.52,1.54,$89.77,$61.95,44.91,$92.18
ECHO,EchoStar Corp.,0.022,2,$101.50,1.73,$91.89,$26.52,246.49,$147.25
IR,Ingersoll Rand Inc.,0.022,2,$81.99,0.92,$83.34,$68.05,22.47,$100.89
CTVA,Corteva Inc.,0.022,2,$84.69,1.84,$76.68,$60.10,27.59,$90.97
PRMB,Primo Brands Corp,0.022,2,$24.44,1.77,$24.70,$14.12,74.93,$26.21
GHC,Graham Holdings Co.,0.022,2,$1141.45,1.74,$1191.20,$923.50,28.99,$1262.35
UMBF,UMB Financial Corp.,0.022,1,,1.79,$152.04,$102.27,48.67,$152.48
KRC,Kilroy Realty Corp.,0.022,1,,1.83,$36.31,$26.89,35.03,$42.39
JD,JD.com Inc.,0.021,5,$25.48,1.17,$29.06,$23.66,22.82,$35.59
TRV,Travelers Companies Inc.,0.021,4,$318.65,0.71,$370.36,$249.31,48.55,$398.70
ROL,Rollins Inc.,0.021,4,$41.74,0.57,$36.20,$35.97,0.64,$65.40
NTRS,Northern Trust Corp.,0.021,3,$173.84,1.69,$191.41,$119.17,60.62,$195.78
CMI,Cummins Inc.,0.021,3,$713.22,1.05,$631.26,$385.21,63.87,$737.76
TKR,Timken Co.,0.021,3,$145.31,1.72,$133.50,$69.80,91.26,$146.37
CMCO,Columbus McKinnon Corp.,0.021,2,$15.13,1.71,$19.25,$11.95,61.09,$24.13
ROK,Rockwell Automation Inc.,0.021,2,$495.08,1.17,$449.37,$329.33,36.45,$497.36
WIX,Wix.com Ltd.,0.021,2,$44.27,0.90,$74.13,$40.16,84.59,$190.93
PSKY,Paramount Skydance Corp.,0.021,2,$9.86,0.99,$10.14,$7.62,33.07,$20.57
VNT,Vontier Corp.,0.021,1,,1.70,$32.84,$27.23,20.60,$48.13
INGR,Ingredion Inc.,0.021,1,,1.72,$105.20,$93.62,12.37,$126.59
LBTYK,Liberty Global Ltd CL C,0.021,1,,1.74,$10.22,$9.30,9.89,$13.12
DEI,Douglas Emmett Inc.,0.020,3,$11.80,1.30,$11.68,$8.79,32.88,$15.90
VRSN,Verisign Inc.,0.020,3,$251.56,0.76,$284.24,$207.53,36.96,$312.48
ROG,Rogers Corp.,0.020,2,$163.73,1.61,$142.91,$72.49,97.14,$169.00
SD,SandRidge Energy Inc.,0.020,2,$13.70,0.84,$14.03,$10.12,38.64,$17.94
XP,XP Inc.,0.020,2,$16.26,1.34,$15.82,$14.80,6.89,$22.83
CLB,Core Laboratories Inc.,0.020,1,,1.63,$12.45,$9.78,27.30,$20.32
ACGL,Arch Capital Group Ltd.,0.020,1,,1.67,$98.71,$82.45,19.72,$107.09
TGT,Target Corp.,0.019,4,$130.61,1.21,$154.48,$81.20,90.25,$156.47
VYM,Vanguard High Dvd Yield ETF,0.019,2,$158.03,1.42,$166.52,$133.39,24.84,$167.61
ST,Sensata Technologies Holding,0.019,2,$47.74,1.27,$46.23,$27.92,65.58,$53.75
LLYVA,Liberty Media Corp. Series A Live,0.019,2,$101.26,1.41,$104.99,$77.12,36.14,$106.06
HP,Helmerich & Payne,0.019,2,$32.75,1.46,$44.20,$16.91,161.38,$44.65
LILAK,Liberty LiLAC Group C,0.019,1,,1.56,$8.49,$4.76,78.36,$8.84
HAE,Haemonetics Corp.,0.019,1,,1.54,$90.80,$47.32,91.89,$92.25
DNOW,NOW Inc.,0.018,4,$12.97,0.67,$16.43,$10.94,50.18,$17.26
BNS,Bank of Nova Scotia,0.018,3,$86.81,1.18,$91.54,$54.13,69.11,$91.55
ADM,Archer-Daniels-Midland,0.018,2,$76.40,0.88,$80.45,$54.34,48.05,$88.46
LHX,L3Harris Technologies Inc.,0.018,2,$290.59,1.49,$291.82,$262.68,11.09,$376.39
VSAT,Viasat Inc.,0.018,2,$89.81,1.50,$82.87,$25.50,224.98,$93.03
SKY,Skyline Champion Corp.,0.018,2,$88.12,1.42,$94.53,$63.69,48.42,$99.17
AMH,American Homes 4 Rent,0.018,2,$33.52,1.40,$34.08,$26.95,26.46,$35.07
AR,Antero Resources,0.018,2,$35.14,1.42,$37.37,$29.10,28.42,$45.75
FG,F&G Annuities & Life Inc.,0.018,1,,1.44,$27.42,$20.16,36.01,$34.44
SWX,Southwest Gas Holdings Inc.,0.018,1,,1.51,$92.60,$74.10,24.97,$94.47
CRWV,Coreweave Inc Cl A,0.018,1,,1.44,$105.26,$60.55,73.84,$153.20
AMP,Ameriprise Financial Inc.,0.017,3,$458.73,0.90,$569.54,$419.52,35.76,$572.56
BKD,Brookdale Senior Living Inc.,0.017,3,$16.09,1.27,$12.64,$7.11,77.78,$17.09
CTAS,Cintas Corp.,0.017,3,$170.08,1.38,$199.52,$160.31,24.46,$219.16
PAYC,Paycom Software Inc.,0.017,3,$125.68,0.70,$218.13,$104.33,109.08,$232.79
FDS,FactSet Research Systems,0.017,3,$230.08,0.65,$283.49,$183.16,54.78,$381.24
BXP,BXP Inc.,0.017,3,$66.31,1.05,$68.45,$48.54,41.02,$75.95
NAMS,Newamsterdam Pharma Co Nv,0.017,2,$33.89,1.00,$26.98,$23.05,17.05,$42.21
PINS,Pinterest Inc.,0.017,2,$21.03,1.14,$24.06,$13.84,73.84,$38.57
DGX,Quest Diagnostics,0.017,2,$212.00,1.42,$234.40,$168.97,38.72,$240.13
MMYT,MakeMyTrip Ltd,0.017,2,$53.29,1.39,$60.42,$32.67,84.94,$104.43
EXPE,Expedia Group Inc.,0.017,2,$255.88,1.43,$332.69,$184.55,80.27,$333.24
RRX,Regal Rexnord Corp.,0.017,2,$238.19,1.43,$175.49,$127.19,37.97,$247.80
MANE,Veradermics Inc,0.017,2,$122.94,0.88,$112.71,$32.00,252.22,$131.24
ITIC,Investors Title Co.,0.017,2,$273.68,0.96,$287.71,$208.91,37.72,$297.31
STUB,Stubhub Holdings Inc Class A,0.017,1,,1.39,$8.08,$5.74,40.77,$27.89
ALX,Alexander's Inc.,0.017,1,,1.42,$269.75,$190.65,41.49,$284.73
JBLU,JetBlue Airways Corp.,0.017,1,,1.43,$5.65,$3.87,45.99,$6.62
MATW,Matthews Intl Corp. A,0.017,1,,1.37,$23.25,$21.09,10.24,$30.32
FSV,Firstservice Corp,0.017,1,,1.41,$140.81,$119.15,18.18,$208.07
AKAM,Akamai Technologies Inc.,0.017,1,,1.40,$124.99,$70.82,76.49,$165.45
NVS,Novartis AG,0.016,5,$155.63,0.84,$150.88,$118.00,27.86,$165.46
NTES,NetEase.com Inc.,0.016,3,$128.14,0.80,$125.12,$105.44,18.66,$156.41
GSHD,Goosehead Insurance Inc.,0.016,2,$48.50,0.87,$66.29,$33.68,96.82,$90.16
NOC,Northrop Grumman Corp.,0.016,2,$509.32,1.24,$585.87,$479.02,22.31,$770.61
SHAZ,Sharonai Holdings Inc,0.016,2,$84.66,0.65,$76.47,$1.90,3924.74,$178.00
RGA,Reinsurance Group of America Inc.,0.016,2,$212.65,1.33,$249.45,$175.83,41.87,$251.00
FUL,H.B. Fuller Co.,0.016,2,$58.29,1.30,$62.75,$48.30,29.92,$68.05
PRM,Perimeter Solutions SA,0.016,2,$35.65,1.11,$33.90,$18.04,87.92,$38.17
BAM,Brookfield Asset Management,0.016,2,$44.85,0.75,$54.31,$41.77,30.02,$60.77
POOL,Pool Corp.,0.016,2,$214.93,1.06,$194.84,$171.55,13.58,$327.90
ACIW,ACI Worldwide Inc.,0.016,1,,1.28,$53.44,$38.05,40.45,$61.08
NICE,Nice Ltd Spon ADR,0.016,1,,1.32,$102.26,$83.10,23.06,$153.68
SAM,Boston Beer Company,0.016,1,,1.35,$185.77,$158.68,17.07,$264.46
OSG,Octave Specialty Group Inc.,0.016,1,,1.34,$4.90,$3.88,26.29,$10.38
UPBD,Upbound Group Inc.,0.016,1,,1.29,$19.62,$14.83,32.30,$25.85
AZO,AutoZone Inc.,0.016,1,,1.34,$3025.00,$2902.20,4.23,$4388.11
FITB,Fifth Third Bancorp,0.015,3,$56.37,0.65,$58.06,$39.08,48.57,$59.50
NTR,Nutrien Ltd.,0.015,2,$62.95,1.05,$68.24,$51.72,31.94,$83.98
ARLP,Alliance Resource Partners LP,0.015,2,$23.98,1.06,$25.42,$20.15,26.15,$28.08
WRB,W.R. Berkley Corp.,0.015,2,$70.53,1.21,$70.51,$62.31,13.16,$77.45
CALM,Cal-Maine Foods Inc.,0.015,2,$80.56,1.18,$81.09,$70.97,14.26,$114.09
DLR,Digital Realty Trust Inc.,0.015,2,$179.58,1.18,$200.15,$144.28,38.72,$207.47
MKTX,MarketAxess Holdings Inc.,0.015,2,$113.50,1.25,$162.57,$108.75,49.49,$194.89
CRK,Comstock Resources Inc.,0.015,1,,1.26,$14.06,$12.12,16.01,$28.10
MTH,Meritage Homes Corp.,0.015,1,,1.26,$73.08,$57.65,26.76,$85.38
OPCH,Option Care Health Inc.,0.015,1,,1.26,$23.95,$18.01,32.98,$36.80
CLW,Clearwater Paper Corp.,0.015,1,,1.26,$21.42,$11.73,82.61,$23.59
YPF,YPF S.A.,0.015,1,,1.19,$50.05,$22.82,119.33,$57.49
DOLE,Dole Food Company,0.015,1,,1.25,$13.30,$12.30,8.13,$16.38
PB,Prosperity Bancshares Inc.,0.015,1,,1.19,$75.05,$59.51,26.11,$75.87
HLN,Haleon Plc ADR,0.014,5,$9.39,0.73,$9.70,$8.54,13.58,$11.06
IVV,Ishares Core S&P 500 ETF,0.014,3,$748.90,0.86,$780.04,$628.53,24.11,$783.09
GD,General Dynamics,0.014,3,$354.24,1.05,$395.78,$305.43,29.58,$400.00
EQR,Equity Residential,0.014,2,$67.93,1.08,$65.97,$56.30,17.18,$71.50
BCS,Barclays plc ADR,0.014,2,$26.86,1.16,$28.14,$18.85,49.28,$28.37
SBAC,SBA Communications Corp.,0.014,2,$176.46,1.14,$185.20,$161.43,14.72,$223.11
ICFI,ICF International Inc.,0.014,1,,1.15,$88.39,$58.71,50.55,$100.97
ALG,Alamo Group Inc.,0.014,1,,1.11,$164.93,$145.46,13.39,$225.39
VLO,Valero Energy,0.014,1,,1.12,$341.67,$132.21,158.43,$346.09
SUPN,Supernus Pharmaceuticals,0.014,1,,1.14,$48.27,$41.78,15.53,$59.68
ADT,ADT Inc.,0.014,1,,1.16,$7.49,$6.15,21.79,$8.73
TAC,TransAlta Corp.,0.013,2,$13.83,1.10,$12.79,$11.34,12.79,$17.69
ABR,Arbor Realty Trust Inc.,0.013,2,$5.42,0.78,$5.09,$4.58,11.14,$11.02
COMP,Compass Inc.,0.013,2,$12.33,0.66,$13.02,$6.37,104.40,$13.96
AXS,Axis Capital Holdings Ltd.,0.013,2,$107.44,1.00,$101.20,$86.98,16.35,$119.99
FOXA,Fox Corporation,0.013,2,$52.16,0.76,$69.04,$48.34,42.82,$76.02
JAZZ,Jazz Pharmaceuticals plc,0.013,2,$240.97,1.10,$244.96,$116.53,110.21,$265.05
FMS,Fresenius Medical Care AG & Co KCaG,0.013,2,$22.61,1.00,$23.77,$19.24,23.54,$26.57
CPRX-OLD,Catalyst Pharmaceuticals Inc.,0.013,1,,1.06,$31.50,$19.05,65.35,$32.56
RWAY,Runway Growth Finance Corp,0.013,1,,1.04,$6.92,$5.19,33.33,$9.61
COLL,Collegium Pharmaceutical Inc.,0.013,1,,1.06,$28.23,$25.47,10.84,$50.79
MYRG,MYR Group Inc.,0.013,1,,1.05,$334.39,$171.51,94.97,$503.57
MSTR,MicroStrategy Inc.,0.013,1,,1.03,$93.04,$81.81,13.73,$372.62
AGCO,AGCO Corp.,0.013,1,,1.06,$101.33,$98.45,2.93,$142.68
CASH,Meta Financial Group Inc.,0.013,1,,1.10,$86.67,$65.75,31.82,$101.20
HWM,Howmet Aerospace Inc.,0.013,1,,1.06,$289.18,$169.10,71.01,$309.85
MNRO,Monro Inc.,0.013,1,,1.05,$11.48,$11.06,3.80,$23.19
G,Genpact Ltd.,0.012,5,$27.50,0.44,$33.86,$26.85,26.11,$48.12
SNY,Sanofi Aventis,0.012,4,$42.66,0.63,$43.72,$40.89,6.92,$49.91
DOW,Dow Inc.,0.012,3,$27.36,1.00,$31.07,$19.91,56.05,$42.31
TREX,Trex Company Inc.,0.012,2,$50.04,0.91,$49.63,$29.77,66.71,$66.06
AM,Antero Midstream Corp.,0.012,2,$22.75,0.90,$22.55,$16.41,37.42,$23.35
DAR,Darling Ingredients Inc.,0.012,2,$54.62,0.96,$67.04,$29.15,129.98,$67.68
KALU,Kaiser Aluminum Corp.,0.012,2,$195.62,0.93,$181.73,$71.41,154.49,$199.89
KN,Knowles Corp.,0.012,2,$41.48,0.94,$38.51,$20.08,91.78,$42.93
NE,Noble Corp.,0.012,2,$37.30,0.87,$45.10,$24.81,81.78,$54.39
CRDO,Credo Technology Group Holdi,0.012,2,$271.95,1.00,$259.90,$86.49,200.50,$308.67
UGI,UGI Corp.,0.012,2,$34.54,0.99,$35.37,$30.66,15.36,$40.48
EXR,Extra Space Storage Inc.,0.012,2,$145.30,0.94,$147.90,$121.45,21.78,$158.88
BKR,Baker Hughes Co.,0.012,2,$55.50,1.01,$64.82,$41.65,55.63,$69.92
GL,Globe Life Inc.,0.012,2,$178.68,0.71,$181.00,$127.06,42.45,$191.55
SMG,Scotts Miracle-Gro Co.,0.012,1,,0.96,$60.94,$50.49,20.70,$75.34
BBW,Build-A-Bear Workshop Inc.,0.012,1,,0.97,$38.34,$29.35,30.63,$74.33
FWONA,Liberty Media Corp Formula One Series A,0.012,1,,0.95,$95.31,$73.70,29.32,$99.52
BATRA,Atlanta Braves Holdings Inc. Series A,0.012,1,,1.01,$57.33,$41.50,38.14,$58.37
EDU,New Oriental Education & Technology,0.012,1,,0.99,$52.54,$44.25,18.73,$64.22
XMTR,Xometry Inc.,0.012,1,,0.95,$96.26,$35.86,168.43,$106.08
IVZ,Invesco Ltd,0.012,1,,1.01,$32.55,$19.85,63.98,$32.66
FOA,Finance Of America Companies Inc.,0.012,1,,1.00,$21.76,$15.77,37.98,$29.79
YMM,Full Truck Alliance Spn ADR,0.012,1,,0.96,$8.81,$7.38,19.38,$13.69
WCN,Waste Connections,0.012,1,,0.99,$166.29,$146.58,13.45,$187.14
PBF,PBF Energy Inc.,0.012,1,,0.95,$71.85,$21.57,233.10,$74.50
VTOL,Bristow Group Inc.,0.012,1,,0.95,$46.53,$34.73,33.98,$50.10
MDB,MongoDB Inc.,0.012,1,,0.99,$460.33,$206.92,122.47,$473.10
SU,Suncor Energy Inc.,0.011,4,$53.69,0.71,$65.82,$36.86,78.57,$69.83
HRL,Hormel Foods Corp.,0.011,3,$24.82,0.77,$24.54,$19.47,26.04,$27.88
AUR,Aurora Innovation Inc.,0.011,3,$6.82,0.72,$6.99,$3.60,94.17,$8.57
ACMR,ACM Research Inc.,0.011,3,$126.89,0.92,$80.42,$24.14,233.14,$127.19
SOFI,SoFi Technologies Inc.,0.011,2,$17.93,0.90,$18.29,$14.88,22.92,$32.73
PHG,Koninklijke Philips Electronics NV,0.011,2,$27.19,0.90,$27.29,$23.85,14.42,$32.18
AAP,Advance Auto Parts,0.011,2,$62.22,0.80,$56.55,$37.33,51.49,$64.62
ELAN,Elanco Animal Health Inc.,0.011,2,$24.61,0.87,$23.67,$17.11,38.34,$27.98
W,Wayfair Inc.,0.011,2,$92.42,0.90,$101.63,$55.60,82.79,$119.98
CZR,Caesars Entertainment,0.011,1,,0.89,$29.75,$17.86,66.57,$30.88
LZAGY,Lonza Group Ag Unspon ADR,0.011,1,,0.92,$70.41,$57.99,21.42,$73.17
NWL,Newell Brands Inc.,0.011,1,,0.87,$6.24,$2.91,114.43,$7.13
KD,Kyndryl Holdings Inc,0.011,1,,0.87,$13.17,$10.10,30.40,$33.90
AAON,AAON Inc.,0.011,1,,0.87,$87.80,$73.05,20.19,$150.36
COST,Costco Co.,0.010,7,$935.41,0.35,$961.10,$840.35,14.37,$1094.76
SHEL,Shell plc,0.010,5,$77.54,0.59,$90.47,$66.79,35.45,$93.23
IJR,Ishares Core S&P Small Cap E,0.010,3,$148.32,0.84,$150.44,$110.97,35.57,$150.69
TEM,Tempus Ai Inc,0.010,2,$57.93,0.77,$52.10,$40.77,27.79,$104.32
KR,Kroger Co.,0.010,2,$55.53,0.72,$56.69,$53.78,5.41,$75.66
VBIL,Vanguard 0 3m T Bill ETF,0.010,2,$75.68,0.58,$75.61,$72.82,3.83,$75.61
DT,Dynatrace Inc.,0.010,2,$43.92,0.43,$49.14,$31.64,55.31,$53.29
LIND,Lindblad Expeditions Hldgs Inc.,0.010,2,$28.24,0.78,$33.58,$11.37,195.34,$35.00
GFI,Gold Fields Ltd.,0.010,2,$33.59,0.63,$40.24,$28.11,43.15,$59.90
CFR,Cullen Frost Bankers,0.010,2,$154.52,0.72,$170.08,$116.34,46.19,$170.35
BRBR,BellRing Brands Inc. CL A,0.010,1,,0.84,$10.75,$7.82,37.47,$43.02
PCVX,Vaxcyte Inc.,0.010,1,,0.85,$58.07,$29.87,94.41,$65.00
CET,Central Securities Corp.,0.010,1,,0.85,$55.16,$46.26,19.24,$55.99
EEFT,Euronet Worldwide Inc.,0.010,1,,0.81,$73.20,$62.50,17.12,$98.52
CFG,Citizens Financial Group Inc.,0.010,1,,0.82,$74.73,$46.55,60.54,$74.86
DUSA,Davis Select Us Equity ETF,0.010,1,,0.82,$57.68,$45.98,25.45,$58.53
VNO,Vornado Realty Trust,0.010,1,,0.83,$39.00,$24.57,58.73,$42.43
TIC,Acuren Corporation,0.010,1,,0.83,$9.85,$6.36,54.87,$14.94
NDAQ,Nasdaq Inc.,0.010,1,,0.85,$97.02,$76.55,26.74,$101.10
BCO,Brink's Co.,0.010,1,,0.86,$114.27,$90.86,25.76,$135.75
SLDE,Slide Insurance Holdings Inc,0.010,1,,0.84,$21.93,$12.49,75.58,$22.93
QLYS,Qualys Inc.,0.010,1,,0.86,$186.05,$74.51,149.70,$201.54
WAL,Western Alliance Bancorp,0.010,1,,0.81,$82.32,$65.11,26.43,$95.75
CIGI,Colliers International Group Inc.,0.009,4,$93.70,0.60,$105.41,$88.24,19.46,$171.06
IWR,Ishares Russell Mid Cap ETF,0.009,3,$110.27,0.53,$114.82,$90.78,26.48,$114.97
MLKN,MillerKnoll Inc.,0.009,3,$20.46,0.52,$23.83,$13.34,78.64,$24.71
AVB,AvalonBay Communities,0.009,2,$188.69,0.72,$184.06,$157.12,17.15,$198.63
RJF,Raymond James Financial Inc.,0.009,2,$152.03,0.75,$180.81,$138.33,30.71,$182.73
HPQ,HP Inc.,0.009,2,$21.93,0.49,$30.11,$17.07,76.39,$32.19
MPWR,Monolithic Power Systems,0.009,2,$1382.24,0.76,$1402.01,$795.40,76.26,$1711.48
OCFC,OceanFirst Financial Corp.,0.009,1,,0.77,$19.77,$16.21,21.96,$20.12
HAS,Hasbro Inc.,0.009,1,,0.73,$96.70,$67.83,42.56,$105.38
FR,First Industrial Realty Trust Inc.,0.009,1,,0.76,$62.87,$46.81,34.31,$69.88
CTRN,Citi Trends Inc.,0.009,1,,0.74,$73.91,$29.20,153.12,$77.91
RIOT,Riot Blockchain Inc.,0.009,1,,0.70,$19.02,$11.16,70.43,$30.32
EME,Emcor Group,0.009,1,,0.74,$836.29,$564.01,48.28,$951.47
PSUS,Pershing Square Usa Ltd,0.009,1,,0.77,$40.26,$35.71,12.74,$44.00
MMM,3M Co.,0.008,4,$161.92,0.52,$182.65,$138.62,31.76,$184.90
TROW,T. Rowe Price Group,0.008,3,$113.63,0.30,$110.56,$84.21,31.29,$122.00
BMI,Badger Meter Inc.,0.008,3,$148.38,0.31,$130.82,$111.72,17.10,$202.32
LXU,LSB Industries Inc.,0.008,2,$10.81,0.66,$10.23,$7.51,36.22,$17.22
KT,KT Corp.,0.008,2,$17.28,0.37,$19.12,$17.13,11.62,$24.58
RELX,RELX plc,0.008,2,$31.67,0.61,$34.43,$26.84,28.28,$47.69
BTDR,Bitdeer Technologies Group A,0.008,2,$15.87,0.68,$9.13,$6.92,31.94,$27.80
ITW,Illinois Tool Works,0.008,2,$270.47,0.67,$290.81,$234.38,24.08,$301.92
TTE,TotalEnergies SE,0.008,2,$77.76,0.69,$88.33,$56.15,57.31,$93.00
AD,Array Digital Infrastructure Inc.,0.008,1,,0.67,$35.98,$28.86,24.67,$46.04
HKHGF,Hongkong Land Holdings Ltd,0.008,1,,0.63,$8.63,$5.56,55.22,$8.63
TX,Ternium S.A.,0.008,1,,0.65,$53.81,$29.97,79.55,$55.66
FIGR,Figure Technology Solut Cl A,0.008,1,,0.65,$31.43,$24.11,30.36,$78.00
KRYS,Krystal Biotech Inc.,0.008,1,,0.67,$332.27,$136.73,143.01,$382.54
MMS,MAXIMUS Inc.,0.008,1,,0.64,$55.28,$52.42,5.46,$98.42
KRSP,Rice Acquisition Corp 3 A,0.008,1,,0.67,$10.46,$10.21,2.45,$11.89
BXC,BlueLinx Holdings Inc.,0.008,1,,0.64,$86.52,$44.78,93.21,$93.80
ZD,Ziff Davis Inc.,0.008,1,,0.63,$55.38,$22.45,146.68,$58.06
DMAC,DiaMedica Therapeutics Inc.,0.008,1,,0.68,$6.68,$5.14,29.96,$10.42
AGO,Assured Guaranty Ltd.,0.008,1,,0.63,$76.79,$72.76,5.54,$91.53
IPGP,IPG Photonics Corp.,0.008,1,,0.65,$85.79,$71.38,20.19,$155.82
D,Dominion Energy Inc.,0.008,1,,0.65,$68.77,$54.72,25.68,$72.99
SBSI,Southside Bancshares Inc.,0.008,1,,0.66,$33.08,$25.41,30.18,$36.20
NWG,NatWest Group Plc,0.008,1,,0.67,$19.10,$12.79,49.34,$19.18
CLX,Clorox Co.,0.007,5,$95.44,0.24,$105.70,$83.72,26.25,$125.83
TDY,Teledyne Technologies,0.007,3,$666.90,0.56,$679.67,$483.02,40.71,$697.67
VTV,Vanguard Value ETF,0.007,3,$217.93,0.60,$227.51,$176.31,29.04,$227.69
BTI,British American Tobacco plc,0.007,3,$61.76,0.37,$57.06,$47.79,19.40,$66.38
AXSM,Axsome Therapeutics Inc.,0.007,2,$244.77,0.54,$213.67,$108.04,97.77,$260.19
BAH,Booz Allen Hamilton Hldg Corp.,0.007,2,$60.67,0.56,$77.46,$59.05,31.18,$108.99
ING,ING Group NV,0.007,2,$31.38,0.58,$35.70,$22.47,58.88,$35.87
EQNR,Equinor ASA,0.007,2,$31.40,0.57,$40.77,$21.54,89.28,$42.60
MTD,Mettler-Toledo International Inc.,0.007,2,$1277.67,0.32,$1419.02,$1023.05,38.70,$1525.17
SRTA,Strata Critical Medical Inc.,0.007,2,$5.27,0.58,$5.90,$3.85,53.25,$6.50
TNC,Tennant Co.,0.007,2,$87.54,0.55,$68.59,$59.89,14.53,$91.93
PAYP,Paypay Corp,0.007,1,,0.55,$14.89,$12.07,23.36,$24.89
FSLR,First Solar Inc.,0.007,1,,0.57,$225.56,$179.06,25.97,$320.95
EPAM,EPAM Systems Inc.,0.007,1,,0.54,$100.50,$73.06,37.56,$222.53
GCMG,Gcm Grosvenor Inc Class A,0.007,1,,0.54,$13.86,$9.20,50.65,$14.87
MMSI,Merit Medical Systems Inc.,0.007,1,,0.61,$90.76,$59.74,51.93,$94.75
QMCO,Quantum Corp.,0.007,1,,0.59,$26.11,$4.19,523.15,$27.80
RAL,Ralliant Corp.,0.007,1,,0.54,$72.29,$37.20,94.33,$75.41
EXPD,Expeditors Int'l,0.007,1,,0.55,$186.12,$111.78,66.51,$189.87
VYX,NCR Voyix Corp.,0.007,1,,0.56,$8.16,$6.02,35.55,$13.82
AS,Amer Sports Inc,0.007,1,,0.57,$32.87,$28.92,13.66,$42.76
ANDG,Andersen Group Inc A,0.007,1,,0.61,$48.89,$18.12,169.81,$50.76
TMUS,T-Mobile US Inc.,0.007,1,,0.56,$182.61,$165.66,10.23,$256.72
BLTE,Belite Bio Inc ADR,0.007,1,,0.55,$162.80,$60.00,171.33,$200.00
WLTH,Wealthfront Corp,0.007,1,,0.57,$9.14,$7.20,26.94,$14.88
WVE,Wave Life Sciences Ltd.,0.007,1,,0.54,$5.41,$5.01,7.98,$21.73
UL,Unilever PLC,0.006,5,$60.12,0.22,$62.09,$53.97,15.05,$73.09
RNR,RenaissanceRe Holdings Ltd.,0.006,3,$316.90,0.32,$323.36,$230.19,40.48,$335.97
TIGO,Millicom Intl Cellular S.a.,0.006,3,$90.76,0.39,$93.89,$39.97,134.90,$107.13
QRVO,Qorvo Inc.,0.006,2,$93.27,0.51,$98.11,$74.92,30.95,$109.49
HWKN,Hawkins Inc.,0.006,2,$142.10,0.45,$131.05,$117.50,11.53,$185.12
VLTO,Veralto Corp.,0.006,2,$88.68,0.48,$97.68,$79.91,22.24,$109.53
BEKE,KE Holdings Inc.,0.006,2,$14.53,0.38,$17.01,$13.81,23.17,$20.60
CX,Cemex,0.006,2,$12.00,0.50,$11.06,$8.37,32.14,$13.64
FRFHF,Fairfax Financial Holdings Ltd.,0.006,2,$1677.85,0.31,$1654.59,$1500.00,10.31,$1933.22
KFY,Korn Ferry,0.006,2,$66.58,0.30,$84.19,$57.98,45.21,$85.69
CYD,China Yuchai Intl Ltd.,0.006,2,$47.42,0.51,$45.24,$27.92,62.03,$60.28
PUK,Prudential Plc ADR,0.006,2,$26.81,0.49,$27.88,$24.61,13.29,$33.59
GLOB,Globant S.A.,0.006,2,$28.94,0.33,$37.38,$27.56,35.63,$72.10
PBR.A,Petroleo Brasil Sp Pref ADR,0.006,2,$14.64,0.49,$16.07,$10.47,53.49,$19.88
NGG,National Grid Plc Sp ADR,0.006,1,,0.53,$81.05,$64.85,24.98,$92.22
CART,Maplebear Inc,0.006,1,,0.51,$48.88,$32.73,49.34,$51.06
FND,Floor & Decor Holdings,0.006,1,,0.46,$58.57,$42.64,37.36,$92.41
ZTO,ZTO Express,0.006,1,,0.48,$22.90,$17.19,33.22,$25.97
TWFG,Twfg Inc,0.006,1,,0.53,$26.77,$16.56,61.65,$29.99
WEX,WEX Inc.,0.006,1,,0.47,$191.78,$125.29,53.07,$199.69
SNN,Smith & Nephew plc,0.006,1,,0.49,$29.81,$28.56,4.38,$37.90
PPL,PPL Corp.,0.006,1,,0.49,$36.02,$32.66,10.29,$39.79
MBC,Masterbrand Inc,0.006,1,,0.46,$9.15,$6.61,38.43,$14.22
DINT,Davis Select International,0.006,1,,0.48,$30.18,$25.64,17.71,$30.75
AGL,Agilon Health Inc,0.006,1,,0.46,$96.90,$7.48,1195.45,$133.04
NBIX,Neurocrine Biosciences Inc.,0.006,1,,0.49,$152.72,$122.14,25.04,$186.12
CRAI,CRA International Inc.,0.006,1,,0.47,$168.33,$131.66,27.85,$225.67
THG,Hanover Insurance Group,0.006,1,,0.46,$225.29,$162.15,38.94,$236.07
IT,Gartner Inc.,0.006,1,,0.49,$181.09,$124.25,45.75,$265.85
AIT,Applied Industrial Tech.,0.006,1,,0.53,$361.95,$236.75,52.88,$374.27
DTE,DTE Energy Co.,0.006,1,,0.53,$140.84,$124.26,13.34,$155.75
BCE,BCE Inc.,0.006,1,,0.51,$23.47,$20.87,12.46,$26.12
T,AT&T Inc.,0.005,3,$20.70,0.40,$24.89,$19.63,26.80,$28.75
ARCO,Arcos Dorados Holdings Inc.,0.005,3,$8.06,0.26,$7.91,$6.38,23.98,$9.67
BIL,SPDR Bloomberg 1 3 Month T B,0.005,3,$91.64,0.27,$91.53,$88.23,3.74,$91.54
DCI,Donaldson Co.,0.005,3,$89.77,0.38,$95.95,$72.25,32.80,$112.42
EMR,Emerson Electric,0.005,3,$143.16,0.26,$163.17,$121.73,34.04,$165.79
LPX,Louisiana-Pacific Corp.,0.005,3,$78.66,0.21,$73.89,$65.85,12.21,$99.71
HALO,Halozyme Therapeutics,0.005,2,$78.26,0.45,$98.66,$61.23,61.13,$104.78
IDA,IDACORP Inc. Hldg. Co.,0.005,2,$151.30,0.43,$142.61,$119.22,19.62,$153.97
EQPT,Equipmentshare.com Inc A,0.005,2,$19.66,0.38,$20.63,$15.71,31.32,$35.50
BWXT,BWX Technologies Inc.,0.005,2,$194.65,0.37,$173.22,$156.77,10.49,$241.50
DFNL,Davis Select Financial ETF,0.005,1,,0.45,$53.00,$42.56,24.53,$53.09
FRPH,FRP Holdings Inc.,0.005,1,,0.43,$22.14,$20.53,7.84,$26.75
SION,Sionna Therapeutics Inc,0.005,1,,0.40,$6.46,$4.01,61.10,$54.97
QURE,uniQure NV,0.005,1,,0.38,$48.62,$8.73,456.93,$71.50
SMPL,Simply Good Foods Co.,0.005,1,,0.42,$11.31,$9.88,14.47,$30.36
SMIN,Ishares Msci India Small Cap,0.005,1,,0.42,$71.43,$57.78,23.62,$74.41
SOPH,Sophia Genetics SA,0.005,1,,0.42,$7.50,$3.10,141.94,$7.88
WHR,Whirlpool Corp.,0.005,1,,0.38,$41.37,$35.45,16.70,$94.09
PKG,Packaging Corp. of America,0.005,1,,0.45,$255.48,$187.92,35.95,$259.98
GNE,Genie Energy Ltd.,0.005,1,,0.44,$14.54,$12.56,15.76,$15.95
ORKA,Oruka Therapeutics Inc,0.005,1,,0.41,$111.04,$14.08,688.64,$111.37
CNO,CNO Financial Group Inc.,0.005,1,,0.37,$55.28,$36.75,50.42,$57.59
TAL,TAL Education Group,0.005,1,,0.43,$11.65,$8.88,31.19,$13.37
LKFT,Lakefront Biotherapeutics,0.005,1,,0.37,$27.53,$25.68,7.20,$37.78
DWLD,Davis Select Worldwide ETF,0.005,1,,0.38,$48.04,$41.72,15.15,$49.48
KGS,Kodiak Gas Services Inc,0.005,1,,0.39,$65.35,$31.61,106.74,$77.68
SUN,Sunoco Inc.,0.005,1,,0.43,$75.58,$45.10,67.58,$77.05
SNDX,Syndax Pharmaceuticals Inc.,0.005,1,,0.43,$19.84,$12.99,52.73,$25.59
SARO,Standardaero Inc,0.005,1,,0.41,$27.90,$23.83,17.08,$34.48
MLCO,Melco Resorts & Entertainment,0.005,1,,0.44,$5.60,$5.07,10.45,$10.15
PRG,PROG Holdings Inc.,0.005,1,,0.40,$42.62,$25.57,66.68,$47.73
MEOH,Methanex Corp.,0.005,1,,0.43,$56.12,$31.63,77.43,$66.53
WK,Workiva Inc.,0.005,1,,0.37,$70.51,$43.34,62.69,$97.10
AQN,Algonquin Power & Utilities,0.005,1,,0.39,$5.89,$5.13,14.81,$6.95
SGRY,Surgery Partners Inc.,0.005,1,,0.38,$15.03,$11.41,31.73,$24.10
HAL,Halliburton Co.,0.005,1,,0.39,$34.42,$20.31,69.47,$43.41
HDB,HDFC Bank Ltd.,0.004,5,$25.83,0.12,$23.37,$22.26,4.99,$37.19
VTI,Vanguard Total Stock Mkt ETF,0.004,5,$370.00,0.19,$383.85,$307.65,24.77,$385.12
CCK,Crown Holdings,0.004,4,$111.82,0.19,$119.02,$88.12,35.07,$122.91
HPE,Hewlett Packard Enterprise,0.004,3,$45.11,0.34,$58.71,$19.62,199.24,$64.06
ONB,Old National Bancorp,0.004,3,$25.90,0.22,$27.17,$19.04,42.70,$27.36
LBRDA,Liberty Broadband Corp. CL A,0.004,3,$33.28,0.29,$36.30,$26.14,38.87,$65.40
SMFG,Sumitomo Mitsui Spons ADR,0.004,2,$23.58,0.36,$26.32,$15.18,73.39,$26.67
MDY,SPDR S&P Midcap 400 ETF Trst,0.004,2,$703.33,0.34,$716.91,$563.38,27.25,$717.35
NOVT,Novanta Inc.,0.004,2,$162.28,0.27,$166.58,$98.27,69.51,$176.38
AFL,AFLAC Inc.,0.004,2,$117.24,0.28,$121.45,$102.80,18.14,$130.22
UHAL,U-Haul Holding Co.,0.004,2,$65.44,0.26,$74.21,$41.95,76.90,$76.45
HLI,Houlihan Lokey Inc.,0.004,2,$134.13,0.33,$128.68,$112.83,14.05,$209.24
COO,Cooper Cos Inc,0.004,2,$71.72,0.25,$76.17,$58.89,29.34,$89.83
VIST,"Vista Oil & Gas, S.A.B. de C.V.",0.004,2,$63.80,0.35,$68.31,$31.63,115.97,$81.44
FCN,FTI Consulting Inc.,0.004,1,,0.30,$151.85,$137.65,10.32,$189.30
GLPI,Gaming and Leisure Properties Inc.,0.004,1,,0.32,$43.57,$39.81,9.44,$48.30
ALNY,Alnylam Pharmaceuticals,0.004,1,,0.31,$228.65,$197.81,15.59,$495.55
PCAR,PACCAR Inc.,0.004,1,,0.35,$130.79,$90.03,45.27,$138.87
SDGR,SCHRODINGER Inc.,0.004,1,,0.33,$17.59,$10.95,60.64,$23.02
TCHP,T Rowe Price Blue Chip Growth ETF,0.004,1,,0.31,$51.58,$42.26,22.05,$53.26
PIPR,Piper Sandler Companies,0.004,1,,0.36,$76.50,$68.52,11.65,$93.05
INDA,iShares MSCI India ETF,0.004,1,,0.34,$49.78,$45.21,10.11,$55.50
CCU,Compania Cervecerias Unidas SA,0.004,1,,0.30,$11.79,$10.56,11.65,$15.15
PRDO,Perdoceo Education Corp.,0.004,1,,0.30,$32.01,$26.27,21.85,$38.32
ATKR,Atkore International Group Inc.,0.004,1,,0.30,$93.80,$53.51,75.29,$94.14
COYA,Coya Therapeutics Inc,0.004,1,,0.35,$4.79,$3.71,29.11,$7.75
INBX,Inhibrx,0.004,1,,0.30,$88.37,$22.40,294.51,$155.29
PHVS,Pharvaris NV,0.004,1,,0.36,$35.14,$20.65,70.17,$36.93
SLQT,Selectquote Inc.,0.004,1,,0.32,$0.73,$0.56,30.36,$2.77
AGI,Alamos Gold Inc.,0.004,1,,0.31,$33.36,$25.27,32.01,$55.30
MINE,Mayfair Gold Corp,0.004,1,,0.29,$2.70,$2.16,25.00,$4.88
XEL,Xcel Energy Inc.,0.004,1,,0.29,$79.17,$67.09,18.01,$83.22
BTSG,Brightspring Health Services,0.004,1,,0.32,$61.71,$22.36,175.98,$73.75
PAGS,PagSeguro Digital Ltd.,0.004,1,,0.31,$8.72,$7.88,10.66,$12.03
SFM,Sprouts Farmers Market Inc.,0.004,1,,0.35,$82.50,$64.75,27.41,$152.25
SWIM,Latham Group Inc,0.004,1,,0.32,$7.32,$4.64,57.76,$8.97
JGRW,Jensen Quality Growth ETF,0.004,1,,0.36,$28.48,$23.56,20.88,$28.96
ZM,Zoom Video Communications Inc.,0.004,1,,0.32,$105.96,$70.70,49.87,$114.74
EVLV,Evolv Technologies Holdings,0.004,1,,0.34,$5.80,$4.87,19.10,$8.91
VUG,Vanguard Growth ETF,0.003,6,$86.16,0.13,$89.34,$69.56,28.44,$90.50
SPY,SPDR S&P 500 ETF Trust,0.003,6,$746.85,0.06,$776.34,$626.01,24.01,$779.37
RSP,Invesco S&P 500 Equal Weight,0.003,4,$212.87,0.22,$222.77,$179.92,23.82,$222.96
SNPS,Synopsys Inc.,0.003,4,$446.14,0.16,$421.50,$366.00,15.16,$626.24
VWO,Vanguard FTSE Emerging Marke,0.003,4,$59.69,0.22,$60.11,$49.71,20.92,$61.52
VIG,Vanguard Dividend Apprec ETF,0.003,3,$236.65,0.21,$245.38,$205.20,19.58,$247.45
ALL,Allstate Corp.,0.003,3,$237.94,0.28,$261.41,$185.28,41.09,$277.22
IWM,iShares Russell 2000 ETF,0.003,3,$300.49,0.25,$305.09,$221.39,37.81,$305.18
VO,Vanguard Mid Cap ETF,0.003,2,$80.57,0.25,$84.46,$68.69,22.96,$84.59
COLB,Columbia Banking System Inc.,0.003,2,$32.05,0.20,$32.69,$22.94,42.50,$33.68
ASB,Associated Banc-Corp,0.003,2,$30.77,0.18,$32.33,$23.23,39.17,$32.46
SEIC,SEI Investments,0.003,2,$83.78,0.12,$106.38,$74.64,42.52,$107.00
ALSN,Allison Transmission Holdings,0.003,2,$112.75,0.19,$125.87,$75.38,66.98,$137.28
AYI,Acuity Brands Inc.,0.003,2,$376.66,0.25,$358.43,$256.71,39.62,$379.43
CNXC,Concentrix Corp.,0.003,2,$22.41,0.22,$24.49,$18.81,30.20,$55.22
HAFN,Hafnia Ltd,0.003,2,$6.62,0.21,$7.74,$4.79,61.59,$9.18
BC,Brunswick Corp.,0.003,2,$84.24,0.21,$82.67,$57.57,43.60,$89.29
THO,Thor Industries,0.003,2,$75.17,0.15,$79.00,$69.23,14.11,$121.16
BSY,Bentley Systems Inc Class B,0.003,1,,0.27,$36.24,$28.08,29.06,$56.94
JKHY,Jack Henry & Associates Inc.,0.003,1,,0.26,$153.31,$121.04,26.66,$191.83
GIII,G-III Apparel Group,0.003,1,,0.22,$33.90,$24.45,38.65,$37.54
RCL,Royal Caribbean Cruises Ltd.,0.003,1,,0.21,$305.00,$230.90,32.09,$360.34
TRMLF,Tourmaline Oil Corp,0.003,1,,0.23,$42.71,$38.60,10.65,$50.79
BMM,Blue Moon Metals Inc,0.003,1,,0.28,$4.82,$3.47,38.90,$8.63
CGAU,Centerra Gold Inc,0.003,1,,0.22,$21.51,$6.88,212.65,$22.30
LBRT,Liberty Oilfield Services Inc.,0.003,1,,0.21,$22.01,$9.79,124.82,$34.38
L,Loews Corp.,0.003,1,,0.27,$113.03,$94.14,20.07,$121.01
PS,Pershing Square Inc.,0.003,1,,0.24,$40.83,$21.93,86.18,$54.75
SMRT,SmartRent Inc.,0.003,1,,0.24,$1.49,$0.91,63.74,$2.20
FBAK,First National Bank Alaska,0.003,1,,0.26,$202.54,$165.01,22.74,$211.60
GLDM,SPDR Gold Minishares Trust,0.003,1,,0.22,$86.58,$65.64,31.90,$109.74
HGTY,Hagerty Inc.,0.003,1,,0.27,$12.97,$9.36,38.57,$14.00
OVV,Ovintiv Inc.,0.003,1,,0.21,$63.02,$34.83,80.94,$64.61
LESL,Leslie's Inc.,0.003,1,,0.24,$0.65,$0.63,3.17,$12.53
VSTM,Verastem Inc.,0.003,1,,0.27,$6.58,$3.43,91.84,$11.25
OGC,Oceanagold Corp,0.003,1,,0.25,$28.60,$16.11,77.53,$43.10
PLOW,Douglas Dynamics,0.003,1,,0.22,$42.28,$27.89,51.60,$55.00
LEGH,Legacy Housing Corp.,0.003,1,,0.24,$29.33,$18.29,60.36,$31.34
NTB,Bank of N.T. Butterfield & Son Ltd,0.003,1,,0.26,$63.91,$39.10,63.45,$64.17
MO,Altria Group Inc.,0.002,5,$71.95,0.12,$65.70,$53.01,23.94,$77.06
IWD,Ishares Russell 1000 Value E,0.002,4,$244.40,0.12,$258.57,$194.59,32.88,$259.30
AMT,American Tower Corp.,0.002,3,$163.57,0.09,$175.58,$160.06,9.70,$206.80
AIR,AAR Corp.,0.002,3,$142.94,0.11,$145.25,$71.67,102.66,$154.00
AEBI,Aebi Schmidt Holding Ag,0.002,3,$12.55,0.16,$12.71,$8.89,42.97,$15.90
ACWI,iShares MSCI ACWI ETF,0.002,3,$156.97,0.16,$162.29,$129.53,25.29,$162.80
APLD,Applied Digital Corp,0.002,3,$37.30,0.14,$31.20,$13.16,137.08,$50.73
NUE,Nucor Corp.,0.002,3,$222.78,0.14,$268.91,$130.11,106.68,$280.11
OEC,Orion SA,0.002,3,$6.63,0.09,$6.44,$4.28,50.47,$10.73
SNA,Snap-On Inc.,0.002,2,$402.37,0.12,$403.56,$312.04,29.33,$423.02
PLXS,Plexus Corp.,0.002,2,$300.67,0.11,$267.41,$126.86,110.79,$307.06
ERO,Ero Copper Corp,0.002,2,$26.74,0.19,$33.80,$13.37,152.80,$39.80
HONA,Honeywell Aerospace Inc,0.002,2,$221.08,0.20,$166.36,$150.03,10.88,$266.62
HUN,Huntsman Corp.,0.002,2,$10.62,0.16,$10.30,$7.15,44.06,$16.09
MANH,Manhattan Associates,0.002,2,$139.25,0.18,$197.39,$119.06,65.79,$220.59
RF,Regions Financial Corp.,0.002,2,$30.20,0.16,$31.90,$22.04,44.74,$32.47
MX,MagnaChip Semiconductor Corp.,0.002,2,$4.73,0.19,$3.81,$2.18,74.77,$9.86
SMHI,SEACOR Marine Holdings Inc.,0.002,2,$7.65,0.18,$9.86,$5.55,77.66,$9.88
LPG,Dorian LPG Ltd,0.002,2,$34.79,0.11,$47.37,$22.18,113.57,$47.88
IBN,ICICI Bank Ltd.,0.002,2,$29.03,0.14,$29.74,$24.87,19.58,$33.11
CECO,CECO Environmental Corp.,0.002,2,$90.74,0.11,$79.59,$42.78,86.04,$101.24
FIX,Comfort Systems USA Inc.,0.002,2,$1981.92,0.20,$1774.06,$654.62,171.01,$2072.10
NUVB,Nuvation Bio Inc.,0.002,2,$5.68,0.13,$6.22,$2.57,142.02,$9.75
PAAS,Pan American Silver Corp.,0.002,2,$44.79,0.18,$47.42,$30.29,56.55,$69.58
TD,Toronto-Dominion Bank,0.002,2,$121.55,0.13,$124.36,$70.42,76.60,$124.87
IWN,Ishares Russell 2000 Value E,0.002,2,$221.16,0.17,$227.43,$162.17,40.24,$227.86
HLT,Hilton Worldwide Holdings,0.002,2,$311.12,0.11,$327.21,$253.16,29.25,$358.00
MTDR,Matador Resources Co.,0.002,2,$49.79,0.14,$53.69,$35.98,49.22,$65.88
VALE,Vale SA,0.002,2,$15.04,0.19,$13.63,$9.09,49.94,$17.45
VREX,Varex Imaging Corp.,0.002,2,$10.43,0.13,$18.49,$9.09,103.41,$18.63
MOAT,Vaneck Morningstar Wide Moat,0.002,1,,0.14,$113.64,$94.07,20.80,$114.42
WB,Weibo Corp.,0.002,1,,0.18,$7.67,$7.09,8.18,$12.11
ADNT,Adient plc,0.002,1,,0.20,$20.38,$17.68,15.27,$27.32
BULL,Webull Corp,0.002,1,,0.18,$8.04,$4.50,78.67,$17.08
FSM,Fortuna Mining Corp.,0.002,1,,0.19,$10.67,$6.89,54.86,$13.85
SEDG,SolarEdge Technologies Inc.,0.002,1,,0.18,$32.42,$25.12,29.06,$81.25
RCI,Rogers Communications Inc.,0.002,1,,0.18,$36.44,$31.38,16.12,$40.38
XLE,Energy Select Sector SPDR,0.002,1,,0.15,$61.91,$41.00,51.00,$63.01
GDXJ,Vaneck Junior Gold Miners,0.002,1,,0.20,$118.09,$69.58,69.72,$157.49
VSS,Vanguard FTSE All Wo X Us Sc,0.002,1,,0.14,$159.94,$132.72,20.51,$162.02
CNP,CenterPoint Energy,0.002,1,,0.20,$40.83,$36.00,13.42,$45.26
HTZ,Hertz Global Hldgs Inc.,0.002,1,,0.17,$2.24,$1.45,54.48,$8.18
HR,Healthcare Realty Trust Inc.,0.002,1,,0.13,$19.25,$15.43,24.76,$21.77
EVTC,EVERTEC Inc.,0.002,1,,0.19,$31.57,$21.73,45.28,$37.11
IDCC,InterDigital Inc.,0.002,1,,0.13,$343.65,$248.51,38.28,$409.73
BUDFF,Anheuser Busch Inbev SA NV,0.002,1,,0.16,$79.62,$57.09,39.46,$86.78
WGO,Winnebago Industries Inc.,0.002,1,,0.16,$31.55,$26.80,17.72,$49.03
MORN,Morningstar Inc.,0.002,1,,0.15,$207.41,$141.06,47.04,$263.33
AMTM,Amentum Holdings Inc.,0.002,1,,0.17,$21.47,$19.80,8.43,$38.11
MMI,Marcus & Millichap Inc.,0.002,1,,0.20,$31.58,$24.20,30.50,$33.04
WSFS,WSFS Financial Corp.,0.002,1,,0.20,$81.66,$49.37,65.40,$82.74
RERE,AiHuiShou International Co. Ltd. ADS,0.002,1,,0.16,$4.55,$3.50,30.00,$6.32
BNTX,Biontech Se ADR,0.002,1,,0.18,$93.09,$79.52,17.06,$124.00
HTLD,Heartland Express,0.002,1,,0.16,$12.79,$6.96,83.76,$16.61
ORIC,ORIC Pharmaceuticals Inc.,0.002,1,,0.16,$13.87,$7.23,91.84,$14.93
CLFD,Clearfield Inc.,0.002,1,,0.14,$28.79,$23.76,21.17,$52.73
GENI,Genius Sports Ltd,0.002,1,,0.16,$8.38,$3.83,118.80,$13.73
LAB,Standard Biotools Inc,0.002,1,,0.14,$0.71,$0.70,1.43,$1.72
MSM,MSC Industrial Direct,0.002,1,,0.13,$123.82,$76.68,61.48,$130.46
PSLV,Sprott Physical Silver Trust,0.002,1,,0.15,$21.08,$12.61,67.17,$38.13
EMBC,Embecta Corp,0.002,1,,0.17,$5.10,$2.76,84.78,$15.08
NSSC,Napco Security Technologies Inc.,0.002,1,,0.17,$38.32,$29.46,30.07,$47.60
KOP,Koppers Holdings Inc.,0.002,1,,0.14,$47.14,$24.82,89.93,$53.00
SHOE,Shoe Carnival Inc.,0.002,1,,0.13,$15.24,$14.00,8.86,$25.61
PFG,Principal Financial Group,0.002,1,,0.13,$113.98,$74.42,53.16,$116.61
NOG,Northern Oil and Gas Inc.,0.002,1,,0.16,$24.50,$17.18,42.61,$29.99
SCSC,ScanSource Inc.,0.002,1,,0.17,$53.19,$33.76,57.55,$59.60
RUSHB,Rush Enterprises Inc. - CL B,0.002,1,,0.16,$80.27,$47.43,69.24,$81.52
NTNX,Nutanix Inc.,0.002,1,,0.20,$66.61,$34.01,95.85,$82.42
NOK,Nokia Corp.,0.002,1,,0.20,$10.76,$4.08,163.73,$17.36
SPRY,Ars Pharmaceuticals Inc,0.002,1,,0.18,$5.65,$4.91,15.07,$15.09
HXL,Hexcel Corp.,0.002,1,,0.14,$104.07,$59.56,74.73,$111.54
MBUU,Malibu Boats Inc.,0.002,1,,0.14,$29.33,$23.84,23.03,$39.65
BRKR,Bruker Corp.,0.002,1,,0.15,$57.70,$28.39,103.24,$65.30
IVVD,Invivyd Inc.,0.002,1,,0.15,$0.72,$0.48,50.00,$3.07
TRP,TC Energy,0.002,1,,0.17,$64.02,$47.80,33.93,$70.90
DOCN,DigitalOcean Holdings Inc.,0.002,1,,0.14,$129.92,$29.62,338.62,$187.50
WU,Western Union Co.,0.002,1,,0.16,$7.45,$6.27,18.82,$9.78
FNDF,Schwab Fndmn Intl Lrg Co ETF,0.002,1,,0.15,$55.66,$40.05,38.98,$55.85
ZIM,Zim Integrated Shipping Serv,0.002,1,,0.20,$28.14,$11.75,139.49,$29.30
DMRA,Damora Therapeutics Inc.,0.002,1,,0.17,$31.04,$2.45,1166.94,$38.33
SABR,Sabre Corp.,0.002,1,,0.14,$2.23,$0.81,175.31,$2.30
GT,Goodyear Tire & Rubber,0.002,1,,0.13,$6.11,$5.43,12.52,$10.62
BTE,Baytex Energy Corp.,0.002,1,,0.14,$4.37,$1.90,130.00,$5.34
LILA,Liberty LiLAC Group A,0.002,1,,0.17,$8.62,$4.73,82.24,$8.90
AEG,Aegon Ltd,0.002,1,,0.20,$9.45,$6.56,44.05,$9.61
VT,Vanguard Tot World Stk ETF,0.001,4,$156.95,0.07,$162.25,$129.59,25.20,$162.71
APA,APA Corp.,0.001,3,$32.57,0.06,$40.47,$19.29,109.80,$45.04
JBTM,JBT Marel Corp.,0.001,3,$144.99,0.09,$120.18,$113.58,5.81,$169.95
CAH,Cardinal Health Inc.,0.001,3,$237.56,0.09,$235.17,$144.37,62.89,$258.30
OTIS,Otis Worldwide Corp.,0.001,3,$71.61,0.07,$72.63,$68.74,5.66,$93.43
VECO,Veeco Instruments,0.001,3,$75.80,0.06,$52.40,$23.31,124.80,$86.63
HRI,HERC Holdings Inc.,0.001,3,$143.35,0.04,$173.51,$88.00,97.17,$186.52
QQQ,Invesco Qqq Trust Series 1,0.001,3,$736.46,0.09,$731.07,$554.99,31.73,$747.83
MPC,Marathon Petroleum Corp.,0.001,3,$255.59,0.08,$355.42,$157.78,125.26,$360.10
AEIS,Advanced Energy Industries,0.001,3,$372.88,0.06,$330.26,$143.13,130.74,$397.32
CW,Curtiss-Wright Corp.,0.001,3,$758.31,0.05,$699.31,$464.78,50.46,$808.16
XLK,Technology Select Sect SPDR,0.001,3,$190.45,0.04,$190.01,$126.53,50.17,$198.49
FTK,Flotek Industries Inc.,0.001,2,$23.52,0.04,$35.83,$10.95,227.21,$39.67
WMG,Warner Music Group Corp. CL A,0.001,2,$27.07,0.06,$25.65,$23.21,10.51,$35.23
SITM,SiTime Corp.,0.001,2,$745.53,0.04,$711.91,$204.61,247.94,$901.81
UCTT,Ultra Clean Holdings Inc.,0.001,2,$142.59,0.08,$84.93,$21.49,295.21,$144.22
GLBAV-OLD,GCI Liberty Inc. Series A,0.001,2,$21.90,0.08,,,,
ZGN,Ermenegildo Zegna Nv,0.001,2,$13.02,0.04,$13.76,$7.77,77.09,$15.95
HOFT,Hooker Furniture Corp.,0.001,2,$17.83,0.08,$14.67,$8.38,75.06,$18.09
ASTE,Astec Industries,0.001,2,$61.20,0.03,$43.28,$40.16,7.77,$65.33
RKLB,Rocket Lab Corp.,0.001,2,$101.58,0.07,$80.25,$37.57,113.60,$151.00
JOYY,JOYY Inc.,0.001,2,$65.99,0.08,$73.02,$44.97,62.37,$76.68
SIMO,Silicon Motion Technol ADR,0.001,2,$333.35,0.07,$268.90,$70.38,282.07,$354.28
ATRO,Astronics Corp.,0.001,2,$81.26,0.03,$93.45,$32.87,184.30,$99.89
EQIX,Equinix Inc.,0.001,2,$1042.41,0.09,$1102.10,$713.19,54.53,$1124.00
LASR,nLight Inc.,0.001,2,$69.62,0.08,$52.60,$24.87,111.50,$86.95
VICR,Vicor Corp.,0.001,2,$379.84,0.05,$234.74,$45.44,416.59,$382.65
CM,Can Imperial Bk Of Commerce,0.001,2,$115.10,0.10,$123.74,$70.29,76.04,$123.76
CLS,Celestica Inc,0.001,2,$364.81,0.08,$335.05,$173.23,93.41,$474.03
BWA,BorgWarner Inc.,0.001,2,$66.40,0.04,$68.66,$40.13,71.09,$78.82
HL,Hecla Mining Co.,0.001,2,$15.41,0.06,$18.37,$7.39,148.58,$34.16
VPG,Vishay Precision Group,0.001,2,$149.92,0.04,$72.72,$26.74,171.95,$151.78
FFIV,F5 Networks,0.001,2,$415.93,0.08,$403.20,$223.76,80.19,$435.00
ONTO,Onto Innovation Inc.,0.001,2,$378.43,0.05,$331.71,$101.00,228.43,$386.46
AMN,AMN Healthcare Services,0.001,2,$32.36,0.09,$34.50,$14.97,130.46,$37.22
FTI,TechnipFMC plc,0.001,2,$66.26,0.05,$78.61,$34.18,129.99,$79.23
MAMA,Mama's Creations Inc,0.001,2,$17.85,0.04,$17.25,$7.90,118.35,$21.00
BKH,Black Hills,0.001,2,$74.40,0.07,$74.29,$56.42,31.67,$77.95
SHG,Shinhan Financial Group Company,0.001,2,$63.25,0.12,$75.36,$46.26,62.91,$77.54
PLTR,Palantir Technologies Inc.,0.001,2,$116.72,0.04,$174.04,$106.37,63.62,$207.52
BTG,B2Gold Corp.,0.001,2,$3.75,0.06,$5.14,$3.57,43.98,$6.23
TALO,Talos Energy Inc.,0.001,2,$12.91,0.05,$15.77,$8.04,96.14,$17.05
BSM,Black Stone Minerals L.P.,0.001,2,$13.97,0.09,$14.36,$10.79,33.09,$14.81
RXO,Rxo Inc,0.001,2,$27.60,0.06,$23.52,$10.43,125.50,$29.90
DOV,Dover Corp.,0.001,2,$224.29,0.05,$207.07,$157.78,31.24,$236.42
MRVI,Maravai LifeSciences Holdings Inc.,0.001,2,$6.24,0.07,$5.70,$2.28,150.00,$7.44
GHM,Graham Corp.,0.001,2,$123.78,0.04,$113.99,$46.58,144.72,$125.82
DLO,DLocal Ltd,0.001,2,$13.00,0.05,$14.17,$10.46,35.47,$16.50
DPZ,Dominos Pizza Inc.,0.001,2,$295.99,0.08,$346.27,$282.00,22.79,$460.13
ROST,Ross Stores Inc.,0.001,2,$212.84,0.09,$245.36,$142.48,72.21,$257.00
LTH,Life Time Group Holdings Inc,0.001,2,$40.84,0.06,$45.26,$24.14,87.49,$47.24
RDNT,RadNet Inc.,0.001,2,$61.67,0.08,$76.35,$50.82,50.24,$85.84
LEVI,Levi Strauss & Co.,0.001,2,$24.83,0.08,$22.55,$17.50,28.86,$25.70
JHX,James Hardie Industries PLC,0.001,2,$26.18,0.06,$31.04,$16.46,88.58,$31.36
IEUR,iShares Core MSCI Europe ETF,0.001,1,,0.08,$78.24,$63.42,23.37,$78.55
NPO,EnPro Industries,0.001,1,,0.06,$343.34,$201.26,70.60,$390.42
ENOV,Enovis Corp.,0.001,1,,0.05,$26.06,$19.14,36.15,$34.28
BRX,Brixmor Property Group Inc.,0.001,1,,0.06,$29.98,$23.87,25.60,$32.86
TBI,TrueBlue Inc.,0.001,1,,0.06,$10.23,$3.18,221.70,$10.74
HVT,Haverty Furniture,0.001,1,,0.12,$28.79,$19.04,51.21,$29.83
ASGN,ASGN Inc.,0.001,1,,0.12,,,,
WWD,Woodward Inc.,0.001,1,,0.05,$370.56,$232.66,59.27,$450.92
COHU,Cohu Inc.,0.001,1,,0.07,$59.30,$18.67,217.62,$74.60
UVV,Universal Corp.,0.001,1,,0.06,$44.77,$44.47,0.67,$57.51
TSCO,Tractor Supply,0.001,1,,0.07,$35.83,$28.36,26.34,$61.84
MINN,Mairs & Power Mn Muni Bond,0.001,1,,0.10,$22.13,$21.01,5.33,$22.91
PLAY,Dave & Buster's Ent. Inc.,0.001,1,,0.08,$10.19,$9.40,8.40,$26.67
EWJ,iShares MSCI Japan ETF,0.001,1,,0.05,$98.21,$74.19,32.38,$98.79
CRCL,Circle Internet Group Inc,0.001,1,,0.07,$71.60,$49.90,43.49,$159.47
BATL,Battalion Oil Corp.,0.001,1,,0.10,$1.38,$1.00,38.00,$29.70
CDP,Copt Defense Properties,0.001,1,,0.05,$36.95,$26.26,40.71,$38.90
HELE,Helen of Troy Ltd.,0.001,1,,0.06,$30.22,$13.85,118.19,$30.68
GWW,W.W. Grainger Inc.,0.001,1,,0.09,$1322.64,$901.22,46.76,$1417.14
PATK,Patrick Industries Inc.,0.001,1,,0.08,$86.06,$81.29,5.87,$147.22
PHIN,PHINIA Inc.,0.001,1,,0.09,$74.49,$50.13,48.59,$86.94
KNF,Knife River Corp.,0.001,1,,0.10,$66.40,$58.72,13.08,$96.28
SEI,Solaris Energy Infrastructure Inc.,0.001,1,,0.06,$63.30,$24.32,160.28,$86.19
HTZWW,Hertz Global Hldgs Inc. WTS,0.001,1,,0.09,$1.12,$0.70,60.00,$4.13
BTAI,Bioxcel Therapeutics Inc,0.001,1,,0.05,$1.19,$0.74,60.81,$6.85
FPAS,Fpa Short Duration Govt ETF,0.001,1,,0.05,$24.50,$24.10,1.66,$25.00
EWT,Ishares Msci Taiwan ETF,0.001,1,,0.05,$107.07,$55.03,94.57,$112.78
CUZ,Cousins Properties,0.001,1,,0.07,$29.70,$20.52,44.74,$32.95
FPAG,Fpa Global Equity ETF New,0.001,1,,0.07,$42.79,$34.34,24.61,$43.56
KSA,Ishrs Msci Saudi Arabia ETF,0.001,1,,0.07,$37.83,$35.27,7.26,$40.39
MOD,Modine Mfg.,0.001,1,,0.07,$209.50,$111.18,88.43,$323.25
MGPI,MGP Ingredients Inc.,0.001,1,,0.11,$17.72,$15.62,13.44,$29.86
URA,Global X Uranium ETF,0.001,1,,0.05,$44.93,$34.02,32.07,$62.28
XOP,SPDR S&P Oil & Gas Exploration & Production ETF,0.001,1,,0.09,$180.49,$119.40,51.16,$189.43
VYMI,Vanguard Int High Dvd Yld In,0.001,1,,0.08,$104.63,$79.89,30.97,$105.30
PDLB,Ponce Financial Group Inc.,0.001,1,,0.05,$20.76,$13.91,49.25,$20.97
INFY,Infosys Ltd.,0.001,1,,0.06,$12.09,$10.30,17.38,$29.37
LINC,Lincoln Educational Services Corp.,0.001,1,,0.05,$29.94,$17.29,73.16,$56.34
ESGD,Ishares Trust Ishares Esg Aw,0.001,1,,0.05,$107.72,$86.38,24.70,$108.00
POWL,Powell Industries,0.001,1,,0.07,$213.48,$78.37,172.40,$327.89
SPSM,Ss SPDR P S&P 600 Small Cap,0.001,1,,0.08,$58.48,$43.14,35.56,$58.60
BWLP,Bw Lpg Ltd,0.001,1,,0.09,$22.62,$10.58,113.80,$22.77
SVC,Service Properties Trust,0.001,1,,0.09,$8.13,$5.58,45.70,$14.73
CIFR,Cipher Mining Inc,0.001,1,,0.09,$17.86,$5.00,257.20,$30.14
RCKT,Rocket Pharmaceuticals Inc.,0.001,1,,0.12,$3.47,$2.53,37.15,$5.45
KEY,KeyCorp,0.001,1,,0.11,$23.31,$15.97,45.96,$24.07
LYG,Lloyds TSB Grp Plc ADR,0.001,1,,0.07,$6.21,$4.05,53.33,$6.25
ABVX,Abivax SA ADR,0.001,1,,0.05,$118.96,$67.15,77.16,$148.83
SPG,Simon Property Group Inc.,0.001,1,,0.05,$219.58,$163.45,34.34,$238.50
ABCB,Ameris Bancorp,0.001,1,,0.05,$89.77,$68.22,31.59,$93.22
TWST,Twist Bioscience Corp.,0.001,1,,0.05,$118.57,$23.30,408.88,$126.40
UVSP,Univest Financial Corp.,0.001,1,,0.11,$43.16,$27.34,57.86,$45.22
MYE,Myers Indus,0.001,1,,0.08,$33.00,$15.25,116.39,$37.45
SONY,Sony Group Corp.,0.001,1,,0.05,$24.29,$19.32,25.72,$30.34
LW,Lamb Weston Hldgs Inc.,0.001,1,,0.12,$53.07,$37.02,43.35,$65.06
GBCI,Glacier Bancorp,0.001,1,,0.05,$49.93,$39.06,27.83,$54.58
SDY,SPDR S&P Dividend ETF,0.001,1,,0.05,$158.53,$132.64,19.52,$160.29
IMVT,Immunovant Inc.,0.001,1,,0.09,$41.82,$14.47,189.01,$42.92
CEF,Sprott Physical Gold And Sil,0.001,1,,0.05,$44.53,$30.58,45.62,$61.38
PSA,Public Storage,0.001,1,,0.05,$325.93,$251.62,29.53,$335.55
INFQ,Infleqtion Inc,0.001,1,,0.08,$12.86,$8.52,50.94,$21.28
YOU,Clear Secure Inc.,0.001,1,,0.06,$45.45,$29.03,56.56,$69.07
ADMA,ADMA Biologics Inc.,0.001,1,,0.10,$9.47,$7.21,31.35,$20.46
AMPX,Amprius Technologies Inc,0.001,1,,0.06,$12.51,$6.36,96.70,$24.23
HNGE,Hinge Health Inc A,0.001,1,,0.06,$88.49,$30.08,194.18,$93.13
DNA,Ginkgo Bioworks Holdings Inc.,0.001,1,,0.10,$6.79,$5.37,26.44,$17.58
STGW,Stagwell Inc.,0.001,1,,0.11,$9.12,$4.29,112.59,$9.55
VONG,Vanguard Russell 1000 Growth,0.001,1,,0.12,$129.00,$105.09,22.75,$132.77
HUBG,Hub Group 'A',0.001,1,,0.05,$40.30,$32.65,23.43,$52.92
SPYX,SPDR S&P 500 Fossil Fuel Res,0.001,1,,0.07,$63.65,$51.17,24.39,$63.96
QCRH,QCR Holdings Inc.,0.001,1,,0.08,$106.56,$66.45,60.36,$108.11
BHE,Benchmark Electronics,0.001,1,,0.06,$81.75,$35.59,129.70,$100.41
DIA,SPDR Djia Trust,0.001,1,,0.05,$536.80,$439.52,22.13,$546.75
QNT,Quantinuum Inc A,0.001,1,,0.07,$63.59,$47.06,35.13,$86.79
CDLX,Cardlytics Inc.,0.001,1,,0.11,$4.23,$3.49,21.20,$32.80
TPC,Tutor Perini Corp.,0.001,1,,0.05,$96.82,$53.70,80.30,$102.30
RYCEY,Rolls Royce Holdings Sp ADR,0.001,1,,0.07,$20.60,$13.14,56.77,$21.19
LDOS,Leidos Holdings,0.001,1,,0.07,$143.83,$98.86,45.49,$204.08
BELFB,Bel Fuse Inc. CL B,0.001,1,,0.09,$290.08,$124.25,133.46,$335.20
SCHB,Schwab Us Broad Market ETF,0.001,1,,0.07,$30.05,$24.12,24.59,$30.15
RRC,Range Resources Corp.,0.001,1,,0.05,$40.32,$32.28,24.91,$48.18
VGK,Vanguard FTSE Europe ETF,0.001,1,,0.06,$92.37,$74.72,23.62,$92.85
M,Macy's Inc.,0.001,1,,0.06,$23.41,$12.19,92.04,$26.59
DCO,Ducommun Inc.,0.001,1,,0.05,$206.98,$84.76,144.20,$210.39
TRVI,Trevi Therapeutics Inc.,0.001,1,,0.08,$18.46,$6.93,166.38,$20.22
ALRS,Alerus Financial Corp.,0.001,1,,0.06,$33.67,$19.80,70.05,$34.40
EHC,Encompass Health Corp.,0.001,1,,0.10,$123.59,$92.41,33.74,$127.50
EAF,GrafTech International Ltd.,0.001,1,,0.08,$7.61,$4.92,54.67,$20.32
EEM,Ishares Msci Emerging Market,0.001,1,,0.06,$66.61,$48.40,37.62,$71.57
OBT,Orange County Bancorp Inc,0.001,1,,0.05,$39.19,$22.84,71.58,$40.10
HII,Huntington Ingalls Industries,0.001,1,,0.06,$327.71,$258.30,26.87,$458.02
ALT,Altimmune Inc.,0.001,1,,0.06,$2.94,$2.56,14.84,$6.44
NNBR,NN Inc.,0.001,1,,0.05,$3.90,$1.10,254.55,$4.48
FRVO,Fervo Energy Co A,0.001,1,,0.06,$19.76,$16.89,16.99,$42.65
ALGT,Allegiant Travel Company,0.001,1,,0.05,$85.75,$53.70,59.68,$123.63
DOC,Healthpeak Properties Inc.,0.001,1,,0.06,$20.79,$15.12,37.50,$22.95
DRH,DiamondRock Hospitality Co.,0.001,1,,0.10,$12.36,$7.25,70.48,$13.79
UNFI,United Natural Foods,0.001,1,,0.05,$48.42,$25.97,86.45,$57.02
H,Hyatt Hotels Corp.,0.001,1,,0.08,$180.98,$133.82,35.24,$206.86
REAL,RealReal Inc.,0.001,1,,0.05,$11.40,$7.21,58.11,$17.39
FROG,JFrog Ltd,0.001,1,,0.07,$96.17,$34.05,182.44,$99.22
AMBA,Ambarella Inc.,0.001,1,,0.10,$82.04,$48.30,69.86,$96.69
CCJ,Cameco Corp.,0.001,1,,0.06,$97.74,$68.77,42.13,$135.24
WTFC,Wintrust Financial Corp.,0.001,1,,0.09,$162.47,$117.89,37.81,$166.65
GCO,Genesco Inc.,0.001,1,,0.11,$35.19,$21.93,60.47,$43.60
NSP,Insperity Inc.,0.001,1,,0.06,$52.20,$18.24,186.18,$55.90
VSH,Vishay Intertechnology,0.001,1,,0.07,$35.08,$11.60,202.41,$69.47
CIB,Grupo Cibest SA ADR,0.001,1,,0.12,$96.37,$46.71,106.32,$100.74
ARTV,Artiva Biotherapeutics Inc,0.001,1,,0.07,$11.45,$2.22,415.77,$14.53
DOCS,Doximity Inc.,0.001,1,,0.10,$24.80,$17.15,44.61,$76.51
PEYUF,Peyto Exploration & Development Corp.,0.001,1,,0.11,$17.54,$12.33,42.25,$20.78
NG,NovaGold Resources,0.001,1,,0.07,$7.94,$5.08,56.30,$14.40
USNA,USANA Health Sciences,0.001,1,,0.08,$13.37,$13.31,0.45,$32.32
AEHR,Aehr Test Systems,0.001,1,,0.05,$134.06,$16.38,718.44,$147.40
ENB,Enbridge Inc.,0.001,1,,0.07,$50.91,$43.08,18.18,$57.66
IESC,IES Holdings Inc.,0.001,1,,0.05,$756.18,$309.51,144.32,$816.51
CBOE,CBOE Holdings Inc.,0.001,1,,0.08,$296.14,$227.15,30.37,$370.40
MTRN,Materion Corp.,0.001,1,,0.06,$283.14,$107.43,163.56,$304.58
FINV,Finvolution Group ADR,0.001,1,,0.12,$4.38,$4.24,3.30,$9.15
BZH,Beazer Homes USA,0.001,1,,0.12,$33.10,$17.83,85.64,$34.54
VRM,Vroom Inc,0.001,1,,0.11,$10.85,$6.80,59.56,$30.00
GIS,General Mills,0.000,3,$34.80,0.02,$39.20,$31.21,25.60,$48.32
KB,Kb Financial Group Inc ADR,0.000,3,$104.97,0.03,$119.95,$76.31,57.19,$125.66
CPA,Copa Holdings SA,0.000,3,$155.53,0.03,$135.87,$106.15,28.00,$160.47
OUT,Outfront Media Inc.,0.000,3,$32.76,0.02,$30.24,$16.42,84.17,$34.63
SANM,Sanmina Corp.,0.000,3,$253.04,0.01,$210.84,$108.37,94.56,$288.68
FORM,FormFactor Inc.,0.000,3,$159.91,0.03,$131.60,$27.00,387.41,$160.27
VB,Vanguard Small Cap ETF,0.000,3,$302.93,0.03,$309.29,$238.70,29.57,$309.51
CAMT,Camtek Ltd,0.000,2,$163.15,0.01,$165.38,$75.75,118.32,$215.99
DGII,Digi International,0.000,2,$74.95,0.03,$85.12,$32.07,165.42,$86.84
LITE,Lumentum Holdings Inc.,0.000,2,$858.53,0.01,$926.14,$111.20,732.86,$1085.68
MEC,Mayville Engineering Co. Inc.,0.000,2,$37.46,0.02,$24.09,$12.25,96.65,$38.76
MTSI,MACOM Technology Solutions Hldg,0.000,2,$380.48,0.01,$316.44,$118.28,167.53,$418.90
VV,Vanguard Large Cap ETF,0.000,2,$341.77,0.01,$357.72,$288.27,24.09,$359.22
WOLF,Wolfspeed Inc.,0.000,2,$48.27,0.02,$31.79,$1.16,2640.52,$80.82
FTAI,FTAI Aviation Ltd.,0.000,2,,0.00,$217.13,$137.00,58.49,$321.70
UTZ,Utz Brands Inc.,0.000,2,$7.70,0.02,$14.17,$6.72,110.86,$14.19
VEU,Vanguard FTSE All World ex US ETF,0.000,2,$83.76,0.01,$85.68,$66.53,28.78,$85.97
VICI,VICI Properties Inc.,0.000,2,$26.55,0.02,$26.36,$25.82,2.09,$31.85
AWK,American Water Works Inc.,0.000,2,$131.60,0.01,$136.20,$118.81,14.64,$143.94
BRC,Brady Corp.,0.000,2,$91.57,0.01,$94.14,$70.38,33.76,$99.25
MOS,Mosaic Co.,0.000,2,$21.19,0.03,$21.61,$19.80,9.14,$35.99
SKYT-OLD,Skywater Technology Inc,0.000,2,,0.00,$32.49,$8.49,282.69,$39.93
ACLS,Axcelis Technologies,0.000,2,$189.45,0.02,$140.15,$73.60,90.42,$193.78
VGT,Vanguard Info Tech ETF,0.000,2,$120.00,0.02,$122.56,$82.99,47.68,$125.85
CAKE,Cheesecake Factory,0.000,2,$79.54,0.02,$113.38,$42.54,166.53,$118.46
AXGN,AxoGen Inc.,0.000,2,$46.19,0.03,$48.73,$13.64,257.26,$49.93
ACWX,iShares MSCI ACWI EX U.S. ETF,0.000,2,$76.11,0.02,$77.87,$60.24,29.27,$78.16
KAR,KAR Auction Services,0.000,2,$41.24,0.02,$30.88,$17.08,80.80,$30.98
CVLG,Covenant Transportation Group Inc. CL A,0.000,2,$44.18,0.03,$34.90,$17.87,95.30,$49.88
SMTC,Semtech Corp.,0.000,2,$161.84,0.02,$140.35,$46.02,204.98,$177.35
THC,Tenet Healthcare Corp.,0.000,2,,0.00,$267.90,$157.58,70.01,$270.57
IVE,Ishares S&P 500 Value ETF,0.000,2,,0.00,$238.09,$197.23,20.72,$238.37
ADTN,ADTRAN Holdings Inc.,0.000,2,$13.90,0.03,$8.40,$7.11,18.14,$19.98
SNDK,SanDisk Corp.,0.000,2,$2273.04,0.01,$1641.11,$42.82,3732.58,$2354.39
HZO,MarineMax Inc.,0.000,2,$36.62,0.02,$52.02,$21.42,142.86,$52.46
IWS,Ishares Russell Mid Cap Valu,0.000,2,,0.00,$173.44,$132.31,31.09,$173.52
CIEN,Ciena Corp.,0.000,2,$490.71,0.01,$428.77,$84.41,407.96,$637.51
EGP,EastGroup Properties SBI,0.000,2,$202.54,0.04,$203.06,$155.45,30.63,$226.71
EXTR,Extreme Networks Inc.,0.000,2,$32.37,0.03,$24.41,$13.48,81.08,$33.73
AAOI,Applied Optoelectronics Inc,0.000,2,$148.11,0.02,$150.28,$18.50,712.32,$233.67
SCHD,Schwab Us Dvd Equity ETF,0.000,2,$31.66,0.02,$34.52,$25.63,34.69,$34.54
PH,Parker-Hannifin,0.000,2,,0.00,$1055.85,$710.89,48.53,$1099.94
IAU,iShares Gold Trust,0.000,2,,0.00,$82.28,$62.48,31.69,$104.40
LOCO,El Pollo Loco Holdings Inc.,0.000,2,$16.96,0.03,$15.54,$8.99,72.86,$17.40
IJH,Ishares Core S&P Midcap ETF,0.000,2,$77.11,0.03,$78.67,$61.62,27.67,$78.71
ESI,Element Solutions Inc.,0.000,2,$47.76,0.03,$38.81,$22.69,71.04,$49.25
MT,ArcelorMittal,0.000,2,$60.21,0.01,$73.86,$31.50,134.48,$75.51
LSCC,Lattice Semconductor,0.000,2,$152.94,0.01,$130.46,$59.37,119.74,$157.01
FLUT,Flutter Entertainment Plc,0.000,1,,0.03,$101.41,$89.71,13.04,$309.41
MRCY,Mercury Systems Inc.,0.000,1,,0.00,$111.12,$62.78,77.00,$128.45
SIBN,SI-BONE Inc.,0.000,1,,0.02,$18.93,$11.48,64.90,$21.89
LRLCF,L'Oreal SA,0.000,1,,0.02,$436.00,$374.08,16.55,$477.54
AFYA,Afya Ltd,0.000,1,,0.00,$13.84,$12.45,11.16,$16.16
ECTXF,Electrolux Professional Ab B,0.000,1,,0.01,$4.65,$3.86,20.47,$5.94
RBRK,Rubrik Inc A,0.000,1,,0.00,$102.23,$42.25,141.96,$106.50
ITRG,Integra Resources Corp,0.000,1,,0.00,$2.78,$1.67,66.47,$4.87
JOUT,Johnson Outdoors Inc.,0.000,1,,0.01,$48.18,$34.91,38.01,$53.16
IJK,Ishares S&P Mid Cap 400 Grow,0.000,1,,0.00,$119.04,$90.91,30.94,$119.15
EMN,Eastman Chemical,0.000,1,,0.04,$74.07,$54.12,36.86,$81.56
MATV,Mativ Holdings Inc.,0.000,1,,0.00,$12.21,$7.07,72.70,$15.14
EPC,Edgewell Personal Care Co.,0.000,1,,0.03,$28.42,$15.61,82.06,$29.95
WT,WisdomTree Investments,0.000,1,,0.02,$22.81,$10.64,114.38,$23.29
TTAM,Titan America SA,0.000,1,,0.01,$16.04,$13.83,15.98,$19.57
FLYX.WS,Eg Acquisition Corp A WTS28,0.000,1,,0.00,,,,
WNC,Wabash National,0.000,1,,0.00,$12.56,$6.59,90.59,$14.23
CBT,Cabot Corp.,0.000,1,,0.03,$87.88,$57.26,53.48,$94.53
ETN,Eaton Corp.,0.000,1,,0.03,$451.51,$309.33,45.96,$478.00
CNS,Cohen & Steers Inc.,0.000,1,,0.00,$84.74,$56.80,49.19,$86.56
STN,Stantec Inc.,0.000,1,,0.04,$73.70,$66.26,11.23,$113.80
ASPS,Altisource Portfolio Solutions S.A.,0.000,1,,0.01,$5.64,$4.30,31.16,$14.36
HLIT,Harmonic Inc.,0.000,1,,0.04,$13.92,$8.47,64.34,$17.68
PRLB,Proto Labs Inc.,0.000,1,,0.02,$91.87,$45.10,103.70,$93.00
XT,Ishar Fture Exp Tech ETF Usd,0.000,1,,0.00,$83.28,$60.96,36.61,$83.89
MKC,McCormick & Co.,0.000,1,,0.02,$54.67,$44.42,23.08,$71.13
WLK,Westlake Chemical Corp.,0.000,1,,0.00,$79.55,$55.23,44.03,$123.49
CDRE,Cadre Holdings Inc,0.000,1,,0.01,$34.14,$25.65,33.10,$48.44
EWC,iShares MSCI Canada ETF,0.000,1,,0.02,$62.23,$46.28,34.46,$62.47
BRSL,Brightstar Lottery,0.000,1,,0.03,$11.79,$9.90,19.09,$17.62
ENSG,Ensign Group,0.000,1,,0.02,$181.65,$141.52,28.36,$217.84
CATO,Cato Corp. CL A,0.000,1,,0.00,$3.40,$2.59,31.27,$4.92
PACK,Ranpak Holdings Corp. CL A,0.000,1,,0.01,$5.57,$3.22,72.98,$7.81
FLOC,Flowco Holdings Inc Cl A,0.000,1,,0.03,$23.73,$13.81,71.83,$28.15
KMB,Kimberly-Clark,0.000,1,,0.01,$110.39,$91.17,21.08,$129.81
RTLLF,Rational Ag,0.000,1,,0.02,$732.09,$673.93,8.63,$859.22
CHCT,Community Healthcare Trust Inc.,0.000,1,,0.03,$15.08,$12.11,24.53,$19.17
AZUL,Azul S.A.,0.000,1,,0.03,$8.20,$7.84,4.59,$14.00
WBS,Webster Financial Corp.,0.000,1,,0.00,$79.00,$51.49,53.43,$79.40
VXUS,Vanguard Total Intl Stock,0.000,1,,0.01,$87.70,$68.38,28.25,$88.62
AIRJ,Airjoule Technologies Corp,0.000,1,,0.01,$6.04,$2.22,172.07,$6.75
NTAP,NetApp Inc.,0.000,1,,0.01,$207.08,$92.93,122.83,$209.06
MASS,908 Devices Inc,0.000,1,,0.01,$10.01,$5.03,99.01,$10.52
MIRM,Mirum Pharmaceuticals Inc.,0.000,1,,0.02,$100.64,$63.23,59.16,$130.00
JBHT,J.B. Hunt Transport Services Inc.,0.000,1,,0.00,$279.71,$129.06,116.73,$299.26
BBY,Best Buy Co. Inc.,0.000,1,,0.00,$86.42,$54.38,58.92,$91.27
KVHI,KVH Industries Inc.,0.000,1,,0.00,$7.98,$5.09,56.78,$13.00
PTCT,PTC Therapeutics Inc.,0.000,1,,0.02,$71.70,$47.94,49.56,$90.87
MTRX,Matrix Service Co.,0.000,1,,0.02,$11.91,$9.88,20.55,$15.97
RFL,Rafael Holdings Inc.,0.000,1,,0.01,$1.99,$1.12,77.68,$3.96
ARM,Arvinmeritor Inc.,0.000,1,,0.01,$279.44,$100.02,179.38,$452.70
COPX,Global X Copper Miners ETF,0.000,1,,0.00,$85.70,$44.75,91.51,$99.65
CPAC,Cementos Pacasmayo Saa ADR,0.000,1,,0.02,$11.86,$5.55,113.69,$12.70
TWI,Titan International Inc.,0.000,1,,0.01,$6.90,$6.43,7.31,$11.70
PROF,Profound Medical Corp,0.000,1,,0.00,$6.63,$3.76,76.33,$8.95
FLYX,Flyexclusive Inc,0.000,1,,0.04,$1.26,$1.05,20.00,$8.88
XLF,Financial Select Sector SPDR,0.000,1,,0.00,$58.16,$47.50,22.44,$58.41
WSR-OLD,Whitestone REIT,0.000,1,,0.02,$18.99,$11.17,70.01,$19.00
CAE,CAE Inc.,0.000,1,,0.04,$26.18,$22.76,15.03,$34.24
VNQ,Vanguard Real Estate ETF,0.000,1,,0.00,$98.83,$85.39,15.74,$101.80
DCOM,Dime Community Bancshares,0.000,1,,0.02,$40.96,$25.09,63.25,$41.97
IXN,Ishares Global Tech ETF,0.000,1,,0.00,$143.33,$92.32,55.25,$149.65
CRBU,Caribou Biosciences Inc.,0.000,1,,0.01,$1.58,$1.38,14.49,$3.54
SSPPF,Ssp Group Plc,0.000,1,,0.02,$2.55,$1.67,52.69,$2.55
GANX,Gain Therapeutics Inc.,0.000,1,,0.03,$2.12,$1.51,40.40,$4.34
GLBE,Global E Online Ltd,0.000,1,,0.04,$42.36,$26.85,57.77,$43.99
RMBS,Rambus Inc.,0.000,1,,0.01,$100.85,$67.15,50.19,$174.10
UMC,United Microelectronics Corp.,0.000,1,,0.01,$19.15,$6.45,196.90,$28.46
FMC,FMC Corp.,0.000,1,,0.04,$10.15,$9.95,2.01,$39.44
AKTS,Aktis Oncology Inc,0.000,1,,0.02,$24.93,$14.72,69.36,$34.19
GPRK,Geopark Ltd,0.000,1,,0.00,$9.47,$5.69,66.43,$11.87
FVR,Frontview Reit Inc,0.000,1,,0.02,$19.76,$11.69,69.03,$22.29
MITK,Mitek Systems Inc.,0.000,1,,0.01,$19.43,$8.53,127.78,$21.05
SLP,Simulations Plus Inc.,0.000,1,,0.03,$18.35,$11.09,65.46,$21.01
AMBQ,Ambiq Micro Inc,0.000,1,,0.04,$64.51,$22.12,191.64,$91.61
ATAT,Atour Lifestyle Holdings ADR,0.000,1,,0.00,$34.19,$30.78,11.08,$42.49
HCSG,Healthcare Services Group,0.000,1,,0.02,$21.59,$14.92,44.71,$25.75
ESTA,Establishment Labs Hldg Inc.,0.000,1,,0.02,$79.47,$36.53,117.55,$97.59
ATRC,AtriCure Inc.,0.000,1,,0.01,$44.30,$25.36,74.68,$44.48
LNTH,Lantheus Holdings Inc.,0.000,1,,0.00,$100.95,$49.67,103.24,$111.86
UFCS,United Fire Group Inc.,0.000,1,,0.00,$54.28,$29.32,85.13,$55.82
PRSU,Pursuit Attractions and Hospitality,0.000,1,,0.01,$47.96,$32.03,49.73,$56.52
CRMT,America's Car Mart Inc.,0.000,1,,0.01,$3.09,$1.38,123.91,$47.93
UNM,Unum Group,0.000,1,,0.00,$93.33,$66.66,40.01,$94.55
ASX,Ase Technology Holding ADR,0.000,1,,0.01,$39.54,$9.43,319.30,$45.27
ZLDSF,Zalando Se,0.000,1,,0.01,$32.35,$22.73,42.32,$32.35
OIS,Oil States International Inc.,0.000,1,,0.03,$8.93,$4.92,81.50,$14.50
FLMNF,Fielmann Group Ag,0.000,1,,0.02,$50.75,$50.75,0.00,$62.66
SIL,Global X Silver Miners ETF,0.000,1,,0.00,$89.55,$51.31,74.53,$119.08
TITN,Titan Machinery Inc.,0.000,1,,0.03,$18.42,$13.21,39.44,$25.00
PGNY,Progyny Inc.,0.000,1,,0.01,$26.28,$16.10,63.23,$33.07
XES,Ss SPDR S&P Og Eqp & Serv,0.000,1,,0.00,$124.18,$63.49,95.59,$134.99
EPP,iShares MSCI Pacific ex-Japan ETF,0.000,1,,0.01,$57.05,$47.21,20.84,$58.12
VBR,Vanguard Small Cap Value ETF,0.000,1,,0.00,$251.66,$195.77,28.55,$251.85
INOD,Innodata Inc.,0.000,1,,0.00,$63.85,$34.23,86.53,$125.14
SIVR,Abrdn Physical Silver Shares,0.000,1,,0.03,$61.47,$35.51,73.11,$115.26
DIN,Dine Brands Global Inc.,0.000,1,,0.02,$35.31,$20.00,76.55,$39.19
QQQM,Invesco Nasdaq 100 ETF,0.000,1,,0.02,$301.01,$228.49,31.74,$307.85
CVE,Cenovus Energy Inc.,0.000,1,,0.01,$31.01,$14.36,115.95,$31.89
RRBI,Red River Bancshares Inc,0.000,1,,0.02,$102.70,$60.64,69.36,$104.35
TRNO,Terreno Realty Corp.,0.000,1,,0.03,$68.22,$51.79,31.72,$78.94
RDI,Reading International Inc.,0.000,1,,0.00,$1.61,$0.94,71.28,$1.68
GPRO,GoPro Inc.,0.000,1,,0.03,$0.60,$0.57,5.26,$3.05
ATAI,AtaiBeckley Inc.,0.000,1,,0.00,$7.26,$3.27,122.02,$7.28
HSBC,HSBC Holdings plc,0.000,1,,0.01,$103.79,$60.71,70.96,$107.40
ALH,Alliance Laundry Holdings In,0.000,1,,0.00,$25.47,$18.64,36.64,$28.23
MFC,Manulife Financial Corp.,0.000,1,,0.01,$44.46,$28.88,53.95,$45.33
NVMI,Nova Ltd,0.000,1,,0.01,$418.12,$232.73,79.66,$615.99
ASR,Grupo Aeroportuario Sure SA de CV,0.000,1,,0.00,$264.58,$259.01,2.15,$374.42
SMBK,SmartFinancial Inc.,0.000,1,,0.03,$52.78,$32.74,61.21,$54.14
