Symbol,Stock,%▼,"Ownership
count",Hold Price*,Max %,"Current
Price","52 Week
Low","% Above
52 Week
Low","52 Week
High"
AMZN,Amazon.com Inc.,2.917,34,$238.34,32.21,$258.51,$196.00,31.89,$287.20
GOOG,Alphabet Inc. CL C,2.582,34,$353.33,23.39,$335.31,$231.57,44.80,$403.96
BRK.B,Berkshire Hathaway CL B,2.416,26,$500.39,33.89,$506.03,$464.01,9.06,$537.74
GOOGL,Alphabet Inc.,2.084,36,$357.37,24.55,$338.46,$231.09,46.46,$408.10
MSFT,Microsoft Corp.,1.779,37,$373.02,20.54,$499.70,$348.54,43.37,$549.20
BRK.A,Berkshire Hathaway CL A,1.758,17,$748851.77,42.42,$759350.01,$698000.00,8.79,$806102.81
V,Visa Inc.,1.713,30,$343.09,19.83,$375.07,$292.74,28.12,$385.57
META,Meta Platforms Inc.,1.580,31,$563.30,20.45,$616.77,$519.78,18.66,$788.22
CVNA,Carvana Co.,1.483,7,$65.82,78.85,$74.59,$54.46,36.96,$97.38
MA,Mastercard Inc.,1.419,22,$513.60,20.01,$579.21,$463.74,24.90,$601.23
AAPL,Apple Inc.,1.224,22,$289.36,41.05,$319.97,$225.12,42.13,$344.27
TSM,Taiwan Semiconductor S.A.,0.986,24,$477.55,10.55,$428.91,$235.34,82.25,$479.00
GE,GE Aerospace,0.968,10,$373.73,35.61,$337.12,$268.58,25.52,$388.84
MCO,Moody's Corp.,0.948,17,$452.92,19.14,$493.55,$399.61,23.51,$543.25
JOE,St. Joe Co.,0.932,1,,76.43,$66.11,$45.92,43.97,$73.02
TDG,TransDigm Group Inc.,0.751,6,$1332.04,27.51,$1162.05,$1123.61,3.42,$1463.03
BN,Brookfield Corp.,0.736,9,$42.59,16.29,$40.31,$37.87,6.44,$49.40
SPGI,S&P Global Inc.,0.730,15,$407.26,19.92,$443.51,$360.09,23.17,$521.12
ASML,ASML Holding NV,0.722,9,$1989.38,21.11,$1714.88,$761.21,125.28,$1997.36
NVDA,NVIDIA Corp.,0.720,18,$200.09,9.34,$230.36,$163.85,40.59,$236.26
IBKR,Interactive Brokers Group Inc.,0.706,6,$87.04,33.42,$92.62,$58.70,57.79,$98.66
IEP,Icahn Enterprises,0.658,1,,53.95,$6.82,$5.82,17.18,$7.44
FICO,Fair Isaac Corp.,0.581,8,$1194.78,25.77,$932.26,$870.01,7.16,$1998.01
HCC,Warrior Met Coal Inc.,0.580,3,$81.16,43.32,$104.45,$55.56,87.99,$111.42
LOAR,Loar Holdings Inc,0.575,1,,47.15,$67.85,$53.15,27.66,$83.43
MOH,Molina Healthcare Inc.,0.567,3,$193.75,43.49,$200.80,$121.06,65.87,$244.89
GPI,Group 1 Automotive,0.566,2,$291.17,46.41,$300.76,$249.03,20.77,$485.12
PDD,Pinduoduo Inc.,0.545,4,$76.28,22.17,$82.21,$71.94,14.28,$139.41
UBER,Uber Technologies Inc.,0.521,11,$72.16,12.72,$75.76,$65.41,15.82,$101.99
AMAT,Applied Materials,0.516,12,$723.00,19.48,$454.71,$157.95,187.88,$738.88
C,Citigroup Inc.,0.484,8,$139.96,18.50,$137.72,$91.72,50.15,$147.21
COF,Capital One Financial,0.470,16,$200.62,7.13,$219.60,$173.62,26.48,$256.63
AXP,American Express,0.464,16,$338.24,17.14,$326.16,$289.26,12.76,$384.36
SUNB,Sunbelt Rentals Holdings Inc,0.464,12,$75.05,10.59,$68.59,$60.40,13.56,$85.78
ELV,Elevance Health Inc.,0.457,12,$386.73,9.11,$407.50,$272.05,49.79,$436.24
SNX,SYNNEX Corp.,0.456,4,$267.34,26.38,$262.64,$141.15,86.07,$295.89
CROX,Crocs Inc.,0.443,6,$120.64,27.20,$117.53,$73.21,60.54,$141.28
DIS,Walt Disney Co.,0.432,20,$96.25,9.55,$105.31,$91.48,15.12,$118.07
LULU,Lululemon Athletica Inc.,0.403,4,$176.58,32.35,$100.61,$97.99,2.67,$225.98
CVS,CVS Health Corp.,0.396,10,$103.45,10.63,$96.74,$67.46,43.40,$110.00
EQH,Equitable Holdings Inc.,0.395,5,$43.88,30.38,$52.96,$34.72,52.53,$53.71
SLM,SLM Corp.,0.387,3,$27.27,24.16,$27.08,$17.46,55.10,$31.33
JHG-OLD,Janus Henderson Group,0.385,1,,31.53,$51.98,$37.96,36.93,$53.76
RIG,Transocean Ltd.,0.373,2,$4.89,30.53,$5.85,$3.01,94.35,$7.66
AVGO,Broadcom Inc.,0.368,13,$377.75,10.61,$357.90,$289.50,23.63,$494.22
ICLR,ICON plc,0.358,6,$173.71,11.94,$164.85,$66.57,147.63,$203.91
FERG,Ferguson Enterprises Inc.,0.339,11,$237.33,6.88,$228.41,$203.74,12.11,$268.59
SCHW,Charles Schwab Corp.,0.338,11,$92.27,6.56,$109.29,$83.72,30.54,$114.53
ADI,Analog Devices,0.319,11,$397.17,7.97,$362.25,$220.71,64.13,$444.56
AMR,Alpha Metallurgical Resources Inc.,0.318,1,,26.11,$225.41,$133.64,68.67,$253.82
MKL,Markel Group Inc.,0.309,5,$1953.01,10.89,$1826.72,$1719.41,6.24,$2207.59
UNH,United Health Group Inc.,0.302,17,$415.63,6.05,$397.14,$254.51,56.04,$461.62
TMO,Thermo Fisher Scientific,0.301,11,$501.36,9.81,$613.78,$434.83,41.15,$647.00
KHC,Kraft Heinz Co.,0.299,9,$23.61,12.80,$24.85,$20.34,22.17,$27.65
PYPL,PayPal Holdings Inc.,0.294,8,$43.18,10.61,$54.96,$38.12,44.18,$78.34
RKT,Rocket Companies Inc.,0.290,5,$15.75,11.65,$14.06,$12.17,15.53,$24.36
CVI,CVR Energy Inc.,0.289,1,,23.73,$44.50,$19.50,128.21,$44.65
VFC,V.F. Corp.,0.287,2,$16.68,23.36,$13.45,$12.81,5.00,$22.15
BABA,Alibaba Group Holdings,0.281,9,$95.98,16.92,$113.24,$91.99,23.10,$190.92
CAT,Caterpillar Inc.,0.275,6,$1064.90,19.65,$813.94,$412.72,97.21,$1071.47
CNH,CNH Industrial NV,0.271,5,$11.23,17.11,$14.40,$8.91,61.62,$14.46
WM,Waste Management Inc.,0.267,3,$222.88,17.30,$218.99,$191.77,14.19,$247.15
ORLA-OLD,Orla Mining Ltd,0.264,3,$9.73,21.55,$9.45,$8.43,12.10,$21.95
CP,Canadian Pacific Kansas City,0.261,7,$86.65,7.44,$91.60,$67.98,34.75,$96.90
LYV,Live Nation Inc.,0.257,8,$183.11,7.69,$173.50,$125.34,38.42,$189.25
APP,Applovin Corp.,0.257,4,$515.25,14.50,$320.56,$297.50,7.75,$745.61
ASH,Ashland Global Holdings Inc.,0.256,2,$65.89,17.47,$72.93,$45.04,61.92,$77.80
GM,General Motors,0.255,7,$77.08,11.46,$87.76,$53.87,62.91,$91.66
LEN,Lennar Corp.,0.255,4,$90.49,11.82,$83.58,$79.83,4.70,$141.39
BKNG,Booking Holdings Inc.,0.252,6,$178.24,8.46,$193.29,$149.76,29.07,$224.59
RPRX,Royalty Pharma plc,0.250,3,$56.07,8.82,$63.96,$33.43,91.33,$64.38
VRT,Vertiv Holdings Co.,0.250,3,$334.82,20.37,$280.53,$118.57,136.59,$379.86
NFLX,Netflix Inc.,0.248,11,$71.40,5.41,$78.25,$65.08,20.24,$126.71
CNI,Canadian Natl Railway Co.,0.247,6,$119.24,17.95,$123.37,$89.10,38.46,$131.55
DHR,Danaher Corp.,0.245,12,$190.48,7.64,$207.66,$160.60,29.30,$241.78
BAC,Bank of America Corp.,0.244,15,$56.98,9.20,$62.68,$45.64,37.34,$64.89
BDX,Becton Dickinson,0.238,7,$151.33,9.93,$184.74,$125.19,47.57,$193.07
QSR,Restaurant Brands International,0.238,3,$72.51,9.62,$80.17,$59.14,35.56,$81.88
GRBK,Green Brick Partners,0.237,2,$80.04,19.39,$71.09,$60.44,17.62,$83.18
CRM,Salesforce.com,0.235,10,$156.66,8.33,$259.23,$146.32,77.17,$268.27
AZN,AstraZeneca PLC,0.233,3,$187.18,19.03,$162.70,$90.90,78.99,$209.12
KKR,KKR & Co. L.P.,0.231,7,$91.78,8.95,$107.73,$82.35,30.82,$151.00
WFC,Wells Fargo,0.225,14,$82.64,3.11,$89.97,$72.36,24.34,$96.18
YETI,YETI Holdings Inc.,0.224,2,$49.56,18.33,$40.82,$31.66,28.93,$53.99
SGOV,Ishares 0 3 Month Treasury B,0.220,4,$100.67,10.59,$100.47,$96.80,3.79,$100.47
CACC,Credit Acceptance Corp.,0.220,2,$636.74,18.01,$604.72,$401.90,50.47,$668.86
RACE,Ferrari NV,0.216,4,$370.77,7.71,$409.95,$308.95,32.69,$498.75
PM,Philip Morris Intl.,0.212,10,$180.91,9.18,$182.53,$138.43,31.86,$207.76
SOLV,Solventum Corp,0.210,4,$77.15,15.02,$91.69,$62.38,46.99,$94.16
WBD,Warner Bros. Discovery Inc.,0.209,5,$26.66,11.68,$28.25,$11.77,140.02,$30.00
LAD,Lithia Motors Inc.,0.207,6,$290.49,13.20,$386.81,$238.86,61.94,$438.67
TXN,Texas Instruments,0.206,14,$298.07,3.93,$258.44,$150.20,72.06,$332.33
OMF,OneMain Holdings,0.200,4,$60.97,10.08,$64.63,$44.20,46.22,$68.16
EGO,Eldorado Gold Corp.,0.197,1,,16.18,$43.02,$24.30,77.04,$50.88
CPNG,Coupang Inc.,0.196,8,$17.37,6.89,$15.29,$14.92,2.48,$34.08
TKO,TKO Group Holdings Inc.,0.196,1,,16.07,$186.01,$173.96,6.93,$225.15
IFF,International Flavors & Fragrances Inc.,0.194,5,$79.22,5.43,$86.35,$58.13,48.55,$89.32
OXY,Occidental Petroleum,0.192,4,$48.57,7.02,$60.04,$38.44,56.19,$67.14
AON,Aon Plc,0.191,10,$331.69,4.91,$323.09,$303.10,6.60,$381.47
FWONK,Liberty Media Corp Formula One Series C,0.191,3,$95.14,7.73,$95.50,$80.15,19.15,$109.36
GXO,Gxo Logistics Inc.,0.189,1,,15.46,$48.32,$45.00,7.38,$66.85
EPD,Enterprise Products Partners LP,0.188,6,$36.76,13.46,$38.94,$28.18,38.18,$39.58
APTV,Aptiv PLC,0.187,2,$61.38,14.51,$47.95,$44.52,7.70,$78.49
AER,AerCap Holdings N.V.,0.185,3,$145.78,7.16,$145.40,$117.73,23.50,$158.38
ALC,Alcon Inc.,0.185,2,$67.33,15.19,$70.50,$61.84,14.00,$87.22
PEP,PepsiCo Inc.,0.184,12,$135.40,5.27,$137.63,$131.99,4.27,$166.41
MU,Micron Technology Inc.,0.184,5,$1154.29,15.06,$1016.59,$125.46,710.29,$1254.81
CMCSA,Comcast Corp.,0.183,14,$24.55,3.15,$26.49,$21.28,24.48,$32.04
LLY,Eli Lilly & Co.,0.183,7,$1199.42,6.89,$1149.36,$707.59,62.43,$1292.65
KO,Coca Cola Co.,0.182,9,$81.27,10.86,$88.07,$64.04,37.52,$92.49
BLK,BlackRock Inc.,0.181,6,$961.57,9.93,$1122.29,$912.25,23.02,$1200.54
DASH,DoorDash Inc.,0.181,4,$184.53,7.46,$211.73,$143.30,47.75,$285.50
PVH,PVH Corp.,0.179,4,$74.26,9.92,$74.33,$59.55,24.82,$100.69
HGV,Hilton Grand Vacations Inc.,0.177,2,$52.37,14.48,$42.05,$36.79,14.30,$55.40
SIRI,SiriusXM Holdings Inc,0.175,5,$29.54,5.59,$28.99,$19.15,51.38,$32.37
ICE,Intercontinental Exchange Inc.,0.174,6,$123.11,4.90,$161.26,$121.79,32.41,$174.83
BAYRY,Bayer Ag Sponsored ADR,0.172,1,,14.12,$14.35,$7.46,92.36,$15.23
ACN,Accenture,0.170,12,$124.44,4.86,$186.72,$116.75,59.93,$285.21
BAX,Baxter International Inc.,0.170,7,$21.32,4.09,$25.83,$15.72,64.31,$29.99
CCL,Carnival Corp.,0.170,2,$28.57,12.78,$23.51,$23.08,1.86,$33.49
TOL,Toll Brothers,0.169,4,$164.75,10.71,$141.73,$122.93,15.29,$167.75
TRMD,Torm Plc,0.169,2,$25.79,13.87,$35.18,$17.91,96.43,$35.53
OKTA,Okta Inc.,0.168,1,,13.80,$170.60,$62.66,172.26,$174.85
TSLA,Tesla Inc.,0.167,6,$420.60,7.44,$354.08,$297.38,19.07,$498.83
DG,Dollar General,0.167,5,$115.11,8.66,$133.21,$93.78,42.05,$156.68
IONS,Ionis Pharmaceuticals Inc.,0.167,1,,13.70,$58.09,$50.01,16.16,$86.74
ROP,Roper Technologies Inc.,0.165,4,$338.39,7.80,$407.28,$305.19,33.45,$525.38
ORCL,Oracle Corp.,0.164,14,$146.55,4.51,$158.78,$114.50,38.67,$341.82
APH,Amphenol Corp.,0.164,7,$88.16,8.29,$82.78,$53.97,53.38,$89.26
SPOT,Spotify Technology S.A.,0.163,7,$459.13,4.96,$542.43,$405.00,33.93,$745.00
KEX,Kirby Corp.,0.161,1,,13.22,$140.77,$79.52,77.02,$157.69
PG,Procter & Gamble,0.160,9,$146.64,4.38,$146.44,$134.62,8.78,$164.77
GIL,Gildan Activewear Inc.,0.160,1,,13.10,$53.40,$46.35,15.21,$72.73
AJG,Arthur J. Gallagher & Co.,0.159,6,$229.57,6.43,$262.69,$190.12,38.17,$310.73
XRAY,DENTSPLY SIRONA Inc.,0.159,3,$10.61,12.18,$11.38,$9.41,20.94,$14.76
PFE,Pfizer Inc.,0.158,10,$24.08,3.07,$28.45,$22.03,29.14,$29.21
USB,U.S. Bancorp,0.157,6,$60.41,5.56,$63.37,$43.76,44.81,$66.08
ADP,Automatic Data Processing Inc.,0.157,6,$223.95,4.93,$277.62,$186.74,48.67,$294.50
VMC,Vulcan Materials,0.157,6,$295.01,5.62,$262.63,$251.38,4.48,$329.20
MDLN,Medline Inc Cl A,0.157,4,$39.44,6.28,$36.59,$32.49,12.62,$50.88
INTU,Intuit Inc.,0.156,8,$261.00,6.62,$332.70,$251.72,32.17,$697.25
SHW,Sherwin-Williams,0.155,7,$344.32,4.50,$333.71,$289.19,15.39,$375.09
NEM,Newmont Corp.,0.155,4,$93.40,6.25,$128.09,$74.52,71.89,$135.01
SGI,Somnigroup International Inc.,0.155,2,$78.40,8.30,$69.87,$60.08,16.29,$97.86
EXE,Expand Energy Corp.,0.154,1,,12.64,$97.91,$84.48,15.90,$124.43
HD,Home Depot,0.153,10,$352.68,5.61,$321.05,$284.85,12.71,$415.00
GEHC,GE HealthCare Technologies Inc.,0.153,8,$64.01,4.67,$68.86,$58.72,17.27,$89.64
EG,Everest Group Ltd,0.153,4,$357.23,11.28,$380.87,$296.87,28.30,$401.07
DE,Deere & Co.,0.152,7,$634.33,6.56,$693.53,$429.14,61.61,$705.88
CRH,CRH plc,0.152,5,$107.00,5.14,$94.26,$90.21,4.49,$130.09
UHAL.B,U Haul Holding Co Non Voting,0.152,4,$57.70,4.42,$58.97,$39.58,48.99,$66.90
ALK,Alaska Air Group,0.151,2,$52.20,10.58,$42.04,$33.03,27.28,$65.88
WAT,Waters Corp.,0.150,8,$375.04,6.25,$409.38,$282.77,44.77,$426.22
MSI,Motorola Solutions Inc.,0.148,8,$415.29,5.63,$468.05,$357.34,30.98,$494.85
TRU,TransUnion,0.148,3,$72.14,5.94,$79.88,$63.28,26.23,$94.90
INTC,Intel Corp.,0.147,7,$139.63,4.62,$95.80,$24.05,298.34,$142.35
JPM,JPMorgan Chase & Co.,0.146,15,$327.33,3.54,$358.64,$276.43,29.74,$366.50
HEI.A,HEICO Corp. CL A,0.146,4,$257.91,6.38,$240.18,$199.25,20.54,$279.52
UNP,Union Pacific,0.145,11,$272.00,5.95,$289.62,$206.49,40.26,$314.53
SW,Smurfit Westrock Plc,0.143,3,$46.26,7.56,$45.83,$31.79,44.16,$51.52
PPLI,People Inc.,0.143,3,$46.16,7.54,$38.99,$29.56,31.90,$48.32
FBIN,Fortune Brands Innovations Inc.,0.141,5,$54.90,4.83,$43.11,$31.92,35.06,$63.70
RBC,RBC Bearings Inc.,0.141,2,$644.06,10.70,$488.54,$364.50,34.03,$667.69
PGR,Progressive Corp.,0.140,7,$218.45,4.79,$218.95,$187.79,16.59,$239.38
OSK,Oshkosh Corp.,0.140,5,$153.48,6.69,$157.08,$115.83,35.61,$178.55
ET,Energy Transfer LP,0.140,4,$19.12,7.18,$21.50,$15.10,42.38,$21.77
SN,Sharkninja Inc,0.139,5,$152.27,10.67,$173.38,$83.12,108.59,$194.54
SYK,Stryker Corp.,0.139,4,$314.84,6.72,$303.13,$280.25,8.16,$392.38
KOF,Coca-Cola FEMSA S A CV,0.138,3,$106.25,9.34,$112.00,$76.77,45.89,$117.09
EQT,EQT Corp.,0.137,3,$53.17,6.19,$55.17,$47.79,15.44,$67.84
LRCX,Lam Research,0.136,7,$433.33,5.72,$307.65,$100.13,207.25,$438.50
BA,Boeing Co.,0.136,6,$216.47,3.38,$212.25,$176.77,20.07,$254.35
JNJ,Johnson & Johnson,0.135,12,$253.97,3.96,$275.23,$169.51,62.37,$281.07
DB,Deutsche Bank AG,0.135,4,$33.86,10.80,$41.33,$27.13,52.34,$41.56
MAT,Mattel Inc.,0.135,2,$13.88,8.92,$14.53,$12.73,14.14,$22.48
BLDR,Builders FirstSource Inc.,0.134,6,$89.48,5.60,$65.79,$62.31,5.58,$151.03
UAA,Under Armour Inc.,0.134,1,,10.98,$5.25,$4.13,27.12,$8.15
TEL,TE Connectivity plc,0.133,8,$201.61,3.93,$208.65,$189.53,10.09,$250.61
QCOM,QUALCOMM Inc.,0.133,7,$184.79,3.66,$168.74,$120.88,39.59,$257.56
SLB,Schlumberger Ltd.,0.132,8,$46.49,4.36,$57.51,$30.88,86.24,$60.15
DHI,D.R. Horton,0.132,4,$162.88,6.59,$142.75,$130.96,9.00,$182.36
BFAM,Bright Horizons Family Solutions Inc.,0.132,2,$70.88,8.28,$70.25,$57.63,21.90,$117.25
CB,Chubb Limited,0.131,6,$340.74,4.79,$341.59,$262.86,29.95,$365.91
PHM,PulteGroup Inc.,0.131,3,$137.21,8.64,$124.45,$108.26,14.95,$143.88
FISV,Fiserv Inc.,0.130,9,$49.05,2.79,$53.00,$47.04,12.67,$138.62
CBRE,CBRE Group,0.130,7,$134.69,3.67,$147.85,$121.69,21.50,$174.27
RYN,Rayonier Inc.,0.129,1,,10.54,$20.46,$19.25,6.29,$24.84
AIIR,Air Holdings Ltd,0.129,1,,10.61,$7.30,$5.29,38.00,$13.37
TSN,Tyson Foods,0.128,6,$57.25,3.11,$51.42,$48.84,5.28,$68.27
NCLH,Norwegian Cruise Line Hlgs Ltd.,0.128,3,$21.11,4.23,$15.57,$14.53,7.16,$27.18
FLG,Flagstar Financial Inc.,0.127,2,$14.94,9.62,$13.52,$10.54,28.27,$15.43
GEV,Ge Vernova Inc,0.126,10,$1174.86,3.91,$941.95,$529.18,78.00,$1195.94
TDS,Telephone & Data Systems,0.125,2,$37.01,5.17,$37.83,$31.51,20.06,$49.07
HHH,Howard Hughes Holdings Inc.,0.125,1,,10.23,$64.12,$61.01,5.10,$91.07
SE,Sea Ltd,0.124,8,$95.83,5.02,$112.09,$77.05,45.48,$199.30
TDW,Tidewater Inc.,0.124,3,$66.63,9.95,$94.26,$46.65,102.06,$101.58
ZS,Zscaler Inc.,0.124,1,,10.18,$169.80,$114.63,48.13,$336.99
NOW,ServiceNow Inc.,0.123,6,$99.28,4.59,$141.26,$81.24,73.88,$194.73
CI,Cigna Group,0.122,7,$275.68,2.67,$282.52,$235.50,19.97,$310.19
EFX,Equifax Inc.,0.121,9,$158.73,2.27,$177.05,$150.31,17.79,$268.77
FDX,FedEx Corp.,0.120,7,$313.13,3.18,$322.52,$175.56,83.71,$344.07
APD,Air Products & Chemicals,0.118,7,$293.18,3.96,$301.27,$224.64,34.11,$314.87
CSGP,CoStar Group Inc.,0.118,4,$28.32,6.49,$30.91,$25.89,19.39,$91.89
EWBC,East West Bancorp,0.118,1,,9.68,$130.77,$90.34,44.75,$137.47
URI,United Rentals,0.116,6,$1132.89,5.14,$1009.86,$698.94,44.48,$1177.15
ABNB,Airbnb Inc.,0.116,5,$143.10,3.59,$181.94,$110.81,64.19,$193.45
RYAN,Ryan Specialty Holdings Inc,0.116,2,$37.76,9.09,$41.91,$29.07,44.17,$58.44
MRK,Merck & Co.,0.115,10,$128.49,4.43,$150.33,$75.81,98.30,$156.92
MRSH,Marsh,0.115,6,$166.67,3.98,$185.74,$155.72,19.28,$204.56
TECH,Bio-Techne Corp.,0.115,5,$70.65,3.68,$72.43,$43.07,68.17,$72.58
ACHC,Acadia Healthcare Co.,0.114,2,$29.53,6.00,$28.13,$11.43,146.11,$35.83
EVH,Evolent Health Inc.,0.114,1,,9.34,$4.32,$2.10,105.71,$10.08
GPC,Genuine Parts,0.110,6,$117.98,6.13,$138.08,$89.11,54.95,$147.43
IDXX,IDEXX Laboratories,0.110,6,$526.44,3.93,$535.38,$518.55,3.25,$769.98
REGN,Regeneron Pharmaceuticals,0.110,3,$623.54,4.95,$827.72,$538.24,53.78,$859.34
VTRS,Viatris Inc.,0.110,3,$15.88,5.13,$16.88,$9.10,85.49,$18.25
NU,Nu Holdings Ltd,0.108,5,$13.36,4.29,$15.37,$11.20,37.23,$18.98
NBR,Nabors Industries Ltd.,0.108,1,,8.85,$90.84,$36.62,148.06,$112.90
FRPT,Freshpet Inc.,0.108,1,,8.87,$70.24,$46.45,51.22,$86.00
ZBH,Zimmer Biomet Holdings,0.107,7,$86.09,3.36,$98.07,$78.91,24.28,$106.03
DECK,Deckers Outdoor,0.107,2,$99.29,7.52,$85.81,$78.91,8.74,$124.88
LIN,Linde plc,0.106,7,$518.94,4.94,$477.57,$384.00,24.37,$546.40
CFRHF,Compagnie Financiere Richemont SA,0.106,1,,8.67,$227.89,$163.00,39.81,$254.24
MELI,Mercadolibre Inc.,0.105,7,$1697.39,5.10,$1978.36,$1495.00,32.33,$2548.50
DCH,Dauch Corp.,0.105,3,$5.42,3.97,$6.99,$4.92,42.07,$9.25
SYF,Synchrony Financial,0.105,3,$76.05,7.84,$79.92,$62.56,27.75,$87.67
CVX,Chevron Corp.,0.104,11,$165.76,4.67,$208.60,$142.51,46.38,$213.20
WTW,Willis Towers Watson plc,0.104,5,$261.37,3.44,$334.74,$239.74,39.63,$351.51
WEN,Wendy's Co.,0.104,4,$8.29,5.97,$8.03,$6.02,33.39,$9.82
DVN,Devon Energy Corp.,0.103,5,$41.32,4.49,$48.06,$30.89,55.58,$52.34
TFX,Teleflex,0.103,3,$126.76,4.91,$138.36,$99.39,39.21,$144.64
CGNX,Cognex Corp.,0.103,2,$72.42,7.60,$62.25,$34.45,80.70,$72.78
CPRT,Copart Inc.,0.102,6,$28.19,4.41,$33.72,$26.81,25.77,$49.16
AMD,Advanced Micro Devices,0.101,6,$580.91,5.12,$477.57,$149.22,220.04,$584.73
FCNCA,First Citizens Bancshares,0.101,3,$2080.78,5.32,$2208.49,$1617.01,36.58,$2294.10
VST,Vistra Corp.,0.101,3,$158.63,4.70,$149.30,$132.47,12.70,$218.91
CNX,CNX Resources Corp.,0.101,1,,8.25,$37.49,$28.82,30.08,$43.62
UPS,United Parcel Service,0.100,7,$107.50,2.95,$102.29,$76.95,32.93,$116.86
MDT,Medtronic plc,0.100,7,$78.23,2.76,$94.17,$72.65,29.62,$103.76
BCC,Boise Cascade Company,0.100,3,$77.63,7.47,$79.21,$64.38,23.04,$91.16
ABM,ABM Industries,0.099,5,$44.24,7.10,$47.05,$36.45,29.08,$49.80
ORLY,O'Reilly Automotive,0.099,4,$92.09,3.90,$87.89,$82.59,6.42,$108.72
CNQ,Canadian Natural Resources,0.098,3,$39.50,8.04,$50.46,$28.73,75.64,$52.25
ABG,Asbury Automotive Group Inc.,0.098,2,$201.08,7.91,$217.26,$172.01,26.31,$262.67
EWY,iShares MSCI South Korea ETF,0.097,2,$201.90,6.55,$188.87,$71.51,164.12,$220.89
CR,Crane Co,0.097,2,$223.07,7.82,$204.69,$159.16,28.61,$230.22
BMY,Bristol-Myers Squibb,0.096,8,$57.62,2.88,$66.82,$41.13,62.46,$68.64
MGM,MGM Resorts International,0.096,4,$47.81,4.91,$41.22,$29.19,41.21,$51.59
MLM,Martin Marietta,0.096,3,$576.70,4.56,$514.77,$502.56,2.43,$707.94
GPN,Global Payments Inc.,0.095,4,$72.56,2.49,$92.54,$60.93,51.88,$95.88
AEM,Agnico-Eagle Mines Ltd.,0.094,3,$155.15,6.22,$204.73,$134.08,52.69,$254.05
APG,APi Group Corp.,0.094,3,$42.35,5.00,$40.04,$33.40,19.88,$49.99
URBN,Urban Outfitters Inc.,0.094,1,,7.72,$80.97,$59.54,35.99,$85.43
AU,AngloGold Ashanti Ltd.,0.093,3,$80.90,6.81,$109.07,$56.22,94.01,$124.69
NOMD,Nomad Foods Ltd,0.093,1,,7.61,$11.64,$8.86,31.38,$14.38
HKHHF,Heineken Holding NV,0.093,1,,7.61,$76.87,$64.00,20.11,$84.80
AVTR,Avantor Inc.,0.091,5,$9.90,2.82,$14.97,$7.27,105.91,$15.93
KLAC,KLA Corp.,0.091,3,$301.71,5.78,$185.60,$87.36,112.45,$307.03
MAR,Marriott Int'l.,0.090,4,$370.59,7.02,$336.51,$254.64,32.15,$410.15
MEDP,Medpace Holdings Inc.,0.090,4,$529.59,4.52,$591.29,$373.00,58.52,$677.90
HUM,Humana Inc.,0.090,2,$397.22,5.13,$401.54,$161.90,148.02,$428.88
ARES,Ares Management LP,0.090,2,$111.31,6.45,$140.15,$93.57,49.78,$181.32
HUT,Hut 8 Corp,0.090,2,$115.44,4.07,$93.55,$24.20,286.57,$140.80
GTX,Garrett Motion Inc.,0.090,2,$36.23,7.28,$27.97,$12.09,131.35,$36.14
GWRE,Guidewire Software Inc.,0.089,1,,7.27,$162.42,$102.30,58.77,$272.60
BNY,Bank of New York Mellon Corp.,0.088,10,$144.61,2.21,$164.84,$100.87,63.42,$165.84
KMX,CarMax Inc.,0.088,5,$52.89,3.50,$63.29,$30.26,109.15,$65.28
ECL,Ecolab Inc.,0.088,4,$278.61,4.22,$279.28,$242.49,15.17,$307.61
Q,Qnity Electronics Inc.,0.088,3,$163.31,7.23,$120.47,$72.62,65.89,$177.16
SHOP,Shopify Inc.,0.088,3,$114.18,4.50,$145.09,$94.00,54.35,$182.19
DLTR,Dollar Tree Inc.,0.088,1,,7.25,$131.42,$84.71,55.14,$142.40
YNDX,Yandex N.V.,0.088,1,,7.19,$20.00,$14.09,41.94,$20.36
BL,BlackLine Inc.,0.088,1,,7.19,$32.71,$24.70,32.43,$59.57
GNRC,Generac Holdings Inc.,0.087,6,$292.81,2.91,$187.35,$134.80,38.98,$296.44
JEF,Jefferies Financial Group Inc.,0.087,4,$49.98,3.44,$55.23,$35.00,57.80,$68.96
FLR,Fluor Corp.,0.087,2,$52.39,6.24,$56.16,$39.33,42.79,$58.35
RUSHA,Rush Enterprises Inc.,0.087,2,$48.65,7.03,$50.95,$30.17,68.88,$55.74
XOM,ExxonMobil Holdings Corp.,0.086,11,$136.72,3.65,$159.47,$105.30,51.44,$174.09
STX,Seagate Technology,0.086,3,$965.00,5.90,$849.28,$181.52,367.87,$1144.18
ALLY,Ally Financial Inc.,0.085,4,$45.95,4.78,$43.73,$35.43,23.43,$46.96
TOST,Toast Inc.,0.085,2,$27.82,6.98,$33.95,$22.26,52.52,$42.15
GDS,GDS Holdings Ltd,0.085,2,$30.03,4.92,$31.37,$26.97,16.31,$48.61
CEG,Constellation Energy Corp.,0.085,2,$248.37,3.97,$298.96,$228.28,30.96,$410.41
ABT,Abbott Labs,0.084,7,$90.74,3.98,$108.33,$81.39,33.10,$134.38
RTX,RTX Corp.,0.084,7,$189.73,3.49,$200.79,$148.41,35.29,$226.41
PFGC,Performance Food Group,0.084,4,$111.79,4.00,$98.63,$80.82,22.04,$117.48
QXO,Qxo Inc,0.084,3,$17.28,4.10,$13.35,$12.80,4.30,$27.61
MGA,Magna International Inc.,0.084,3,$91.94,6.54,$68.87,$41.73,65.04,$73.22
CTSH,Cognizant Technology Solutions,0.083,6,$38.73,3.02,$62.31,$36.86,69.05,$85.48
GTN,Gray Television Inc.,0.083,1,,6.80,$4.95,$3.55,39.44,$6.30
KEYS,Keysight Technologies Inc.,0.082,5,$350.07,4.48,$327.21,$158.79,106.06,$374.96
APO,Apollo Global Management,0.082,3,$118.31,4.46,$133.67,$98.73,35.39,$151.39
JLL,Jones Lang Lasalle Inc.,0.081,5,$309.95,3.28,$362.36,$259.83,39.46,$393.84
INDV,Indivior Pharmaceuticals Inc.,0.081,1,,6.65,$34.94,$27.68,26.23,$42.81
CRS,Carpenter Technology,0.080,3,$616.84,3.63,$475.33,$227.48,108.95,$625.72
CSCO,Cisco Systems,0.079,7,$117.46,5.40,$109.20,$64.79,68.54,$129.88
GSK,GSK plc,0.079,6,$52.42,3.51,$49.89,$37.94,31.50,$60.12
IQV,IQVIA Holdings Inc.,0.079,4,$193.22,3.13,$267.77,$154.50,73.31,$271.80
BIIB,Biogen Inc.,0.079,3,$216.06,3.75,$220.83,$135.39,63.11,$225.80
EBAY,eBay Inc.,0.079,2,$111.75,4.74,$103.41,$77.32,33.74,$118.62
TEVA,Teva Pharmaceutical Industries Ltd.,0.079,2,$33.88,3.97,$36.36,$18.21,99.67,$38.37
RHI,Robert Half International,0.079,2,$30.70,5.93,$42.58,$21.08,101.99,$46.09
ADBE,Adobe Inc.,0.078,10,$205.01,2.57,$266.51,$190.12,40.18,$370.86
MANU,Manchester United plc,0.078,3,$22.93,2.41,$20.90,$14.59,43.25,$24.45
CME,CME Group,0.077,7,$220.83,2.52,$281.29,$218.31,28.85,$319.84
COP,ConocoPhillips,0.077,7,$103.96,2.10,$134.26,$82.95,61.86,$137.42
HTHT,H World Group Ltd ADR,0.077,3,$41.72,5.59,$45.77,$34.94,31.00,$55.19
ZTS,Zoetis Inc.,0.076,5,$71.86,3.03,$75.81,$70.98,6.80,$152.23
BP,BP plc,0.076,4,$36.95,3.65,$43.81,$31.12,40.78,$47.14
AMGN,Amgen,0.076,4,$362.12,3.21,$437.23,$262.49,66.57,$447.03
MCK,McKesson Corp.,0.076,2,$755.61,5.95,$907.99,$679.67,33.59,$996.84
VEEV,Veeva Systems Inc.,0.075,6,$177.47,1.93,$275.09,$148.05,85.81,$310.50
JCI,Johnson Controls Intl. plc,0.075,4,$146.11,4.27,$144.94,$102.70,41.13,$157.06
NSRGY,Nestle,0.075,1,,6.11,$96.23,$84.97,13.25,$107.17
AN,AutoNation Inc.,0.075,1,,6.17,$212.36,$176.62,20.24,$235.81
MSCI,MSCI Inc.,0.074,6,$560.04,3.24,$573.01,$495.54,15.63,$642.47
OLN,Olin Corp.,0.074,4,$19.82,4.83,$17.37,$16.73,3.83,$29.90
MDLZ,Mondelez International,0.074,4,$57.84,5.64,$61.28,$50.34,21.73,$66.65
NYT,New York Times CL A,0.074,3,$69.98,4.55,$67.28,$53.65,25.41,$86.83
MTZ,MasTec Inc.,0.074,2,$416.06,3.42,$237.19,$171.05,38.67,$441.43
ACI,Albertsons Co Inc.,0.074,1,,6.09,$12.55,$10.86,15.56,$19.18
DAL,Delta Air Lines Inc.,0.073,5,$93.66,2.16,$80.17,$54.60,46.83,$95.44
SBUX,Starbucks Corp.,0.073,5,$102.19,3.13,$104.47,$76.05,37.37,$109.88
FTV,Fortive Corp.,0.073,4,$61.09,3.47,$56.94,$46.75,21.80,$64.48
BRZE,Braze Inc A,0.073,2,$21.69,5.99,$31.96,$15.26,109.44,$37.33
VAL,Valaris plc,0.073,1,,5.99,$86.74,$46.70,85.74,$114.12
Z,Zillow Group Inc.,0.072,1,,5.89,$34.59,$29.23,18.34,$93.88
ENTG,Entegris Inc.,0.071,6,$179.86,2.70,$138.74,$67.81,104.60,$186.78
WCC,WESCO International Inc.,0.071,5,$345.38,4.23,$351.46,$202.38,73.66,$385.37
RYAAY,Ryanair Holdings PLC,0.071,3,$64.75,5.59,$55.36,$53.14,4.18,$73.75
HOG,Harley-Davidson,0.071,2,$24.46,5.79,$28.30,$16.96,66.86,$30.44
SPUU,Dir Dai S&P 500 Bu 2x ETF Us,0.071,1,,5.81,$226.25,$154.62,46.33,$232.39
PLGO,Pelagos Insurance Capital,0.071,1,,5.84,$25.32,$16.48,53.64,$26.34
FNF,Fidelity National Financial Inc.,0.070,3,$47.16,3.54,$45.78,$42.32,8.18,$57.15
FIVE,Five Below Inc.,0.070,2,$179.79,3.62,$252.20,$137.77,83.06,$263.88
XYZ,Block Inc.,0.070,2,$76.00,4.26,$82.76,$48.21,71.67,$86.92
OGN,Organon & Co.,0.070,1,,5.72,$13.78,$5.67,143.03,$13.79
NVST,Envista Holdings Corp.,0.069,5,$26.35,2.87,$27.28,$18.77,45.34,$30.42
MCHP,Microchip Technology,0.069,4,$91.20,5.37,$74.17,$47.28,56.87,$104.75
ODFL,Old Dominion Freight Line,0.069,3,$216.60,4.93,$185.87,$125.23,48.42,$251.64
DELL,Dell Technologies Inc.,0.069,3,$431.46,5.68,$524.14,$109.70,377.79,$534.99
MSA,MSA Safety Inc.,0.069,3,$174.58,4.68,$188.69,$149.32,26.37,$207.14
UAN,CVR Partners LP,0.069,1,,5.62,$130.80,$74.15,76.40,$134.29
NOV,Nov Inc.,0.068,4,$18.55,1.98,$21.39,$12.06,77.36,$21.86
WAB,WABTEC Corp.,0.068,3,$269.60,4.93,$282.86,$183.40,54.23,$306.32
MRP,Millrose Properties,0.068,2,$30.05,3.95,$32.02,$25.60,25.08,$32.11
BLMN,Bloomin Brands Inc.,0.068,1,,5.59,$9.79,$5.19,88.63,$12.63
GLD,SPDR Gold Trust,0.067,6,$1293.45,2.35,$406.77,$326.19,24.70,$509.70
CCC,CCC Intelligent Solutions Hldgs Inc.,0.067,2,$5.16,3.02,$7.51,$4.08,84.07,$9.91
UBS,UBS AG,0.066,4,$44.91,2.66,$55.38,$35.38,56.53,$55.99
LYB,LyondellBasell Industries,0.065,3,$52.65,2.87,$63.52,$39.12,62.37,$82.22
MBI,MBIA Inc.,0.065,2,$6.52,4.34,$4.77,$4.64,2.80,$8.17
CRGY,Crescent Energy Inc A,0.065,2,$9.82,4.86,$13.77,$7.46,84.58,$14.54
OZK,Bank OZK,0.065,2,$52.09,3.22,$50.43,$41.16,22.52,$53.18
RGLD,Royal Gold Inc.,0.065,2,$199.61,5.09,$262.11,$167.81,56.19,$304.97
PHYS,Sprott Physical Gold Trust,0.065,2,$30.17,5.29,$33.60,$27.47,22.32,$42.07
CLF,Cleveland-Cliffs Inc.,0.065,2,$9.39,5.30,$12.50,$7.73,61.71,$16.70
PRI,Primerica Inc.,0.065,1,,5.36,$295.62,$227.14,30.15,$325.96
TTMI,TTM Technologies Inc.,0.064,4,$187.02,3.13,$125.60,$45.73,174.66,$223.83
NSC,Norfolk Southern Corp.,0.064,4,$314.59,4.13,$329.46,$263.58,24.99,$357.18
FANG,Diamondback Energy Inc.,0.064,2,$175.78,3.02,$199.22,$131.14,51.91,$216.90
SGU,Star Gas Partners LP,0.064,1,,5.26,$12.74,$10.70,19.07,$13.33
CTRI,Centuri Holdings Inc,0.064,1,,5.25,$20.54,$19.04,7.88,$42.99
TRUP,Trupanion Inc.,0.064,1,,5.28,$27.80,$21.16,31.38,$46.98
SAP,SAP SE,0.063,7,$154.11,2.96,$215.11,$144.97,48.38,$276.56
BIO,Bio-Rad Laboratories Inc.,0.063,3,$293.61,2.39,$386.11,$236.73,63.10,$396.23
NXPI,NXP Semiconductors NV,0.063,3,$281.03,2.48,$227.84,$180.63,26.14,$338.80
UA,Under Armour CL C,0.063,1,,5.18,$5.12,$3.95,29.62,$7.91
BF.B,Brown-Forman Corp.,0.062,5,$26.65,3.33,$26.73,$22.23,20.24,$30.85
LPLA,LPL Financial Holdings Inc.,0.062,4,$281.68,2.10,$359.33,$259.94,38.24,$399.03
PLD,Prologis Inc.,0.062,3,$135.47,2.70,$137.34,$107.13,28.20,$153.35
TLN,Talen Energy Corp,0.062,3,$384.26,3.37,$317.00,$288.58,9.85,$451.28
LNC,Lincoln National,0.062,2,$35.35,5.04,$45.47,$31.40,44.81,$47.67
VGNT,Versigent Plc,0.062,2,$42.01,2.64,$50.22,$26.27,91.17,$50.75
MIR,Mirion Technologies Inc,0.062,2,$17.93,4.24,$16.93,$14.11,19.99,$30.28
AAL,American Airlines Group Inc.,0.062,2,$18.07,3.31,$13.13,$10.09,30.13,$18.79
GPGI,GPGI Inc.,0.062,1,,5.09,$13.63,$11.22,21.48,$26.77
QUAD,Quad/Graphics Inc.,0.062,1,,5.06,$10.70,$4.93,117.04,$11.03
PTLO,Portillo's Inc Cl A,0.062,1,,5.05,$4.42,$3.78,16.93,$6.98
XPO,XPO Logistics,0.060,4,$205.29,4.84,$193.10,$121.48,58.96,$232.05
LKQ,LKQ Corp.,0.060,4,$26.33,2.86,$25.54,$20.92,22.08,$35.92
MHK,Mohawk Industries,0.060,3,$121.33,2.37,$133.63,$92.99,43.70,$143.13
MET,MetLife Inc.,0.060,2,$84.61,2.76,$97.62,$66.41,47.00,$100.93
VZ,Verizon Communications,0.059,7,$42.34,1.76,$50.14,$36.55,37.18,$50.93
MS,Morgan Stanley,0.059,5,$209.04,3.54,$217.72,$143.04,52.21,$230.98
NEE,NextEra Energy Inc.,0.059,4,$87.77,3.10,$83.43,$67.31,23.95,$97.30
LEA,Lear Corp.,0.059,3,$134.06,2.61,$134.68,$93.67,43.78,$149.08
AME,Ametek Inc.,0.059,2,$241.94,4.87,$237.72,$178.41,33.24,$261.16
DJCO,Daily Journal Corp.,0.059,1,,4.80,$627.87,$348.63,80.10,$674.75
GS,Goldman Sachs Group,0.058,5,$1011.37,2.77,$1038.61,$713.13,45.64,$1148.37
OKE,ONEOK Inc.,0.058,2,$86.94,3.08,$95.43,$61.67,54.74,$99.85
BRCC,BRC Inc.,0.058,1,,4.79,$8.75,$6.00,45.83,$18.55
MP,MP Materials Corp.,0.058,1,,4.74,$54.53,$37.81,44.22,$100.25
MNDY,monday.com Ltd.,0.058,1,,4.77,$91.07,$57.50,58.38,$220.80
LFUS,Littelfuse Inc.,0.057,7,$455.33,2.52,$419.07,$231.54,80.99,$499.60
ARW,Arrow Electronics,0.057,4,$213.41,4.35,$215.97,$101.79,112.17,$237.33
AVT,Avnet Inc.,0.057,3,$88.82,3.87,$92.06,$43.52,111.53,$100.00
CHD,Church & Dwight,0.057,2,$96.88,4.58,$98.55,$80.29,22.74,$105.37
CNR,Core Natural Resources Inc.,0.057,1,,4.67,$99.62,$70.27,41.77,$114.56
ALAB,Astera Labs Inc,0.057,1,,4.65,$310.40,$97.89,217.09,$499.48
PNC,PNC Financial Services,0.056,5,$246.22,3.78,$245.60,$172.82,42.11,$258.96
BHF,Brighthouse Financial Inc.,0.056,1,,4.60,$53.58,$42.07,27.36,$66.80
GLW,Corning Inc.,0.055,4,$255.43,4.26,$154.30,$69.45,122.17,$271.27
OC,Owens Corning,0.055,3,$158.94,2.86,$138.72,$95.63,45.06,$159.88
YUMC,Yum China Holdings Inc.,0.055,3,$40.87,4.25,$43.60,$39.90,9.27,$57.33
SEG,Seaport Entertainment Group,0.055,2,$26.60,3.86,$26.26,$17.74,48.03,$29.61
BGC,BGC Group Inc.,0.055,1,,4.48,$12.17,$8.20,48.41,$12.86
CNDT,Conduent Inc.,0.055,1,,4.48,$1.94,$1.15,68.70,$2.98
B,Barrick Mining Corp.,0.054,5,$36.73,3.12,$44.75,$26.87,66.54,$53.80
BX,Blackstone Group,0.054,4,$117.67,3.30,$136.15,$99.78,36.45,$182.67
KGC,Kinross Gold Corp.,0.054,3,$23.62,4.14,$30.87,$21.50,43.58,$38.96
AMRZ,Amrize Ltd,0.054,3,$53.30,2.13,$43.82,$41.61,5.31,$65.13
TER,Teradyne Inc.,0.054,2,$483.84,4.42,$357.03,$109.35,226.50,$487.72
LLYVK,Liberty Media Corp. Series C Live,0.054,2,$105.64,4.07,$99.00,$78.68,25.83,$109.75
FAST,Fastenal,0.054,2,$48.03,2.72,$49.60,$38.34,29.37,$52.92
NMIH,NMI Holdings,0.054,2,$41.09,4.39,$44.83,$34.84,28.67,$46.74
MAVF,Matrix Advisors Value ETF,0.054,1,,4.41,$139.62,$113.25,23.28,$142.84
TJX,TJX Companies Inc.,0.053,3,$151.50,2.52,$132.08,$130.15,1.48,$169.47
TMHC-OLD,Taylor Morrison Home Corp.,0.053,3,$71.74,3.30,$72.46,$54.15,33.81,$72.50
TDAY,Gannett Co.,0.053,2,$8.55,2.83,$6.33,$3.42,85.09,$9.21
SYY,Sysco Corp.,0.052,5,$83.44,1.81,$80.05,$67.23,19.07,$90.56
OMC,Omnicom Group,0.052,4,$72.83,2.53,$82.62,$64.98,27.15,$89.57
MPLX,MPLX LP,0.052,2,$56.33,3.90,$59.67,$44.22,34.94,$60.16
MSGE,Madison Square Garden Entertainment Corp.,0.052,1,,4.28,$77.41,$40.30,92.08,$90.41
VNOM,Viper Energy Inc.,0.052,1,,4.25,$44.39,$33.67,31.84,$49.62
MCD,McDonald's Corp.,0.051,7,$270.31,2.18,$255.69,$255.49,0.08,$335.18
RMNI,Rimini Street Inc.,0.051,2,$4.26,4.15,$5.01,$2.87,74.56,$5.68
OSW,OneSpaWorld Holdings Ltd,0.051,1,,4.19,$22.40,$18.94,18.27,$29.19
DEO,Diageo ADR,0.050,8,$80.38,1.60,$89.19,$71.73,24.34,$107.27
NKE,NIKE Inc.,0.050,7,$41.05,2.32,$38.40,$37.77,1.67,$74.51
ABBV,AbbVie Inc.,0.050,7,$251.64,3.09,$256.46,$189.40,35.41,$267.47
REZI,Resideo Technologies Inc.,0.050,5,$31.10,1.90,$19.88,$18.86,5.41,$32.01
PPG,PPG Industries,0.050,3,$121.29,2.78,$112.53,$91.35,23.19,$130.99
KDP,Keurig Dr Pepper Inc.,0.050,2,$32.73,4.04,$32.59,$24.43,33.40,$33.82
CRL,Charles River Labs,0.050,2,$226.79,3.41,$288.50,$144.26,99.99,$303.31
FTNT,Fortinet Inc.,0.050,1,,4.09,$156.29,$73.55,112.49,$173.89
NTRA,Natera Inc.,0.049,4,$271.45,3.32,$328.18,$157.43,108.46,$343.18
CRBG,Corebridge Financial Inc.,0.049,3,$28.63,2.84,$34.47,$21.90,57.40,$34.82
LBTYA,Liberty Global Ltd CL A,0.049,3,$11.37,2.57,$10.62,$9.43,12.62,$13.52
IEX,IDEX Corp.,0.049,2,$226.95,3.97,$223.74,$155.87,43.54,$243.80
CHTR,Charter Communications,0.048,6,$142.21,1.95,$151.99,$111.55,36.25,$285.82
FN,Fabrinet,0.047,4,$562.08,3.30,$407.40,$348.01,17.07,$748.89
LUV,Southwest Airlines,0.047,2,$51.42,3.87,$39.62,$28.75,37.81,$54.38
SEB,Seaboard Corp.,0.047,2,$4464.28,3.80,$4323.58,$3133.55,37.98,$5983.34
LUMN,Lumen Technologies Inc.,0.047,1,,3.87,$6.77,$4.57,48.14,$11.95
MAIR,Madison Air Solutions Corp A,0.047,1,,3.87,$25.90,$24.75,4.65,$44.50
WDAY,Workday Inc.,0.046,4,$122.42,1.78,$195.79,$110.36,77.41,$249.85
CNC,Centene Corp.,0.046,3,$64.19,2.71,$67.04,$28.24,137.39,$69.36
WULF,Terawulf Inc,0.046,2,$24.70,3.65,$16.51,$8.70,89.77,$29.84
DKS,Dick's Sporting Goods Inc.,0.046,2,$226.81,3.02,$139.15,$120.40,15.57,$244.38
CNA,CNA Financial Corp.,0.046,1,,3.77,$48.47,$40.34,20.15,$55.19
CG,Carlyle Group,0.045,4,$42.11,1.91,$46.97,$39.32,19.46,$67.95
FLEX,Flex Ltd.,0.045,3,$162.07,3.66,$109.51,$53.07,106.35,$166.86
SDHC,Smith Douglas Homes Corp,0.045,3,$15.54,3.67,$11.21,$10.72,4.57,$23.49
NVT,nVent Electric plc,0.045,3,$169.61,3.19,$156.03,$89.30,74.73,$184.40
NVR,NVR Inc.,0.045,3,$6813.41,3.03,$6298.85,$5501.01,14.50,$8618.28
STLA,Stellantis N.V.,0.045,2,$5.74,3.69,$5.56,$5.05,10.10,$12.22
TWLO,Twilio Inc.,0.045,2,$206.33,3.70,$232.98,$98.44,136.67,$258.35
DD,DuPont de Nemours Inc.,0.045,2,$135.65,3.71,$131.59,$86.86,51.50,$156.04
NRP,Natural Resource Partners,0.045,1,,3.69,$113.72,$94.82,19.93,$126.18
HSY,Hershey Co.,0.044,5,$175.44,2.08,$173.15,$156.70,10.50,$235.80
COHR,Coherent Corp.,0.044,4,$394.47,3.50,$281.86,$94.55,198.11,$440.00
ILMN,Illumina Inc.,0.044,2,$175.83,2.02,$218.22,$88.00,147.98,$231.81
USFD,US Foods Holding Corp.,0.044,2,$102.25,3.07,$104.04,$69.88,48.88,$111.42
SSNC,SS&C Technologies Holdings Inc.,0.044,2,$62.05,2.01,$83.65,$61.18,36.73,$88.97
ERFSF,Eurofins Scientific SE,0.044,1,,3.60,$86.93,$64.33,35.13,$87.51
PGEN,Precigen Inc.,0.044,1,,3.61,$7.10,$2.99,137.46,$7.72
PSX,Phillips 66,0.043,6,$169.05,2.96,$255.09,$123.09,107.24,$260.68
LBRDK-OLD,Liberty Broadband Corp. CL C,0.043,4,$33.26,1.94,$35.99,$26.25,37.10,$65.73
CORZ,Core Scientific Inc,0.043,3,$25.59,3.38,$17.89,$13.14,36.15,$30.46
AERO,Grupo Aeromexico Sab De Cv,0.043,2,$18.00,1.89,$15.79,$12.26,28.79,$23.05
BFH,Bread Financial Holdings Inc.,0.043,2,$108.35,3.40,$110.87,$53.23,108.28,$114.28
AFRM,Affirm Holdings Inc.,0.043,2,$81.55,3.51,$72.35,$42.10,71.85,$93.20
SA,Seabridge Gold Inc.,0.043,1,,3.52,$31.83,$17.28,84.20,$40.06
MSGS,Madison Square Garden Sports Corp.,0.042,4,$401.84,2.64,$391.16,$194.25,101.37,$438.93
ROIV,Roivant Sciences Ltd,0.042,4,$35.39,1.95,$34.93,$12.54,178.55,$37.97
CHYM,Chime Financial Inc Cl A,0.042,3,$20.48,2.78,$33.76,$15.88,112.59,$34.44
TAP,Molson Coors Beverage Co.,0.042,3,$38.94,2.94,$40.50,$37.60,7.71,$53.00
AMG,Affiliated Managers Group,0.042,3,$338.40,3.37,$370.22,$228.49,62.03,$392.91
FOX,Fox Corporation CL B,0.042,2,$46.84,3.27,$58.42,$43.86,33.20,$67.48
NRG,NRG Energy Inc.,0.042,1,,3.44,$119.02,$108.34,9.86,$188.71
ALV,Autoliv Inc.,0.041,2,$116.17,3.37,$125.20,$97.72,28.12,$131.23
INCY,Incyte Corp.,0.041,2,$113.36,2.64,$126.75,$81.09,56.31,$132.60
GFL,Gfl Environmental Inc Sub Vt,0.041,1,,3.39,$43.73,$33.32,31.24,$48.50
CPT,Camden Property Trust,0.040,3,$114.49,1.76,$105.69,$94.30,12.08,$119.81
UAL,United Airlines Holdings Inc.,0.040,2,$135.99,3.31,$111.38,$84.64,31.59,$138.77
WSC,WillScot Mobile Mini Hldgs Corp.,0.040,2,$28.86,3.28,$19.98,$14.72,35.73,$29.66
SSD,Simpson Manufacturing,0.040,2,$209.35,3.09,$180.97,$155.55,16.34,$213.18
PENN,Penn National Gaming Inc.,0.040,2,$21.36,3.20,$17.07,$11.65,46.52,$22.36
STZ,Constellation Brands,0.039,4,$139.09,1.58,$128.18,$123.82,3.52,$166.17
RS,Reliance Steel & Aluminum,0.039,2,$373.60,3.23,$400.51,$256.46,56.17,$432.62
CE,Celanese Corp.,0.039,2,$46.00,2.82,$44.67,$35.07,27.37,$70.65
IDT,IDT Corp. CL B,0.039,1,,3.23,$68.83,$45.54,51.14,$69.97
SWKS,Skyworks Solutions Inc.,0.039,1,,3.18,$74.02,$51.48,43.78,$88.05
STT,State Street Corp.,0.038,5,$169.60,1.93,$194.26,$102.75,89.06,$195.93
NVO,Novo Nordisk A S,0.038,4,$47.94,1.05,$46.60,$34.20,36.26,$61.21
EW,Edwards Lifesciences Corp.,0.038,2,$90.46,3.09,$89.90,$72.30,24.34,$96.29
IBP,Installed Building Products,0.038,2,$229.84,3.07,$238.57,$192.75,23.77,$345.54
PCG,PG&E Corp.,0.038,2,$16.82,2.85,$14.30,$12.59,13.58,$19.04
STRL,Sterling Construction Co. Inc.,0.038,1,,3.13,$486.49,$270.00,80.18,$1005.68
FPH,Five Point Holdings LLC,0.038,1,,3.11,$5.16,$4.60,12.17,$6.64
LMT,Lockheed Martin Corp.,0.037,5,$509.46,1.38,$525.28,$429.47,22.31,$683.27
AEP,American Electric Power,0.037,3,$136.81,1.72,$124.50,$102.52,21.44,$139.52
LH,Labcorp Holdings Inc.,0.037,3,$280.00,1.92,$326.89,$242.07,35.04,$341.06
FNV,Franco Nevada Corp.,0.037,2,$208.45,1.81,$266.18,$180.48,47.48,$284.60
FMX,Fomento Economico Mexicano,0.037,2,$127.90,2.74,$120.41,$78.80,52.80,$141.47
ALGN,Align Technology Inc.,0.037,1,,3.07,$158.64,$122.00,30.03,$200.44
RBLX,Roblox Corp.,0.037,1,,3.04,$43.31,$33.88,27.83,$142.00
MICC,Magnum Ice Cream Co NV,0.036,7,$16.98,0.91,$19.32,$12.94,49.30,$20.69
ONON,On Holding AG,0.036,4,$35.42,2.88,$27.99,$27.56,1.56,$51.08
CARR,Carrier Global Corp.,0.036,4,$73.35,1.74,$59.71,$49.67,20.21,$76.49
SNOW,Snowflake Inc.,0.036,3,$254.50,2.25,$337.18,$118.30,185.02,$384.56
YUM,Yum! Brands Inc.,0.036,3,$159.86,2.01,$150.71,$135.39,11.32,$170.14
EL,Estee Lauder Cos.,0.036,3,$78.94,2.87,$103.86,$65.74,57.99,$120.38
SPHR,Sphere Entertainment Co.,0.036,2,$173.03,2.87,$142.42,$47.05,202.70,$181.63
AWI,Armstrong World Industries Inc.,0.036,2,$160.42,1.50,$173.33,$150.00,15.55,$204.82
TPG,Tpg Inc,0.036,1,,2.92,$52.65,$36.07,45.97,$67.83
CPAY,Corpay Inc.,0.036,1,,2.99,$416.37,$252.84,64.68,$427.46
WMT,Walmart Inc.,0.035,6,$113.26,2.76,$107.14,$98.06,9.26,$134.83
BF.A,Brown-Forman Corp. CL A,0.035,3,$27.36,2.22,$27.13,$22.63,19.89,$30.62
TW,Tradeweb Markets Inc.,0.035,3,$99.66,1.63,$106.20,$91.30,16.32,$127.35
EMBJ,Embraer SA,0.035,3,$63.80,2.09,$73.81,$53.37,38.30,$80.46
BRO,Brown & Brown Inc.,0.035,3,$64.15,1.62,$71.42,$53.69,33.02,$95.63
TRGP,Targa Resources Corp.,0.035,2,$268.14,2.83,$290.05,$141.11,105.55,$307.94
RGEN,Repligen Corp.,0.035,2,$136.44,2.44,$167.60,$100.99,65.96,$188.73
CDNS,Cadence Design Systems,0.035,2,$375.32,2.81,$292.70,$262.75,11.40,$416.69
UNF,UniFirst Corp.,0.035,2,$264.46,2.03,$275.17,$146.76,87.50,$306.26
ULS,Ul Solutions Inc Class A,0.035,1,,2.91,$73.83,$61.24,20.56,$107.17
PRVA,Privia Health Group Inc.,0.035,1,,2.91,$20.66,$19.53,5.79,$28.82
VOO,Vanguard S&P 500 ETF,0.034,6,$686.82,1.77,$708.01,$576.78,22.75,$716.39
TCOM,Trip.com Group Ltd,0.034,3,$39.84,1.50,$41.03,$38.04,7.86,$78.99
CPB,Campbell's Co.,0.034,3,$22.27,2.60,$21.38,$19.23,11.18,$32.13
BR,Broadridge Financial Solutions,0.034,2,$136.95,1.49,$172.88,$133.01,29.98,$250.02
WSO,Watsco Inc.,0.034,2,$416.73,1.90,$315.13,$295.75,6.55,$455.09
IMO,Imperial Oil Ltd.,0.034,2,$112.17,2.51,$128.62,$82.02,56.82,$138.09
CBRS,Cerebras Systems Inc A,0.034,1,,2.76,$210.05,$160.81,30.62,$386.34
CMPR,Cimpress plc,0.034,1,,2.77,$87.45,$56.34,55.22,$106.58
MIDD,Middleby Corp.,0.034,1,,2.82,$111.75,$88.87,25.75,$148.55
EFA,iShares MSCI EAFE ETF,0.033,5,$103.87,2.39,$108.35,$88.19,22.86,$108.89
WY,Weyerhaeuser Co.,0.033,4,$23.94,2.02,$23.02,$20.41,12.79,$27.03
LOW,Lowe's Cos.,0.033,3,$220.49,1.43,$204.45,$199.34,2.56,$289.87
CTO,CTO Realty Growth Inc.,0.033,1,,2.74,$21.49,$14.20,51.34,$22.71
GPK,Graphic Packaging Hldg Co.,0.033,1,,2.69,$10.43,$8.69,20.02,$20.98
ATS,Ats Corp,0.033,1,,2.67,$19.65,$18.41,6.74,$35.82
FER,Ferrovial Se,0.033,1,,2.72,$58.05,$53.67,8.16,$74.07
KNSL,Kinsale Capital Group Inc.,0.033,1,,2.67,$373.17,$287.01,30.02,$483.75
VRSK,Verisk Analytics Inc.,0.032,5,$179.53,1.65,$185.79,$155.52,19.46,$271.36
HCA,HCA Healthcare Inc.,0.032,5,$389.89,2.12,$405.00,$353.99,14.41,$554.58
BSX,Boston Scientific,0.032,5,$42.68,2.29,$47.80,$42.20,13.27,$109.50
CSX,CSX Corp.,0.032,3,$47.53,2.15,$49.41,$31.40,57.36,$53.45
CASY,Casey's Gen'l Stores,0.032,3,$794.80,1.98,$756.09,$496.20,52.38,$927.15
WMB,Williams Cos.,0.032,3,$74.34,2.57,$74.15,$54.36,36.41,$79.49
VRTX,Vertex Pharmaceuticals,0.032,2,$496.73,1.51,$546.12,$374.17,45.96,$560.25
WPM,Wheaton Precious Metals Corp.,0.032,2,$112.32,2.63,$154.98,$92.01,68.44,$165.03
CLH,Clean Harbors Inc.,0.032,2,$298.75,2.59,$317.10,$201.34,57.49,$335.94
RDDT,Reddit Inc Cl A,0.032,2,$173.58,1.83,$154.46,$119.27,29.50,$282.95
LII,Lennox International,0.032,1,,2.60,$390.53,$371.65,5.08,$587.27
GGG,Graco Inc.,0.032,1,,2.63,$77.88,$72.23,7.82,$94.99
ITUB,ita Unibanco Holding S.A.,0.032,1,,2.59,$8.15,$6.06,34.49,$9.46
MTN,Vail Resorts Inc.,0.031,4,$136.15,2.23,$134.96,$116.69,15.66,$160.49
LEN.B,Lennar Corp. CL B,0.031,4,$88.71,2.12,$82.17,$78.02,5.32,$134.56
MAS,Masco Corp.,0.031,3,$81.37,1.33,$72.70,$57.51,26.41,$83.27
TME,Tencent Music Entertainment Grp,0.031,3,$8.35,1.49,$8.26,$7.94,4.03,$26.00
BAP,Credicorp Ltd.,0.031,3,$389.58,1.08,$382.53,$230.45,65.99,$413.25
A,Agilent Technologies,0.031,2,$132.83,2.53,$150.86,$108.14,39.50,$163.75
TTWO,Take-Two Interactive Software,0.031,2,$249.98,1.89,$214.69,$187.63,14.42,$265.94
JBS,Jbs Nv A,0.031,2,$11.85,2.54,$13.03,$11.45,13.80,$17.27
FIS,Fidelity National Information Services,0.031,2,$38.88,1.56,$41.89,$37.42,11.95,$68.07
RLI,RLI Corp.,0.031,2,$59.07,1.48,$62.40,$45.14,38.24,$66.81
WHK,Whitehawk Minerals Corp Cl A,0.031,1,,2.56,$27.84,$25.24,10.30,$28.48
JELD,JELD-WEN Holding Inc.,0.031,1,,2.53,$2.30,$0.93,147.31,$6.98
WFRD,Weatherford International plc,0.031,1,,2.51,$95.88,$59.53,61.06,$112.79
RMD,ResMed Inc.,0.031,1,,2.54,$228.35,$179.75,27.04,$281.89
IBM,International Business Machines,0.030,5,$281.21,2.36,$234.89,$197.77,18.77,$330.09
CL,Colgate-Palmolive,0.030,5,$91.68,1.24,$88.77,$73.21,21.25,$98.15
PAYX,Paychex Inc.,0.030,2,$98.33,2.35,$121.71,$83.50,45.76,$132.36
TRIP,TripAdvisor Inc.,0.030,2,$13.71,1.62,$9.33,$9.01,3.55,$20.16
BE,Bloom Energy Corp.,0.030,2,$302.69,2.36,$252.87,$52.00,386.29,$351.28
FOUR,Shift4 Payments Inc. CL A,0.030,2,$48.64,2.09,$45.94,$34.56,32.93,$89.55
SDRL,Seadrill Ltd,0.030,2,$37.82,2.45,$49.08,$28.10,74.66,$55.47
NWSA,News Corp.,0.030,2,$24.83,2.32,$30.39,$22.11,37.45,$31.66
TTC,Toro Co.,0.030,2,$97.42,2.39,$93.33,$66.72,39.88,$104.28
ZBRA,Zebra Technologies Corp.,0.030,2,$263.26,2.42,$362.74,$199.05,82.24,$386.23
PEG,Public Serv. Enterprise Inc.,0.030,2,$81.16,2.42,$73.70,$72.53,1.61,$86.18
LAZ,Lazard Inc.,0.030,2,$41.94,2.41,$45.00,$37.82,18.98,$57.45
CHRW,C.H. Robinson Worldwide,0.030,2,$188.34,1.33,$147.64,$121.78,21.24,$209.43
NXT,Nextracker Inc Cl A,0.030,1,,2.49,$84.50,$64.30,31.42,$163.13
ESRT,Empire State Realty Trust Inc.,0.030,1,,2.45,$4.54,$4.36,4.13,$7.90
OCSL,Oaktree Specialty Lending Corp,0.030,1,,2.49,$13.06,$10.33,26.43,$13.33
CSL,Carlisle Companies,0.029,4,$362.75,1.62,$352.14,$290.64,21.16,$428.80
DPC,Dpc Holdings Plc,0.029,4,$49.06,2.27,$44.88,$37.65,19.20,$57.25
BMRN,BioMarin Pharmaceutical Inc.,0.029,3,$57.22,1.24,$66.53,$49.26,35.06,$70.98
SUI,Sun Communities Inc.,0.029,3,$119.91,1.75,$119.44,$113.81,4.95,$135.36
CPRI,Capri Holdings Ltd,0.029,2,$18.57,2.29,$13.56,$12.57,7.88,$28.27
PTEN,Patterson-UTI Energy Inc.,0.029,1,,2.41,$12.42,$4.89,153.99,$13.31
VSEC,VSE Corp.,0.028,3,$228.50,2.18,$203.91,$154.36,32.10,$247.85
WST,West Pharmaceutical Services,0.028,2,$358.99,1.85,$339.97,$223.52,52.10,$385.75
PBH,Prestige Consumer Healthcare,0.028,2,$47.27,2.29,$52.26,$42.62,22.62,$71.07
AMLP,Alerian MLP ETF,0.028,1,,2.26,$55.72,$41.24,35.11,$56.06
MNST,Monster Beverage Corp.,0.028,1,,2.28,$43.82,$31.04,41.17,$50.17
FDXF,FedEx Freight Holding Co.,0.027,5,$151.00,1.02,$129.45,$123.24,5.04,$200.00
VEA,Vanguard FTSE Developed ETF,0.027,5,$71.25,1.63,$73.76,$57.14,29.09,$74.04
BLCO,Bausch + Lomb Corp,0.027,3,$16.56,1.51,$18.04,$13.77,31.01,$18.92
DINO,HF Sinclair Corp.,0.027,3,$69.65,1.99,$105.41,$44.66,136.03,$108.25
NESR,National Energy Services Reunited Corp.,0.027,3,$29.93,2.18,$34.75,$9.31,273.25,$36.94
GLIBK,GCI Liberty Inc. Series C,0.027,2,$21.56,2.18,$26.27,$19.30,36.11,$41.18
EXP,Eagle Materials Inc.,0.027,2,$225.00,2.21,$194.48,$171.79,13.21,$245.53
COIN,Coinbase Global Inc.,0.027,1,,2.24,$184.64,$139.11,32.73,$402.16
HLF,Herbalife Nutrition Ltd.,0.027,1,,2.25,$12.38,$7.56,63.76,$20.40
BOKF,BOK Financial Corp.,0.027,1,,2.25,$136.70,$100.84,35.56,$146.20
FAF,First Amer'n Corp.,0.027,1,,2.21,$72.75,$55.74,30.52,$79.87
ATGE,Adtalem Global Education,0.027,1,,2.20,,,,
KSPI,Jsc Kaspi.kz ADR,0.026,7,$86.62,0.96,$107.53,$65.63,63.84,$109.94
TFC,Truist Financial Corp.,0.026,4,$49.82,2.06,$51.65,$39.11,32.06,$54.51
ITRN,Ituran Location & Control Ltd.,0.026,3,$61.01,1.93,$51.74,$31.34,65.09,$67.77
FOSL,Fossil Inc.,0.026,2,$4.14,2.10,$5.15,$1.70,202.94,$6.25
GNTX,Gentex Corp.,0.026,2,$25.27,2.09,$23.14,$20.26,14.22,$28.80
CDW,CDW Corp.,0.026,2,$140.64,1.09,$152.38,$96.09,58.58,$168.13
DOX,Amdocs Ltd.,0.026,2,$50.54,2.07,$62.21,$49.24,26.34,$83.39
BBIO,BridgeBio Pharma Inc.,0.026,2,$74.48,2.11,$74.84,$48.78,53.42,$93.42
AIG,American International Group,0.026,2,$74.53,2.02,$76.21,$70.36,8.31,$86.21
FLS,Flowserve Corp.,0.026,2,$74.16,2.10,$76.64,$48.28,58.74,$91.86
BKV,Bkv Corporation,0.026,1,,2.17,$26.06,$20.08,29.78,$32.81
DVA,DaVita HealthCare Partners,0.026,1,,2.15,$183.99,$101.00,82.17,$247.49
DHT,DHT Holdings Inc.,0.026,1,,2.13,$20.87,$9.43,121.31,$21.09
TECK,Teck Resources,0.026,1,,2.14,$69.10,$33.00,109.39,$71.93
VAC,Marriott Vacations Worldwide,0.026,1,,2.16,$106.62,$43.02,147.84,$131.34
NFG,National Fuel Gas,0.026,1,,2.15,$83.32,$74.64,11.63,$96.03
SPCX,Space Exploration Technologies Corp.,0.025,5,$170.86,0.67,$147.95,$104.83,41.13,$225.64
BUD,Anheuser-Busch InBev,0.025,4,$82.40,1.27,$80.35,$56.78,41.51,$86.60
VOYA,Voya Financial Inc.,0.025,3,$90.53,1.08,$104.09,$63.83,63.07,$105.64
KVUE,Kenvue Inc,0.025,3,$19.11,1.90,$18.74,$13.38,40.06,$19.91
VSNT,Versant Media Group Inc.,0.025,3,$36.01,1.77,$38.61,$26.61,45.10,$45.11
MAA,Mid-America Apt Communties,0.025,2,$138.94,2.00,$128.32,$117.48,9.23,$142.76
ATI,Allegheny Technologies Inc.,0.025,2,$197.10,1.39,$210.65,$74.45,182.94,$243.57
COTY,Coty Inc.,0.025,2,$2.16,2.00,$2.93,$1.82,60.99,$4.56
ISRG,Intuitive Surgical Inc.,0.025,2,$397.68,1.53,$366.70,$328.57,11.60,$603.88
SJM,J.M. Smucker Co,0.025,2,$112.50,2.02,$126.08,$86.47,45.81,$135.89
EOG,EOG Resources,0.025,2,$129.73,1.99,$145.19,$99.12,46.48,$153.67
INSM,Insmed Inc.,0.025,1,,2.07,$126.29,$90.39,39.72,$212.75
FBTC,Fidelity Wise Origin Bitcoin,0.025,1,,2.07,$69.41,$50.48,37.50,$110.25
KBR,KBR Inc.,0.025,1,,2.07,$36.82,$29.80,23.56,$51.56
SHEN,Shenandoah Telecommunications Co.,0.025,1,,2.06,$12.59,$9.67,30.20,$17.35
BIDU,Baidu Inc.,0.024,4,$114.29,1.98,$99.47,$89.60,11.02,$165.30
MTB,M&T Bank Corp.,0.024,3,$238.01,1.52,$239.84,$169.89,41.17,$254.31
WRBY,Warby Parker Inc.,0.024,3,$30.34,1.89,$24.35,$14.96,62.77,$31.00
AXTA,Axalta Coating Systems Ltd.,0.024,2,$34.22,1.18,$35.78,$24.94,43.46,$38.61
UHS,Universal Health Services Inc.,0.024,2,$148.69,1.12,$169.65,$139.92,21.25,$245.26
PR,Permian Resources Corp.,0.024,2,$18.41,1.97,$23.36,$11.60,101.38,$24.09
ANET,Arista Networks Inc.,0.024,2,$169.88,1.94,$193.78,$114.52,69.21,$214.89
ECPG,Encore Capital Group Inc.,0.024,1,,1.94,$97.30,$39.95,143.55,$104.98
COLD,Americold Realty Trust,0.024,1,,1.98,$14.22,$9.59,48.28,$16.88
JXN,Jackson Financial Inc.,0.024,1,,1.94,$140.63,$87.44,60.83,$140.88
FCX,Freeport-McMoran Inc.,0.024,1,,2.00,$72.73,$34.78,109.11,$80.24
SPB,Spectrum Brands Holdings Inc.,0.023,4,$85.75,1.23,$88.50,$48.72,81.65,$98.53
LAMR,Lamar Advertising Co.,0.023,3,$155.98,1.64,$150.76,$110.33,36.64,$166.33
CAG,Conagra Brands Inc.,0.023,3,$13.46,1.76,$15.48,$12.39,24.94,$19.59
ADPT,Adaptive Biotechnologies Corp.,0.023,2,$21.45,1.83,$24.28,$12.00,102.33,$26.87
BATRK,Atlanta Braves Holdings Inc. Series C,0.023,2,$51.90,1.64,$50.44,$37.76,33.58,$54.46
AGX,Argan Inc.,0.023,2,$798.55,1.80,$417.99,$196.06,113.19,$805.09
PANW,Palo Alto Networks,0.023,2,$341.02,1.88,$333.26,$139.57,138.78,$398.88
WEC,WEC Energy Group,0.023,1,,1.92,$105.94,$100.35,5.57,$118.87
SHC,Sotera Health Co,0.023,1,,1.88,$18.90,$13.09,44.39,$19.85
PDRDF,Pernod Ricard,0.023,1,,1.92,$70.22,$65.28,7.57,$107.46
SWK,Stanley Black & Decker Inc.,0.023,1,,1.92,$97.36,$59.87,62.62,$104.68
WTM,White Mountains Insurance,0.023,1,,1.85,$2103.49,$1647.25,27.70,$2333.00
BYD,Boyd Gaming Corp.,0.023,1,,1.92,$78.02,$75.81,2.92,$91.41
LNT,Alliant Energy,0.023,1,,1.86,$67.97,$61.37,10.75,$78.22
CHRD,Chord Energy,0.023,1,,1.87,$146.39,$80.76,81.27,$153.00
TRV,Travelers Companies Inc.,0.022,4,$330.13,0.71,$369.35,$249.31,48.15,$398.70
HSIC,Henry Schein Inc.,0.022,3,$83.52,1.54,$89.81,$61.95,44.97,$92.18
ABEV,Ambev S.A.,0.022,3,$3.14,1.81,$3.02,$2.08,45.19,$3.44
GILD,Gilead Sciences,0.022,3,$126.34,1.57,$151.00,$106.44,41.86,$155.38
IWF,iShares Russell 1000 Growth ETF,0.022,3,$124.17,1.08,$123.41,$102.14,20.82,$129.03
GHC,Graham Holdings Co.,0.022,2,$1141.45,1.74,$1135.89,$923.50,23.00,$1262.35
ECHO,EchoStar Corp.,0.022,2,$101.50,1.73,$89.80,$65.76,36.56,$147.25
IR,Ingersoll Rand Inc.,0.022,2,$81.99,0.92,$76.36,$68.05,12.21,$100.89
CTVA,Corteva Inc.,0.022,2,$84.69,1.84,$87.86,$59.97,46.51,$90.87
PRMB,Primo Brands Corp,0.022,2,$24.44,1.77,$22.00,$14.04,56.70,$26.08
KRC,Kilroy Realty Corp.,0.022,1,,1.83,$37.14,$26.89,38.12,$42.39
UMBF,UMB Financial Corp.,0.022,1,,1.79,$143.76,$102.27,40.57,$153.32
JD,JD.com Inc.,0.021,5,$25.48,1.17,$28.26,$23.66,19.44,$35.59
ROL,Rollins Inc.,0.021,4,$41.74,0.57,$35.86,$35.25,1.73,$65.40
NTRS,Northern Trust Corp.,0.021,3,$173.84,1.69,$186.63,$118.61,57.35,$194.86
TKR,Timken Co.,0.021,3,$145.31,1.72,$123.16,$69.62,76.90,$145.98
CMCO,Columbus McKinnon Corp.,0.021,2,$15.13,1.71,$18.84,$11.95,57.66,$24.13
WIX,Wix.com Ltd.,0.021,2,$44.27,0.90,$76.21,$40.16,89.77,$190.93
ROK,Rockwell Automation Inc.,0.021,2,$495.08,1.17,$433.81,$328.32,32.13,$495.83
PSKY,Paramount Skydance Corp.,0.021,2,$9.86,0.99,$10.86,$7.62,42.52,$20.57
INGR,Ingredion Inc.,0.021,1,,1.72,$101.26,$93.62,8.16,$125.14
LBTYK,Liberty Global Ltd CL C,0.021,1,,1.74,$10.43,$9.30,12.15,$13.12
VNT,Vontier Corp.,0.021,1,,1.70,$33.30,$27.21,22.38,$48.09
VRSN,Verisign Inc.,0.020,3,$251.56,0.76,$292.08,$206.93,41.15,$311.57
CMI,Cummins Inc.,0.020,3,$713.22,1.05,$560.75,$384.49,45.84,$735.02
XP,XP Inc.,0.020,2,$16.26,1.34,$19.86,$14.80,34.19,$22.83
SD,SandRidge Energy Inc.,0.020,2,$13.70,0.84,$14.33,$10.60,35.19,$17.78
ROG,Rogers Corp.,0.020,2,$163.73,1.61,$127.82,$75.14,70.11,$169.00
CLB,Core Laboratories Inc.,0.020,1,,1.63,$12.54,$9.78,28.22,$20.32
ACGL,Arch Capital Group Ltd.,0.020,1,,1.67,$98.10,$82.45,18.98,$107.09
TGT,Target Corp.,0.019,4,$130.61,1.21,$164.44,$81.20,102.51,$170.75
DEI,Douglas Emmett Inc.,0.019,3,$11.80,1.30,$11.42,$8.79,29.92,$15.90
HP,Helmerich & Payne,0.019,2,$32.75,1.46,$44.36,$19.07,132.62,$48.17
VYM,Vanguard High Dvd Yield ETF,0.019,2,$158.03,1.42,$164.23,$134.88,21.76,$167.61
LLYVA,Liberty Media Corp. Series A Live,0.019,2,$101.26,1.41,$95.63,$77.12,24.00,$106.06
ST,Sensata Technologies Holding,0.019,2,$47.74,1.27,$43.08,$27.92,54.30,$53.75
LILAK,Liberty LiLAC Group C,0.019,1,,1.56,$8.45,$4.76,77.52,$8.84
HAE,Haemonetics Corp.,0.019,1,,1.54,$102.92,$47.32,117.50,$109.57
DNOW,NOW Inc.,0.018,4,$12.97,0.67,$16.12,$10.94,47.35,$17.26
BNS,Bank of Nova Scotia,0.018,3,$86.81,1.18,$93.82,$60.50,55.07,$95.34
AR,Antero Resources,0.018,2,$35.14,1.42,$39.41,$29.10,35.43,$45.75
ADM,Archer-Daniels-Midland,0.018,2,$76.40,0.88,$84.61,$54.00,56.69,$87.90
VSAT,Viasat Inc.,0.018,2,$89.81,1.50,$75.32,$26.10,188.58,$93.03
AMH,American Homes 4 Rent,0.018,2,$33.52,1.40,$32.47,$26.95,20.48,$35.07
SKY,Skyline Champion Corp.,0.018,2,$88.12,1.42,$87.76,$63.69,37.79,$99.17
LHX,L3Harris Technologies Inc.,0.018,2,$290.59,1.49,$256.45,$256.05,0.16,$374.59
FG,F&G Annuities & Life Inc.,0.018,1,,1.44,$25.04,$20.16,24.21,$34.42
EQX,Equinox Gold Corp,0.018,1,,1.47,$12.81,$8.47,51.24,$18.88
SWX,Southwest Gas Holdings Inc.,0.018,1,,1.51,$88.06,$74.40,18.36,$93.81
CRWV,Coreweave Inc Cl A,0.018,1,,1.44,$89.36,$60.55,47.58,$153.20
PAYC,Paycom Software Inc.,0.017,3,$125.68,0.70,$231.67,$104.16,122.42,$244.98
FDS,FactSet Research Systems,0.017,3,$230.08,0.65,$301.96,$182.47,65.48,$370.44
BKD,Brookdale Senior Living Inc.,0.017,3,$16.09,1.27,$11.77,$7.29,61.45,$17.09
AMP,Ameriprise Financial Inc.,0.017,3,$458.73,0.90,$560.56,$419.52,33.62,$572.56
CTAS,Cintas Corp.,0.017,3,$170.08,1.38,$200.47,$160.31,25.05,$218.60
BXP,BXP Inc.,0.017,3,$66.31,1.04,$67.69,$48.54,39.45,$75.95
RRX,Regal Rexnord Corp.,0.017,2,$238.19,1.43,$162.86,$127.19,28.04,$247.80
ITIC,Investors Title Co.,0.017,2,$273.68,0.96,$297.97,$208.58,42.86,$309.07
MMYT,MakeMyTrip Ltd,0.017,2,$53.29,1.39,$55.62,$32.67,70.25,$103.24
NAMS,Newamsterdam Pharma Co Nv,0.017,2,$33.89,1.00,$25.40,$23.05,10.20,$42.21
PINS,Pinterest Inc.,0.017,2,$21.03,1.14,$20.40,$13.84,47.40,$38.57
EXPE,Expedia Group Inc.,0.017,2,$255.88,1.43,$298.04,$184.28,61.73,$341.51
MANE,Veradermics Inc,0.017,2,$122.94,0.88,$98.51,$32.00,207.84,$131.24
DGX,Quest Diagnostics,0.017,2,$212.00,1.42,$237.14,$168.97,40.34,$247.19
JBLU,JetBlue Airways Corp.,0.017,1,,1.43,$4.63,$3.87,19.64,$6.62
STUB,Stubhub Holdings Inc Class A,0.017,1,,1.39,$6.60,$5.74,14.98,$27.89
MATW,Matthews Intl Corp. A,0.017,1,,1.37,$21.13,$20.21,4.55,$30.32
FSV,Firstservice Corp,0.017,1,,1.41,$144.11,$119.15,20.95,$208.07
ALX,Alexander's Inc.,0.017,1,,1.42,$262.42,$190.65,37.64,$284.73
AKAM,Akamai Technologies Inc.,0.017,1,,1.40,$105.22,$70.82,48.57,$165.45
NTES,NetEase.com Inc.,0.016,3,$128.14,0.80,$119.29,$105.01,13.60,$155.78
POOL,Pool Corp.,0.016,2,$214.93,1.06,$185.22,$171.55,7.97,$327.90
GSHD,Goosehead Insurance Inc.,0.016,2,$48.50,0.87,$65.21,$33.68,93.62,$85.53
RGA,Reinsurance Group of America Inc.,0.016,2,$212.65,1.33,$253.27,$175.13,44.62,$257.81
FUL,H.B. Fuller Co.,0.016,2,$58.29,1.30,$53.89,$48.30,11.57,$68.05
PRM,Perimeter Solutions SA,0.016,2,$35.65,1.11,$31.76,$19.70,61.22,$38.17
SHAZ,Sharonai Holdings Inc,0.016,2,$84.66,0.65,$55.94,$1.90,2844.21,$178.00
NOC,Northrop Grumman Corp.,0.016,2,$509.32,1.24,$514.98,$476.85,8.00,$767.12
BAM,Brookfield Asset Management,0.016,2,$44.85,0.75,$50.60,$41.36,22.34,$60.19
UPBD,Upbound Group Inc.,0.016,1,,1.29,$18.98,$14.83,27.98,$25.85
OSG,Octave Specialty Group Inc.,0.016,1,,1.34,$4.97,$3.88,28.09,$10.38
ACIW,ACI Worldwide Inc.,0.016,1,,1.28,$52.95,$38.05,39.16,$61.08
SAM,Boston Beer Company,0.016,1,,1.35,$168.78,$158.68,6.37,$264.46
AZO,AutoZone Inc.,0.016,1,,1.34,$2983.29,$2902.20,2.79,$4388.11
NICE,Nice Ltd Spon ADR,0.016,1,,1.32,$105.50,$83.10,26.96,$153.68
NVS,Novartis AG,0.015,5,$156.73,0.84,$159.99,$118.00,35.58,$165.46
FITB,Fifth Third Bancorp,0.015,3,$56.37,0.65,$54.87,$39.08,40.40,$59.50
NTR,Nutrien Ltd.,0.015,2,$62.95,1.04,$79.47,$51.72,53.65,$83.98
WRB,W.R. Berkley Corp.,0.015,2,$70.53,1.21,$69.14,$62.31,10.96,$77.45
DLR,Digital Realty Trust Inc.,0.015,2,$179.58,1.18,$188.39,$144.28,30.57,$207.47
ARLP,Alliance Resource Partners LP,0.015,2,$23.98,1.06,$26.48,$20.15,31.41,$28.08
CALM,Cal-Maine Foods Inc.,0.015,2,$80.56,1.18,$74.63,$70.97,5.16,$112.18
MKTX,MarketAxess Holdings Inc.,0.015,2,$113.50,1.25,$163.38,$108.23,50.96,$193.95
MTH,Meritage Homes Corp.,0.015,1,,1.26,$67.33,$57.65,16.79,$85.38
CRK,Comstock Resources Inc.,0.015,1,,1.26,$15.26,$12.12,25.91,$28.10
PB,Prosperity Bancshares Inc.,0.015,1,,1.19,$72.81,$59.51,22.35,$75.87
OPCH,Option Care Health Inc.,0.015,1,,1.26,$24.21,$18.01,34.43,$36.80
YPF,YPF S.A.,0.015,1,,1.19,$52.62,$22.82,130.59,$57.49
CLW,Clearwater Paper Corp.,0.015,1,,1.26,$20.92,$11.73,78.35,$23.59
DOLE,Dole Food Company,0.015,1,,1.25,$14.01,$12.30,13.90,$16.38
HLN,Haleon Plc ADR,0.014,5,$9.33,0.73,$9.60,$8.54,12.41,$11.06
IVV,Ishares Core S&P 500 ETF,0.014,3,$748.90,0.86,$773.92,$630.45,22.76,$783.09
GD,General Dynamics,0.014,3,$354.24,1.05,$359.39,$305.43,17.67,$400.00
BCS,Barclays plc ADR,0.014,2,$26.86,1.16,$27.00,$18.86,43.16,$28.37
SBAC,SBA Communications Corp.,0.014,2,$176.46,1.14,$189.44,$160.33,18.16,$221.58
SUPN,Supernus Pharmaceuticals,0.014,1,,1.14,$43.53,$42.45,2.54,$59.68
VLO,Valero Energy,0.014,1,,1.12,$370.72,$150.02,147.11,$375.11
ICFI,ICF International Inc.,0.014,1,,1.15,$88.00,$58.62,50.12,$100.76
ALG,Alamo Group Inc.,0.014,1,,1.11,$173.56,$145.46,19.32,$219.00
ADT,ADT Inc.,0.014,1,,1.16,$7.46,$6.15,21.30,$8.73
JAZZ,Jazz Pharmaceuticals plc,0.013,2,$240.97,1.10,$246.81,$123.88,99.23,$266.38
AXS,Axis Capital Holdings Ltd.,0.013,2,$107.44,1.00,$101.14,$86.98,16.28,$119.99
TAC,TransAlta Corp.,0.013,2,$13.83,1.10,$11.96,$11.29,5.93,$17.62
ABR,Arbor Realty Trust Inc.,0.013,2,$5.42,0.78,$5.25,$4.58,14.63,$11.02
FMS,Fresenius Medical Care AG & Co KCaG,0.013,2,$22.61,1.00,$22.66,$19.24,17.78,$26.57
VMRK,Vivmark Residential,0.013,2,$67.93,1.07,$65.35,$56.30,16.07,$71.50
COMP,Compass Inc.,0.013,2,$12.33,0.66,$11.12,$6.37,74.57,$13.96
FOXA,Fox Corporation,0.013,2,$52.16,0.76,$65.42,$48.13,35.92,$75.68
CASH,Meta Financial Group Inc.,0.013,1,,1.10,$83.19,$65.75,26.52,$101.20
AGCO,AGCO Corp.,0.013,1,,1.06,$133.40,$98.22,35.82,$142.68
HWM,Howmet Aerospace Inc.,0.013,1,,1.06,$259.27,$173.02,49.85,$309.85
MNRO,Monro Inc.,0.013,1,,1.05,$13.29,$10.82,22.83,$22.69
RWAY,Runway Growth Finance Corp,0.013,1,,1.04,$6.65,$4.94,34.62,$9.01
CPRX-OLD,Catalyst Pharmaceuticals Inc.,0.013,1,,1.06,$31.50,$19.05,65.35,$32.56
MSTR,MicroStrategy Inc.,0.013,1,,1.03,$142.80,$81.81,74.55,$365.21
COLL,Collegium Pharmaceutical Inc.,0.013,1,,1.06,$23.53,$23.37,0.68,$50.79
MYRG,MYR Group Inc.,0.013,1,,1.05,$286.59,$171.51,67.10,$503.57
G,Genpact Ltd.,0.012,5,$27.50,0.44,$37.32,$26.85,38.99,$48.12
SNY,Sanofi Aventis,0.012,4,$42.66,0.63,$44.24,$40.89,8.19,$49.91
DOW,Dow Inc.,0.012,3,$27.36,1.00,$29.44,$19.68,49.59,$41.82
TREX,Trex Company Inc.,0.012,2,$50.04,0.91,$45.63,$29.77,53.28,$66.06
EXR,Extra Space Storage Inc.,0.012,2,$145.30,0.93,$139.25,$121.45,14.66,$158.88
BKR,Baker Hughes Co.,0.012,2,$55.50,1.01,$63.50,$43.24,46.85,$69.92
NE,Noble Corp.,0.012,2,$37.30,0.86,$45.61,$25.46,79.14,$53.83
DAR,Darling Ingredients Inc.,0.012,2,$54.62,0.96,$65.19,$29.15,123.64,$69.98
KN,Knowles Corp.,0.012,2,$41.48,0.94,$35.49,$20.57,72.53,$42.93
CRDO,Credo Technology Group Holdi,0.012,2,$271.95,1.00,$170.57,$86.49,97.21,$308.67
KALU,Kaiser Aluminum Corp.,0.012,2,$195.62,0.93,$164.19,$71.41,129.93,$199.89
GL,Globe Life Inc.,0.012,2,$178.68,0.71,$174.27,$127.06,37.16,$191.55
UGI,UGI Corp.,0.012,2,$34.54,0.99,$37.94,$30.66,23.74,$40.48
XMTR,Xometry Inc.,0.012,1,,0.95,$92.53,$35.86,158.03,$106.08
SMG,Scotts Miracle-Gro Co.,0.012,1,,0.96,$59.47,$49.95,19.06,$74.53
PBF,PBF Energy Inc.,0.012,1,,0.95,$74.34,$25.16,195.47,$77.94
FWONA,Liberty Media Corp Formula One Series A,0.012,1,,0.95,$88.38,$73.70,19.92,$99.52
WCN,Waste Connections,0.012,1,,0.99,$164.87,$146.58,12.48,$179.74
BBW,Build-A-Bear Workshop Inc.,0.012,1,,0.97,$29.43,$27.50,7.02,$74.33
IVZ,Invesco Ltd,0.012,1,,1.01,$33.07,$20.03,65.10,$33.66
BATRA,Atlanta Braves Holdings Inc. Series A,0.012,1,,1.01,$55.86,$41.50,34.60,$58.37
FOA,Finance Of America Companies Inc.,0.012,1,,1.00,$17.16,$15.77,8.81,$29.79
MDB,MongoDB Inc.,0.012,1,,0.99,$368.74,$215.68,70.97,$473.10
EDU,New Oriental Education & Technology,0.012,1,,0.99,$59.51,$44.25,34.49,$64.22
YMM,Full Truck Alliance Spn ADR,0.012,1,,0.96,$8.65,$7.38,17.21,$13.69
VTOL,Bristow Group Inc.,0.012,1,,0.95,$43.32,$34.73,24.73,$50.10
SU,Suncor Energy Inc.,0.011,4,$53.69,0.71,$67.33,$36.63,83.81,$69.38
HRL,Hormel Foods Corp.,0.011,3,$24.82,0.77,$21.54,$19.47,10.63,$26.43
ACMR,ACM Research Inc.,0.011,3,$126.89,0.92,$74.44,$26.44,181.54,$127.19
AUR,Aurora Innovation Inc.,0.011,3,$6.82,0.72,$6.34,$3.60,76.11,$8.57
SOFI,SoFi Technologies Inc.,0.011,2,$17.93,0.90,$18.22,$14.88,22.45,$32.73
PHG,Koninklijke Philips Electronics NV,0.011,2,$27.19,0.90,$25.89,$23.85,8.55,$32.18
AM,Antero Midstream Corp.,0.011,2,$22.75,0.90,$22.60,$16.41,37.72,$23.35
AAP,Advance Auto Parts,0.011,2,$62.22,0.80,$44.18,$37.33,18.35,$64.62
W,Wayfair Inc.,0.011,2,$92.42,0.90,$99.43,$55.60,78.83,$119.98
ELAN,Elanco Animal Health Inc.,0.011,2,$24.61,0.87,$24.50,$17.51,39.92,$27.98
LZAGY,Lonza Group Ag Unspon ADR,0.011,1,,0.92,$72.12,$57.99,24.37,$74.36
NWL,Newell Brands Inc.,0.011,1,,0.87,$6.11,$2.87,112.89,$7.05
CZR,Caesars Entertainment,0.011,1,,0.89,$29.68,$17.86,66.18,$30.88
KD,Kyndryl Holdings Inc,0.011,1,,0.87,$13.15,$10.10,30.20,$33.90
AAON,AAON Inc.,0.011,1,,0.87,$79.40,$72.95,8.84,$150.16
COST,Costco Co.,0.010,7,$935.41,0.35,$915.74,$840.35,8.97,$1094.76
SHEL,Shell plc,0.010,5,$77.54,0.59,$92.95,$66.79,39.17,$94.70
IJR,Ishares Core S&P Small Cap E,0.010,3,$148.32,0.84,$145.34,$110.97,30.97,$150.69
LIND,Lindblad Expeditions Hldgs Inc.,0.010,2,$28.24,0.78,$25.87,$11.37,127.53,$35.00
VBIL,Vanguard 0 3m T Bill ETF,0.010,2,$75.68,0.58,$75.54,$72.80,3.76,$75.55
DT,Dynatrace Inc.,0.010,2,$43.92,0.43,$51.90,$31.64,64.03,$54.84
GFI,Gold Fields Ltd.,0.010,2,$33.59,0.63,$47.40,$31.11,52.36,$59.90
KR,Kroger Co.,0.010,2,$55.53,0.72,$58.59,$53.78,8.94,$75.66
TEM,Tempus Ai Inc,0.010,2,$57.93,0.77,$64.62,$40.77,58.50,$104.32
BCO,Brink's Co.,0.010,1,,0.86,$108.87,$90.86,19.82,$135.75
SLDE,Slide Insurance Holdings Inc,0.010,1,,0.84,$24.67,$12.49,97.52,$25.09
EEFT,Euronet Worldwide Inc.,0.010,1,,0.81,$73.81,$62.50,18.10,$92.45
WAL,Western Alliance Bancorp,0.010,1,,0.81,$80.95,$65.11,24.33,$95.75
NDAQ,Nasdaq Inc.,0.010,1,,0.85,$96.88,$76.55,26.56,$101.10
QLYS,Qualys Inc.,0.010,1,,0.86,$171.65,$74.51,130.37,$201.54
VNO,Vornado Realty Trust,0.010,1,,0.83,$36.59,$24.57,48.92,$42.43
TIC,Acuren Corporation,0.010,1,,0.83,$9.36,$6.36,47.17,$14.94
PCVX,Vaxcyte Inc.,0.010,1,,0.85,$61.16,$30.81,98.51,$65.00
CFG,Citizens Financial Group Inc.,0.010,1,,0.82,$70.78,$46.55,52.05,$75.33
CET,Central Securities Corp.,0.010,1,,0.85,$54.78,$47.32,15.77,$55.99
BRBR,BellRing Brands Inc. CL A,0.010,1,,0.84,$10.39,$7.82,32.86,$43.02
DUSA,Davis Select Us Equity ETF,0.010,1,,0.82,$57.20,$46.06,24.19,$58.53
CIGI,Colliers International Group Inc.,0.009,4,$93.70,0.60,$99.02,$88.24,12.22,$171.06
IWR,Ishares Russell Mid Cap ETF,0.009,3,$110.27,0.53,$111.83,$90.78,23.19,$114.97
MLKN,MillerKnoll Inc.,0.009,3,$20.46,0.52,$22.92,$13.23,73.24,$24.51
RJF,Raymond James Financial Inc.,0.009,2,$152.03,0.75,$178.29,$138.33,28.89,$182.73
CFR,Cullen Frost Bankers,0.009,2,$154.52,0.71,$162.62,$115.60,40.67,$169.71
AVB-OLD,AvalonBay Communities,0.009,2,$188.69,0.72,$184.30,$157.12,17.30,$198.63
MPWR,Monolithic Power Systems,0.009,2,$1382.24,0.76,$1223.86,$824.23,48.49,$1711.48
HPQ,HP Inc.,0.009,2,$21.93,0.49,$32.64,$17.07,91.21,$32.78
OCFC,OceanFirst Financial Corp.,0.009,1,,0.77,$19.43,$16.44,18.19,$20.12
FR,First Industrial Realty Trust Inc.,0.009,1,,0.76,$61.85,$49.03,26.15,$69.88
EME,Emcor Group,0.009,1,,0.74,$754.16,$564.01,33.71,$951.47
PSUS,Pershing Square Usa Ltd,0.009,1,,0.77,$38.98,$35.71,9.16,$44.00
HAS,Hasbro Inc.,0.009,1,,0.73,$92.53,$67.33,37.43,$104.60
RIOT,Riot Blockchain Inc.,0.009,1,,0.70,$21.80,$11.50,89.57,$30.32
CTRN,Citi Trends Inc.,0.009,1,,0.74,$71.16,$29.60,140.41,$77.91
MMM,3M Co.,0.008,4,$161.92,0.52,$168.56,$138.02,22.13,$184.09
BMI,Badger Meter Inc.,0.008,3,$148.38,0.31,$132.49,$111.36,18.97,$201.67
TROW,T. Rowe Price Group,0.008,3,$113.63,0.30,$109.78,$84.21,30.36,$122.00
ITW,Illinois Tool Works,0.008,2,$270.47,0.67,$270.12,$234.38,15.25,$301.92
BTDR,Bitdeer Technologies Group A,0.008,2,$15.87,0.68,$12.38,$6.92,78.90,$27.80
TTE,TotalEnergies SE,0.008,2,$77.76,0.69,$88.59,$56.15,57.77,$93.00
RELX,RELX plc,0.008,2,$31.67,0.61,$35.51,$26.84,32.30,$47.13
KT,KT Corp.,0.008,2,$17.28,0.37,$19.79,$17.13,15.53,$24.58
LXU,LSB Industries Inc.,0.008,2,$10.81,0.66,$11.30,$7.71,46.56,$17.22
FIGR,Figure Technology Solut Cl A,0.008,1,,0.65,$35.96,$24.11,49.15,$78.00
AD,Array Digital Infrastructure Inc.,0.008,1,,0.67,$38.50,$28.86,33.40,$46.04
KRYS,Krystal Biotech Inc.,0.008,1,,0.67,$358.24,$136.73,162.01,$382.54
BXC,BlueLinx Holdings Inc.,0.008,1,,0.64,$81.81,$44.78,82.69,$93.80
TX,Ternium S.A.,0.008,1,,0.65,$58.00,$31.27,85.48,$58.50
SBSI,Southside Bancshares Inc.,0.008,1,,0.66,$32.83,$25.12,30.69,$35.79
DMAC,DiaMedica Therapeutics Inc.,0.008,1,,0.68,$6.75,$5.25,28.57,$10.42
AGO,Assured Guaranty Ltd.,0.008,1,,0.63,$75.69,$72.39,4.56,$91.07
KRSP,Rice Acquisition Corp 3 A,0.008,1,,0.67,$10.51,$10.21,2.94,$11.89
HKHGF,Hongkong Land Holdings Ltd,0.008,1,,0.63,$8.56,$5.56,53.96,$8.63
NWG,NatWest Group Plc,0.008,1,,0.67,$18.94,$12.79,48.08,$19.21
ZD,Ziff Davis Inc.,0.008,1,,0.63,$55.70,$22.45,148.11,$58.06
D,Dominion Energy Inc.,0.008,1,,0.65,$65.84,$54.17,21.54,$72.26
MMS,MAXIMUS Inc.,0.008,1,,0.64,$57.66,$52.42,10.00,$98.42
IPGP,IPG Photonics Corp.,0.008,1,,0.65,$78.00,$69.41,12.38,$155.82
CLX,Clorox Co.,0.007,5,$95.44,0.24,$93.06,$83.72,11.16,$125.83
VTV,Vanguard Value ETF,0.007,3,$217.93,0.60,$226.46,$177.51,27.58,$228.57
TDY,Teledyne Technologies,0.007,3,$666.90,0.56,$610.65,$483.02,26.42,$697.67
MTD,Mettler-Toledo International Inc.,0.007,2,$1277.67,0.32,$1345.26,$1023.05,31.50,$1525.17
EQNR,Equinor ASA,0.007,2,$31.40,0.57,$42.09,$21.54,95.40,$44.33
ING,ING Group NV,0.007,2,$31.38,0.58,$37.18,$22.47,65.47,$37.30
TNC,Tennant Co.,0.007,2,$87.54,0.55,$71.97,$59.62,20.71,$91.52
BAH,Booz Allen Hamilton Hldg Corp.,0.007,2,$60.67,0.56,$72.80,$59.05,23.29,$106.66
AXSM,Axsome Therapeutics Inc.,0.007,2,$244.77,0.54,$206.68,$112.90,83.06,$260.19
SRTA,Strata Critical Medical Inc.,0.007,2,$5.27,0.58,$5.32,$3.85,38.18,$6.50
EPAM,EPAM Systems Inc.,0.007,1,,0.54,$117.04,$73.06,60.20,$222.53
EXPD,Expeditors Int'l,0.007,1,,0.54,$188.80,$111.78,68.90,$192.28
WVE,Wave Life Sciences Ltd.,0.007,1,,0.54,$4.86,$4.65,4.52,$21.73
AS,Amer Sports Inc,0.007,1,,0.57,$29.53,$28.10,5.09,$42.76
ANDG,Andersen Group Inc A,0.007,1,,0.61,$56.26,$18.12,210.49,$57.62
RAL,Ralliant Corp.,0.007,1,,0.54,$63.46,$37.20,70.59,$75.41
VYX,NCR Voyix Corp.,0.007,1,,0.56,$9.14,$6.02,51.83,$13.50
QMCO,Quantum Corp.,0.007,1,,0.59,$24.73,$4.19,490.21,$27.80
MMSI,Merit Medical Systems Inc.,0.007,1,,0.61,$89.60,$59.74,49.98,$94.75
TMUS,T-Mobile US Inc.,0.007,1,,0.56,$181.52,$164.71,10.21,$250.44
FSLR,First Solar Inc.,0.007,1,,0.57,$204.45,$182.99,11.73,$320.95
PAYP,Paypay Corp,0.007,1,,0.55,$17.04,$12.07,41.18,$24.89
BLTE,Belite Bio Inc ADR,0.007,1,,0.55,$193.61,$64.80,198.78,$200.00
WLTH,Wealthfront Corp,0.007,1,,0.57,$9.58,$7.20,33.06,$14.88
GCMG,Gcm Grosvenor Inc Class A,0.007,1,,0.54,$13.27,$9.12,45.50,$14.74
UL,Unilever PLC,0.006,5,$60.12,0.22,$64.20,$53.97,18.95,$73.09
TIGO,Millicom Intl Cellular S.a.,0.006,3,$90.76,0.39,$94.83,$41.60,127.96,$107.13
RNR,RenaissanceRe Holdings Ltd.,0.006,3,$316.90,0.32,$330.38,$230.19,43.52,$340.24
PBR.A,Petroleo Brasil Sp Pref ADR,0.006,2,$14.64,0.49,$18.25,$10.25,78.05,$19.35
PUK,Prudential Plc ADR,0.006,2,$26.81,0.49,$27.75,$24.61,12.76,$33.59
VLTO,Veralto Corp.,0.006,2,$88.68,0.48,$96.31,$79.91,20.52,$109.28
QRVO,Qorvo Inc.,0.006,2,$93.27,0.51,$102.84,$74.92,37.27,$109.49
CYD,China Yuchai Intl Ltd.,0.006,2,$47.42,0.51,$37.43,$28.09,33.25,$60.28
HWKN,Hawkins Inc.,0.006,2,$142.10,0.45,$129.13,$116.05,11.27,$185.12
CX,Cemex,0.006,2,$12.00,0.50,$11.03,$8.67,27.22,$13.64
BEKE,KE Holdings Inc.,0.006,2,$14.53,0.38,$17.92,$13.81,29.76,$20.60
KFY,Korn Ferry,0.006,2,$66.58,0.30,$85.35,$57.98,47.21,$87.51
GLOB,Globant S.A.,0.006,2,$28.94,0.33,$39.13,$27.56,41.98,$72.10
DTE,DTE Energy Co.,0.006,1,,0.53,$136.08,$124.26,9.51,$155.75
ZTO,ZTO Express,0.006,1,,0.48,$20.95,$17.60,19.03,$25.97
NGG,National Grid Plc Sp ADR,0.006,1,,0.53,$78.12,$66.98,16.63,$92.22
CART,Maplebear Inc,0.006,1,,0.51,$51.07,$32.73,56.03,$52.68
WEX,WEX Inc.,0.006,1,,0.47,$193.91,$125.29,54.77,$203.99
FND,Floor & Decor Holdings,0.006,1,,0.46,$50.23,$42.64,17.80,$92.41
NBIX,Neurocrine Biosciences Inc.,0.006,1,,0.49,$155.64,$122.14,27.43,$186.12
SNN,Smith & Nephew plc,0.006,1,,0.49,$28.87,$28.48,1.37,$37.90
MBC,Masterbrand Inc,0.006,1,,0.46,$8.51,$6.61,28.74,$14.22
AIT,Applied Industrial Tech.,0.006,1,,0.53,$325.57,$236.75,37.52,$374.27
BCE,BCE Inc.,0.006,1,,0.51,$23.67,$20.87,13.42,$26.12
PPL,PPL Corp.,0.006,1,,0.49,$35.11,$32.66,7.50,$39.79
IT,Gartner Inc.,0.006,1,,0.49,$186.42,$124.25,50.04,$265.85
AGL,Agilon Health Inc,0.006,1,,0.46,$88.50,$7.48,1083.16,$133.04
TWFG,Twfg Inc,0.006,1,,0.53,$28.89,$16.56,74.46,$31.30
DINT,Davis Select International,0.006,1,,0.48,$30.16,$25.77,17.04,$30.75
CRAI,CRA International Inc.,0.006,1,,0.47,$170.91,$131.23,30.24,$224.94
THG,Hanover Insurance Group,0.006,1,,0.46,$228.38,$164.23,39.06,$236.07
T,AT&T Inc.,0.005,3,$20.70,0.40,$25.68,$19.63,30.82,$28.75
BIL,SPDR Bloomberg 1 3 Month T B,0.005,3,$91.64,0.27,$91.45,$88.18,3.71,$91.45
LPX,Louisiana-Pacific Corp.,0.005,3,$78.66,0.21,$68.17,$65.85,3.52,$99.71
DCI,Donaldson Co.,0.005,3,$89.77,0.38,$91.03,$78.40,16.11,$112.05
EMR,Emerson Electric,0.005,3,$143.16,0.26,$152.82,$121.73,25.54,$165.79
ARCO,Arcos Dorados Holdings Inc.,0.005,3,$8.06,0.26,$8.17,$6.38,28.06,$9.67
FRFHF,Fairfax Financial Holdings Ltd.,0.005,2,$1644.34,0.26,$1675.58,$1500.00,11.71,$1933.22
HALO,Halozyme Therapeutics,0.005,2,$78.26,0.45,$110.19,$61.23,79.96,$111.15
EQPT,Equipmentshare.com Inc A,0.005,2,$19.66,0.38,$19.55,$15.71,24.44,$35.50
IDA,IDACORP Inc. Hldg. Co.,0.005,2,$151.30,0.43,$135.70,$119.22,13.82,$153.97
BWXT,BWX Technologies Inc.,0.005,2,$194.65,0.37,$157.59,$147.74,6.67,$241.12
DFNL,Davis Select Financial ETF,0.005,1,,0.45,$52.37,$42.56,23.05,$53.09
SARO,Standardaero Inc,0.005,1,,0.41,$24.81,$23.83,4.11,$34.48
DWLD,Davis Select Worldwide ETF,0.005,1,,0.38,$47.39,$42.44,11.66,$49.48
PRG,PROG Holdings Inc.,0.005,1,,0.40,$39.29,$25.48,54.20,$47.57
MEOH,Methanex Corp.,0.005,1,,0.43,$58.72,$31.63,85.65,$66.53
SGRY,Surgery Partners Inc.,0.005,1,,0.38,$14.26,$11.41,24.98,$23.44
TAL,TAL Education Group,0.005,1,,0.43,$12.40,$8.88,39.64,$13.37
AQN,Algonquin Power & Utilities,0.005,1,,0.39,$5.67,$5.13,10.53,$6.95
SMPL,Simply Good Foods Co.,0.005,1,,0.42,$11.45,$9.88,15.89,$28.95
SION,Sionna Therapeutics Inc,0.005,1,,0.40,$7.18,$4.01,79.05,$54.97
CNO,CNO Financial Group Inc.,0.005,1,,0.37,$56.75,$37.76,50.29,$57.59
QURE,uniQure NV,0.005,1,,0.38,$44.50,$8.73,409.74,$71.50
FRPH,FRP Holdings Inc.,0.005,1,,0.43,$22.59,$20.53,10.03,$25.77
WHR,Whirlpool Corp.,0.005,1,,0.38,$39.30,$35.45,10.86,$94.09
SMIN,Ishares Msci India Small Cap,0.005,1,,0.42,$72.40,$57.78,25.30,$74.41
SOPH,Sophia Genetics SA,0.005,1,,0.42,$8.09,$3.10,160.97,$8.98
ORKA,Oruka Therapeutics Inc,0.005,1,,0.41,$92.51,$14.67,530.61,$115.52
SNDX,Syndax Pharmaceuticals Inc.,0.005,1,,0.43,$20.56,$12.99,58.28,$25.59
LKFT,Lakefront Biotherapeutics,0.005,1,,0.37,$28.49,$25.68,10.94,$37.78
SUN,Sunoco Inc.,0.005,1,,0.43,$75.60,$45.10,67.63,$78.00
WK,Workiva Inc.,0.005,1,,0.37,$76.55,$43.34,76.63,$97.10
PKG,Packaging Corp. of America,0.005,1,,0.45,$237.25,$187.98,26.21,$259.98
KGS,Kodiak Gas Services Inc,0.005,1,,0.39,$62.59,$31.37,99.52,$77.10
HAL,Halliburton Co.,0.005,1,,0.39,$37.07,$21.03,76.27,$43.20
MLCO,Melco Resorts & Entertainment,0.005,1,,0.44,$5.21,$4.99,4.41,$10.15
HDB,HDFC Bank Ltd.,0.004,5,$25.83,0.12,$23.18,$22.26,4.13,$36.79
VTI,Vanguard Total Stock Mkt ETF,0.004,5,$370.00,0.19,$379.73,$309.51,22.69,$385.12
CCK,Crown Holdings,0.004,4,$111.82,0.19,$115.16,$88.12,30.69,$122.91
ONB,Old National Bancorp,0.004,3,$25.90,0.22,$26.04,$18.93,37.56,$27.21
LBRDA-OLD,Liberty Broadband Corp. CL A,0.004,3,$33.28,0.29,$35.98,$26.14,37.64,$65.40
HPE,Hewlett Packard Enterprise,0.004,3,$45.11,0.34,$52.00,$19.62,165.04,$64.06
SMFG,Sumitomo Mitsui Spons ADR,0.004,2,$23.58,0.36,$27.30,$15.18,79.84,$27.62
NOVT,Novanta Inc.,0.004,2,$162.28,0.27,$148.36,$98.27,50.97,$176.38
HLI,Houlihan Lokey Inc.,0.004,2,$134.13,0.33,$137.11,$112.24,22.16,$208.14
MDY,SPDR S&P Midcap 400 ETF Trst,0.004,2,$703.33,0.34,$691.52,$563.38,22.74,$717.35
AFL,AFLAC Inc.,0.004,2,$117.24,0.28,$117.21,$102.51,14.34,$129.57
COO,Cooper Cos Inc,0.004,2,$71.72,0.25,$69.59,$58.89,18.17,$89.83
UHAL,U-Haul Holding Co.,0.004,2,$65.44,0.26,$67.19,$41.95,60.17,$76.45
VIST,"Vista Oil & Gas, S.A.B. de C.V.",0.004,2,$63.80,0.35,$73.73,$31.63,133.10,$81.44
FCN,FTI Consulting Inc.,0.004,1,,0.30,$151.70,$137.65,10.21,$189.30
GLPI,Gaming and Leisure Properties Inc.,0.004,1,,0.32,$41.92,$39.81,5.30,$48.30
ALNY,Alnylam Pharmaceuticals,0.004,1,,0.31,$266.11,$197.81,34.53,$495.55
PAGS,PagSeguro Digital Ltd.,0.004,1,,0.31,$9.73,$8.24,18.08,$12.03
COYA,Coya Therapeutics Inc,0.004,1,,0.35,$4.76,$3.71,28.30,$7.75
ZM,Zoom Video Communications Inc.,0.004,1,,0.32,$101.33,$70.70,43.32,$114.74
PIPR,Piper Sandler Companies,0.004,1,,0.36,$77.04,$68.34,12.73,$92.80
PCAR,PACCAR Inc.,0.004,1,,0.35,$124.70,$90.03,38.51,$138.87
TCHP,T Rowe Price Blue Chip Growth ETF,0.004,1,,0.31,$50.85,$42.26,20.33,$53.26
CCU,Compania Cervecerias Unidas SA,0.004,1,,0.30,$11.88,$10.56,12.50,$15.15
SDGR,SCHRODINGER Inc.,0.004,1,,0.33,$20.09,$10.95,83.47,$23.02
BTSG,Brightspring Health Services,0.004,1,,0.32,$60.73,$23.69,156.35,$73.75
MINE,Mayfair Gold Corp,0.004,1,,0.29,$3.14,$2.16,45.37,$4.88
INBX,Inhibrx,0.004,1,,0.30,$121.17,$26.19,362.66,$155.29
SLQT,Selectquote Inc.,0.004,1,,0.32,$0.54,$0.48,12.50,$2.22
AGI,Alamos Gold Inc.,0.004,1,,0.31,$36.97,$27.05,36.67,$55.30
PRDO,Perdoceo Education Corp.,0.004,1,,0.30,$33.20,$26.14,27.01,$38.13
INDA,iShares MSCI India ETF,0.004,1,,0.34,$49.91,$45.21,10.40,$55.50
XEL,Xcel Energy Inc.,0.004,1,,0.29,$75.72,$69.16,9.49,$83.22
PHVS,Pharvaris NV,0.004,1,,0.36,$35.25,$20.65,70.70,$38.13
ATKR,Atkore International Group Inc.,0.004,1,,0.30,$93.76,$53.32,75.84,$93.96
SFM,Sprouts Farmers Market Inc.,0.004,1,,0.35,$81.40,$64.75,25.71,$141.24
GNE,Genie Energy Ltd.,0.004,1,,0.35,$15.51,$12.56,23.49,$15.95
EVLV,Evolv Technologies Holdings,0.004,1,,0.34,$5.00,$4.86,2.88,$8.81
SWIM,Latham Group Inc,0.004,1,,0.32,$7.10,$4.64,53.02,$8.97
JGRW,Jensen Quality Growth ETF,0.004,1,,0.36,$28.04,$23.56,19.02,$28.96
VUG,Vanguard Growth ETF,0.003,6,$86.16,0.13,$88.45,$69.56,27.16,$90.50
SPY,SPDR S&P 500 ETF Trust,0.003,6,$746.85,0.06,$770.19,$627.66,22.71,$779.37
RSP,Invesco S&P 500 Equal Weight,0.003,4,$212.87,0.22,$219.00,$179.92,21.72,$223.44
SNPS,Synopsys Inc.,0.003,4,$446.14,0.16,$393.84,$366.00,7.61,$615.79
VWO,Vanguard FTSE Emerging Marke,0.003,4,$59.69,0.22,$61.44,$50.45,21.78,$61.54
VIG,Vanguard Dividend Apprec ETF,0.003,3,$236.65,0.21,$242.02,$207.84,16.45,$247.45
IWM,iShares Russell 2000 ETF,0.003,3,$300.49,0.25,$296.01,$227.19,30.29,$305.18
ALL,Allstate Corp.,0.003,3,$237.94,0.28,$259.57,$184.51,40.68,$276.07
BC,Brunswick Corp.,0.003,2,$84.24,0.21,$74.43,$57.26,29.99,$88.81
COLB,Columbia Banking System Inc.,0.003,2,$32.05,0.20,$30.80,$22.66,35.92,$33.27
ASB,Associated Banc-Corp,0.003,2,$30.77,0.18,$31.07,$23.04,34.85,$32.21
VO,Vanguard Mid Cap ETF,0.003,2,$80.57,0.25,$82.28,$68.69,19.78,$84.59
SEIC,SEI Investments,0.003,2,$87.74,0.12,$110.39,$74.64,47.90,$112.15
ALSN,Allison Transmission Holdings,0.003,2,$112.75,0.19,$131.24,$75.21,74.50,$136.97
AYI,Acuity Brands Inc.,0.003,2,$376.66,0.25,$334.05,$256.71,30.13,$379.43
CNXC,Concentrix Corp.,0.003,2,$22.41,0.22,$32.16,$18.81,70.97,$55.22
HAFN,Hafnia Ltd,0.003,2,$6.62,0.21,$9.22,$4.86,89.71,$9.25
THO,Thor Industries,0.003,2,$75.17,0.15,$76.94,$69.23,11.14,$121.16
BSY,Bentley Systems Inc Class B,0.003,1,,0.27,$33.71,$28.08,20.05,$56.94
VSTM,Verastem Inc.,0.003,1,,0.27,$8.20,$3.43,139.07,$11.25
FBAK,First National Bank Alaska,0.003,1,,0.25,$202.54,$165.01,22.74,$211.60
JKHY,Jack Henry & Associates Inc.,0.003,1,,0.26,$165.64,$120.60,37.35,$191.13
PS,Pershing Square Inc.,0.003,1,,0.24,$39.08,$21.93,78.20,$54.75
GIII,G-III Apparel Group,0.003,1,,0.22,$27.74,$24.45,13.46,$37.54
LBRT,Liberty Oilfield Services Inc.,0.003,1,,0.21,$20.59,$9.75,111.18,$34.23
LEGH,Legacy Housing Corp.,0.003,1,,0.24,$28.41,$18.29,55.33,$31.34
BMM,Blue Moon Metals Inc,0.003,1,,0.28,$6.19,$3.47,78.39,$8.63
NTB,Bank of N.T. Butterfield & Son Ltd,0.003,1,,0.26,$61.53,$39.10,57.37,$64.17
SMRT,SmartRent Inc.,0.003,1,,0.24,$1.33,$0.91,46.15,$2.20
GLDM,SPDR Gold Minishares Trust,0.003,1,,0.22,$87.73,$70.75,24.00,$109.74
OVV,Ovintiv Inc.,0.003,1,,0.21,$64.76,$34.83,85.93,$67.51
RUSHB,Rush Enterprises Inc. - CL B,0.003,1,,0.21,$51.82,$31.62,63.88,$54.35
CGAU,Centerra Gold Inc,0.003,1,,0.22,$22.92,$8.24,178.16,$24.52
RCL,Royal Caribbean Cruises Ltd.,0.003,1,,0.21,$265.19,$230.90,14.85,$356.69
L,Loews Corp.,0.003,1,,0.27,$109.30,$94.88,15.20,$120.94
PLOW,Douglas Dynamics,0.003,1,,0.22,$42.30,$27.89,51.67,$55.00
HGTY,Hagerty Inc.,0.003,1,,0.27,$13.55,$9.36,44.76,$14.00
OGC,Oceanagold Corp,0.003,1,,0.25,$30.61,$18.81,62.73,$42.96
LESL,Leslie's Inc.,0.003,1,,0.24,$0.57,$0.50,14.00,$12.53
MO,Altria Group Inc.,0.002,5,$71.95,0.12,$68.88,$53.01,29.94,$77.06
IWD,Ishares Russell 1000 Value E,0.002,4,$244.40,0.12,$257.63,$197.07,30.73,$260.19
NUE,Nucor Corp.,0.002,3,$222.78,0.14,$261.07,$130.11,100.65,$280.11
OEC,Orion SA,0.002,3,$6.63,0.09,$6.09,$4.28,42.29,$10.70
AEBI,Aebi Schmidt Holding Ag,0.002,3,$12.55,0.16,$12.95,$8.87,46.00,$15.87
AIR,AAR Corp.,0.002,3,$142.94,0.11,$126.54,$73.05,73.22,$154.00
AMT,American Tower Corp.,0.002,3,$163.57,0.09,$175.85,$160.06,9.87,$194.23
APLD,Applied Digital Corp,0.002,3,$37.30,0.14,$26.37,$13.16,100.38,$50.73
ACWI,iShares MSCI ACWI ETF,0.002,3,$156.97,0.16,$161.89,$131.29,23.31,$162.80
SNA,Snap-On Inc.,0.002,2,$402.37,0.12,$383.00,$312.34,22.62,$420.41
PAAS,Pan American Silver Corp.,0.002,2,$44.79,0.18,$51.34,$32.65,57.24,$69.34
HLT,Hilton Worldwide Holdings,0.002,2,$330.48,0.12,$311.18,$253.04,22.98,$357.84
SMHI,SEACOR Marine Holdings Inc.,0.002,2,$7.65,0.18,$9.76,$5.55,75.86,$10.00
HUN,Huntsman Corp.,0.002,2,$10.62,0.16,$9.62,$7.15,34.55,$16.09
TD,Toronto-Dominion Bank,0.002,2,$121.55,0.13,$121.63,$71.76,69.50,$125.47
CECO,CECO Environmental Corp.,0.002,2,$90.74,0.11,$74.10,$42.82,73.05,$101.24
PLXS,Plexus Corp.,0.002,2,$300.67,0.11,$245.98,$132.03,86.31,$307.06
ERO,Ero Copper Corp,0.002,2,$26.74,0.19,$34.90,$14.89,134.39,$40.83
RF,Regions Financial Corp.,0.002,2,$30.20,0.16,$30.42,$21.82,39.41,$32.14
IBN,ICICI Bank Ltd.,0.002,2,$29.03,0.14,$30.30,$24.87,21.83,$32.76
NUVB,Nuvation Bio Inc.,0.002,2,$5.68,0.13,$6.81,$2.99,127.76,$9.75
MANH,Manhattan Associates,0.002,2,$139.25,0.18,$213.77,$119.06,79.55,$227.03
LPG,Dorian LPG Ltd,0.002,2,$34.79,0.11,$55.20,$22.18,148.87,$55.28
FIX,Comfort Systems USA Inc.,0.002,2,$1981.92,0.20,$1610.34,$680.61,136.60,$2072.10
HONA,Honeywell Aerospace Inc,0.002,2,$221.08,0.20,$161.01,$150.03,7.32,$266.62
IWN,Ishares Russell 2000 Value E,0.002,2,$221.16,0.17,$224.62,$166.72,34.73,$227.86
VALE,Vale SA,0.002,2,$15.04,0.19,$15.27,$9.71,57.26,$17.45
VREX,Varex Imaging Corp.,0.002,2,$10.43,0.13,$18.51,$9.09,103.63,$18.63
MX,MagnaChip Semiconductor Corp.,0.002,2,$4.73,0.19,$3.09,$2.18,41.74,$9.86
MTDR,Matador Resources Co.,0.002,2,$49.79,0.14,$59.15,$35.98,64.40,$65.88
HXL,Hexcel Corp.,0.002,1,,0.14,$91.98,$59.77,53.89,$111.54
GT,Goodyear Tire & Rubber,0.002,1,,0.13,$6.25,$5.43,15.10,$10.62
MOAT,Vaneck Morningstar Wide Moat,0.002,1,,0.14,$111.73,$94.07,18.77,$115.58
WB,Weibo Corp.,0.002,1,,0.18,$6.72,$6.71,0.15,$12.11
BULL,Webull Corp,0.002,1,,0.18,$9.74,$4.50,116.44,$16.04
HR,Healthcare Realty Trust Inc.,0.002,1,,0.13,$19.12,$15.71,21.71,$21.77
IVVD,Invivyd Inc.,0.002,1,,0.15,$0.83,$0.53,56.60,$3.07
EVTC,EVERTEC Inc.,0.002,1,,0.19,$30.35,$21.73,39.67,$34.76
DOCN,DigitalOcean Holdings Inc.,0.002,1,,0.14,$112.47,$32.35,247.67,$187.50
NSSC,Napco Security Technologies Inc.,0.002,1,,0.17,$37.01,$33.91,9.14,$51.77
XLE,Energy Select Sector SPDR,0.002,1,,0.15,$64.06,$41.42,54.66,$65.52
LILA,Liberty LiLAC Group A,0.002,1,,0.17,$8.52,$4.73,80.13,$8.90
GDXJ,Vaneck Junior Gold Miners,0.002,1,,0.20,$129.03,$81.81,57.72,$157.49
VSS,Vanguard FTSE All Wo X Us Sc,0.002,1,,0.14,$161.34,$132.72,21.56,$162.46
WU,Western Union Co.,0.002,1,,0.16,$7.18,$6.27,14.51,$9.78
RERE,AiHuiShou International Co. Ltd. ADS,0.002,1,,0.16,$4.18,$3.50,19.43,$6.32
BNTX,Biontech Se ADR,0.002,1,,0.18,$103.76,$79.52,30.48,$124.00
FSM,Fortuna Mining Corp.,0.002,1,,0.19,$12.31,$7.59,62.19,$13.85
WSFS,WSFS Financial Corp.,0.002,1,,0.20,$79.37,$49.37,60.77,$82.74
HTLD,Heartland Express,0.002,1,,0.16,$12.44,$6.96,78.74,$16.61
CLFD,Clearfield Inc.,0.002,1,,0.14,$28.65,$23.76,20.58,$52.73
SEDG,SolarEdge Technologies Inc.,0.002,1,,0.18,$34.20,$28.21,21.23,$81.25
NTNX,Nutanix Inc.,0.002,1,,0.20,$68.06,$34.01,100.12,$82.42
ADNT,Adient plc,0.002,1,,0.20,$20.01,$17.68,13.18,$27.32
BRKR,Bruker Corp.,0.002,1,,0.15,$58.50,$29.69,97.04,$65.30
AMTM,Amentum Holdings Inc.,0.002,1,,0.17,$20.06,$19.80,1.31,$38.11
MSM,MSC Industrial Direct,0.002,1,,0.13,$121.41,$76.68,58.33,$130.46
GENI,Genius Sports Ltd,0.002,1,,0.16,$7.49,$3.83,95.56,$13.73
PSLV,Sprott Physical Silver Trust,0.002,1,,0.15,$21.70,$13.78,57.47,$38.13
WGO,Winnebago Industries Inc.,0.002,1,,0.16,$31.03,$26.80,15.78,$49.03
KOP,Koppers Holdings Inc.,0.002,1,,0.14,$47.78,$24.77,92.89,$52.90
SHOE,Shoe Carnival Inc.,0.002,1,,0.13,$14.07,$12.78,10.09,$25.61
PFG,Principal Financial Group,0.002,1,,0.13,$116.68,$75.30,54.95,$121.18
HTZ,Hertz Global Hldgs Inc.,0.002,1,,0.17,$2.30,$1.45,58.62,$8.18
MMI,Marcus & Millichap Inc.,0.002,1,,0.20,$31.89,$24.20,31.78,$33.55
NOG,Northern Oil and Gas Inc.,0.002,1,,0.16,$25.92,$17.18,50.87,$29.99
ORIC,ORIC Pharmaceuticals Inc.,0.002,1,,0.16,$12.86,$7.23,77.87,$14.93
SLV,iShares Silver Trust,0.002,1,,0.19,$59.82,$36.97,61.81,$109.83
MORN,Morningstar Inc.,0.002,1,,0.15,$209.40,$141.06,48.45,$258.69
LAB,Standard Biotools Inc,0.002,1,,0.14,$0.69,$0.63,9.52,$1.72
BUDFF,Anheuser Busch Inbev SA NV,0.002,1,,0.16,$79.32,$57.09,38.94,$86.78
SABR,Sabre Corp.,0.002,1,,0.14,$2.13,$0.81,162.96,$2.30
MBUU,Malibu Boats Inc.,0.002,1,,0.14,$27.88,$23.84,16.95,$35.06
TRP,TC Energy,0.002,1,,0.17,$62.61,$47.80,30.98,$70.90
SPRY,Ars Pharmaceuticals Inc,0.002,1,,0.18,$5.62,$4.91,14.46,$13.15
TRMLF,Tourmaline Oil Corp,0.002,1,,0.18,$45.88,$38.60,18.86,$50.79
IDCC,InterDigital Inc.,0.002,1,,0.13,$337.94,$248.51,35.99,$409.73
SCSC,ScanSource Inc.,0.002,1,,0.17,$58.48,$33.76,73.22,$66.78
RCI,Rogers Communications Inc.,0.002,1,,0.18,$37.52,$31.38,19.57,$40.38
CNP,CenterPoint Energy,0.002,1,,0.20,$39.67,$36.30,9.28,$44.99
EMBC,Embecta Corp,0.002,1,,0.17,$5.80,$2.76,110.14,$15.05
FNDF,Schwab Fndmn Intl Lrg Co ETF,0.002,1,,0.15,$56.31,$40.64,38.56,$56.41
BTE,Baytex Energy Corp.,0.002,1,,0.14,$4.86,$2.11,130.33,$5.34
ZIM,Zim Integrated Shipping Serv,0.002,1,,0.20,$28.58,$11.75,143.23,$29.56
NOK,Nokia Corp.,0.002,1,,0.20,$10.03,$4.39,128.47,$17.36
DMRA,Damora Therapeutics Inc.,0.002,1,,0.17,$30.06,$2.45,1126.94,$38.33
AEG,Aegon Ltd,0.002,1,,0.20,$9.14,$6.39,43.04,$9.35
VT,Vanguard Tot World Stk ETF,0.001,4,$156.95,0.07,$161.73,$131.35,23.13,$162.71
HRI,HERC Holdings Inc.,0.001,3,$143.35,0.04,$140.92,$87.56,60.94,$185.59
CAH,Cardinal Health Inc.,0.001,3,$237.56,0.09,$247.18,$144.37,71.21,$258.30
APA,APA Corp.,0.001,3,$32.57,0.06,$42.77,$20.84,105.23,$45.13
XLK,Technology Select Sect SPDR,0.001,3,$190.45,0.04,$187.28,$126.53,48.01,$198.49
CW,Curtiss-Wright Corp.,0.001,3,$758.31,0.05,$566.75,$464.78,21.94,$808.16
QQQ,Invesco Qqq Trust Series 1,0.001,3,$736.46,0.09,$718.96,$554.99,29.54,$747.83
OTIS,Otis Worldwide Corp.,0.001,3,$71.61,0.07,$71.21,$68.74,3.59,$93.43
MPC,Marathon Petroleum Corp.,0.001,3,$255.59,0.08,$388.90,$160.07,142.96,$398.52
VECO,Veeco Instruments,0.001,3,$75.80,0.06,$44.67,$24.00,86.13,$86.63
JBTM,JBT Marel Corp.,0.001,3,$144.99,0.09,$117.72,$113.23,3.97,$169.81
AEIS,Advanced Energy Industries,0.001,3,$372.88,0.06,$280.90,$149.86,87.44,$397.18
SITM,SiTime Corp.,0.001,2,$745.53,0.04,$612.09,$229.64,166.54,$901.81
CM,Can Imperial Bk Of Commerce,0.001,2,$115.10,0.10,$117.50,$75.22,56.21,$124.86
SIMO,Silicon Motion Technol ADR,0.001,2,$333.35,0.07,$256.21,$79.13,223.78,$354.28
UCTT,Ultra Clean Holdings Inc.,0.001,2,$142.59,0.08,$72.43,$21.49,237.04,$144.22
VPG,Vishay Precision Group,0.001,2,$149.92,0.04,$63.01,$28.71,119.47,$151.78
RXO,Rxo Inc,0.001,2,$27.60,0.06,$20.66,$10.43,98.08,$29.90
HOFT,Hooker Furniture Corp.,0.001,2,$17.83,0.08,$13.12,$8.38,56.56,$18.09
WBS-OLD,Webster Financial Corp.,0.001,2,$76.34,0.05,$77.78,$51.49,51.06,$79.40
LASR,nLight Inc.,0.001,2,$69.62,0.08,$40.06,$27.22,47.17,$86.95
DLO,DLocal Ltd,0.001,2,$13.00,0.05,$15.52,$10.46,48.37,$16.50
GLBAV-OLD,GCI Liberty Inc. Series A,0.001,2,$21.90,0.08,,,,
LTH,Life Time Group Holdings Inc,0.001,2,$40.84,0.06,$43.23,$24.14,79.08,$47.24
TALO,Talos Energy Inc.,0.001,2,$12.91,0.05,$16.84,$8.87,89.85,$18.44
LEVI,Levi Strauss & Co.,0.001,2,$24.83,0.08,$21.06,$17.50,20.34,$25.70
JOYY,JOYY Inc.,0.001,2,$65.99,0.08,$75.00,$51.36,46.03,$80.90
RKLB,Rocket Lab Corp.,0.001,2,$101.58,0.07,$64.26,$37.57,71.04,$151.00
ZGN,Ermenegildo Zegna Nv,0.001,2,$13.02,0.04,$12.56,$8.55,46.90,$15.95
ONTO,Onto Innovation Inc.,0.001,2,$378.43,0.05,$268.01,$102.50,161.47,$386.46
BTG,B2Gold Corp.,0.001,2,$3.75,0.06,$5.61,$3.57,57.14,$6.23
WMG,Warner Music Group Corp. CL A,0.001,2,$27.07,0.06,$28.78,$23.04,24.91,$34.97
GHM,Graham Corp.,0.001,2,$123.78,0.04,$87.78,$46.58,88.45,$125.82
VICR,Vicor Corp.,0.001,2,$379.84,0.05,$188.55,$47.56,296.45,$382.65
CLS,Celestica Inc,0.001,2,$364.81,0.08,$312.35,$227.00,37.60,$474.03
FTK,Flotek Industries Inc.,0.001,2,$23.52,0.04,$23.54,$10.95,114.98,$39.67
DPZ,Dominos Pizza Inc.,0.001,2,$295.99,0.08,$341.08,$282.00,20.95,$458.38
BWA,BorgWarner Inc.,0.001,2,$66.40,0.04,$67.54,$40.02,68.77,$78.61
JHX,James Hardie Industries PLC,0.001,2,$26.18,0.06,$30.39,$16.46,84.63,$31.36
MAMA,Mama's Creations Inc,0.001,2,$17.85,0.04,$15.16,$8.67,74.86,$21.00
BKH,Black Hills,0.001,2,$74.40,0.07,$73.21,$55.88,31.01,$77.21
ROST,Ross Stores Inc.,0.001,2,$212.84,0.09,$230.69,$142.48,61.91,$257.00
EQIX,Equinix Inc.,0.001,2,$1042.41,0.09,$1035.98,$709.79,45.96,$1118.65
BSM,Black Stone Minerals L.P.,0.001,2,$13.97,0.09,$14.65,$10.79,35.77,$15.10
FFIV,F5 Networks,0.001,2,$415.93,0.08,$390.47,$223.76,74.50,$435.00
MRVI,Maravai LifeSciences Holdings Inc.,0.001,2,$6.24,0.07,$7.32,$2.37,208.86,$9.42
ASTE,Astec Industries,0.001,2,$61.20,0.03,$44.22,$40.16,10.11,$65.33
FTI,TechnipFMC plc,0.001,2,$66.26,0.05,$79.84,$35.18,126.95,$80.70
AMN,AMN Healthcare Services,0.001,2,$32.36,0.09,$33.80,$14.97,125.78,$37.22
HL,Hecla Mining Co.,0.001,2,$15.41,0.06,$20.68,$8.82,134.47,$34.15
ATRO,Astronics Corp.,0.001,2,$81.26,0.03,$76.26,$36.87,106.83,$99.89
SHG,Shinhan Financial Group Company,0.001,2,$63.25,0.12,$82.28,$46.26,77.86,$84.65
PLTR,Palantir Technologies Inc.,0.001,2,$116.72,0.04,$174.33,$106.37,63.89,$207.52
DOV,Dover Corp.,0.001,2,$224.29,0.05,$192.88,$157.36,22.57,$235.79
RDNT,RadNet Inc.,0.001,2,$61.67,0.08,$73.71,$50.82,45.04,$85.84
HVT,Haverty Furniture,0.001,1,,0.12,$28.56,$18.81,51.83,$29.47
ASGN,ASGN Inc.,0.001,1,,0.12,,,,
EHC,Encompass Health Corp.,0.001,1,,0.10,$121.79,$92.41,31.79,$127.50
MTRN,Materion Corp.,0.001,1,,0.06,$244.24,$107.92,126.32,$304.40
H,Hyatt Hotels Corp.,0.001,1,,0.08,$165.85,$133.71,24.04,$206.69
BELFB,Bel Fuse Inc. CL B,0.001,1,,0.09,$243.79,$129.82,87.79,$335.20
FROG,JFrog Ltd,0.001,1,,0.07,$87.60,$34.05,157.27,$105.76
HII,Huntington Ingalls Industries,0.001,1,,0.06,$285.93,$259.68,10.11,$455.90
EAF,GrafTech International Ltd.,0.001,1,,0.08,$6.20,$4.92,26.02,$20.32
MINN,Mairs & Power Mn Muni Bond,0.001,1,,0.10,$21.58,$21.27,1.46,$22.85
BWLP,Bw Lpg Ltd,0.001,1,,0.09,$24.86,$10.58,134.97,$25.48
COHU,Cohu Inc.,0.001,1,,0.07,$50.72,$18.67,171.67,$74.60
TWST,Twist Bioscience Corp.,0.001,1,,0.05,$124.72,$23.30,435.28,$155.44
HELE,Helen of Troy Ltd.,0.001,1,,0.06,$28.40,$13.85,105.05,$30.68
PATK,Patrick Industries Inc.,0.001,1,,0.08,$82.84,$80.62,2.75,$146.40
FINV,Finvolution Group ADR,0.001,1,,0.12,$3.39,$3.22,5.28,$7.57
SEI,Solaris Energy Infrastructure Inc.,0.001,1,,0.06,$55.00,$24.32,126.15,$86.19
ADMA,ADMA Biologics Inc.,0.001,1,,0.10,$9.62,$7.21,33.43,$20.46
IEUR,iShares Core MSCI Europe ETF,0.001,1,,0.08,$77.58,$64.30,20.65,$78.90
EWT,Ishares Msci Taiwan ETF,0.001,1,,0.05,$112.18,$57.10,96.46,$112.78
NSP,Insperity Inc.,0.001,1,,0.06,$51.96,$18.03,188.19,$55.25
DCO,Ducommun Inc.,0.001,1,,0.05,$168.32,$84.76,98.58,$210.39
PEYUF,Peyto Exploration & Development Corp.,0.001,1,,0.08,$18.37,$12.27,49.71,$20.68
PLAY,Dave & Buster's Ent. Inc.,0.001,1,,0.08,$8.72,$8.30,5.06,$24.99
URA,Global X Uranium ETF,0.001,1,,0.05,$46.06,$37.18,23.88,$62.28
VRM,Vroom Inc,0.001,1,,0.11,$10.83,$6.80,59.26,$30.00
PDLB,Ponce Financial Group Inc.,0.001,1,,0.05,$20.72,$13.91,48.96,$21.10
TBI,TrueBlue Inc.,0.001,1,,0.06,$9.85,$3.18,209.75,$11.03
ESGD,Ishares Trust Ishares Esg Aw,0.001,1,,0.05,$107.30,$87.40,22.77,$108.00
CCJ,Cameco Corp.,0.001,1,,0.06,$100.74,$74.43,35.35,$135.24
HTZWW,Hertz Global Hldgs Inc. WTS,0.001,1,,0.09,$1.06,$0.70,51.43,$4.13
WWD,Woodward Inc.,0.001,1,,0.05,$346.22,$232.45,48.94,$450.52
EWJ,iShares MSCI Japan ETF,0.001,1,,0.05,$98.28,$74.98,31.07,$98.79
XOP,SPDR S&P Oil & Gas Exploration & Production ETF,0.001,1,,0.09,$190.71,$120.15,58.73,$194.83
ABCB,Ameris Bancorp,0.001,1,,0.05,$86.05,$68.29,26.01,$93.22
BATL,Battalion Oil Corp.,0.001,1,,0.10,$1.29,$1.00,29.00,$29.70
VYMI,Vanguard Int High Dvd Yld In,0.001,1,,0.08,$107.03,$80.34,33.22,$107.29
CIFR,Cipher Mining Inc,0.001,1,,0.09,$17.74,$7.08,150.56,$30.14
UVV,Universal Corp.,0.001,1,,0.06,$45.61,$43.36,5.19,$57.51
KEY,KeyCorp,0.001,1,,0.11,$22.18,$15.82,40.20,$23.84
IESC,IES Holdings Inc.,0.001,1,,0.05,$322.57,$168.47,91.47,$408.26
ABVX,Abivax SA ADR,0.001,1,,0.05,$114.79,$69.81,64.43,$148.83
LINC,Lincoln Educational Services Corp.,0.001,1,,0.05,$25.64,$17.29,48.29,$56.34
POWL,Powell Industries,0.001,1,,0.07,$181.17,$86.18,110.22,$327.74
SPSM,Ss SPDR P S&P 600 Small Cap,0.001,1,,0.08,$56.51,$43.14,30.99,$58.60
BTAI,Bioxcel Therapeutics Inc,0.001,1,,0.05,$0.07,$0.07,0.00,$4.29
CDLX,Cardlytics Inc.,0.001,1,,0.11,$3.62,$3.49,3.72,$32.80
ENOV,Enovis Corp.,0.001,1,,0.05,$18.56,$18.52,0.22,$34.28
MYE,Myers Indus,0.001,1,,0.08,$31.81,$15.25,108.59,$37.45
LW,Lamb Weston Hldgs Inc.,0.001,1,,0.12,$49.87,$37.02,34.71,$65.06
GBCI,Glacier Bancorp,0.001,1,,0.05,$46.83,$39.06,19.89,$54.58
CBOE,CBOE Holdings Inc.,0.001,1,,0.08,$298.38,$226.52,31.72,$369.38
OBT,Orange County Bancorp Inc,0.001,1,,0.05,$38.72,$22.74,70.27,$39.91
LYG,Lloyds TSB Grp Plc ADR,0.001,1,,0.07,$6.08,$4.16,46.15,$6.25
REAL,RealReal Inc.,0.001,1,,0.05,$9.86,$8.02,22.94,$17.39
WRLC,Windrock Ltd Co,0.001,1,,0.07,,,,
KSA,Ishrs Msci Saudi Arabia ETF,0.001,1,,0.07,$38.51,$35.27,9.19,$40.39
SDY,SPDR S&P Dividend ETF,0.001,1,,0.05,$155.89,$132.64,17.53,$160.29
CEF,Sprott Physical Gold And Sil,0.001,1,,0.05,$45.27,$33.25,36.15,$61.38
SVC,Service Properties Trust,0.001,1,,0.09,$7.61,$5.58,36.38,$14.73
ALT,Altimmune Inc.,0.001,1,,0.06,$3.42,$2.56,33.59,$6.44
INFQ,Infleqtion Inc,0.001,1,,0.08,$12.85,$8.52,50.82,$21.28
BRX,Brixmor Property Group Inc.,0.001,1,,0.06,$29.15,$23.87,22.12,$32.86
STGW,Stagwell Inc.,0.001,1,,0.11,$8.77,$4.29,104.43,$9.55
RYCEY,Rolls Royce Holdings Sp ADR,0.001,1,,0.07,$20.07,$13.14,52.74,$21.22
TSCO,Tractor Supply,0.001,1,,0.07,$34.99,$28.17,24.21,$59.44
MGPI,MGP Ingredients Inc.,0.001,1,,0.11,$16.40,$15.62,4.99,$29.02
HUBG,Hub Group 'A',0.001,1,,0.05,$36.68,$32.65,12.34,$52.92
QCRH,QCR Holdings Inc.,0.001,1,,0.08,$102.69,$66.45,54.54,$108.11
SPG,Simon Property Group Inc.,0.001,1,,0.05,$209.44,$166.33,25.92,$238.50
DOCS,Doximity Inc.,0.001,1,,0.10,$26.35,$17.15,53.64,$76.51
AMPX,Amprius Technologies Inc,0.001,1,,0.06,$9.89,$6.68,48.05,$24.23
DNA,Ginkgo Bioworks Holdings Inc.,0.001,1,,0.10,$6.95,$5.37,29.42,$17.58
FPAG,Fpa Global Equity ETF New,0.001,1,,0.07,$42.65,$34.34,24.20,$43.56
INFY,Infosys Ltd.,0.001,1,,0.06,$11.70,$10.30,13.59,$29.37
LDOS,Leidos Holdings,0.001,1,,0.07,$133.05,$98.86,34.58,$204.08
GWW,W.W. Grainger Inc.,0.001,1,,0.09,$1324.49,$901.22,46.97,$1417.14
MOD,Modine Mfg.,0.001,1,,0.07,$194.66,$111.18,75.09,$323.25
NPO,EnPro Industries,0.001,1,,0.06,$296.95,$201.04,47.71,$389.99
SPYX,SPDR S&P 500 Fossil Fuel Res,0.001,1,,0.07,$63.12,$51.17,23.35,$63.96
PHIN,PHINIA Inc.,0.001,1,,0.09,$69.04,$49.91,38.33,$86.55
CIB,Grupo Cibest SA ADR,0.001,1,,0.12,$100.58,$48.99,105.31,$103.50
SCHB,Schwab Us Broad Market ETF,0.001,1,,0.07,$29.73,$24.22,22.75,$30.15
DIA,SPDR Djia Trust,0.001,1,,0.05,$534.08,$446.15,19.71,$546.30
BHE,Benchmark Electronics,0.001,1,,0.06,$72.64,$35.59,104.10,$100.41
ARTV,Artiva Biotherapeutics Inc,0.001,1,,0.07,$11.19,$2.22,404.05,$14.53
CDP,Copt Defense Properties,0.001,1,,0.05,$35.16,$26.26,33.89,$38.90
SONY,Sony Group Corp.,0.001,1,,0.05,$24.56,$19.32,27.12,$30.34
IMVT,Immunovant Inc.,0.001,1,,0.09,$39.25,$14.58,169.20,$45.42
USNA,USANA Health Sciences,0.001,1,,0.08,$14.96,$12.57,19.01,$32.29
CUZ,Cousins Properties,0.001,1,,0.07,$29.11,$20.52,41.86,$32.95
TRVI,Trevi Therapeutics Inc.,0.001,1,,0.08,$17.26,$6.93,149.06,$20.22
UVSP,Univest Financial Corp.,0.001,1,,0.11,$42.35,$27.34,54.90,$45.22
ALRS,Alerus Financial Corp.,0.001,1,,0.06,$33.79,$19.80,70.66,$34.40
FRVO,Fervo Energy Co A,0.001,1,,0.06,$18.16,$14.60,24.38,$42.65
ALGT,Allegiant Travel Company,0.001,1,,0.05,$78.16,$57.11,36.86,$123.63
RCKT,Rocket Pharmaceuticals Inc.,0.001,1,,0.12,$3.86,$2.53,52.57,$5.45
DRH,DiamondRock Hospitality Co.,0.001,1,,0.10,$12.08,$7.25,66.62,$13.79
VONG,Vanguard Russell 1000 Growth,0.001,1,,0.12,$127.05,$105.09,20.90,$132.77
GCO,Genesco Inc.,0.001,1,,0.11,$35.81,$21.93,63.29,$43.60
AMBA,Ambarella Inc.,0.001,1,,0.10,$62.89,$48.30,30.21,$96.69
VGK,Vanguard FTSE Europe ETF,0.001,1,,0.06,$91.74,$75.70,21.19,$93.29
EEM,Ishares Msci Emerging Market,0.001,1,,0.06,$68.70,$49.21,39.61,$71.57
KNF,Knife River Corp.,0.001,1,,0.10,$61.83,$58.72,5.30,$96.28
NNBR,NN Inc.,0.001,1,,0.05,$3.66,$1.10,232.73,$4.48
PSA,Public Storage,0.001,1,,0.05,$302.01,$251.62,20.03,$335.55
QNT,Quantinuum Inc A,0.001,1,,0.07,$49.65,$46.54,6.68,$86.79
ENB,Enbridge Inc.,0.001,1,,0.07,$50.09,$43.08,16.27,$57.66
TPC,Tutor Perini Corp.,0.001,1,,0.05,$88.21,$57.70,52.88,$102.20
YOU,Clear Secure Inc.,0.001,1,,0.06,$44.33,$29.03,52.70,$69.07
CRCL,Circle Internet Group Inc,0.001,1,,0.07,$102.05,$49.90,104.51,$159.47
M,Macy's Inc.,0.001,1,,0.06,$23.05,$15.98,44.24,$26.59
AEHR,Aehr Test Systems,0.001,1,,0.05,$86.26,$18.70,361.28,$147.40
VSH,Vishay Intertechnology,0.001,1,,0.07,$31.80,$11.60,174.14,$69.47
RFL,Rafael Holdings Inc.,0.001,1,,0.08,$2.56,$1.12,128.57,$3.96
WTFC,Wintrust Financial Corp.,0.001,1,,0.09,$154.12,$117.89,30.73,$166.65
FPAS,Fpa Short Duration Govt ETF,0.001,1,,0.05,$24.37,$24.15,0.91,$25.00
DOC,Healthpeak Properties Inc.,0.001,1,,0.06,$20.65,$15.04,37.30,$22.84
UNFI,United Natural Foods,0.001,1,,0.05,$43.93,$27.97,57.06,$57.02
BZH,Beazer Homes USA,0.001,1,,0.12,$33.26,$17.83,86.54,$34.54
HNGE,Hinge Health Inc A,0.001,1,,0.06,$92.37,$30.08,207.08,$95.57
NG,NovaGold Resources,0.001,1,,0.07,$8.07,$5.08,58.86,$14.40
SANM,Sanmina Corp.,0.000,3,$253.04,0.01,$198.47,$110.44,79.71,$288.68
VB,Vanguard Small Cap ETF,0.000,3,$302.93,0.03,$300.01,$238.70,25.68,$309.51
OUT,Outfront Media Inc.,0.000,3,$32.76,0.02,$28.96,$16.24,78.33,$34.24
GIS,General Mills,0.000,3,$34.80,0.02,$38.29,$31.21,22.69,$48.32
CPA,Copa Holdings SA,0.000,3,$155.53,0.03,$132.31,$104.75,26.31,$158.35
KB,Kb Financial Group Inc ADR,0.000,3,$104.97,0.03,$128.68,$76.31,68.63,$133.08
FORM,FormFactor Inc.,0.000,3,$159.91,0.03,$103.90,$29.01,258.15,$160.27
SNDK,SanDisk Corp.,0.000,2,$2273.04,0.01,$1740.00,$63.74,2629.84,$2354.39
ACLS,Axcelis Technologies,0.000,2,$189.45,0.02,$115.08,$73.60,56.36,$193.78
CAMT,Camtek Ltd,0.000,2,$163.15,0.01,$145.72,$77.68,87.59,$215.99
CVLG,Covenant Transportation Group Inc. CL A,0.000,2,$44.18,0.03,$35.05,$17.83,96.58,$49.78
FTAI,FTAI Aviation Ltd.,0.000,2,,0.00,$196.28,$148.67,32.02,$321.70
AWK,American Water Works Inc.,0.000,2,$131.60,0.01,$140.70,$118.81,18.42,$142.27
WOLF,Wolfspeed Inc.,0.000,2,$48.27,0.02,$28.35,$1.20,2262.50,$80.82
MT,ArcelorMittal,0.000,2,$60.21,0.01,$78.74,$33.16,137.45,$78.78
PH,Parker-Hannifin,0.000,2,,0.00,$962.59,$709.46,35.68,$1097.73
VV,Vanguard Large Cap ETF,0.000,2,$341.77,0.01,$354.97,$288.27,23.14,$359.22
MEC,Mayville Engineering Co. Inc.,0.000,2,$37.46,0.02,$19.66,$12.25,60.49,$38.76
AXGN,AxoGen Inc.,0.000,2,$46.19,0.03,$48.28,$15.27,216.18,$52.91
KAR,KAR Auction Services,0.000,2,$41.24,0.02,$30.88,$17.08,80.80,$30.98
SCHD,Schwab Us Dvd Equity ETF,0.000,2,$31.66,0.02,$34.80,$25.63,35.78,$35.31
VEU,Vanguard FTSE All World ex US ETF,0.000,2,$83.76,0.01,$86.41,$67.56,27.90,$86.52
LSCC,Lattice Semconductor,0.000,2,$152.94,0.01,$115.90,$60.50,91.57,$157.01
EGP,EastGroup Properties SBI,0.000,2,$202.54,0.04,$198.62,$157.68,25.96,$226.71
EXTR,Extreme Networks Inc.,0.000,2,$32.37,0.03,$21.70,$13.48,60.98,$33.73
IVE,Ishares S&P 500 Value ETF,0.000,2,,0.00,$236.80,$197.92,19.64,$239.93
VICI,VICI Properties Inc.,0.000,2,$26.55,0.02,$25.42,$25.34,0.32,$31.76
LITE,Lumentum Holdings Inc.,0.000,2,$858.53,0.01,$881.26,$144.20,511.14,$1085.68
LOCO,El Pollo Loco Holdings Inc.,0.000,2,$16.96,0.03,$15.37,$8.99,70.97,$17.40
VGT,Vanguard Info Tech ETF,0.000,2,$120.00,0.02,$121.27,$82.99,46.13,$125.85
CAKE,Cheesecake Factory,0.000,2,$79.54,0.02,$107.58,$42.54,152.89,$118.46
MTSI,MACOM Technology Solutions Hldg,0.000,2,$380.48,0.01,$268.95,$121.97,120.51,$418.90
ESI,Element Solutions Inc.,0.000,2,$47.76,0.03,$36.01,$22.64,59.05,$49.14
IWS,Ishares Russell Mid Cap Valu,0.000,2,,0.00,$170.28,$132.31,28.70,$173.52
UTZ,Utz Brands Inc.,0.000,2,$7.70,0.02,$14.21,$6.72,111.46,$14.27
MOS,Mosaic Co.,0.000,2,$21.19,0.03,$25.85,$19.80,30.56,$35.99
THC,Tenet Healthcare Corp.,0.000,2,,0.00,$265.05,$157.58,68.20,$283.05
DGII,Digi International,0.000,2,$74.95,0.03,$69.36,$33.74,105.57,$86.84
ADTN,ADTRAN Holdings Inc.,0.000,2,$13.90,0.03,$7.10,$7.04,0.85,$19.98
CIEN,Ciena Corp.,0.000,2,$490.71,0.01,$321.00,$113.66,182.42,$637.51
AAOI,Applied Optoelectronics Inc,0.000,2,$148.11,0.02,$105.53,$18.50,470.43,$233.67
BRC,Brady Corp.,0.000,2,$91.57,0.01,$90.21,$70.38,28.18,$99.25
SKYT-OLD,Skywater Technology Inc,0.000,2,,0.00,$32.49,$8.49,282.69,$39.93
HZO,MarineMax Inc.,0.000,2,$36.62,0.02,$52.16,$21.42,143.51,$52.46
ACWX,iShares MSCI ACWI EX U.S. ETF,0.000,2,$76.11,0.02,$78.50,$61.22,28.23,$78.60
IJH,Ishares Core S&P Midcap ETF,0.000,2,$77.11,0.03,$75.85,$61.62,23.09,$78.71
SMTC,Semtech Corp.,0.000,2,$161.84,0.02,$147.89,$57.50,157.20,$177.35
IAU,iShares Gold Trust,0.000,2,,0.00,$83.39,$67.35,23.82,$104.40
AVNW,Aviat Networks Inc.,0.000,1,,0.01,$19.78,$13.92,42.10,$27.02
STKL-OLD,SunOpta Inc.,0.000,1,,0.01,$6.50,$3.32,95.78,$6.94
CBT,Cabot Corp.,0.000,1,,0.03,$81.48,$56.94,43.10,$94.00
PBFS,Pioneer Bancorp Inc.,0.000,1,,0.04,$18.54,$12.64,46.68,$19.42
CNS,Cohen & Steers Inc.,0.000,1,,0.00,$79.91,$56.80,40.69,$86.56
J,Jacobs Solutions Inc.,0.000,1,,0.01,$146.23,$105.09,39.15,$166.66
METCB,Ramaco Resources Inc B,0.000,1,,0.01,$6.86,$5.80,18.28,$21.24
REG,Regency Centers Corp.,0.000,1,,0.04,$75.26,$65.10,15.61,$83.66
WYFI,Whitefiber Inc,0.000,1,,0.01,$19.54,$10.51,85.92,$46.87
STM,Stmicroelectronics Nv Ny Shs,0.000,1,,0.01,$52.24,$20.95,149.36,$81.33
STRW,Strawberry Fields Reit Inc,0.000,1,,0.01,$13.62,$10.71,27.17,$14.75
BLZE,Backblaze Inc A,0.000,1,,0.00,$13.46,$3.26,312.88,$23.99
TTAM,Titan America SA,0.000,1,,0.01,$15.47,$13.83,11.86,$19.57
VCTR,Victory Capital Holdings,0.000,1,,0.02,$113.73,$55.87,103.56,$123.55
RNG,RingCentral Inc.,0.000,1,,0.01,$73.39,$24.01,205.66,$77.95
FLUT,Flutter Entertainment Plc,0.000,1,,0.03,$100.11,$89.71,11.59,$297.23
DNTH,Dianthus Therapeutics Inc,0.000,1,,0.01,$108.10,$24.49,341.40,$117.88
EPC,Edgewell Personal Care Co.,0.000,1,,0.03,$28.87,$15.61,84.95,$29.95
UTI,Universal Technical Institute,0.000,1,,0.04,$22.20,$20.33,9.20,$51.34
ITRI,Itron Inc.,0.000,1,,0.02,$97.01,$77.77,24.74,$142.00
EROC,Erock Inc A,0.000,1,,0.03,$12.33,$8.88,38.85,$20.70
NPKI,NPK International Inc.,0.000,1,,0.02,$13.22,$10.35,27.73,$16.50
TAK,Takeda Pharmaceutical Co. Ltd,0.000,1,,0.00,$18.45,$12.99,42.03,$18.90
FBLA,Fb Bancorp Inc,0.000,1,,0.01,$15.99,$11.66,37.14,$16.03
PACK,Ranpak Holdings Corp. CL A,0.000,1,,0.01,$4.54,$3.22,40.99,$7.81
REXR,Rexford Industrial Realty Inc.,0.000,1,,0.03,$36.79,$31.48,16.87,$42.76
RTLLF,Rational Ag,0.000,1,,0.02,$720.44,$673.93,6.90,$859.22
SLF,Sun Life Financial Inc.,0.000,1,,0.00,$80.97,$55.24,46.58,$83.64
NTAP,NetApp Inc.,0.000,1,,0.01,$185.59,$92.93,99.71,$209.06
COUR,Coursera Inc,0.000,1,,0.01,$5.80,$5.00,16.00,$12.32
CATH,Global X S&P 500 Catholic Values ETF,0.000,1,,0.01,$91.86,$75.37,21.88,$93.05
XGN,Exagen Inc.,0.000,1,,0.00,$7.58,$2.59,192.66,$12.23
BBY,Best Buy Co. Inc.,0.000,1,,0.00,$90.27,$54.38,66.00,$91.27
FVR,Frontview Reit Inc,0.000,1,,0.02,$19.08,$12.39,54.00,$22.29
AIRJ,Airjoule Technologies Corp,0.000,1,,0.01,$4.57,$2.22,105.86,$6.75
ESS,Essex Property Trust,0.000,1,,0.04,$278.61,$233.85,19.14,$303.35
SLP,Simulations Plus Inc.,0.000,1,,0.03,$18.43,$11.09,66.19,$21.01
UMH,UMH Properties Inc.,0.000,1,,0.02,$15.95,$13.17,21.11,$16.77
ARM,Arvinmeritor Inc.,0.000,1,,0.01,$252.09,$100.02,152.04,$452.70
TRS,TriMas Corp.,0.000,1,,0.02,$39.48,$30.34,30.13,$45.38
JOUT,Johnson Outdoors Inc.,0.000,1,,0.01,$46.30,$34.91,32.63,$53.16
LRN,Stride Inc.,0.000,1,,0.02,$84.68,$60.61,39.71,$166.93
STNG,Scorpio Tankers Inc.,0.000,1,,0.03,$82.35,$48.08,71.28,$86.37
COPX,Global X Copper Miners ETF,0.000,1,,0.00,$90.66,$49.33,83.78,$99.65
MATV,Mativ Holdings Inc.,0.000,1,,0.00,$12.66,$7.01,80.60,$15.02
TWI,Titan International Inc.,0.000,1,,0.01,$8.33,$6.37,30.77,$11.70
AMBQ,Ambiq Micro Inc,0.000,1,,0.04,$57.45,$22.12,159.72,$91.61
HOMB,Home Bancshares Inc.,0.000,1,,0.02,$30.15,$25.28,19.26,$31.54
AVBH,Avidbank Holdings Inc,0.000,1,,0.02,$31.92,$24.03,32.83,$34.18
DVDCF,Davide Campari-Milano S.p.A.,0.000,1,,0.01,$6.55,$6.07,7.91,$7.80
CDRE,Cadre Holdings Inc,0.000,1,,0.01,$29.76,$25.65,16.02,$48.44
BG,Bunge Global SA,0.000,1,,0.04,$118.71,$74.11,60.18,$134.02
FULT,Fulton Financial Corp.,0.000,1,,0.01,$24.10,$16.16,49.13,$25.23
SSPPF,Ssp Group Plc,0.000,1,,0.02,$2.54,$1.67,52.10,$2.55
BIRK,Birkenstock Holding Plc,0.000,1,,0.01,$34.00,$31.12,9.25,$51.37
JJSF,J & J Snack Foods,0.000,1,,0.03,$84.11,$68.16,23.40,$106.83
BLLN,Billiontoone Inc Cl A,0.000,1,,0.02,$99.39,$61.96,60.41,$150.44
FMC,FMC Corp.,0.000,1,,0.04,$12.97,$9.95,30.35,$37.35
JOBY,Joby Aviation Inc.,0.000,1,,0.03,$6.74,$6.61,1.97,$19.98
GPRK,Geopark Ltd,0.000,1,,0.00,$11.56,$5.68,103.52,$13.13
SBGI,Sinclair Broadcast Group Inc.,0.000,1,,0.00,$13.81,$11.82,16.84,$16.69
ATAT,Atour Lifestyle Holdings ADR,0.000,1,,0.00,$34.36,$30.78,11.63,$42.49
GH,Guardant Health Inc.,0.000,1,,0.04,$161.41,$53.40,202.27,$176.58
EXEL,Exelixis Inc.,0.000,1,,0.00,$59.01,$33.76,74.79,$59.72
PIFYF,Pine Cliff Energy Ltd,0.000,1,,0.03,$0.42,$0.35,20.00,$0.65
AKTS,Aktis Oncology Inc,0.000,1,,0.02,$27.05,$14.72,83.76,$34.19
UFCS,United Fire Group Inc.,0.000,1,,0.00,$55.98,$29.21,91.65,$56.54
BFLY,Butterfly Network Inc,0.000,1,,0.03,$7.36,$1.47,400.68,$10.05
JBHT,J.B. Hunt Transport Services Inc.,0.000,1,,0.00,$273.77,$129.06,112.13,$299.26
PRGO,Perrigo Co.,0.000,1,,0.04,$14.92,$8.81,69.35,$21.64
ASX,Ase Technology Holding ADR,0.000,1,,0.01,$37.51,$10.24,266.31,$45.27
TRN,Trinity Industries,0.000,1,,0.03,$28.32,$24.06,17.71,$38.31
KVHI,KVH Industries Inc.,0.000,1,,0.00,$7.21,$5.09,41.65,$13.00
FLYX.WS,Eg Acquisition Corp A WTS28,0.000,1,,0.00,,,,
SYNA,Synaptics Inc.,0.000,1,,0.02,$98.99,$58.28,69.85,$149.11
SBCF,Seacoast Banking Corp. of Florida,0.000,1,,0.04,$34.60,$28.07,23.26,$36.27
SIL,Global X Silver Miners ETF,0.000,1,,0.00,$99.29,$60.05,65.35,$119.08
OIS,Oil States International Inc.,0.000,1,,0.03,$8.76,$5.37,63.13,$14.50
MTRX,Matrix Service Co.,0.000,1,,0.02,$10.62,$9.70,9.48,$15.97
TITN,Titan Machinery Inc.,0.000,1,,0.03,$26.22,$13.21,98.49,$26.90
XLF,Financial Select Sector SPDR,0.000,1,,0.00,$58.10,$47.50,22.32,$58.60
AMRC,Ameresco Inc. CL A,0.000,1,,0.03,$23.15,$18.38,25.95,$44.93
VNQ,Vanguard Real Estate ETF,0.000,1,,0.00,$96.02,$85.39,12.45,$101.80
TEO,Telecom Argentina S.A.,0.000,1,,0.04,$13.03,$6.29,107.15,$16.34
DLG.MI,De'Longhi SPA,0.000,1,,0.02,,,,
CAE,CAE Inc.,0.000,1,,0.04,$24.41,$22.76,7.25,$34.24
RRBI,Red River Bancshares Inc,0.000,1,,0.02,$103.36,$61.12,69.11,$104.63
WT,WisdomTree Investments,0.000,1,,0.02,$24.89,$10.64,133.93,$25.91
HYBB,Ishares Bb Rated Corp Bond,0.000,1,,0.00,$46.30,$44.28,4.56,$46.46
TFII,Tfi International Inc,0.000,1,,0.02,$137.11,$79.64,72.16,$167.14
QQQM,Invesco Nasdaq 100 ETF,0.000,1,,0.02,$296.07,$228.49,29.58,$307.85
HSBC,HSBC Holdings plc,0.000,1,,0.01,$107.11,$61.80,73.32,$107.43
JBL,Jabil Inc.,0.000,1,,0.01,$310.57,$189.46,63.92,$428.84
NVMI,Nova Ltd,0.000,1,,0.01,$372.10,$248.87,49.52,$615.99
KOD,Kodiak Sciences Inc.,0.000,1,,0.01,$35.36,$8.55,313.57,$47.84
CCRN-OLD,Cross Country Healthcare,0.000,1,,0.02,$13.25,$7.43,78.33,$14.99
ASR,Grupo Aeroportuario Sure SA de CV,0.000,1,,0.00,$257.33,$249.58,3.11,$374.42
EIKN,Eikon Therapeutics Inc,0.000,1,,0.00,$10.86,$7.90,37.47,$17.40
PNR,Pentair plc,0.000,1,,0.04,$60.21,$57.35,4.99,$112.57
FIP,Ftai Infrastructure Inc,0.000,1,,0.02,$3.41,$3.03,12.54,$6.56
ALH,Alliance Laundry Holdings In,0.000,1,,0.00,$22.73,$18.64,21.94,$28.23
CALY,Callaway Golf Co.,0.000,1,,0.02,$15.90,$8.39,89.51,$20.28
SMBK,SmartFinancial Inc.,0.000,1,,0.02,$51.87,$32.74,58.43,$54.14
TRVG,Trivago Nv ADR,0.000,1,,0.00,$5.99,$2.59,131.27,$6.49
LNTH,Lantheus Holdings Inc.,0.000,1,,0.00,$100.97,$49.67,103.28,$111.86
FLYX,Flyexclusive Inc,0.000,1,,0.04,$1.15,$1.05,9.52,$8.88
TALK-OLD,Talkspace Inc.,0.000,1,,0.01,$5.25,$2.49,110.84,$5.25
ORI,Old Republic International,0.000,1,,0.02,$41.43,$35.16,17.83,$44.32
