Symbol,Stock,%▼,"Ownership
count",Hold Price*,Max %,"Current
Price","52 Week
Low","% Above
52 Week
Low","52 Week
High"
AMZN,Amazon.com Inc.,2.917,34,$238.34,32.21,$255.50,$196.00,30.36,$287.20
GOOG,Alphabet Inc. CL C,2.582,34,$353.33,23.39,$348.42,$236.07,47.59,$403.96
BRK.B,Berkshire Hathaway CL B,2.416,26,$500.39,33.89,$504.50,$464.01,8.73,$537.74
GOOGL,Alphabet Inc.,2.084,36,$357.37,24.55,$352.68,$235.23,49.93,$408.10
MSFT,Microsoft Corp.,1.779,37,$373.02,20.54,$498.42,$348.54,43.00,$549.20
BRK.A,Berkshire Hathaway CL A,1.758,17,$748851.77,42.42,$756607.50,$698000.00,8.40,$806102.81
V,Visa Inc.,1.713,30,$343.09,19.83,$362.96,$292.74,23.99,$385.57
META,Meta Platforms Inc.,1.580,31,$563.30,20.45,$738.23,$519.37,42.14,$787.60
CVNA,Carvana Co.,1.483,7,$65.82,78.85,$65.98,$54.46,21.15,$97.38
MA,Mastercard Inc.,1.419,22,$513.60,20.01,$558.11,$463.74,20.35,$601.23
AAPL,Apple Inc.,1.224,22,$289.36,41.05,$339.97,$239.33,42.05,$344.27
TSM,Taiwan Semiconductor S.A.,0.986,24,$477.55,10.55,$451.42,$260.11,73.55,$477.72
GE,GE Aerospace,0.968,10,$373.73,35.61,$319.76,$268.58,19.06,$388.84
MCO,Moody's Corp.,0.948,17,$452.92,19.14,$469.49,$399.61,17.49,$543.25
JOE,St. Joe Co.,0.932,1,,76.43,$66.32,$45.92,44.43,$73.02
TDG,TransDigm Group Inc.,0.751,6,$1332.04,27.51,$1107.94,$1071.25,3.42,$1463.03
BN,Brookfield Corp.,0.736,9,$42.59,16.29,$38.09,$36.67,3.87,$49.31
SPGI,S&P Global Inc.,0.730,15,$407.26,19.92,$403.47,$360.09,12.05,$521.12
ASML,ASML Holding NV,0.722,9,$1989.38,21.11,$1743.76,$919.79,89.58,$1997.36
NVDA,NVIDIA Corp.,0.720,18,$200.09,9.34,$229.56,$163.90,40.06,$236.00
IBKR,Interactive Brokers Group Inc.,0.706,6,$87.04,33.42,$91.95,$58.70,56.64,$98.66
IEP,Icahn Enterprises,0.658,1,,53.95,$7.18,$5.82,23.37,$7.44
FICO,Fair Isaac Corp.,0.581,8,$1194.78,25.77,$919.30,$870.01,5.67,$1998.01
HCC,Warrior Met Coal Inc.,0.580,3,$81.16,43.32,$93.55,$60.48,54.68,$111.42
LOAR,Loar Holdings Inc,0.575,1,,47.15,$63.72,$53.15,19.89,$83.43
MOH,Molina Healthcare Inc.,0.567,3,$193.75,43.49,$190.59,$121.06,57.43,$244.89
GPI,Group 1 Automotive,0.566,2,$291.17,46.41,$254.90,$246.21,3.53,$459.35
PDD,Pinduoduo Inc.,0.545,4,$76.28,22.17,$80.15,$71.94,11.41,$139.41
UBER,Uber Technologies Inc.,0.521,11,$72.16,12.72,$69.83,$65.41,6.76,$101.99
AMAT,Applied Materials,0.516,12,$723.00,19.48,$470.49,$187.62,150.77,$738.88
C,Citigroup Inc.,0.484,8,$139.96,18.50,$132.93,$91.72,44.93,$147.21
COF,Capital One Financial,0.470,16,$200.62,7.13,$201.38,$173.62,15.99,$256.63
AXP,American Express,0.464,16,$338.24,17.14,$305.82,$289.26,5.72,$384.36
SUNB,Sunbelt Rentals Holdings Inc,0.464,12,$75.05,10.59,$75.54,$60.16,25.57,$85.44
ELV,Elevance Health Inc.,0.457,12,$386.73,9.11,$403.07,$270.87,48.81,$434.35
SNX,SYNNEX Corp.,0.456,4,$267.34,26.38,$283.46,$141.15,100.82,$295.89
CROX,Crocs Inc.,0.443,6,$120.64,27.20,$124.18,$73.21,69.62,$141.28
DIS,Walt Disney Co.,0.432,20,$96.25,9.55,$103.77,$91.48,13.43,$115.42
LULU,Lululemon Athletica Inc.,0.403,4,$176.58,32.35,$102.79,$95.35,7.80,$225.98
CVS,CVS Health Corp.,0.396,10,$103.45,10.63,$87.18,$68.48,27.31,$110.00
EQH,Equitable Holdings Inc.,0.395,5,$43.88,30.38,$52.53,$34.72,51.30,$55.06
SLM,SLM Corp.,0.387,3,$27.27,24.16,$24.38,$17.46,39.63,$30.52
JHG-OLD,Janus Henderson Group,0.385,1,,31.53,$51.98,$37.96,36.93,$53.76
RIG,Transocean Ltd.,0.373,2,$4.89,30.53,$5.49,$3.03,81.19,$7.66
AVGO,Broadcom Inc.,0.368,13,$377.75,10.61,$365.47,$288.98,26.47,$493.32
ICLR,ICON plc,0.358,6,$173.71,11.94,$168.61,$66.57,153.28,$203.91
FERG,Ferguson Enterprises Inc.,0.339,11,$237.33,6.88,$220.88,$212.82,3.79,$268.59
SCHW,Charles Schwab Corp.,0.338,11,$92.27,6.56,$101.36,$83.72,21.07,$114.53
ADI,Analog Devices,0.319,11,$397.17,7.97,$387.34,$220.71,75.50,$444.56
AMR,Alpha Metallurgical Resources Inc.,0.318,1,,26.11,$188.04,$133.64,40.71,$253.82
MKL,Markel Group Inc.,0.309,5,$1953.01,10.89,$1766.65,$1719.41,2.75,$2207.59
UNH,United Health Group Inc.,0.302,17,$415.63,6.05,$373.84,$252.95,47.79,$458.79
TMO,Thermo Fisher Scientific,0.301,11,$501.36,9.81,$657.73,$434.50,51.38,$663.57
KHC,Kraft Heinz Co.,0.299,9,$23.61,12.80,$24.03,$20.34,18.14,$27.65
PYPL,PayPal Holdings Inc.,0.294,8,$43.18,10.61,$52.88,$38.12,38.72,$78.34
RKT,Rocket Companies Inc.,0.290,5,$15.75,11.65,$12.68,$12.17,4.19,$24.36
CVI,CVR Energy Inc.,0.289,1,,23.73,$52.52,$19.50,169.33,$54.64
VFC,V.F. Corp.,0.287,2,$16.68,23.36,$13.54,$12.46,8.67,$22.00
BABA,Alibaba Group Holdings,0.281,9,$95.98,16.92,$116.82,$91.99,26.99,$190.92
CAT,Caterpillar Inc.,0.275,6,$1064.90,19.65,$807.35,$455.48,77.25,$1071.47
CNH,CNH Industrial NV,0.271,5,$11.23,17.11,$13.68,$8.91,53.54,$14.46
WM,Waste Management Inc.,0.267,3,$222.88,17.30,$207.34,$190.92,8.60,$246.06
ORLA-OLD,Orla Mining Ltd,0.264,3,$9.73,21.55,$9.45,$8.43,12.10,$21.95
CP,Canadian Pacific Kansas City,0.261,7,$86.65,7.44,$88.05,$67.98,29.52,$96.90
LYV,Live Nation Inc.,0.257,8,$183.11,7.69,$169.69,$125.34,35.38,$189.25
APP,Applovin Corp.,0.257,4,$515.25,14.50,$327.37,$297.50,10.04,$745.61
ASH,Ashland Global Holdings Inc.,0.256,2,$65.89,17.47,$69.12,$45.04,53.46,$77.80
GM,General Motors,0.255,7,$77.08,11.46,$83.55,$53.87,55.10,$91.66
LEN,Lennar Corp.,0.255,4,$90.49,11.82,$82.75,$75.70,9.31,$131.68
BKNG,Booking Holdings Inc.,0.252,6,$178.24,8.46,$160.62,$149.40,7.51,$222.95
RPRX,Royalty Pharma plc,0.250,3,$56.07,8.82,$58.61,$33.97,72.53,$64.38
VRT,Vertiv Holdings Co.,0.250,3,$334.82,20.37,$254.32,$133.71,90.20,$379.76
NFLX,Netflix Inc.,0.248,11,$71.40,5.41,$71.83,$65.08,10.37,$124.86
CNI,Canadian Natl Railway Co.,0.247,6,$119.24,17.95,$119.28,$88.62,34.60,$130.84
DHR,Danaher Corp.,0.245,12,$190.48,7.64,$220.68,$160.60,37.41,$241.78
BAC,Bank of America Corp.,0.244,15,$56.98,9.20,$56.42,$45.64,23.62,$64.89
BDX,Becton Dickinson,0.238,7,$151.33,9.93,$183.06,$124.46,47.08,$191.94
QSR,Restaurant Brands International,0.238,3,$72.51,9.62,$71.93,$60.11,19.66,$81.15
GRBK,Green Brick Partners,0.237,2,$80.04,19.39,$68.70,$60.44,13.67,$83.18
CRM,Salesforce.com,0.235,10,$156.66,8.33,$233.16,$146.06,59.63,$267.80
AZN,AstraZeneca PLC,0.233,3,$187.18,19.03,$168.49,$90.90,85.36,$209.12
KKR,KKR & Co. L.P.,0.231,7,$91.78,8.95,$99.57,$82.35,20.91,$151.00
WFC,Wells Fargo,0.225,14,$82.64,3.11,$83.54,$72.36,15.45,$96.18
YETI,YETI Holdings Inc.,0.224,2,$49.56,18.33,$43.50,$31.66,37.40,$53.99
SGOV,Ishares 0 3 Month Treasury B,0.220,4,$100.67,10.59,$100.61,$96.96,3.76,$100.61
CACC,Credit Acceptance Corp.,0.220,2,$636.74,18.01,$560.39,$401.90,39.44,$668.86
RACE,Ferrari NV,0.216,4,$370.77,7.71,$413.31,$308.95,33.78,$498.75
PM,Philip Morris Intl.,0.212,10,$180.91,9.18,$190.93,$138.43,37.93,$207.76
SOLV,Solventum Corp,0.210,4,$77.15,15.02,$89.22,$62.38,43.03,$94.16
WBD,Warner Bros. Discovery Inc.,0.209,5,$26.66,11.68,$30.81,$17.08,80.39,$30.84
LAD,Lithia Motors Inc.,0.207,6,$290.49,13.20,$311.15,$238.86,30.26,$438.67
TXN,Texas Instruments,0.206,14,$298.07,3.93,$270.05,$150.20,79.79,$332.33
OMF,OneMain Holdings,0.200,4,$60.97,10.08,$59.18,$44.20,33.89,$68.16
EGO,Eldorado Gold Corp.,0.197,1,,16.18,$44.64,$24.30,83.70,$50.88
CPNG,Coupang Inc.,0.196,8,$17.37,6.89,$14.64,$14.15,3.46,$33.58
TKO,TKO Group Holdings Inc.,0.196,1,,16.07,$188.01,$173.25,8.52,$224.23
IFF,International Flavors & Fragrances Inc.,0.194,5,$79.22,5.43,$85.86,$57.85,48.42,$88.89
OXY,Occidental Petroleum,0.192,4,$48.57,7.02,$56.63,$38.26,48.01,$66.83
AON,Aon Plc,0.191,10,$331.69,4.91,$286.72,$284.10,0.92,$381.47
FWONK,Liberty Media Corp Formula One Series C,0.191,3,$95.14,7.73,$95.25,$80.15,18.84,$109.36
GXO,Gxo Logistics Inc.,0.189,1,,15.46,$45.54,$44.99,1.22,$66.85
EPD,Enterprise Products Partners LP,0.188,6,$36.76,13.46,$38.08,$28.18,35.13,$39.69
APTV,Aptiv PLC,0.187,2,$61.38,14.51,$44.73,$42.99,4.05,$78.49
AER,AerCap Holdings N.V.,0.185,3,$145.78,7.16,$143.64,$117.73,22.01,$158.38
ALC,Alcon Inc.,0.185,2,$67.33,15.19,$65.53,$61.84,5.97,$87.22
PEP,PepsiCo Inc.,0.184,12,$135.40,5.27,$131.04,$129.55,1.15,$166.41
MU,Micron Technology Inc.,0.184,5,$1154.29,15.06,$1093.31,$154.40,608.10,$1254.81
CMCSA,Comcast Corp.,0.183,14,$24.55,3.15,$22.39,$21.28,5.22,$32.04
LLY,Eli Lilly & Co.,0.183,7,$1199.42,6.89,$1168.96,$707.59,65.20,$1292.65
KO,Coca Cola Co.,0.182,9,$81.27,10.86,$88.82,$63.66,39.52,$91.94
BLK,BlackRock Inc.,0.181,6,$961.57,9.93,$1069.20,$907.59,17.81,$1194.41
DASH,DoorDash Inc.,0.181,4,$184.53,7.46,$192.07,$143.30,34.03,$285.50
PVH,PVH Corp.,0.179,4,$74.26,9.92,$76.47,$59.55,28.41,$100.69
HGV,Hilton Grand Vacations Inc.,0.177,2,$52.37,14.48,$35.28,$35.26,0.06,$55.40
SIRI,SiriusXM Holdings Inc,0.175,5,$29.54,5.59,$26.58,$19.15,38.80,$32.37
ICE,Intercontinental Exchange Inc.,0.174,6,$123.11,4.90,$153.47,$121.39,26.43,$174.25
BAYRY,Bayer Ag Sponsored ADR,0.172,1,,14.12,$13.76,$7.46,84.45,$15.23
ACN,Accenture,0.170,12,$124.44,4.86,$184.36,$116.75,57.91,$285.21
BAX,Baxter International Inc.,0.170,7,$21.32,4.09,$23.63,$15.72,50.32,$29.99
CCL,Carnival Corp.,0.170,2,$28.57,12.78,$22.17,$21.81,1.65,$33.49
TOL,Toll Brothers,0.169,4,$164.75,10.71,$137.79,$122.93,12.09,$167.75
TRMD,Torm Plc,0.169,2,$25.79,13.87,$34.86,$16.70,108.74,$38.73
OKTA,Okta Inc.,0.168,1,,13.80,$196.52,$62.66,213.63,$197.77
TSLA,Tesla Inc.,0.167,6,$420.60,7.44,$379.18,$297.38,27.51,$498.83
DG,Dollar General,0.167,5,$115.11,8.66,$124.02,$93.78,32.25,$156.68
IONS,Ionis Pharmaceuticals Inc.,0.167,1,,13.70,$46.03,$44.27,3.98,$86.74
ROP,Roper Technologies Inc.,0.165,4,$338.39,7.80,$364.30,$305.19,19.37,$517.59
ORCL,Oracle Corp.,0.164,14,$146.55,4.51,$150.14,$114.50,31.13,$325.79
APH,Amphenol Corp.,0.164,7,$88.16,8.29,$83.08,$58.92,41.00,$89.26
SPOT,Spotify Technology S.A.,0.163,7,$459.13,4.96,$500.68,$405.00,23.62,$740.20
KEX,Kirby Corp.,0.161,1,,13.22,$133.48,$79.52,67.86,$157.69
PG,Procter & Gamble,0.160,9,$146.64,4.38,$147.98,$134.62,9.92,$164.77
GIL,Gildan Activewear Inc.,0.160,1,,13.10,$47.18,$45.52,3.65,$72.73
AJG,Arthur J. Gallagher & Co.,0.159,6,$229.57,6.43,$230.73,$189.61,21.69,$309.90
XRAY,DENTSPLY SIRONA Inc.,0.159,3,$10.61,12.18,$10.01,$9.36,6.94,$14.76
PFE,Pfizer Inc.,0.158,10,$24.08,3.07,$27.91,$22.03,26.69,$29.21
USB,U.S. Bancorp,0.157,6,$60.41,5.56,$59.41,$43.76,35.76,$66.08
ADP,Automatic Data Processing Inc.,0.157,6,$223.95,4.93,$269.51,$185.56,45.24,$286.17
VMC,Vulcan Materials,0.157,6,$295.01,5.62,$246.70,$240.69,2.50,$329.20
MDLN,Medline Inc Cl A,0.157,4,$39.44,6.28,$34.57,$31.49,9.78,$50.88
INTU,Intuit Inc.,0.156,8,$261.00,6.62,$291.04,$251.72,15.62,$697.25
SHW,Sherwin-Williams,0.155,7,$344.32,4.50,$327.54,$289.19,13.26,$375.09
NEM,Newmont Corp.,0.155,4,$93.40,6.25,$126.97,$75.34,68.53,$135.01
SGI,Somnigroup International Inc.,0.155,2,$78.40,8.30,$64.60,$60.08,7.52,$97.86
EXE,Expand Energy Corp.,0.154,1,,12.64,$87.54,$84.48,3.62,$124.43
HD,Home Depot,0.153,10,$352.68,5.61,$305.17,$284.85,7.13,$407.05
GEHC,GE HealthCare Technologies Inc.,0.153,8,$64.01,4.67,$66.27,$58.72,12.86,$89.64
EG,Everest Group Ltd,0.153,4,$357.23,11.28,$372.02,$295.27,25.99,$398.90
DE,Deere & Co.,0.152,7,$634.33,6.56,$698.09,$429.14,62.67,$705.88
CRH,CRH plc,0.152,5,$107.00,5.14,$87.69,$85.47,2.60,$130.09
UHAL.B,U Haul Holding Co Non Voting,0.152,4,$57.70,4.42,$55.27,$39.55,39.75,$66.84
ALK,Alaska Air Group,0.151,2,$52.20,10.58,$41.83,$33.03,26.64,$60.63
WAT,Waters Corp.,0.150,8,$375.04,6.25,$425.94,$282.77,50.63,$431.78
MSI,Motorola Solutions Inc.,0.148,8,$415.29,5.63,$458.48,$356.42,28.63,$493.57
TRU,TransUnion,0.148,3,$72.14,5.94,$72.03,$63.28,13.83,$93.63
INTC,Intel Corp.,0.147,7,$139.63,4.62,$122.96,$28.73,327.98,$142.35
JPM,JPMorgan Chase & Co.,0.146,15,$327.33,3.54,$340.70,$276.43,23.25,$366.50
HEI.A,HEICO Corp. CL A,0.146,4,$257.91,6.38,$230.84,$199.25,15.85,$279.52
UNP,Union Pacific,0.145,11,$272.00,5.95,$274.28,$211.08,29.94,$314.53
SW,Smurfit Westrock Plc,0.143,3,$46.26,7.56,$46.51,$31.79,46.30,$51.52
PPLI,People Inc.,0.143,3,$46.16,7.54,$36.73,$29.56,24.26,$48.32
FBIN,Fortune Brands Innovations Inc.,0.141,5,$54.90,4.83,$40.07,$31.92,25.53,$63.70
RBC,RBC Bearings Inc.,0.141,2,$644.06,10.70,$501.87,$364.50,37.69,$667.69
PGR,Progressive Corp.,0.140,7,$218.45,4.79,$207.22,$187.79,10.35,$239.38
OSK,Oshkosh Corp.,0.140,5,$153.48,6.69,$139.27,$115.83,20.24,$178.55
ET,Energy Transfer LP,0.140,4,$19.12,7.18,$20.55,$15.10,36.09,$21.84
SN,Sharkninja Inc,0.139,5,$152.27,10.67,$169.05,$83.12,103.38,$194.54
SYK,Stryker Corp.,0.139,4,$314.84,6.72,$275.60,$267.00,3.22,$389.48
KOF,Coca-Cola FEMSA S A CV,0.138,3,$106.25,9.34,$112.02,$76.77,45.92,$117.09
EQT,EQT Corp.,0.137,3,$53.17,6.19,$51.32,$47.79,7.39,$67.84
LRCX,Lam Research,0.136,7,$433.33,5.72,$308.39,$124.31,148.08,$438.50
BA,Boeing Co.,0.136,6,$216.47,3.38,$198.07,$176.77,12.05,$254.35
JNJ,Johnson & Johnson,0.135,12,$253.97,3.96,$269.32,$169.51,58.88,$281.07
DB,Deutsche Bank AG,0.135,4,$33.86,10.80,$37.64,$27.13,38.74,$41.62
MAT,Mattel Inc.,0.135,2,$13.88,8.92,$13.20,$12.73,3.69,$22.48
BLDR,Builders FirstSource Inc.,0.134,6,$89.48,5.60,$60.46,$56.56,6.90,$131.50
UAA,Under Armour Inc.,0.134,1,,10.98,$4.73,$4.13,14.53,$8.15
TEL,TE Connectivity plc,0.133,8,$201.61,3.93,$212.95,$189.53,12.36,$250.61
QCOM,QUALCOMM Inc.,0.133,7,$184.79,3.66,$196.29,$120.88,62.38,$257.56
SLB,Schlumberger Ltd.,0.132,8,$46.49,4.36,$52.23,$30.88,69.14,$60.15
DHI,D.R. Horton,0.132,4,$162.88,6.59,$144.14,$130.96,10.06,$174.13
BFAM,Bright Horizons Family Solutions Inc.,0.132,2,$70.88,8.28,$64.96,$57.63,12.72,$111.39
CB,Chubb Limited,0.131,6,$340.74,4.79,$337.48,$262.07,28.77,$364.81
PHM,PulteGroup Inc.,0.131,3,$137.21,8.64,$122.20,$108.02,13.13,$143.57
FISV,Fiserv Inc.,0.130,9,$49.05,2.79,$46.03,$46.03,0.00,$133.37
CBRE,CBRE Group,0.130,7,$134.69,3.67,$140.66,$121.69,15.59,$174.27
RYN,Rayonier Inc.,0.129,1,,10.54,$20.22,$19.01,6.37,$24.53
AIIR,Air Holdings Ltd,0.129,1,,10.61,$7.10,$5.29,34.22,$13.37
TSN,Tyson Foods,0.128,6,$57.25,3.11,$51.98,$48.84,6.43,$68.27
NCLH,Norwegian Cruise Line Hlgs Ltd.,0.128,3,$21.11,4.23,$14.22,$14.07,1.07,$26.09
FLG,Flagstar Financial Inc.,0.127,2,$14.94,9.62,$12.59,$10.54,19.45,$15.43
GEV,Ge Vernova Inc,0.126,10,$1174.86,3.91,$952.01,$529.18,79.90,$1195.94
TDS,Telephone & Data Systems,0.125,2,$37.01,5.17,$37.01,$31.48,17.57,$49.02
HHH,Howard Hughes Holdings Inc.,0.125,1,,10.23,$65.77,$60.09,9.45,$91.07
SE,Sea Ltd,0.124,8,$95.83,5.02,$103.70,$77.05,34.59,$195.48
TDW,Tidewater Inc.,0.124,3,$66.63,9.95,$87.16,$46.65,86.84,$101.58
ZS,Zscaler Inc.,0.124,1,,10.18,$209.74,$114.63,82.97,$336.99
NOW,ServiceNow Inc.,0.123,6,$99.28,4.59,$137.55,$81.24,69.31,$194.73
CI,Cigna Group,0.122,7,$275.68,2.67,$274.73,$234.20,17.31,$308.48
EFX,Equifax Inc.,0.121,9,$158.73,2.27,$159.81,$150.31,6.32,$259.34
FDX,FedEx Corp.,0.120,7,$313.13,3.18,$296.50,$176.88,67.63,$342.73
APD,Air Products & Chemicals,0.118,7,$293.18,3.96,$287.59,$224.64,28.02,$314.87
CSGP,CoStar Group Inc.,0.118,4,$28.32,6.49,$28.80,$25.89,11.24,$89.80
EWBC,East West Bancorp,0.118,1,,9.68,$126.11,$90.34,39.59,$137.47
URI,United Rentals,0.116,6,$1132.89,5.14,$1048.24,$698.94,49.98,$1177.15
ABNB,Airbnb Inc.,0.116,5,$143.10,3.59,$160.88,$110.81,45.19,$193.45
RYAN,Ryan Specialty Holdings Inc,0.116,2,$37.76,9.09,$38.32,$29.07,31.82,$58.44
MRK,Merck & Co.,0.115,10,$128.49,4.43,$151.45,$75.37,100.94,$156.00
MRSH,Marsh,0.115,6,$166.67,3.98,$170.08,$155.72,9.22,$204.56
TECH,Bio-Techne Corp.,0.115,5,$70.65,3.68,$72.56,$43.07,68.47,$72.66
ACHC,Acadia Healthcare Co.,0.114,2,$29.53,6.00,$29.29,$11.43,156.26,$35.83
EVH,Evolent Health Inc.,0.114,1,,9.34,$3.73,$2.10,77.62,$9.63
IDXX,IDEXX Laboratories,0.110,6,$526.44,3.93,$523.00,$500.61,4.47,$769.98
GPC,Genuine Parts,0.110,6,$117.98,6.13,$129.74,$89.11,45.60,$147.43
REGN,Regeneron Pharmaceuticals,0.110,3,$623.54,4.95,$810.74,$538.24,50.63,$859.34
VTRS,Viatris Inc.,0.110,3,$15.88,5.13,$17.14,$9.10,88.35,$18.25
NU,Nu Holdings Ltd,0.108,5,$13.36,4.29,$14.09,$11.20,25.80,$18.98
NBR,Nabors Industries Ltd.,0.108,1,,8.85,$83.62,$36.62,128.35,$112.90
FRPT,Freshpet Inc.,0.108,1,,8.87,$60.57,$46.45,30.40,$86.00
ZBH,Zimmer Biomet Holdings,0.107,7,$86.09,3.36,$93.97,$78.91,19.09,$106.03
DECK,Deckers Outdoor,0.107,2,$99.29,7.52,$79.84,$77.37,3.19,$122.29
LIN,Linde plc,0.106,7,$518.94,4.94,$464.83,$384.00,21.05,$546.40
CFRHF,Compagnie Financiere Richemont SA,0.106,1,,8.67,$203.26,$158.90,27.92,$247.85
MELI,Mercadolibre Inc.,0.105,7,$1697.39,5.10,$1834.20,$1495.00,22.69,$2548.50
DCH,Dauch Corp.,0.105,3,$5.42,3.97,$5.95,$4.92,20.93,$9.25
SYF,Synchrony Financial,0.105,3,$76.05,7.84,$72.91,$62.56,16.54,$87.67
CVX,Chevron Corp.,0.104,11,$165.76,4.67,$203.09,$142.51,42.51,$217.78
WTW,Willis Towers Watson plc,0.104,5,$261.37,3.44,$301.26,$239.74,25.66,$351.51
WEN,Wendy's Co.,0.104,4,$8.29,5.97,$6.80,$6.02,12.96,$9.51
DVN,Devon Energy Corp.,0.103,5,$41.32,4.49,$47.07,$30.69,53.37,$52.00
TFX,Teleflex,0.103,3,$126.76,4.91,$125.01,$99.39,25.78,$144.64
CGNX,Cognex Corp.,0.103,2,$72.42,7.60,$59.15,$34.45,71.70,$72.78
CPRT,Copart Inc.,0.102,6,$28.19,4.41,$28.92,$26.81,7.87,$46.21
AMD,Advanced Micro Devices,0.101,6,$580.91,5.12,$620.91,$154.78,301.16,$620.91
FCNCA,First Citizens Bancshares,0.101,3,$2080.78,5.32,$2073.91,$1617.01,28.26,$2294.10
VST,Vistra Corp.,0.101,3,$158.63,4.70,$141.02,$132.26,6.62,$218.55
CNX,CNX Resources Corp.,0.101,1,,8.25,$33.02,$29.22,13.00,$43.62
UPS,United Parcel Service,0.100,7,$107.50,2.95,$95.85,$76.95,24.56,$116.86
MDT,Medtronic plc,0.100,7,$78.23,2.76,$90.84,$72.65,25.04,$103.76
BCC,Boise Cascade Company,0.100,3,$77.63,7.47,$78.90,$64.38,22.55,$91.16
ABM,ABM Industries,0.099,5,$44.24,7.10,$49.78,$36.45,36.57,$51.29
ORLY,O'Reilly Automotive,0.099,4,$92.09,3.90,$86.39,$82.59,4.60,$108.72
CNQ,Canadian Natural Resources,0.098,3,$39.50,8.04,$47.70,$28.47,67.54,$51.85
ABG,Asbury Automotive Group Inc.,0.098,2,$201.08,7.91,$186.62,$172.01,8.49,$258.75
EWY,iShares MSCI South Korea ETF,0.097,2,$201.90,6.55,$191.65,$76.55,150.36,$220.89
CR,Crane Co,0.097,2,$223.07,7.82,$202.06,$159.16,26.95,$230.22
BMY,Bristol-Myers Squibb,0.096,8,$57.62,2.88,$62.40,$41.13,51.71,$68.64
MGM,MGM Resorts International,0.096,4,$47.81,4.91,$38.62,$29.19,32.31,$51.59
MLM,Martin Marietta,0.096,3,$576.70,4.56,$499.46,$488.74,2.19,$707.94
GPN,Global Payments Inc.,0.095,4,$72.56,2.49,$84.85,$60.75,39.67,$95.61
AEM,Agnico-Eagle Mines Ltd.,0.094,3,$155.15,6.22,$203.23,$134.08,51.57,$254.05
APG,APi Group Corp.,0.094,3,$42.35,5.00,$37.49,$33.40,12.25,$49.99
URBN,Urban Outfitters Inc.,0.094,1,,7.72,$75.43,$59.54,26.69,$85.43
AU,AngloGold Ashanti Ltd.,0.093,3,$80.90,6.81,$104.25,$59.78,74.39,$124.69
NOMD,Nomad Foods Ltd,0.093,1,,7.61,$10.52,$8.86,18.74,$12.99
HKHHF,Heineken Holding NV,0.093,1,,7.61,$77.60,$64.00,21.25,$84.80
AVTR,Avantor Inc.,0.091,5,$9.90,2.82,$14.99,$7.27,106.19,$16.05
KLAC,KLA Corp.,0.091,3,$301.71,5.78,$186.58,$97.57,91.23,$307.03
MAR,Marriott Int'l.,0.090,4,$370.59,7.02,$348.56,$254.64,36.88,$410.15
MEDP,Medpace Holdings Inc.,0.090,4,$529.59,4.52,$627.73,$373.00,68.29,$677.90
HUM,Humana Inc.,0.090,2,$397.22,5.13,$372.19,$161.90,129.89,$428.88
HUT,Hut 8 Corp,0.090,2,$115.44,4.07,$105.83,$31.67,234.16,$140.80
ARES,Ares Management LP,0.090,2,$111.31,6.45,$125.73,$92.59,35.79,$179.43
GTX,Garrett Motion Inc.,0.090,2,$36.23,7.28,$26.08,$12.09,115.72,$36.14
GWRE,Guidewire Software Inc.,0.089,1,,7.27,$150.41,$102.30,47.03,$255.89
BNY,Bank of New York Mellon Corp.,0.088,10,$144.61,2.21,$151.00,$101.34,49.00,$165.84
KMX,CarMax Inc.,0.088,5,$52.89,3.50,$56.38,$30.26,86.32,$65.28
ECL,Ecolab Inc.,0.088,4,$278.61,4.22,$275.93,$241.85,14.09,$306.79
Q,Qnity Electronics Inc.,0.088,3,$163.31,7.23,$124.74,$72.62,71.77,$177.16
SHOP,Shopify Inc.,0.088,3,$114.18,4.50,$148.06,$94.00,57.51,$182.19
DLTR,Dollar Tree Inc.,0.088,1,,7.25,$115.94,$84.71,36.87,$142.40
YNDX,Yandex N.V.,0.088,1,,7.19,$20.00,$14.09,41.94,$20.36
BL,BlackLine Inc.,0.088,1,,7.19,$27.91,$24.70,13.00,$59.57
GNRC,Generac Holdings Inc.,0.087,6,$292.81,2.91,$205.75,$134.80,52.63,$296.44
JEF,Jefferies Financial Group Inc.,0.087,4,$49.98,3.44,$47.63,$35.00,36.09,$68.96
FLR,Fluor Corp.,0.087,2,$52.39,6.24,$54.18,$39.33,37.76,$58.35
RUSHA,Rush Enterprises Inc.,0.087,2,$48.65,7.03,$48.10,$30.09,59.85,$55.58
XOM,ExxonMobil Holdings Corp.,0.086,11,$136.72,3.65,$159.08,$107.28,48.28,$174.09
STX,Seagate Technology,0.086,3,$965.00,5.90,$919.68,$207.94,342.28,$1144.18
ALLY,Ally Financial Inc.,0.085,4,$45.95,4.78,$39.30,$35.43,10.92,$46.96
TOST,Toast Inc.,0.085,2,$27.82,6.98,$29.57,$22.26,32.84,$42.15
GDS,GDS Holdings Ltd,0.085,2,$30.03,4.92,$33.94,$26.97,25.84,$48.61
CEG,Constellation Energy Corp.,0.085,2,$248.37,3.97,$264.32,$228.28,15.79,$410.41
ABT,Abbott Labs,0.084,7,$90.74,3.98,$104.21,$81.39,28.04,$134.38
RTX,RTX Corp.,0.084,7,$189.73,3.49,$191.79,$153.36,25.06,$226.41
PFGC,Performance Food Group,0.084,4,$111.79,4.00,$92.87,$80.82,14.91,$117.48
QXO,Qxo Inc,0.084,3,$17.28,4.10,$12.69,$11.14,13.91,$27.61
MGA,Magna International Inc.,0.084,3,$91.94,6.54,$63.69,$41.73,52.62,$73.22
CTSH,Cognizant Technology Solutions,0.083,6,$38.73,3.02,$58.88,$36.86,59.74,$85.48
GTN,Gray Television Inc.,0.083,1,,6.80,$4.67,$3.49,33.81,$6.20
KEYS,Keysight Technologies Inc.,0.082,5,$350.07,4.48,$346.75,$158.79,118.37,$374.96
APO,Apollo Global Management,0.082,3,$118.31,4.46,$124.87,$98.73,26.48,$151.39
JLL,Jones Lang Lasalle Inc.,0.081,5,$309.95,3.28,$333.90,$259.83,28.51,$393.84
INDV,Indivior Pharmaceuticals Inc.,0.081,1,,6.65,$36.22,$27.68,30.85,$42.81
CRS,Carpenter Technology,0.080,3,$616.84,3.63,$399.24,$227.48,75.51,$625.72
CSCO,Cisco Systems,0.079,7,$117.46,5.40,$105.85,$65.49,61.63,$129.88
GSK,GSK plc,0.079,6,$52.42,3.51,$50.79,$37.94,33.87,$60.12
IQV,IQVIA Holdings Inc.,0.079,4,$193.22,3.13,$270.93,$154.50,75.36,$273.88
BIIB,Biogen Inc.,0.079,3,$216.06,3.75,$225.61,$135.39,66.64,$226.03
EBAY,eBay Inc.,0.079,2,$111.75,4.74,$109.71,$77.32,41.89,$118.62
TEVA,Teva Pharmaceutical Industries Ltd.,0.079,2,$33.88,3.97,$39.55,$16.74,136.26,$39.96
RHI,Robert Half International,0.079,2,$30.70,5.93,$37.63,$21.08,78.51,$46.09
ADBE,Adobe Inc.,0.078,10,$205.01,2.57,$238.47,$190.12,25.43,$370.31
MANU,Manchester United plc,0.078,3,$22.93,2.41,$20.40,$14.85,37.37,$24.45
CME,CME Group,0.077,7,$220.83,2.52,$268.75,$217.29,23.68,$318.35
COP,ConocoPhillips,0.077,7,$103.96,2.10,$126.10,$82.95,52.02,$141.62
HTHT,H World Group Ltd ADR,0.077,3,$41.72,5.59,$43.53,$34.95,24.55,$54.14
ZTS,Zoetis Inc.,0.076,5,$71.86,3.03,$73.28,$70.98,3.24,$145.99
BP,BP plc,0.076,4,$36.95,3.65,$43.18,$31.12,38.75,$47.14
AMGN,Amgen,0.076,4,$362.12,3.21,$409.67,$262.49,56.07,$447.03
MCK,McKesson Corp.,0.076,2,$755.61,5.95,$897.11,$684.98,30.97,$996.84
VEEV,Veeva Systems Inc.,0.075,6,$177.47,1.93,$263.14,$148.05,77.74,$310.50
JCI,Johnson Controls Intl. plc,0.075,4,$146.11,4.27,$146.13,$103.24,41.54,$156.62
NSRGY,Nestle,0.075,1,,6.11,$92.73,$84.97,9.13,$107.17
AN,AutoNation Inc.,0.075,1,,6.17,$169.09,$167.05,1.22,$235.81
MSCI,MSCI Inc.,0.074,6,$560.04,3.24,$551.58,$495.54,11.31,$642.47
OLN,Olin Corp.,0.074,4,$19.82,4.83,$16.83,$16.67,0.96,$29.90
MDLZ,Mondelez International,0.074,4,$57.84,5.64,$61.01,$50.34,21.20,$66.65
NYT,New York Times CL A,0.074,3,$69.98,4.55,$65.38,$53.65,21.86,$86.83
MTZ,MasTec Inc.,0.074,2,$416.06,3.42,$224.35,$182.34,23.04,$441.43
ACI,Albertsons Co Inc.,0.074,1,,6.09,$12.12,$10.86,11.60,$19.18
DAL,Delta Air Lines Inc.,0.073,5,$93.66,2.16,$83.42,$54.60,52.78,$95.44
SBUX,Starbucks Corp.,0.073,5,$102.19,3.13,$94.82,$76.05,24.68,$109.88
FTV,Fortive Corp.,0.073,4,$61.09,3.47,$55.83,$47.10,18.54,$64.48
BRZE,Braze Inc A,0.073,2,$21.69,5.99,$25.87,$15.26,69.53,$37.33
VAL,Valaris plc,0.073,1,,5.99,$82.65,$46.70,76.98,$114.12
Z,Zillow Group Inc.,0.072,1,,5.89,$30.74,$29.23,5.17,$90.64
ENTG,Entegris Inc.,0.071,6,$179.86,2.70,$148.70,$67.81,119.29,$186.78
WCC,WESCO International Inc.,0.071,5,$345.38,4.23,$361.19,$202.09,78.73,$384.81
RYAAY,Ryanair Holdings PLC,0.071,3,$64.75,5.59,$55.84,$51.68,8.05,$73.13
HOG,Harley-Davidson,0.071,2,$24.46,5.79,$26.14,$16.84,55.23,$28.91
SPUU,Dir Dai S&P 500 Bu 2x ETF Us,0.071,1,,5.81,$229.00,$154.62,48.11,$232.39
PLGO,Pelagos Insurance Capital,0.071,1,,5.84,$23.73,$16.48,43.99,$26.18
FNF,Fidelity National Financial Inc.,0.070,3,$47.16,3.54,$42.58,$41.81,1.84,$56.47
FIVE,Five Below Inc.,0.070,2,$179.79,3.62,$233.63,$137.77,69.58,$263.88
XYZ,Block Inc.,0.070,2,$76.00,4.26,$77.56,$48.21,60.88,$86.92
OGN,Organon & Co.,0.070,1,,5.72,$13.70,$5.67,141.62,$13.79
NVST,Envista Holdings Corp.,0.069,5,$26.35,2.87,$24.34,$18.77,29.68,$30.42
MCHP,Microchip Technology,0.069,4,$91.20,5.37,$75.18,$47.28,59.01,$104.75
ODFL,Old Dominion Freight Line,0.069,3,$216.60,4.93,$176.52,$125.23,40.96,$251.64
DELL,Dell Technologies Inc.,0.069,3,$431.46,5.68,$551.55,$109.70,402.78,$595.51
MSA,MSA Safety Inc.,0.069,3,$174.58,4.68,$179.62,$149.32,20.29,$207.14
UAN,CVR Partners LP,0.069,1,,5.62,$129.18,$78.61,64.33,$136.82
NOV,Nov Inc.,0.068,4,$18.55,1.98,$20.28,$12.01,68.86,$21.84
WAB,WABTEC Corp.,0.068,3,$269.60,4.93,$288.68,$185.19,55.88,$306.32
MRP,Millrose Properties,0.068,2,$30.05,3.95,$28.87,$25.60,12.77,$32.17
BLMN,Bloomin Brands Inc.,0.068,1,,5.59,$8.61,$5.19,65.90,$12.63
GLD,SPDR Gold Trust,0.067,6,$1293.45,2.35,$399.53,$336.31,18.80,$509.70
CCC,CCC Intelligent Solutions Hldgs Inc.,0.067,2,$5.16,3.02,$6.58,$4.08,61.27,$9.71
UBS,UBS AG,0.066,4,$44.91,2.66,$49.39,$35.38,39.60,$55.99
LYB,LyondellBasell Industries,0.065,3,$52.65,2.87,$59.43,$39.12,51.92,$82.22
CRGY,Crescent Energy Inc A,0.065,2,$9.82,4.86,$13.11,$7.46,75.74,$15.47
MBI,MBIA Inc.,0.065,2,$6.52,4.34,$4.53,$4.38,3.42,$8.17
OZK,Bank OZK,0.065,2,$52.09,3.22,$47.26,$41.16,14.82,$53.18
RGLD,Royal Gold Inc.,0.065,2,$199.61,5.09,$257.50,$167.81,53.45,$304.97
PHYS,Sprott Physical Gold Trust,0.065,2,$30.17,5.29,$32.95,$28.07,17.39,$42.07
CLF,Cleveland-Cliffs Inc.,0.065,2,$9.39,5.30,$12.57,$7.73,62.61,$16.70
PRI,Primerica Inc.,0.065,1,,5.36,$278.44,$227.14,22.59,$325.96
TTMI,TTM Technologies Inc.,0.064,4,$187.02,3.13,$128.29,$51.09,151.11,$223.83
NSC,Norfolk Southern Corp.,0.064,4,$314.59,4.13,$314.51,$273.59,14.96,$357.18
FANG,Diamondback Energy Inc.,0.064,2,$175.78,3.02,$185.47,$132.93,39.52,$216.90
SGU,Star Gas Partners LP,0.064,1,,5.26,$12.83,$10.72,19.68,$13.33
CTRI,Centuri Holdings Inc,0.064,1,,5.25,$19.96,$19.03,4.89,$42.99
TRUP,Trupanion Inc.,0.064,1,,5.28,$23.78,$21.16,12.38,$46.98
SAP,SAP SE,0.063,7,$154.11,2.96,$210.67,$144.97,45.32,$276.56
BIO,Bio-Rad Laboratories Inc.,0.063,3,$293.61,2.39,$381.21,$236.73,61.03,$396.23
NXPI,NXP Semiconductors NV,0.063,3,$281.03,2.48,$235.23,$179.82,30.81,$337.28
UA,Under Armour CL C,0.063,1,,5.18,$4.65,$3.95,17.72,$7.91
BF.B,Brown-Forman Corp.,0.062,5,$26.65,3.33,$26.53,$22.23,19.34,$30.85
LPLA,LPL Financial Holdings Inc.,0.062,4,$281.68,2.10,$310.69,$259.94,19.52,$399.03
PLD,Prologis Inc.,0.062,3,$135.47,2.70,$135.73,$107.65,26.08,$152.14
TLN,Talen Energy Corp,0.062,3,$384.26,3.37,$296.11,$279.77,5.84,$451.28
LNC,Lincoln National,0.062,2,$35.35,5.04,$40.95,$31.40,30.41,$47.67
VGNT,Versigent Plc,0.062,2,$42.01,2.64,$46.79,$26.27,78.11,$50.75
MIR,Mirion Technologies Inc,0.062,2,$17.93,4.24,$16.55,$14.11,17.29,$30.28
AAL,American Airlines Group Inc.,0.062,2,$18.07,3.31,$13.58,$10.09,34.59,$18.79
GPGI,GPGI Inc.,0.062,1,,5.09,$12.52,$11.22,11.59,$26.77
QUAD,Quad/Graphics Inc.,0.062,1,,5.06,$9.64,$4.93,95.54,$11.03
PTLO,Portillo's Inc Cl A,0.062,1,,5.05,$3.74,$3.70,1.08,$6.83
XPO,XPO Logistics,0.060,4,$205.29,4.84,$178.05,$121.48,46.57,$232.05
LKQ,LKQ Corp.,0.060,4,$26.33,2.86,$23.47,$20.92,12.19,$35.92
MHK,Mohawk Industries,0.060,3,$121.33,2.37,$121.88,$92.99,31.07,$140.30
MET,MetLife Inc.,0.060,2,$84.61,2.76,$95.89,$66.41,44.39,$100.93
VZ,Verizon Communications,0.059,7,$42.34,1.76,$46.30,$36.55,26.68,$51.67
MS,Morgan Stanley,0.059,5,$209.04,3.54,$200.72,$148.47,35.19,$230.98
NEE,NextEra Energy Inc.,0.059,4,$87.77,3.10,$79.43,$68.40,16.13,$97.30
LEA,Lear Corp.,0.059,3,$134.06,2.61,$122.57,$93.67,30.85,$149.08
AME,Ametek Inc.,0.059,2,$241.94,4.87,$245.08,$178.15,37.57,$260.78
DJCO,Daily Journal Corp.,0.059,1,,4.80,$661.00,$348.63,89.60,$692.50
GS,Goldman Sachs Group,0.058,5,$1011.37,2.77,$952.44,$725.74,31.24,$1148.37
OKE,ONEOK Inc.,0.058,2,$86.94,3.08,$90.72,$90.72,0.00,$97.66
BRCC,BRC Inc.,0.058,1,,4.79,$9.23,$6.00,53.83,$18.55
MP,MP Materials Corp.,0.058,1,,4.74,$50.45,$37.81,33.43,$100.25
MNDY,monday.com Ltd.,0.058,1,,4.77,$84.77,$57.50,47.43,$220.80
LFUS,Littelfuse Inc.,0.057,7,$455.33,2.52,$417.63,$231.54,80.37,$499.60
ARW,Arrow Electronics,0.057,4,$213.41,4.35,$222.08,$101.79,118.17,$237.33
AVT,Avnet Inc.,0.057,3,$88.82,3.87,$98.15,$43.35,126.41,$99.92
CHD,Church & Dwight,0.057,2,$96.88,4.58,$96.19,$80.29,19.80,$105.37
CNR,Core Natural Resources Inc.,0.057,1,,4.67,$94.36,$72.88,29.47,$114.56
ALAB,Astera Labs Inc,0.057,1,,4.65,$362.36,$97.89,270.17,$499.48
PNC,PNC Financial Services,0.056,5,$246.22,3.78,$228.68,$172.82,32.32,$258.96
BHF,Brighthouse Financial Inc.,0.056,1,,4.60,$48.92,$44.51,9.91,$66.80
GLW,Corning Inc.,0.055,4,$255.43,4.26,$159.53,$76.38,108.86,$271.27
OC,Owens Corning,0.055,3,$158.94,2.86,$126.56,$95.63,32.34,$159.88
YUMC,Yum China Holdings Inc.,0.055,3,$40.87,4.25,$41.57,$39.90,4.19,$57.33
SEG,Seaport Entertainment Group,0.055,2,$26.60,3.86,$24.33,$17.74,37.15,$29.61
BGC,BGC Group Inc.,0.055,1,,4.48,$12.33,$8.20,50.37,$12.86
CNDT,Conduent Inc.,0.055,1,,4.48,$1.67,$1.15,45.22,$2.98
B,Barrick Mining Corp.,0.054,5,$36.73,3.12,$43.85,$29.53,48.49,$53.80
BX,Blackstone Group,0.054,4,$117.67,3.30,$124.73,$99.78,25.01,$182.47
AMRZ,Amrize Ltd,0.054,3,$53.30,2.13,$38.75,$37.38,3.67,$65.13
KGC,Kinross Gold Corp.,0.054,3,$23.62,4.14,$28.68,$21.89,31.02,$38.96
TER,Teradyne Inc.,0.054,2,$483.84,4.42,$396.31,$117.31,237.83,$487.72
LLYVK,Liberty Media Corp. Series C Live,0.054,2,$105.64,4.07,$98.54,$78.68,25.24,$109.75
FAST,Fastenal,0.054,2,$48.03,2.72,$49.68,$38.34,29.58,$52.92
NMIH,NMI Holdings,0.054,2,$41.09,4.39,$42.69,$34.84,22.53,$46.74
MAVF,Matrix Advisors Value ETF,0.054,1,,4.41,$139.85,$113.25,23.49,$142.84
TJX,TJX Companies Inc.,0.053,3,$151.50,2.52,$130.63,$122.78,6.39,$169.47
TMHC-OLD,Taylor Morrison Home Corp.,0.053,3,$71.74,3.30,$72.46,$54.15,33.81,$72.50
TDAY,Gannett Co.,0.053,2,$8.55,2.83,$6.56,$3.42,91.81,$9.21
SYY,Sysco Corp.,0.052,5,$83.44,1.81,$78.68,$67.23,17.03,$90.56
OMC,Omnicom Group,0.052,4,$72.83,2.53,$75.43,$64.32,17.27,$88.65
MPLX,MPLX LP,0.052,2,$56.33,3.90,$58.90,$44.22,33.20,$60.39
MSGE,Madison Square Garden Entertainment Corp.,0.052,1,,4.28,$80.02,$41.65,92.12,$90.41
VNOM,Viper Energy Inc.,0.052,1,,4.25,$40.89,$33.67,21.44,$49.62
MCD,McDonald's Corp.,0.051,7,$270.31,2.18,$250.81,$247.65,1.28,$335.18
RMNI,Rimini Street Inc.,0.051,2,$4.26,4.15,$4.31,$2.87,50.17,$5.68
OSW,OneSpaWorld Holdings Ltd,0.051,1,,4.19,$22.53,$18.94,18.95,$29.19
DEO,Diageo ADR,0.050,8,$80.38,1.60,$87.45,$71.73,21.92,$101.71
NKE,NIKE Inc.,0.050,7,$41.05,2.32,$36.09,$35.50,1.66,$74.51
ABBV,AbbVie Inc.,0.050,7,$251.64,3.09,$265.75,$189.40,40.31,$267.47
REZI,Resideo Technologies Inc.,0.050,5,$31.10,1.90,$18.81,$18.18,3.47,$32.01
PPG,PPG Industries,0.050,3,$121.29,2.78,$107.37,$91.35,17.54,$130.99
KDP,Keurig Dr Pepper Inc.,0.050,2,$32.73,4.04,$31.42,$24.43,28.61,$33.82
CRL,Charles River Labs,0.050,2,$226.79,3.41,$285.87,$144.26,98.16,$303.31
FTNT,Fortinet Inc.,0.050,1,,4.09,$173.71,$73.55,136.18,$177.13
NTRA,Natera Inc.,0.049,4,$271.45,3.32,$388.94,$157.43,147.06,$391.21
CRBG,Corebridge Financial Inc.,0.049,3,$28.63,2.84,$33.99,$21.74,56.35,$35.64
LBTYA,Liberty Global Ltd CL A,0.049,3,$11.37,2.57,$9.99,$9.43,5.94,$13.52
IEX,IDEX Corp.,0.049,2,$226.95,3.97,$226.28,$155.87,45.17,$243.80
CHTR,Charter Communications,0.048,6,$142.21,1.95,$118.00,$111.55,5.78,$285.82
FN,Fabrinet,0.047,4,$562.08,3.30,$408.21,$354.41,15.18,$748.89
LUV,Southwest Airlines,0.047,2,$51.42,3.87,$42.10,$28.75,46.43,$54.38
SEB,Seaboard Corp.,0.047,2,$4464.28,3.80,$4195.83,$3133.55,33.90,$5983.34
LUMN,Lumen Technologies Inc.,0.047,1,,3.87,$6.38,$5.52,15.58,$11.95
MAIR,Madison Air Solutions Corp A,0.047,1,,3.87,$25.00,$22.91,9.12,$44.50
WDAY,Workday Inc.,0.046,4,$122.42,1.78,$189.79,$110.36,71.97,$249.85
CNC,Centene Corp.,0.046,3,$64.19,2.71,$63.33,$31.63,100.22,$69.63
WULF,Terawulf Inc,0.046,2,$24.70,3.65,$17.40,$10.43,66.83,$29.84
DKS,Dick's Sporting Goods Inc.,0.046,2,$226.81,3.02,$133.84,$119.27,12.22,$242.09
CNA,CNA Financial Corp.,0.046,1,,3.77,$47.82,$40.34,18.54,$55.19
CG,Carlyle Group,0.045,4,$42.11,1.91,$40.44,$39.16,3.27,$67.95
FLEX,Flex Ltd.,0.045,3,$162.07,3.66,$114.27,$53.07,115.32,$166.86
SDHC,Smith Douglas Homes Corp,0.045,3,$15.54,3.67,$10.26,$9.89,3.74,$23.49
NVT,nVent Electric plc,0.045,3,$169.61,3.19,$162.37,$92.78,75.01,$184.40
NVR,NVR Inc.,0.045,3,$6813.41,3.03,$6334.09,$5501.01,15.14,$8200.01
STLA,Stellantis N.V.,0.045,2,$5.74,3.69,$4.83,$4.76,1.47,$12.22
TWLO,Twilio Inc.,0.045,2,$206.33,3.70,$284.45,$98.44,188.96,$284.45
DD,DuPont de Nemours Inc.,0.045,2,$135.65,3.71,$131.78,$86.86,51.72,$156.04
NRP,Natural Resource Partners,0.045,1,,3.69,$108.78,$94.82,14.72,$126.18
HSY,Hershey Co.,0.044,5,$175.44,2.08,$168.58,$156.70,7.58,$235.80
COHR,Coherent Corp.,0.044,4,$394.47,3.50,$307.62,$102.14,201.17,$440.00
ILMN,Illumina Inc.,0.044,2,$175.83,2.02,$247.13,$88.00,180.83,$250.06
USFD,US Foods Holding Corp.,0.044,2,$102.25,3.07,$94.23,$69.88,34.85,$111.42
SSNC,SS&C Technologies Holdings Inc.,0.044,2,$62.05,2.01,$79.67,$61.18,30.22,$88.93
ERFSF,Eurofins Scientific SE,0.044,1,,3.60,$89.06,$64.33,38.44,$89.99
PGEN,Precigen Inc.,0.044,1,,3.61,$7.87,$2.99,163.21,$8.04
PSX,Phillips 66,0.043,6,$169.05,2.96,$259.37,$123.09,110.72,$277.12
LBRDK-OLD,Liberty Broadband Corp. CL C,0.043,4,$33.26,1.94,$35.99,$26.25,37.10,$65.73
CORZ,Core Scientific Inc,0.043,3,$25.59,3.38,$18.74,$13.36,40.27,$30.46
AERO,Grupo Aeromexico Sab De Cv,0.043,2,$18.00,1.89,$16.39,$12.26,33.69,$23.05
BFH,Bread Financial Holdings Inc.,0.043,2,$108.35,3.40,$104.53,$53.23,96.37,$114.28
AFRM,Affirm Holdings Inc.,0.043,2,$81.55,3.51,$71.26,$42.10,69.26,$92.56
SA,Seabridge Gold Inc.,0.043,1,,3.52,$32.36,$19.23,68.28,$40.06
MSGS,Madison Square Garden Sports Corp.,0.042,4,$401.84,2.64,$399.47,$207.90,92.15,$438.93
ROIV,Roivant Sciences Ltd,0.042,4,$35.39,1.95,$38.71,$14.50,166.97,$42.50
CHYM,Chime Financial Inc Cl A,0.042,3,$20.48,2.78,$29.05,$15.88,82.93,$35.55
TAP,Molson Coors Beverage Co.,0.042,3,$38.94,2.94,$37.09,$37.09,0.00,$53.00
AMG,Affiliated Managers Group,0.042,3,$338.40,3.37,$361.84,$230.07,57.27,$392.91
FOX,Fox Corporation CL B,0.042,2,$46.84,3.27,$57.45,$43.86,30.98,$67.48
NRG,NRG Energy Inc.,0.042,1,,3.44,$103.32,$102.66,0.64,$188.71
ALV,Autoliv Inc.,0.041,2,$116.17,3.37,$118.47,$97.72,21.23,$131.23
INCY,Incyte Corp.,0.041,2,$113.36,2.64,$127.56,$81.09,57.31,$132.60
GFL,Gfl Environmental Inc Sub Vt,0.041,1,,3.39,$42.12,$33.32,26.41,$48.00
CPT,Camden Property Trust,0.040,3,$114.49,1.76,$99.44,$94.30,5.45,$119.81
UAL,United Airlines Holdings Inc.,0.040,2,$135.99,3.31,$115.14,$84.64,36.03,$138.77
WSC,WillScot Mobile Mini Hldgs Corp.,0.040,2,$28.86,3.28,$18.40,$14.72,25.00,$29.66
SSD,Simpson Manufacturing,0.040,2,$209.35,3.09,$175.57,$155.55,12.87,$213.18
PENN,Penn National Gaming Inc.,0.040,2,$21.36,3.20,$16.07,$11.65,37.94,$22.36
STZ,Constellation Brands,0.039,4,$139.09,1.58,$117.48,$117.04,0.38,$166.17
RS,Reliance Steel & Aluminum,0.039,2,$373.60,3.23,$385.80,$256.46,50.43,$432.62
CE,Celanese Corp.,0.039,2,$46.00,2.82,$47.45,$35.07,35.30,$70.65
IDT,IDT Corp. CL B,0.039,1,,3.23,$69.29,$45.54,52.15,$72.13
SWKS,Skyworks Solutions Inc.,0.039,1,,3.18,$89.27,$51.48,73.41,$92.30
STT,State Street Corp.,0.038,5,$169.60,1.93,$180.24,$102.75,75.42,$195.93
NVO,Novo Nordisk A S,0.038,4,$47.94,1.05,$39.46,$34.20,15.38,$61.21
EW,Edwards Lifesciences Corp.,0.038,2,$90.46,3.09,$88.92,$72.30,22.99,$96.29
IBP,Installed Building Products,0.038,2,$229.84,3.07,$210.91,$192.37,9.64,$344.87
PCG,PG&E Corp.,0.038,2,$16.82,2.85,$12.98,$12.59,3.10,$19.04
STRL,Sterling Construction Co. Inc.,0.038,1,,3.13,$516.84,$281.58,83.55,$1005.68
FPH,Five Point Holdings LLC,0.038,1,,3.11,$4.90,$4.60,6.52,$6.55
LMT,Lockheed Martin Corp.,0.037,5,$509.46,1.38,$522.58,$429.47,21.68,$683.27
AEP,American Electric Power,0.037,3,$136.81,1.72,$120.16,$102.52,17.21,$139.52
LH,Labcorp Holdings Inc.,0.037,3,$280.00,1.92,$311.93,$242.07,28.86,$341.06
FNV,Franco Nevada Corp.,0.037,2,$208.45,1.81,$267.26,$180.18,48.33,$284.12
FMX,Fomento Economico Mexicano,0.037,2,$127.90,2.74,$121.54,$84.80,43.33,$141.47
ALGN,Align Technology Inc.,0.037,1,,3.07,$152.61,$122.00,25.09,$200.44
RBLX,Roblox Corp.,0.037,1,,3.04,$50.10,$33.88,47.87,$142.00
MICC,Magnum Ice Cream Co NV,0.036,7,$16.98,0.91,$19.38,$12.94,49.77,$20.69
ONON,On Holding AG,0.036,4,$35.42,2.88,$29.67,$26.37,12.51,$51.08
CARR,Carrier Global Corp.,0.036,4,$73.35,1.74,$55.10,$49.67,10.93,$76.49
SNOW,Snowflake Inc.,0.036,3,$254.50,2.25,$338.22,$118.30,185.90,$384.56
YUM,Yum! Brands Inc.,0.036,3,$159.86,2.01,$139.13,$134.26,3.63,$169.29
EL,Estee Lauder Cos.,0.036,3,$78.94,2.87,$100.36,$65.74,52.66,$120.38
SPHR,Sphere Entertainment Co.,0.036,2,$173.03,2.87,$142.09,$56.36,152.11,$181.63
AWI,Armstrong World Industries Inc.,0.036,2,$160.42,1.50,$164.10,$150.00,9.40,$204.82
TPG,Tpg Inc,0.036,1,,2.92,$45.63,$36.07,26.50,$67.83
CPAY,Corpay Inc.,0.036,1,,2.99,$392.57,$252.84,55.26,$427.46
WMT,Walmart Inc.,0.035,6,$113.26,2.76,$109.89,$98.06,12.06,$134.83
BF.A,Brown-Forman Corp. CL A,0.035,3,$27.36,2.22,$26.93,$22.63,19.00,$30.62
TW,Tradeweb Markets Inc.,0.035,3,$99.66,1.63,$100.47,$91.30,10.04,$127.35
EMBJ,Embraer SA,0.035,3,$63.80,2.09,$77.04,$53.37,44.35,$80.46
BRO,Brown & Brown Inc.,0.035,3,$64.15,1.62,$62.64,$53.69,16.67,$95.63
TRGP,Targa Resources Corp.,0.035,2,$268.14,2.83,$285.17,$141.11,102.09,$307.94
RGEN,Repligen Corp.,0.035,2,$136.44,2.44,$186.43,$100.99,84.60,$188.73
CDNS,Cadence Design Systems,0.035,2,$375.32,2.81,$302.80,$262.75,15.24,$416.69
UNF,UniFirst Corp.,0.035,2,$264.46,2.03,$266.18,$146.76,81.37,$306.26
ULS,Ul Solutions Inc Class A,0.035,1,,2.91,$66.78,$63.17,5.71,$107.17
PRVA,Privia Health Group Inc.,0.035,1,,2.91,$19.75,$19.51,1.23,$28.82
VOO,Vanguard S&P 500 ETF,0.034,6,$686.82,1.77,$713.44,$576.78,23.69,$716.39
TCOM,Trip.com Group Ltd,0.034,3,$39.84,1.50,$40.70,$38.04,6.99,$78.99
CPB,Campbell's Co.,0.034,3,$22.27,2.60,$20.12,$19.23,4.63,$32.13
BR,Broadridge Financial Solutions,0.034,2,$136.95,1.49,$163.02,$133.01,22.56,$238.38
WSO,Watsco Inc.,0.034,2,$416.73,1.90,$322.78,$295.75,9.14,$455.09
IMO,Imperial Oil Ltd.,0.034,2,$112.17,2.51,$124.52,$82.02,51.82,$138.09
CBRS,Cerebras Systems Inc A,0.034,1,,2.76,$211.13,$160.81,31.29,$386.34
CMPR,Cimpress plc,0.034,1,,2.77,$79.49,$60.59,31.19,$106.58
MIDD,Middleby Corp.,0.034,1,,2.82,$112.63,$88.87,26.74,$148.55
EFA,iShares MSCI EAFE ETF,0.033,5,$103.87,2.39,$106.45,$88.19,20.71,$108.89
WY,Weyerhaeuser Co.,0.033,4,$23.94,2.02,$21.50,$20.41,5.34,$27.03
LOW,Lowe's Cos.,0.033,3,$220.49,1.43,$195.94,$192.09,2.00,$289.87
CTO,CTO Realty Growth Inc.,0.033,1,,2.74,$20.49,$13.94,46.99,$22.31
GPK,Graphic Packaging Hldg Co.,0.033,1,,2.69,$9.56,$8.59,11.29,$19.25
ATS,Ats Corp,0.033,1,,2.67,$19.11,$18.41,3.80,$35.82
FER,Ferrovial Se,0.033,1,,2.72,$56.29,$53.91,4.41,$74.07
KNSL,Kinsale Capital Group Inc.,0.033,1,,2.67,$355.13,$287.01,23.73,$483.75
VRSK,Verisk Analytics Inc.,0.032,5,$179.53,1.65,$171.93,$155.10,10.85,$250.83
HCA,HCA Healthcare Inc.,0.032,5,$389.89,2.12,$441.23,$353.34,24.87,$553.56
BSX,Boston Scientific,0.032,5,$42.68,2.29,$44.84,$42.20,6.26,$105.65
CSX,CSX Corp.,0.032,3,$47.53,2.15,$46.57,$32.42,43.65,$53.45
CASY,Casey's Gen'l Stores,0.032,3,$794.80,1.98,$586.41,$496.20,18.18,$927.15
WMB,Williams Cos.,0.032,3,$74.34,2.57,$71.09,$54.53,30.37,$78.91
VRTX,Vertex Pharmaceuticals,0.032,2,$496.73,1.51,$520.59,$374.17,39.13,$560.25
WPM,Wheaton Precious Metals Corp.,0.032,2,$112.32,2.63,$153.73,$92.01,67.08,$165.03
CLH,Clean Harbors Inc.,0.032,2,$298.75,2.59,$312.99,$201.34,55.45,$335.94
RDDT,Reddit Inc Cl A,0.032,2,$173.58,1.83,$153.02,$119.27,28.30,$271.99
LII,Lennox International,0.032,1,,2.60,$367.10,$350.22,4.82,$587.27
GGG,Graco Inc.,0.032,1,,2.63,$77.49,$72.23,7.28,$94.99
ITUB,ita Unibanco Holding S.A.,0.032,1,,2.59,$8.47,$6.06,39.77,$9.46
MTN,Vail Resorts Inc.,0.031,4,$136.15,2.23,$138.76,$116.69,18.91,$160.49
LEN.B,Lennar Corp. CL B,0.031,4,$88.71,2.12,$81.11,$74.44,8.96,$123.45
MAS,Masco Corp.,0.031,3,$81.37,1.33,$69.73,$57.51,21.25,$83.27
TME,Tencent Music Entertainment Grp,0.031,3,$8.35,1.49,$8.29,$7.70,7.66,$24.59
BAP,Credicorp Ltd.,0.031,3,$389.58,1.08,$393.46,$230.45,70.74,$413.25
TTWO,Take-Two Interactive Software,0.031,2,$249.98,1.89,$206.01,$187.63,9.80,$265.94
A,Agilent Technologies,0.031,2,$132.83,2.53,$166.33,$108.14,53.81,$166.42
FIS,Fidelity National Information Services,0.031,2,$38.88,1.56,$34.89,$34.89,0.00,$66.59
JBS,Jbs Nv A,0.031,2,$11.85,2.54,$11.93,$11.45,4.19,$17.27
RLI,RLI Corp.,0.031,2,$59.07,1.48,$58.59,$45.14,29.80,$66.81
WHK,Whitehawk Minerals Corp Cl A,0.031,1,,2.56,$26.19,$25.24,3.76,$29.07
JELD,JELD-WEN Holding Inc.,0.031,1,,2.53,$1.82,$0.93,95.70,$5.88
WFRD,Weatherford International plc,0.031,1,,2.51,$84.73,$60.12,40.93,$112.79
RMD,ResMed Inc.,0.031,1,,2.54,$224.44,$179.75,24.86,$281.89
IBM,International Business Machines,0.030,5,$281.21,2.36,$232.36,$197.77,17.49,$330.09
CL,Colgate-Palmolive,0.030,5,$91.68,1.24,$87.08,$73.21,18.95,$98.15
PAYX,Paychex Inc.,0.030,2,$98.33,2.35,$114.61,$83.50,37.26,$127.98
SDRL,Seadrill Ltd,0.030,2,$37.82,2.45,$47.12,$28.10,67.69,$55.47
TRIP,TripAdvisor Inc.,0.030,2,$13.71,1.62,$8.51,$8.41,1.19,$20.16
BE,Bloom Energy Corp.,0.030,2,$302.69,2.36,$275.16,$61.37,348.36,$351.28
FOUR,Shift4 Payments Inc. CL A,0.030,2,$48.64,2.09,$38.81,$34.56,12.30,$87.69
NWSA,News Corp.,0.030,2,$24.83,2.32,$29.12,$22.03,32.18,$31.55
TTC,Toro Co.,0.030,2,$97.42,2.39,$94.10,$66.72,41.04,$104.28
ZBRA,Zebra Technologies Corp.,0.030,2,$263.26,2.42,$361.54,$199.05,81.63,$386.23
PEG,Public Serv. Enterprise Inc.,0.030,2,$81.16,2.42,$69.37,$69.22,0.22,$85.40
LAZ,Lazard Inc.,0.030,2,$41.94,2.41,$36.72,$35.16,4.44,$57.45
CHRW,C.H. Robinson Worldwide,0.030,2,$188.34,1.33,$149.41,$121.78,22.69,$209.43
NXT,Nextracker Inc Cl A,0.030,1,,2.49,$82.75,$69.22,19.55,$163.13
ESRT,Empire State Realty Trust Inc.,0.030,1,,2.45,$4.08,$3.93,3.82,$7.83
OCSL,Oaktree Specialty Lending Corp,0.030,1,,2.49,$12.41,$10.07,23.24,$12.98
CSL,Carlisle Companies,0.029,4,$362.75,1.62,$330.54,$290.64,13.73,$428.80
DPC,Dpc Holdings Plc,0.029,4,$49.06,2.27,$41.09,$37.65,9.14,$57.25
BMRN,BioMarin Pharmaceutical Inc.,0.029,3,$57.22,1.24,$64.01,$49.26,29.94,$70.98
SUI,Sun Communities Inc.,0.029,3,$119.91,1.75,$114.15,$113.74,0.36,$135.36
CPRI,Capri Holdings Ltd,0.029,2,$18.57,2.29,$15.42,$12.40,24.35,$28.27
PTEN,Patterson-UTI Energy Inc.,0.029,1,,2.41,$11.24,$4.89,129.86,$13.39
VSEC,VSE Corp.,0.028,3,$228.50,2.18,$183.13,$154.36,18.64,$247.85
WST,West Pharmaceutical Services,0.028,2,$358.99,1.85,$373.62,$223.52,67.15,$385.75
PBH,Prestige Consumer Healthcare,0.028,2,$47.27,2.29,$47.43,$42.62,11.29,$71.07
AMLP,Alerian MLP ETF,0.028,1,,2.26,$53.73,$41.24,30.29,$56.43
MNST,Monster Beverage Corp.,0.028,1,,2.28,$44.54,$31.51,41.35,$50.17
FDXF,FedEx Freight Holding Co.,0.027,5,$151.00,1.02,$119.39,$117.41,1.69,$200.00
VEA,Vanguard FTSE Developed ETF,0.027,5,$71.25,1.63,$72.65,$57.29,26.81,$73.85
BLCO,Bausch + Lomb Corp,0.027,3,$16.56,1.51,$17.27,$13.77,25.42,$18.92
DINO,HF Sinclair Corp.,0.027,3,$69.65,1.99,$107.40,$44.66,140.48,$117.70
NESR,National Energy Services Reunited Corp.,0.027,3,$29.93,2.18,$33.24,$9.92,235.08,$36.94
GLIBK,GCI Liberty Inc. Series C,0.027,2,$21.56,2.18,$24.24,$19.30,25.60,$41.18
EXP,Eagle Materials Inc.,0.027,2,$225.00,2.21,$183.12,$171.56,6.74,$245.20
COIN,Coinbase Global Inc.,0.027,1,,2.24,$201.85,$139.11,45.10,$402.16
HLF,Herbalife Nutrition Ltd.,0.027,1,,2.25,$12.11,$7.56,60.19,$20.40
BOKF,BOK Financial Corp.,0.027,1,,2.25,$131.89,$100.84,30.79,$146.20
FAF,First Amer'n Corp.,0.027,1,,2.21,$69.24,$55.74,24.22,$79.87
CVSA,Covista Inc.,0.027,1,,2.20,$123.15,$86.97,41.60,$156.26
KSPI,Jsc Kaspi.kz ADR,0.026,7,$86.62,0.96,$96.25,$64.26,49.78,$107.58
TFC,Truist Financial Corp.,0.026,4,$49.82,2.06,$48.07,$39.11,22.91,$54.51
ITRN,Ituran Location & Control Ltd.,0.026,3,$61.01,1.93,$52.70,$32.34,62.96,$67.77
FOSL,Fossil Inc.,0.026,2,$4.14,2.10,$6.38,$1.70,275.29,$6.39
GNTX,Gentex Corp.,0.026,2,$25.27,2.09,$22.33,$20.26,10.22,$28.49
CDW,CDW Corp.,0.026,2,$140.64,1.09,$148.46,$96.09,54.50,$163.67
DOX,Amdocs Ltd.,0.026,2,$50.54,2.07,$58.90,$49.24,19.62,$83.39
BBIO,BridgeBio Pharma Inc.,0.026,2,$74.48,2.11,$69.25,$48.78,41.96,$93.42
AIG,American International Group,0.026,2,$74.53,2.02,$75.59,$69.90,8.14,$85.64
FLS,Flowserve Corp.,0.026,2,$74.16,2.10,$75.94,$48.28,57.29,$91.86
BKV,Bkv Corporation,0.026,1,,2.17,$23.14,$20.08,15.24,$32.81
DVA,DaVita HealthCare Partners,0.026,1,,2.15,$184.14,$101.00,82.32,$247.49
DHT,DHT Holdings Inc.,0.026,1,,2.13,$21.52,$9.43,128.21,$23.51
TECK,Teck Resources,0.026,1,,2.14,$69.19,$37.75,83.28,$72.46
NFG,National Fuel Gas,0.026,1,,2.15,$79.91,$74.64,7.06,$96.03
VAC,Marriott Vacations Worldwide,0.026,1,,2.16,$97.00,$42.68,127.27,$130.30
SPCX,Space Exploration Technologies Corp.,0.025,5,$170.86,0.67,$153.65,$104.83,46.57,$225.64
BUD,Anheuser-Busch InBev,0.025,4,$82.40,1.27,$78.25,$57.32,36.51,$86.60
VOYA,Voya Financial Inc.,0.025,3,$90.53,1.08,$97.78,$63.83,53.19,$105.64
KVUE,Kenvue Inc,0.025,3,$19.11,1.90,$17.87,$13.22,35.17,$19.67
VSNT,Versant Media Group Inc.,0.025,3,$36.01,1.77,$33.64,$26.61,26.42,$45.11
MAA,Mid-America Apt Communties,0.025,2,$138.94,2.00,$119.20,$117.48,1.46,$142.76
COTY,Coty Inc.,0.025,2,$2.16,2.00,$2.64,$1.82,45.05,$4.47
ATI,Allegheny Technologies Inc.,0.025,2,$197.10,1.39,$186.80,$75.02,149.00,$243.57
ISRG,Intuitive Surgical Inc.,0.025,2,$397.68,1.53,$401.55,$328.57,22.21,$603.88
SJM,J.M. Smucker Co,0.025,2,$112.50,2.02,$120.98,$86.47,39.91,$135.89
EOG,EOG Resources,0.025,2,$129.73,1.99,$140.30,$99.12,41.55,$154.16
INSM,Insmed Inc.,0.025,1,,2.07,$121.04,$90.39,33.91,$212.75
FBTC,Fidelity Wise Origin Bitcoin,0.025,1,,2.07,$75.28,$50.48,49.13,$110.25
KBR,KBR Inc.,0.025,1,,2.07,$35.22,$29.67,18.71,$51.33
SHEN,Shenandoah Telecommunications Co.,0.025,1,,2.06,$12.09,$9.67,25.03,$17.35
BIDU,Baidu Inc.,0.024,4,$114.29,1.98,$92.80,$88.23,5.18,$165.30
MTB,M&T Bank Corp.,0.024,3,$238.01,1.52,$224.33,$169.89,32.04,$254.31
WRBY,Warby Parker Inc.,0.024,3,$30.34,1.89,$22.70,$14.96,51.74,$31.00
AXTA,Axalta Coating Systems Ltd.,0.024,2,$34.22,1.18,$33.05,$24.94,32.52,$38.61
UHS,Universal Health Services Inc.,0.024,2,$148.69,1.12,$180.62,$139.92,29.09,$245.26
PR,Permian Resources Corp.,0.024,2,$18.41,1.97,$21.56,$11.52,87.15,$24.48
ANET,Arista Networks Inc.,0.024,2,$169.88,1.94,$205.18,$114.52,79.17,$214.89
ECPG,Encore Capital Group Inc.,0.024,1,,1.94,$97.44,$39.95,143.90,$104.98
COLD,Americold Realty Trust,0.024,1,,1.98,$14.61,$9.59,52.35,$16.88
JXN,Jackson Financial Inc.,0.024,1,,1.94,$130.26,$86.88,49.93,$140.33
FCX,Freeport-McMoran Inc.,0.024,1,,2.00,$74.31,$34.78,113.66,$80.24
SPB,Spectrum Brands Holdings Inc.,0.023,4,$85.75,1.23,$87.73,$48.72,80.07,$98.53
LAMR,Lamar Advertising Co.,0.023,3,$155.98,1.64,$145.32,$109.09,33.21,$164.46
CAG,Conagra Brands Inc.,0.023,3,$13.46,1.76,$14.78,$12.39,19.29,$19.59
ADPT,Adaptive Biotechnologies Corp.,0.023,2,$21.45,1.83,$28.11,$12.00,134.25,$28.72
BATRK,Atlanta Braves Holdings Inc. Series C,0.023,2,$51.90,1.64,$52.45,$37.76,38.90,$54.46
AGX,Argan Inc.,0.023,2,$798.55,1.80,$374.71,$239.09,56.72,$805.09
PANW,Palo Alto Networks,0.023,2,$341.02,1.88,$375.18,$139.57,168.81,$398.88
WEC,WEC Energy Group,0.023,1,,1.92,$102.92,$100.35,2.56,$118.87
SHC,Sotera Health Co,0.023,1,,1.88,$18.79,$13.09,43.54,$19.85
PDRDF,Pernod Ricard,0.023,1,,1.92,$70.00,$65.28,7.23,$100.83
SWK,Stanley Black & Decker Inc.,0.023,1,,1.92,$91.65,$59.35,54.42,$103.78
WTM,White Mountains Insurance,0.023,1,,1.85,$2062.01,$1647.25,25.18,$2333.00
LNT,Alliant Energy,0.023,1,,1.86,$64.87,$61.58,5.34,$78.22
BYD,Boyd Gaming Corp.,0.023,1,,1.92,$72.22,$72.16,0.08,$91.17
CHRD,Chord Energy,0.023,1,,1.87,$136.77,$80.76,69.35,$157.06
TRV,Travelers Companies Inc.,0.022,4,$330.13,0.71,$363.11,$248.46,46.14,$397.34
ABEV,Ambev S.A.,0.022,3,$3.14,1.81,$3.02,$2.08,45.19,$3.44
HSIC,Henry Schein Inc.,0.022,3,$83.52,1.54,$87.43,$61.95,41.13,$92.18
GILD,Gilead Sciences,0.022,3,$126.34,1.57,$152.74,$105.84,44.31,$154.51
IWF,iShares Russell 1000 Growth ETF,0.022,3,$124.17,1.08,$126.80,$102.05,24.25,$128.91
GHC,Graham Holdings Co.,0.022,2,$1141.45,1.74,$1147.69,$923.50,24.28,$1262.35
ECHO,EchoStar Corp.,0.022,2,$101.50,1.73,$95.28,$65.76,44.89,$147.25
IR,Ingersoll Rand Inc.,0.022,2,$81.99,0.92,$73.36,$68.05,7.80,$100.89
CTVA,Corteva Inc.,0.022,2,$84.69,1.84,$81.00,$59.97,35.07,$90.87
PRMB,Primo Brands Corp,0.022,2,$24.44,1.77,$19.64,$14.04,39.89,$26.08
KRC,Kilroy Realty Corp.,0.022,1,,1.83,$34.74,$26.89,29.19,$42.39
UMBF,UMB Financial Corp.,0.022,1,,1.79,$134.19,$101.90,31.69,$152.78
JD,JD.com Inc.,0.021,5,$25.48,1.17,$27.47,$23.66,16.10,$35.59
ROL,Rollins Inc.,0.021,4,$41.74,0.57,$32.91,$32.26,2.01,$65.40
NTRS,Northern Trust Corp.,0.021,3,$173.84,1.69,$174.06,$118.61,46.75,$194.86
TKR,Timken Co.,0.021,3,$145.31,1.72,$115.64,$69.62,66.10,$145.98
CMCO,Columbus McKinnon Corp.,0.021,2,$15.13,1.71,$16.38,$11.95,37.07,$24.13
WIX,Wix.com Ltd.,0.021,2,$44.27,0.90,$80.82,$40.16,101.25,$185.99
ROK,Rockwell Automation Inc.,0.021,2,$495.08,1.17,$426.70,$328.32,29.96,$495.83
PSKY,Paramount Skydance Corp.,0.021,2,$9.86,0.99,$9.97,$7.58,31.53,$20.48
INGR,Ingredion Inc.,0.021,1,,1.72,$97.86,$93.62,4.53,$121.53
LBTYK,Liberty Global Ltd CL C,0.021,1,,1.74,$9.77,$9.30,5.05,$13.12
VNT,Vontier Corp.,0.021,1,,1.70,$31.53,$27.21,15.88,$48.09
VRSN,Verisign Inc.,0.020,3,$251.56,0.76,$298.57,$206.93,44.29,$311.57
CMI,Cummins Inc.,0.020,3,$713.22,1.05,$522.91,$394.95,32.40,$735.02
XP,XP Inc.,0.020,2,$16.26,1.34,$21.21,$14.80,43.31,$22.83
SD,SandRidge Energy Inc.,0.020,2,$13.70,0.84,$14.18,$10.60,33.77,$17.78
ROG,Rogers Corp.,0.020,2,$163.73,1.61,$137.13,$75.14,82.50,$169.00
CLB,Core Laboratories Inc.,0.020,1,,1.63,$10.84,$9.78,10.84,$20.32
ACGL,Arch Capital Group Ltd.,0.020,1,,1.67,$95.21,$82.45,15.48,$107.09
TGT,Target Corp.,0.019,4,$130.61,1.21,$159.13,$81.20,95.97,$170.75
DEI,Douglas Emmett Inc.,0.019,3,$11.80,1.30,$10.38,$8.79,18.09,$15.41
HP,Helmerich & Payne,0.019,2,$32.75,1.46,$40.06,$19.75,102.84,$48.17
VYM,Vanguard High Dvd Yield ETF,0.019,2,$158.03,1.42,$158.93,$134.14,18.48,$166.68
LLYVA,Liberty Media Corp. Series A Live,0.019,2,$101.26,1.41,$95.40,$77.12,23.70,$106.06
ST,Sensata Technologies Holding,0.019,2,$47.74,1.27,$42.10,$27.92,50.79,$53.75
LILAK,Liberty LiLAC Group C,0.019,1,,1.56,$8.71,$4.76,82.98,$8.92
HAE,Haemonetics Corp.,0.019,1,,1.54,$108.90,$47.32,130.14,$110.45
DNOW,NOW Inc.,0.018,4,$12.97,0.67,$15.61,$10.94,42.69,$17.26
BNS,Bank of Nova Scotia,0.018,3,$86.81,1.18,$94.28,$61.04,54.46,$95.34
AR,Antero Resources,0.018,2,$35.14,1.42,$34.81,$29.10,19.62,$45.75
ADM,Archer-Daniels-Midland,0.018,2,$76.40,0.88,$83.21,$54.00,54.09,$88.75
VSAT,Viasat Inc.,0.018,2,$89.81,1.50,$75.98,$26.10,191.11,$93.03
AMH,American Homes 4 Rent,0.018,2,$33.52,1.40,$31.36,$26.66,17.63,$34.70
SKY,Skyline Champion Corp.,0.018,2,$88.12,1.42,$88.46,$63.69,38.89,$99.17
LHX,L3Harris Technologies Inc.,0.018,2,$290.59,1.49,$240.73,$239.68,0.44,$374.59
FG,F&G Annuities & Life Inc.,0.018,1,,1.44,$22.25,$19.95,11.53,$34.01
EQX,Equinox Gold Corp,0.018,1,,1.47,$12.75,$8.47,50.53,$18.88
SWX,Southwest Gas Holdings Inc.,0.018,1,,1.51,$84.31,$74.55,13.09,$93.81
CRWV,Coreweave Inc Cl A,0.018,1,,1.44,$86.74,$60.55,43.25,$153.20
PAYC,Paycom Software Inc.,0.017,3,$125.68,0.70,$226.48,$104.16,117.43,$244.98
FDS,FactSet Research Systems,0.017,3,$230.08,0.65,$279.19,$182.47,53.01,$320.48
BKD,Brookdale Senior Living Inc.,0.017,3,$16.09,1.27,$11.36,$7.84,44.90,$17.09
AMP,Ameriprise Financial Inc.,0.017,3,$458.73,0.90,$515.69,$419.52,22.92,$572.56
CTAS,Cintas Corp.,0.017,3,$170.08,1.38,$197.43,$160.31,23.16,$218.60
BXP,BXP Inc.,0.017,3,$66.31,1.04,$64.29,$48.54,32.45,$74.94
RRX,Regal Rexnord Corp.,0.017,2,$238.19,1.43,$151.14,$127.19,18.83,$247.80
ITIC,Investors Title Co.,0.017,2,$273.68,0.96,$293.83,$208.58,40.87,$309.07
MMYT,MakeMyTrip Ltd,0.017,2,$53.29,1.39,$48.47,$32.67,48.36,$103.24
NAMS,Newamsterdam Pharma Co Nv,0.017,2,$33.89,1.00,$23.26,$21.02,10.66,$42.21
PINS,Pinterest Inc.,0.017,2,$21.03,1.14,$18.32,$13.84,32.37,$36.45
EXPE,Expedia Group Inc.,0.017,2,$255.88,1.43,$265.57,$184.28,44.11,$341.51
MANE,Veradermics Inc,0.017,2,$122.94,0.88,$117.14,$32.00,266.06,$131.24
DGX,Quest Diagnostics,0.017,2,$212.00,1.42,$234.73,$168.97,38.92,$248.70
JBLU,JetBlue Airways Corp.,0.017,1,,1.43,$4.57,$3.87,18.09,$6.62
STUB,Stubhub Holdings Inc Class A,0.017,1,,1.39,$5.75,$5.74,0.17,$21.49
FSV,Firstservice Corp,0.017,1,,1.41,$133.22,$119.15,11.81,$201.13
MATW,Matthews Intl Corp. A,0.017,1,,1.37,$19.93,$19.51,2.15,$30.32
ALX,Alexander's Inc.,0.017,1,,1.42,$249.50,$190.65,30.87,$284.73
AKAM,Akamai Technologies Inc.,0.017,1,,1.40,$118.38,$70.82,67.16,$165.45
NTES,NetEase.com Inc.,0.016,3,$128.14,0.80,$118.50,$105.01,12.85,$152.74
POOL,Pool Corp.,0.016,2,$214.93,1.06,$168.06,$165.37,1.63,$317.58
RGA,Reinsurance Group of America Inc.,0.016,2,$212.65,1.33,$246.82,$175.13,40.94,$257.81
FUL,H.B. Fuller Co.,0.016,2,$58.29,1.30,$51.19,$48.30,5.98,$68.05
GSHD,Goosehead Insurance Inc.,0.016,2,$48.50,0.87,$46.14,$33.68,37.00,$80.74
PRM,Perimeter Solutions SA,0.016,2,$35.65,1.11,$30.13,$19.70,52.94,$38.17
SHAZ,Sharonai Holdings Inc,0.016,2,$84.66,0.65,$62.45,$1.90,3186.84,$178.00
NOC,Northrop Grumman Corp.,0.016,2,$509.32,1.24,$510.54,$476.85,7.07,$767.12
BAM,Brookfield Asset Management,0.016,2,$44.85,0.75,$46.35,$41.36,12.06,$60.19
UPBD,Upbound Group Inc.,0.016,1,,1.29,$16.71,$14.83,12.68,$25.33
OSG,Octave Specialty Group Inc.,0.016,1,,1.34,$4.35,$3.88,12.11,$10.38
ACIW,ACI Worldwide Inc.,0.016,1,,1.28,$49.42,$38.05,29.88,$61.08
SAM,Boston Beer Company,0.016,1,,1.35,$167.54,$158.68,5.58,$264.46
AZO,AutoZone Inc.,0.016,1,,1.34,$2924.79,$2815.00,3.90,$4332.68
NICE,Nice Ltd Spon ADR,0.016,1,,1.32,$116.63,$83.10,40.35,$153.68
NVS,Novartis AG,0.015,5,$156.73,0.84,$141.27,$118.00,19.72,$165.46
FITB,Fifth Third Bancorp,0.015,3,$56.37,0.65,$52.82,$39.08,35.16,$59.50
NTR,Nutrien Ltd.,0.015,2,$62.95,1.04,$75.60,$51.72,46.17,$83.98
WRB,W.R. Berkley Corp.,0.015,2,$70.53,1.21,$68.55,$62.22,10.17,$77.34
DLR,Digital Realty Trust Inc.,0.015,2,$179.58,1.18,$186.14,$143.30,29.90,$206.06
ARLP,Alliance Resource Partners LP,0.015,2,$23.98,1.06,$25.86,$20.88,23.85,$28.08
MKTX,MarketAxess Holdings Inc.,0.015,2,$113.50,1.25,$163.60,$108.23,51.16,$193.95
CALM,Cal-Maine Foods Inc.,0.015,2,$80.56,1.18,$73.43,$70.97,3.47,$101.81
CRK,Comstock Resources Inc.,0.015,1,,1.26,$13.58,$12.12,12.05,$28.10
MTH,Meritage Homes Corp.,0.015,1,,1.26,$66.26,$57.22,15.80,$84.75
PB,Prosperity Bancshares Inc.,0.015,1,,1.19,$69.26,$59.01,17.37,$75.23
OPCH,Option Care Health Inc.,0.015,1,,1.26,$24.13,$18.01,33.98,$36.80
YPF,YPF S.A.,0.015,1,,1.19,$53.54,$22.82,134.62,$57.87
CLW,Clearwater Paper Corp.,0.015,1,,1.26,$21.88,$11.73,86.53,$23.59
DOLE,Dole Food Company,0.015,1,,1.25,$13.20,$12.22,8.02,$16.27
HLN,Haleon Plc ADR,0.014,5,$9.33,0.73,$9.26,$8.54,8.43,$11.06
IVV,Ishares Core S&P 500 ETF,0.014,3,$748.90,0.86,$777.55,$628.63,23.69,$780.83
GD,General Dynamics,0.014,3,$354.24,1.05,$344.34,$305.43,12.74,$400.00
SBAC,SBA Communications Corp.,0.014,2,$176.46,1.14,$176.17,$160.33,9.88,$221.58
BCS,Barclays plc ADR,0.014,2,$26.86,1.16,$25.01,$18.86,32.61,$28.37
SUPN,Supernus Pharmaceuticals,0.014,1,,1.14,$43.72,$40.51,7.92,$59.68
VLO,Valero Energy,0.014,1,,1.12,$381.03,$152.07,150.56,$416.66
ICFI,ICF International Inc.,0.014,1,,1.15,$83.90,$58.62,43.13,$97.96
ALG,Alamo Group Inc.,0.014,1,,1.11,$167.48,$145.46,15.14,$219.00
ADT,ADT Inc.,0.014,1,,1.16,$6.57,$6.10,7.70,$8.61
JAZZ,Jazz Pharmaceuticals plc,0.013,2,$240.97,1.10,$240.72,$125.79,91.37,$266.38
TAC,TransAlta Corp.,0.013,2,$13.83,1.10,$12.02,$11.29,6.47,$17.62
AXS,Axis Capital Holdings Ltd.,0.013,2,$107.44,1.00,$96.86,$86.98,11.36,$119.99
FMS,Fresenius Medical Care AG & Co KCaG,0.013,2,$22.61,1.00,$22.57,$19.24,17.31,$26.57
ABR,Arbor Realty Trust Inc.,0.013,2,$5.42,0.78,$4.43,$4.24,4.48,$11.02
VMRK,Vivmark Residential,0.013,2,$67.93,1.07,$62.20,$56.30,10.48,$71.50
COMP,Compass Inc.,0.013,2,$12.33,0.66,$9.68,$6.37,51.96,$13.96
FOXA,Fox Corporation,0.013,2,$52.16,0.76,$64.23,$48.13,33.45,$75.68
CASH,Meta Financial Group Inc.,0.013,1,,1.10,$74.97,$65.71,14.09,$101.13
AGCO,AGCO Corp.,0.013,1,,1.06,$119.73,$98.22,21.90,$142.68
HWM,Howmet Aerospace Inc.,0.013,1,,1.06,$226.09,$183.45,23.24,$309.85
MNRO,Monro Inc.,0.013,1,,1.05,$14.18,$10.82,31.05,$22.69
RWAY,Runway Growth Finance Corp,0.013,1,,1.04,$6.74,$4.94,36.44,$8.96
CPRX-OLD,Catalyst Pharmaceuticals Inc.,0.013,1,,1.06,$31.50,$19.05,65.35,$32.56
MSTR,MicroStrategy Inc.,0.013,1,,1.03,$169.11,$81.81,106.71,$365.21
COLL,Collegium Pharmaceutical Inc.,0.013,1,,1.06,$22.85,$21.65,5.54,$50.79
MYRG,MYR Group Inc.,0.013,1,,1.05,$289.92,$176.76,64.02,$503.57
G,Genpact Ltd.,0.012,5,$27.50,0.44,$34.10,$26.71,27.67,$47.87
SNY,Sanofi Aventis,0.012,4,$42.66,0.63,$42.53,$40.89,4.01,$49.91
DOW,Dow Inc.,0.012,3,$27.36,1.00,$28.17,$19.68,43.14,$41.82
TREX,Trex Company Inc.,0.012,2,$50.04,0.91,$44.20,$29.77,48.47,$54.30
EXR,Extra Space Storage Inc.,0.012,2,$145.30,0.93,$135.17,$120.04,12.60,$157.03
BKR,Baker Hughes Co.,0.012,2,$55.50,1.01,$56.98,$43.24,31.78,$69.92
NE,Noble Corp.,0.012,2,$37.30,0.86,$45.14,$25.46,77.30,$53.83
DAR,Darling Ingredients Inc.,0.012,2,$54.62,0.96,$62.19,$29.15,113.34,$69.98
KN,Knowles Corp.,0.012,2,$41.48,0.94,$36.76,$20.57,78.71,$42.93
CRDO,Credo Technology Group Holdi,0.012,2,$271.95,1.00,$191.07,$86.49,120.92,$308.67
KALU,Kaiser Aluminum Corp.,0.012,2,$195.62,0.93,$152.97,$71.41,114.21,$199.89
UGI,UGI Corp.,0.012,2,$34.54,0.99,$36.85,$30.36,21.38,$40.08
GL,Globe Life Inc.,0.012,2,$178.68,0.71,$170.27,$127.06,34.01,$191.55
XMTR,Xometry Inc.,0.012,1,,0.95,$103.39,$35.86,188.32,$106.08
SMG,Scotts Miracle-Gro Co.,0.012,1,,0.96,$52.99,$49.95,6.09,$74.53
PBF,PBF Energy Inc.,0.012,1,,0.95,$72.58,$25.16,188.47,$82.61
FWONA,Liberty Media Corp Formula One Series A,0.012,1,,0.95,$86.98,$73.70,18.02,$99.52
WCN,Waste Connections,0.012,1,,0.99,$155.70,$146.58,6.22,$178.40
BBW,Build-A-Bear Workshop Inc.,0.012,1,,0.97,$26.30,$24.37,7.92,$73.11
IVZ,Invesco Ltd,0.012,1,,1.01,$30.84,$20.03,53.97,$33.66
BATRA,Atlanta Braves Holdings Inc. Series A,0.012,1,,1.01,$57.62,$41.50,38.84,$58.37
EDU,New Oriental Education & Technology,0.012,1,,0.99,$54.65,$44.25,23.50,$64.22
FOA,Finance Of America Companies Inc.,0.012,1,,1.00,$15.08,$13.83,9.04,$29.79
MDB,MongoDB Inc.,0.012,1,,0.99,$434.91,$215.68,101.65,$473.10
YMM,Full Truck Alliance Spn ADR,0.012,1,,0.96,$8.42,$7.38,14.09,$13.69
VTOL,Bristow Group Inc.,0.012,1,,0.95,$42.54,$34.73,22.49,$50.10
SU,Suncor Energy Inc.,0.011,4,$53.69,0.71,$67.11,$36.63,83.21,$72.06
HRL,Hormel Foods Corp.,0.011,3,$24.82,0.77,$20.44,$19.47,4.98,$26.43
ACMR,ACM Research Inc.,0.011,3,$126.89,0.92,$74.64,$28.46,162.26,$127.19
AUR,Aurora Innovation Inc.,0.011,3,$6.82,0.72,$6.49,$3.60,80.28,$8.57
SOFI,SoFi Technologies Inc.,0.011,2,$17.93,0.90,$17.15,$14.88,15.26,$32.73
PHG,Koninklijke Philips Electronics NV,0.011,2,$27.19,0.90,$25.03,$23.85,4.95,$32.18
AM,Antero Midstream Corp.,0.011,2,$22.75,0.90,$21.21,$16.41,29.25,$23.35
AAP,Advance Auto Parts,0.011,2,$62.22,0.80,$42.71,$37.33,14.41,$64.62
W,Wayfair Inc.,0.011,2,$92.42,0.90,$106.91,$55.60,92.28,$119.98
ELAN,Elanco Animal Health Inc.,0.011,2,$24.61,0.87,$23.02,$18.48,24.57,$27.98
LZAGY,Lonza Group Ag Unspon ADR,0.011,1,,0.92,$66.35,$57.99,14.42,$74.36
NWL,Newell Brands Inc.,0.011,1,,0.87,$5.72,$2.87,99.30,$7.05
CZR,Caesars Entertainment,0.011,1,,0.89,$29.64,$17.86,65.96,$30.88
KD,Kyndryl Holdings Inc,0.011,1,,0.87,$12.05,$10.10,19.31,$32.08
AAON,AAON Inc.,0.011,1,,0.87,$79.16,$72.95,8.51,$150.16
COST,Costco Co.,0.010,7,$935.41,0.35,$898.61,$840.35,6.93,$1094.76
SHEL,Shell plc,0.010,5,$77.54,0.59,$94.02,$66.79,40.77,$99.16
IJR,Ishares Core S&P Small Cap E,0.010,3,$148.32,0.84,$139.88,$110.57,26.51,$150.15
VBIL,Vanguard 0 3m T Bill ETF,0.010,2,$75.68,0.58,$75.65,$72.91,3.76,$75.65
LIND,Lindblad Expeditions Hldgs Inc.,0.010,2,$28.24,0.78,$27.39,$11.37,140.90,$35.00
DT,Dynatrace Inc.,0.010,2,$43.92,0.43,$57.22,$31.64,80.85,$57.23
GFI,Gold Fields Ltd.,0.010,2,$33.59,0.63,$42.85,$30.42,40.86,$58.66
KR,Kroger Co.,0.010,2,$55.53,0.72,$58.74,$53.78,9.22,$75.66
TEM,Tempus Ai Inc,0.010,2,$57.93,0.77,$77.00,$40.77,88.86,$104.32
BCO,Brink's Co.,0.010,1,,0.86,$106.96,$90.86,17.72,$135.75
SLDE,Slide Insurance Holdings Inc,0.010,1,,0.84,$24.27,$13.22,83.59,$26.75
EEFT,Euronet Worldwide Inc.,0.010,1,,0.81,$65.29,$62.50,4.46,$90.56
WAL,Western Alliance Bancorp,0.010,1,,0.81,$78.40,$65.11,20.41,$95.75
NDAQ,Nasdaq Inc.,0.010,1,,0.85,$94.64,$76.29,24.05,$100.76
QLYS,Qualys Inc.,0.010,1,,0.86,$184.74,$74.51,147.94,$201.54
VNO,Vornado Realty Trust,0.010,1,,0.83,$35.32,$24.57,43.75,$41.60
TIC,Acuren Corporation,0.010,1,,0.83,$9.23,$6.36,45.13,$14.94
PCVX,Vaxcyte Inc.,0.010,1,,0.85,$59.18,$30.89,91.58,$65.00
BRBR,BellRing Brands Inc. CL A,0.010,1,,0.84,$8.94,$7.82,14.32,$37.27
CET,Central Securities Corp.,0.010,1,,0.85,$56.37,$47.33,19.10,$56.50
CFG,Citizens Financial Group Inc.,0.010,1,,0.82,$65.79,$46.55,41.33,$75.33
DUSA,Davis Select Us Equity ETF,0.010,1,,0.82,$56.04,$46.06,21.67,$58.53
CIGI,Colliers International Group Inc.,0.009,4,$93.70,0.60,$92.53,$87.86,5.32,$171.06
IWR,Ishares Russell Mid Cap ETF,0.009,3,$110.27,0.53,$109.20,$90.51,20.65,$114.63
MLKN,MillerKnoll Inc.,0.009,3,$20.46,0.52,$20.29,$13.23,53.36,$24.51
RJF,Raymond James Financial Inc.,0.009,2,$152.03,0.75,$160.06,$138.33,15.71,$182.73
CFR,Cullen Frost Bankers,0.009,2,$154.52,0.71,$156.82,$115.60,35.66,$169.71
AVB-OLD,AvalonBay Communities,0.009,2,$188.69,0.72,$184.30,$157.12,17.30,$198.63
MPWR,Monolithic Power Systems,0.009,2,$1382.24,0.76,$1380.90,$828.85,66.60,$1711.48
HPQ,HP Inc.,0.009,2,$21.93,0.49,$32.02,$16.91,89.36,$36.23
OCFC,OceanFirst Financial Corp.,0.009,1,,0.77,$17.54,$16.44,6.69,$20.12
FR,First Industrial Realty Trust Inc.,0.009,1,,0.76,$61.76,$49.03,25.96,$69.88
EME,Emcor Group,0.009,1,,0.74,$754.53,$564.01,33.78,$951.47
PSUS,Pershing Square Usa Ltd,0.009,1,,0.77,$39.58,$35.71,10.84,$44.00
HAS,Hasbro Inc.,0.009,1,,0.73,$87.90,$67.33,30.55,$104.60
RIOT,Riot Blockchain Inc.,0.009,1,,0.70,$24.64,$11.50,114.26,$30.32
CTRN,Citi Trends Inc.,0.009,1,,0.74,$53.92,$29.60,82.16,$77.91
MMM,3M Co.,0.008,4,$161.92,0.52,$168.17,$138.02,21.84,$184.09
BMI,Badger Meter Inc.,0.008,3,$148.38,0.31,$133.38,$111.36,19.77,$201.67
TROW,T. Rowe Price Group,0.008,3,$113.63,0.30,$103.82,$83.17,24.83,$120.50
ITW,Illinois Tool Works,0.008,2,$270.47,0.67,$268.95,$234.38,14.75,$301.92
BTDR,Bitdeer Technologies Group A,0.008,2,$15.87,0.68,$13.07,$6.92,88.87,$27.80
TTE,TotalEnergies SE,0.008,2,$77.76,0.69,$89.84,$56.15,60.00,$93.46
RELX,RELX plc,0.008,2,$31.67,0.61,$33.00,$26.84,22.95,$46.71
KT,KT Corp.,0.008,2,$17.28,0.37,$19.56,$17.13,14.19,$24.58
LXU,LSB Industries Inc.,0.008,2,$10.81,0.66,$10.60,$7.71,37.48,$17.22
FIGR,Figure Technology Solut Cl A,0.008,1,,0.65,$36.90,$24.11,53.05,$78.00
AD,Array Digital Infrastructure Inc.,0.008,1,,0.67,$35.41,$28.86,22.70,$46.04
KRYS,Krystal Biotech Inc.,0.008,1,,0.67,$351.04,$158.08,122.06,$382.54
BXC,BlueLinx Holdings Inc.,0.008,1,,0.64,$81.09,$44.78,81.09,$93.80
TX,Ternium S.A.,0.008,1,,0.65,$56.77,$31.27,81.55,$58.73
SBSI,Southside Bancshares Inc.,0.008,1,,0.66,$31.40,$25.12,25.00,$35.79
DMAC,DiaMedica Therapeutics Inc.,0.008,1,,0.68,$7.70,$5.25,46.67,$10.42
AGO,Assured Guaranty Ltd.,0.008,1,,0.63,$70.92,$69.96,1.37,$91.07
KRSP,Rice Acquisition Corp 3 A,0.008,1,,0.67,$10.55,$10.21,3.33,$11.89
HKHGF,Hongkong Land Holdings Ltd,0.008,1,,0.63,$8.51,$5.51,54.45,$8.55
NWG,NatWest Group Plc,0.008,1,,0.67,$18.61,$12.79,45.50,$19.21
ZD,Ziff Davis Inc.,0.008,1,,0.63,$57.20,$22.45,154.79,$60.48
IPGP,IPG Photonics Corp.,0.008,1,,0.65,$78.35,$69.41,12.88,$155.82
D,Dominion Energy Inc.,0.008,1,,0.65,$62.60,$54.17,15.56,$72.26
MMS,MAXIMUS Inc.,0.008,1,,0.64,$55.61,$52.42,6.09,$98.42
CLX,Clorox Co.,0.007,5,$95.44,0.24,$87.02,$83.09,4.73,$125.83
VTV,Vanguard Value ETF,0.007,3,$217.93,0.60,$221.79,$179.98,23.23,$228.57
BTI,British American Tobacco plc,0.007,3,$61.76,0.37,$55.84,$47.79,16.84,$66.38
TDY,Teledyne Technologies,0.007,3,$666.90,0.56,$612.45,$483.02,26.80,$697.67
MTD,Mettler-Toledo International Inc.,0.007,2,$1277.67,0.32,$1494.39,$1023.05,46.07,$1525.17
EQNR,Equinor ASA,0.007,2,$31.40,0.57,$41.90,$21.54,94.52,$45.84
ING,ING Group NV,0.007,2,$31.38,0.58,$36.44,$22.49,62.03,$37.52
BAH,Booz Allen Hamilton Hldg Corp.,0.007,2,$60.67,0.56,$76.23,$59.05,29.09,$106.66
TNC,Tennant Co.,0.007,2,$87.54,0.55,$67.09,$59.62,12.53,$91.52
AXSM,Axsome Therapeutics Inc.,0.007,2,$244.77,0.54,$204.39,$114.91,77.87,$260.19
SRTA,Strata Critical Medical Inc.,0.007,2,$5.27,0.58,$5.43,$3.95,37.47,$6.50
EPAM,EPAM Systems Inc.,0.007,1,,0.54,$111.86,$73.06,53.11,$222.53
EXPD,Expeditors Int'l,0.007,1,,0.54,$186.22,$111.78,66.60,$194.59
WVE,Wave Life Sciences Ltd.,0.007,1,,0.54,$4.39,$4.27,2.81,$21.73
AS,Amer Sports Inc,0.007,1,,0.57,$27.64,$26.10,5.90,$42.76
ANDG,Andersen Group Inc A,0.007,1,,0.61,$52.87,$18.12,191.78,$57.62
RAL,Ralliant Corp.,0.007,1,,0.54,$69.43,$37.17,86.79,$75.35
VYX,NCR Voyix Corp.,0.007,1,,0.56,$7.32,$6.02,21.59,$13.50
QMCO,Quantum Corp.,0.007,1,,0.59,$25.33,$4.19,504.53,$27.80
MMSI,Merit Medical Systems Inc.,0.007,1,,0.61,$87.17,$59.74,45.92,$94.75
TMUS,T-Mobile US Inc.,0.007,1,,0.56,$161.88,$161.88,0.00,$237.36
FSLR,First Solar Inc.,0.007,1,,0.57,$200.13,$182.99,9.37,$320.95
PAYP,Paypay Corp,0.007,1,,0.55,$17.05,$12.07,41.26,$24.89
GCMG,Gcm Grosvenor Inc Class A,0.007,1,,0.54,$13.21,$9.12,44.85,$14.74
BLTE,Belite Bio Inc ADR,0.007,1,,0.55,$174.67,$68.21,156.08,$200.00
WLTH,Wealthfront Corp,0.007,1,,0.57,$9.87,$7.20,37.08,$14.88
UL,Unilever PLC,0.006,5,$60.12,0.22,$62.96,$53.97,16.66,$73.09
TIGO,Millicom Intl Cellular S.a.,0.006,3,$90.76,0.39,$94.15,$42.68,120.60,$107.13
RNR,RenaissanceRe Holdings Ltd.,0.006,3,$316.90,0.32,$328.08,$229.91,42.70,$339.82
PBR.A,Petroleo Brasil Sp Pref ADR,0.006,2,$14.64,0.49,$18.94,$10.25,84.78,$19.70
PUK,Prudential Plc ADR,0.006,2,$26.81,0.49,$25.83,$24.45,5.64,$33.36
VLTO,Veralto Corp.,0.006,2,$88.68,0.48,$95.83,$79.91,19.92,$107.44
QRVO,Qorvo Inc.,0.006,2,$93.27,0.51,$117.72,$74.92,57.13,$120.76
CX,Cemex,0.006,2,$12.00,0.50,$10.20,$8.65,17.92,$13.60
CYD,China Yuchai Intl Ltd.,0.006,2,$47.42,0.51,$35.00,$28.09,24.60,$60.28
HWKN,Hawkins Inc.,0.006,2,$142.10,0.45,$126.10,$116.05,8.66,$185.12
BEKE,KE Holdings Inc.,0.006,2,$14.53,0.38,$16.39,$13.81,18.68,$20.27
KFY,Korn Ferry,0.006,2,$66.58,0.30,$75.85,$57.98,30.82,$87.51
GLOB,Globant S.A.,0.006,2,$28.94,0.33,$35.35,$27.56,28.27,$72.10
DTE,DTE Energy Co.,0.006,1,,0.53,$125.90,$123.13,2.25,$154.33
ZTO,ZTO Express,0.006,1,,0.48,$19.81,$17.83,11.10,$25.97
NGG,National Grid Plc Sp ADR,0.006,1,,0.53,$77.06,$67.27,14.55,$92.22
CART,Maplebear Inc,0.006,1,,0.51,$44.08,$32.73,34.68,$52.68
WEX,WEX Inc.,0.006,1,,0.47,$181.96,$125.29,45.23,$203.99
FND,Floor & Decor Holdings,0.006,1,,0.46,$48.69,$42.64,14.19,$86.99
NBIX,Neurocrine Biosciences Inc.,0.006,1,,0.49,$142.90,$122.14,17.00,$186.12
SNN,Smith & Nephew plc,0.006,1,,0.49,$27.50,$27.23,0.99,$36.95
MBC,Masterbrand Inc,0.006,1,,0.46,$7.30,$6.27,16.43,$13.96
AIT,Applied Industrial Tech.,0.006,1,,0.53,$328.08,$236.75,38.58,$374.27
PPL,PPL Corp.,0.006,1,,0.49,$32.94,$32.39,1.70,$39.46
BCE,BCE Inc.,0.006,1,,0.51,$21.82,$20.59,5.97,$25.77
IT,Gartner Inc.,0.006,1,,0.49,$179.81,$124.25,44.72,$265.85
AGL,Agilon Health Inc,0.006,1,,0.46,$88.03,$7.48,1076.87,$133.04
DINT,Davis Select International,0.006,1,,0.48,$29.00,$25.77,12.53,$30.75
TWFG,Twfg Inc,0.006,1,,0.53,$24.54,$16.56,48.19,$31.30
CRAI,CRA International Inc.,0.006,1,,0.47,$159.41,$131.23,21.47,$224.94
THG,Hanover Insurance Group,0.006,1,,0.46,$220.10,$163.54,34.58,$235.06
T,AT&T Inc.,0.005,3,$20.70,0.40,$25.03,$19.63,27.51,$28.75
BIL,SPDR Bloomberg 1 3 Month T B,0.005,3,$91.64,0.27,$91.58,$88.33,3.68,$91.58
LPX,Louisiana-Pacific Corp.,0.005,3,$78.66,0.21,$67.39,$64.49,4.50,$99.15
DCI,Donaldson Co.,0.005,3,$89.77,0.38,$86.18,$78.40,9.92,$112.05
EMR,Emerson Electric,0.005,3,$143.16,0.26,$154.65,$121.73,27.04,$165.79
ARCO,Arcos Dorados Holdings Inc.,0.005,3,$8.06,0.26,$7.63,$6.32,20.73,$9.58
FRFHF,Fairfax Financial Holdings Ltd.,0.005,2,$1644.34,0.26,$1606.71,$1500.00,7.11,$1933.22
HALO,Halozyme Therapeutics,0.005,2,$78.26,0.45,$114.30,$61.23,86.67,$114.30
IDA,IDACORP Inc. Hldg. Co.,0.005,2,$151.30,0.43,$130.71,$121.82,7.30,$153.97
EQPT,Equipmentshare.com Inc A,0.005,2,$19.66,0.38,$18.60,$15.71,18.40,$35.50
BWXT,BWX Technologies Inc.,0.005,2,$194.65,0.37,$145.10,$144.33,0.53,$241.12
DWLD,Davis Select Worldwide ETF,0.005,1,,0.38,$46.10,$42.44,8.62,$49.48
DFNL,Davis Select Financial ETF,0.005,1,,0.45,$49.56,$42.56,16.45,$53.09
SARO,Standardaero Inc,0.005,1,,0.41,$22.82,$22.29,2.38,$34.48
MEOH,Methanex Corp.,0.005,1,,0.43,$57.96,$31.54,83.77,$66.34
SGRY,Surgery Partners Inc.,0.005,1,,0.38,$15.59,$11.41,36.63,$23.44
PRG,PROG Holdings Inc.,0.005,1,,0.40,$34.10,$25.48,33.83,$47.57
TAL,TAL Education Group,0.005,1,,0.43,$11.94,$8.88,34.46,$13.37
AQN,Algonquin Power & Utilities,0.005,1,,0.39,$5.22,$5.13,1.75,$6.95
CNO,CNO Financial Group Inc.,0.005,1,,0.37,$54.41,$37.63,44.59,$57.40
SMPL,Simply Good Foods Co.,0.005,1,,0.42,$10.05,$9.75,3.08,$26.97
SION,Sionna Therapeutics Inc,0.005,1,,0.40,$6.11,$4.01,52.37,$54.97
FRPH,FRP Holdings Inc.,0.005,1,,0.43,$21.39,$20.53,4.19,$25.74
QURE,uniQure NV,0.005,1,,0.38,$44.98,$8.73,415.23,$71.50
SMIN,Ishares Msci India Small Cap,0.005,1,,0.42,$70.92,$57.78,22.74,$74.41
SOPH,Sophia Genetics SA,0.005,1,,0.42,$8.09,$3.15,156.83,$8.98
WHR,Whirlpool Corp.,0.005,1,,0.38,$33.63,$31.95,5.26,$93.59
ORKA,Oruka Therapeutics Inc,0.005,1,,0.41,$94.21,$14.89,532.71,$115.52
SNDX,Syndax Pharmaceuticals Inc.,0.005,1,,0.43,$18.15,$12.99,39.72,$25.59
SUN,Sunoco Inc.,0.005,1,,0.43,$73.10,$45.10,62.08,$80.22
LKFT,Lakefront Biotherapeutics,0.005,1,,0.37,$30.23,$25.68,17.72,$37.78
PKG,Packaging Corp. of America,0.005,1,,0.45,$238.81,$186.77,27.86,$258.31
WK,Workiva Inc.,0.005,1,,0.37,$70.51,$43.34,62.69,$97.10
KGS,Kodiak Gas Services Inc,0.005,1,,0.39,$55.11,$31.78,73.41,$77.10
MLCO,Melco Resorts & Entertainment,0.005,1,,0.44,$4.78,$4.56,4.82,$9.90
HAL,Halliburton Co.,0.005,1,,0.39,$32.97,$21.03,56.78,$43.20
HDB,HDFC Bank Ltd.,0.004,5,$25.83,0.12,$23.48,$21.77,7.85,$36.79
VTI,Vanguard Total Stock Mkt ETF,0.004,5,$370.00,0.19,$381.64,$309.51,23.30,$385.12
CCK,Crown Holdings,0.004,4,$111.82,0.19,$110.18,$88.12,25.03,$122.91
ONB,Old National Bancorp,0.004,3,$25.90,0.22,$25.11,$18.93,32.65,$27.21
LBRDA-OLD,Liberty Broadband Corp. CL A,0.004,3,$33.28,0.29,$35.98,$26.14,37.64,$65.40
HPE,Hewlett Packard Enterprise,0.004,3,$45.11,0.34,$61.30,$19.57,213.23,$63.90
SMFG,Sumitomo Mitsui Spons ADR,0.004,2,$23.58,0.36,$26.20,$15.18,72.60,$27.62
HLI,Houlihan Lokey Inc.,0.004,2,$134.13,0.33,$131.70,$112.24,17.34,$208.14
MDY,SPDR S&P Midcap 400 ETF Trst,0.004,2,$703.33,0.34,$671.55,$563.38,19.20,$717.35
AFL,AFLAC Inc.,0.004,2,$117.24,0.28,$114.50,$103.27,10.87,$129.57
COO,Cooper Cos Inc,0.004,2,$71.72,0.25,$55.16,$51.01,8.14,$89.83
VIST,"Vista Oil & Gas, S.A.B. de C.V.",0.004,2,$63.80,0.35,$69.39,$33.37,107.94,$81.44
UHAL,U-Haul Holding Co.,0.004,2,$65.44,0.26,$62.75,$41.95,49.58,$76.45
FCN,FTI Consulting Inc.,0.004,1,,0.30,$134.98,$134.98,0.00,$189.30
PAGS,PagSeguro Digital Ltd.,0.004,1,,0.31,$9.30,$8.00,16.25,$11.68
GLPI,Gaming and Leisure Properties Inc.,0.004,1,,0.32,$39.89,$39.02,2.23,$47.34
ALNY,Alnylam Pharmaceuticals,0.004,1,,0.31,$254.37,$197.81,28.59,$495.55
COYA,Coya Therapeutics Inc,0.004,1,,0.35,$5.27,$3.71,42.05,$7.75
ZM,Zoom Video Communications Inc.,0.004,1,,0.32,$90.90,$70.70,28.57,$114.74
PCAR,PACCAR Inc.,0.004,1,,0.35,$113.23,$90.03,25.77,$138.87
PIPR,Piper Sandler Companies,0.004,1,,0.36,$73.19,$68.34,7.10,$92.80
CCU,Compania Cervecerias Unidas SA,0.004,1,,0.30,$11.27,$10.56,6.72,$15.15
TCHP,T Rowe Price Blue Chip Growth ETF,0.004,1,,0.31,$51.89,$42.26,22.79,$53.26
SDGR,SCHRODINGER Inc.,0.004,1,,0.33,$30.88,$10.95,182.01,$31.25
MINE,Mayfair Gold Corp,0.004,1,,0.29,$2.90,$2.16,34.26,$4.88
INBX,Inhibrx,0.004,1,,0.30,$111.15,$26.20,324.24,$155.29
BTSG,Brightspring Health Services,0.004,1,,0.32,$56.81,$26.28,116.17,$73.75
SLQT,Selectquote Inc.,0.004,1,,0.32,$0.45,$0.45,0.00,$2.22
AGI,Alamos Gold Inc.,0.004,1,,0.31,$36.12,$27.02,33.68,$55.24
INDA,iShares MSCI India ETF,0.004,1,,0.34,$48.29,$45.21,6.81,$55.50
PRDO,Perdoceo Education Corp.,0.004,1,,0.30,$31.54,$26.14,20.66,$38.13
ATKR,Atkore International Group Inc.,0.004,1,,0.30,$94.50,$53.32,77.23,$94.63
XEL,Xcel Energy Inc.,0.004,1,,0.29,$72.02,$69.63,3.43,$82.56
PHVS,Pharvaris NV,0.004,1,,0.36,$35.05,$20.65,69.73,$43.25
SFM,Sprouts Farmers Market Inc.,0.004,1,,0.35,$68.13,$64.75,5.22,$122.34
EVLV,Evolv Technologies Holdings,0.004,1,,0.34,$4.87,$4.82,1.04,$8.81
GNE,Genie Energy Ltd.,0.004,1,,0.35,$16.18,$12.56,28.82,$16.55
JGRW,Jensen Quality Growth ETF,0.004,1,,0.36,$27.60,$23.56,17.15,$28.96
SWIM,Latham Group Inc,0.004,1,,0.32,$6.58,$4.64,41.81,$8.97
VUG,Vanguard Growth ETF,0.003,6,$86.16,0.13,$91.22,$69.56,31.14,$91.27
SPY,SPDR S&P 500 ETF Trust,0.003,6,$746.85,0.06,$774.19,$627.66,23.35,$779.37
RSP,Invesco S&P 500 Equal Weight,0.003,4,$212.87,0.22,$212.88,$179.92,18.32,$223.44
SNPS,Synopsys Inc.,0.003,4,$446.14,0.16,$410.22,$362.55,13.15,$539.48
VWO,Vanguard FTSE Emerging Marke,0.003,4,$59.69,0.22,$61.08,$51.24,19.20,$61.42
VIG,Vanguard Dividend Apprec ETF,0.003,3,$236.65,0.21,$238.20,$209.12,13.91,$247.45
IWM,iShares Russell 2000 ETF,0.003,3,$300.49,0.25,$287.48,$226.60,26.87,$304.38
ALL,Allstate Corp.,0.003,3,$237.94,0.28,$229.85,$184.51,24.57,$276.07
BC,Brunswick Corp.,0.003,2,$84.24,0.21,$66.50,$57.26,16.14,$88.81
COLB,Columbia Banking System Inc.,0.003,2,$32.05,0.20,$29.53,$22.66,30.32,$33.27
VO,Vanguard Mid Cap ETF,0.003,2,$80.57,0.25,$80.59,$68.69,17.32,$84.59
ASB,Associated Banc-Corp,0.003,2,$30.77,0.18,$29.14,$23.04,26.48,$32.21
SEIC,SEI Investments,0.003,2,$87.74,0.12,$103.23,$74.64,38.30,$112.15
ALSN,Allison Transmission Holdings,0.003,2,$112.75,0.19,$115.36,$75.21,53.38,$136.97
AYI,Acuity Brands Inc.,0.003,2,$376.66,0.25,$312.38,$256.71,21.69,$379.43
CNXC,Concentrix Corp.,0.003,2,$22.41,0.22,$29.93,$18.81,59.12,$55.22
THO,Thor Industries,0.003,2,$75.17,0.15,$73.30,$67.31,8.90,$121.16
HAFN,Hafnia Ltd,0.003,2,$6.62,0.21,$9.25,$4.60,101.09,$10.12
BSY,Bentley Systems Inc Class B,0.003,1,,0.27,$31.99,$28.08,13.92,$56.94
VSTM,Verastem Inc.,0.003,1,,0.27,$8.37,$3.43,144.02,$10.82
FBAK,First National Bank Alaska,0.003,1,,0.25,$202.54,$165.01,22.74,$211.60
PS,Pershing Square Inc.,0.003,1,,0.24,$51.10,$21.93,133.01,$54.75
JKHY,Jack Henry & Associates Inc.,0.003,1,,0.26,$149.20,$120.60,23.71,$191.13
GIII,G-III Apparel Group,0.003,1,,0.22,$28.09,$24.36,15.31,$37.40
LEGH,Legacy Housing Corp.,0.003,1,,0.24,$28.70,$18.29,56.92,$31.34
LBRT,Liberty Oilfield Services Inc.,0.003,1,,0.21,$17.97,$10.52,70.82,$34.23
BMM,Blue Moon Metals Inc,0.003,1,,0.28,$5.75,$3.47,65.71,$8.63
NTB,Bank of N.T. Butterfield & Son Ltd,0.003,1,,0.26,$58.80,$39.10,50.38,$64.17
SMRT,SmartRent Inc.,0.003,1,,0.24,$1.20,$0.91,31.87,$2.20
GLDM,SPDR Gold Minishares Trust,0.003,1,,0.22,$86.19,$72.35,19.13,$109.74
OVV,Ovintiv Inc.,0.003,1,,0.21,$59.25,$34.67,70.90,$67.41
RUSHB,Rush Enterprises Inc. - CL B,0.003,1,,0.21,$54.10,$31.53,71.58,$57.38
CGAU,Centerra Gold Inc,0.003,1,,0.22,$23.51,$9.14,157.22,$24.52
L,Loews Corp.,0.003,1,,0.27,$106.42,$95.95,10.91,$120.94
RCL,Royal Caribbean Cruises Ltd.,0.003,1,,0.21,$232.50,$229.54,1.29,$350.59
PLOW,Douglas Dynamics,0.003,1,,0.22,$40.24,$27.69,45.32,$54.60
HGTY,Hagerty Inc.,0.003,1,,0.27,$13.51,$9.36,44.34,$14.17
OGC,Oceanagold Corp,0.003,1,,0.25,$28.96,$19.24,50.52,$42.96
LESL,Leslie's Inc.,0.003,1,,0.24,$0.43,$0.41,4.88,$12.53
MO,Altria Group Inc.,0.002,5,$71.95,0.12,$68.79,$52.17,31.86,$75.85
IWD,Ishares Russell 1000 Value E,0.002,4,$244.40,0.12,$252.98,$196.35,28.84,$259.24
NUE,Nucor Corp.,0.002,3,$222.78,0.14,$245.28,$130.11,88.52,$280.11
OEC,Orion SA,0.002,3,$6.63,0.09,$6.14,$4.28,43.46,$8.61
AIR,AAR Corp.,0.002,3,$142.94,0.11,$117.87,$74.25,58.75,$154.00
AEBI,Aebi Schmidt Holding Ag,0.002,3,$12.55,0.16,$12.03,$8.87,35.63,$15.87
AMT,American Tower Corp.,0.002,3,$163.57,0.09,$175.30,$160.06,9.52,$194.23
APLD,Applied Digital Corp,0.002,3,$37.30,0.14,$28.73,$19.01,51.13,$50.73
ACWI,iShares MSCI ACWI ETF,0.002,3,$156.97,0.16,$162.19,$132.79,22.14,$162.80
SNA,Snap-On Inc.,0.002,2,$402.37,0.12,$371.82,$312.34,19.04,$420.41
PAAS,Pan American Silver Corp.,0.002,2,$44.79,0.18,$50.85,$32.65,55.74,$69.34
HLT,Hilton Worldwide Holdings,0.002,2,$330.48,0.12,$309.17,$253.04,22.18,$357.84
HUN,Huntsman Corp.,0.002,2,$10.62,0.16,$9.07,$7.08,28.11,$15.93
SMHI,SEACOR Marine Holdings Inc.,0.002,2,$7.65,0.18,$9.09,$5.55,63.78,$10.00
TD,Toronto-Dominion Bank,0.002,2,$121.55,0.13,$122.80,$74.81,64.15,$125.47
CECO,CECO Environmental Corp.,0.002,2,$90.74,0.11,$73.73,$42.82,72.19,$101.24
PLXS,Plexus Corp.,0.002,2,$300.67,0.11,$262.10,$132.03,98.52,$307.06
ERO,Ero Copper Corp,0.002,2,$26.74,0.19,$37.24,$16.63,123.93,$40.83
RF,Regions Financial Corp.,0.002,2,$30.20,0.16,$28.01,$21.82,28.37,$32.14
IBN,ICICI Bank Ltd.,0.002,2,$29.03,0.14,$28.06,$24.87,12.83,$32.76
FIX,Comfort Systems USA Inc.,0.002,2,$1981.92,0.20,$1623.07,$755.45,114.85,$2072.10
HONA,Honeywell Aerospace Inc,0.002,2,$221.08,0.20,$167.95,$149.19,12.57,$266.62
IWN,Ishares Russell 2000 Value E,0.002,2,$221.16,0.17,$217.13,$166.05,30.76,$226.94
LPG,Dorian LPG Ltd,0.002,2,$34.79,0.11,$54.14,$22.18,144.09,$59.97
NUVB,Nuvation Bio Inc.,0.002,2,$5.68,0.13,$6.10,$2.99,104.01,$9.75
MANH,Manhattan Associates,0.002,2,$139.25,0.18,$205.65,$119.06,72.73,$227.03
VALE,Vale SA,0.002,2,$15.04,0.19,$14.19,$9.94,42.76,$17.45
MX,MagnaChip Semiconductor Corp.,0.002,2,$4.73,0.19,$3.14,$2.18,44.04,$9.86
VREX,Varex Imaging Corp.,0.002,2,$10.43,0.13,$18.49,$9.09,103.41,$18.63
MTDR,Matador Resources Co.,0.002,2,$49.79,0.14,$52.62,$35.98,46.25,$65.88
BULL,Webull Corp,0.002,1,,0.18,$8.14,$4.50,80.89,$16.04
HXL,Hexcel Corp.,0.002,1,,0.14,$85.99,$59.77,43.87,$111.54
GT,Goodyear Tire & Rubber,0.002,1,,0.13,$5.51,$5.04,9.33,$10.62
MOAT,Vaneck Morningstar Wide Moat,0.002,1,,0.14,$109.04,$94.07,15.91,$115.58
WB,Weibo Corp.,0.002,1,,0.18,$6.73,$6.47,4.02,$12.11
NSSC,Napco Security Technologies Inc.,0.002,1,,0.17,$35.69,$33.75,5.75,$51.52
HR,Healthcare Realty Trust Inc.,0.002,1,,0.13,$18.25,$15.71,16.17,$21.77
IVVD,Invivyd Inc.,0.002,1,,0.15,$0.95,$0.53,79.25,$3.07
EVTC,EVERTEC Inc.,0.002,1,,0.19,$28.23,$21.73,29.91,$34.51
DOCN,DigitalOcean Holdings Inc.,0.002,1,,0.14,$146.58,$33.69,335.08,$187.50
XLE,Energy Select Sector SPDR,0.002,1,,0.15,$62.03,$41.42,49.76,$66.17
LILA,Liberty LiLAC Group A,0.002,1,,0.17,$8.78,$4.73,85.62,$8.95
GDXJ,Vaneck Junior Gold Miners,0.002,1,,0.20,$127.35,$85.38,49.16,$157.49
VSS,Vanguard FTSE All Wo X Us Sc,0.002,1,,0.14,$159.74,$132.47,20.59,$162.15
RERE,AiHuiShou International Co. Ltd. ADS,0.002,1,,0.16,$4.02,$3.50,14.86,$6.32
WU,Western Union Co.,0.002,1,,0.16,$6.24,$6.05,3.14,$9.44
BNTX,Biontech Se ADR,0.002,1,,0.18,$101.60,$79.52,27.77,$124.00
FSM,Fortuna Mining Corp.,0.002,1,,0.19,$12.18,$7.69,58.39,$13.85
WSFS,WSFS Financial Corp.,0.002,1,,0.20,$77.45,$49.37,56.88,$82.74
SEDG,SolarEdge Technologies Inc.,0.002,1,,0.18,$36.05,$28.21,27.79,$81.25
NTNX,Nutanix Inc.,0.002,1,,0.20,$69.91,$34.01,105.56,$79.56
HTLD,Heartland Express,0.002,1,,0.16,$11.82,$6.96,69.83,$16.61
CLFD,Clearfield Inc.,0.002,1,,0.14,$31.94,$23.76,34.43,$52.73
MSM,MSC Industrial Direct,0.002,1,,0.13,$122.13,$76.68,59.27,$130.46
ADNT,Adient plc,0.002,1,,0.20,$18.34,$17.45,5.10,$27.32
BRKR,Bruker Corp.,0.002,1,,0.15,$61.41,$29.96,104.97,$65.25
AMTM,Amentum Holdings Inc.,0.002,1,,0.17,$19.91,$19.21,3.64,$38.11
WGO,Winnebago Industries Inc.,0.002,1,,0.16,$28.10,$26.27,6.97,$48.44
GENI,Genius Sports Ltd,0.002,1,,0.16,$6.16,$3.83,60.84,$13.69
PSLV,Sprott Physical Silver Trust,0.002,1,,0.15,$21.85,$14.29,52.90,$38.13
HTZ,Hertz Global Hldgs Inc.,0.002,1,,0.17,$1.88,$1.45,29.66,$8.18
KOP,Koppers Holdings Inc.,0.002,1,,0.14,$46.21,$24.77,86.56,$52.90
SHOE,Shoe Carnival Inc.,0.002,1,,0.13,$13.36,$10.20,30.98,$22.24
MMI,Marcus & Millichap Inc.,0.002,1,,0.20,$30.86,$24.00,28.58,$33.28
PFG,Principal Financial Group,0.002,1,,0.13,$113.67,$75.30,50.96,$121.18
ORIC,ORIC Pharmaceuticals Inc.,0.002,1,,0.16,$13.28,$7.23,83.68,$14.93
MORN,Morningstar Inc.,0.002,1,,0.15,$197.90,$141.06,40.29,$236.35
NOG,Northern Oil and Gas Inc.,0.002,1,,0.16,$23.18,$17.18,34.92,$29.99
SLV,iShares Silver Trust,0.002,1,,0.19,$60.51,$38.19,58.44,$109.83
SABR,Sabre Corp.,0.002,1,,0.14,$2.24,$0.81,176.54,$2.50
LAB,Standard Biotools Inc,0.002,1,,0.14,$0.75,$0.63,19.05,$1.72
BUDFF,Anheuser Busch Inbev SA NV,0.002,1,,0.16,$78.46,$57.71,35.96,$86.78
MBUU,Malibu Boats Inc.,0.002,1,,0.14,$23.94,$22.93,4.40,$34.97
TRP,TC Energy,0.002,1,,0.17,$59.75,$47.80,25.00,$70.90
SPRY,Ars Pharmaceuticals Inc,0.002,1,,0.18,$4.49,$4.10,9.51,$13.15
SCSC,ScanSource Inc.,0.002,1,,0.17,$58.40,$33.76,72.99,$66.78
RCI,Rogers Communications Inc.,0.002,1,,0.18,$33.36,$31.08,7.34,$39.99
TRMLF,Tourmaline Oil Corp,0.002,1,,0.18,$43.45,$40.44,7.44,$50.38
IDCC,InterDigital Inc.,0.002,1,,0.13,$333.40,$248.51,34.16,$409.73
CNP,CenterPoint Energy,0.002,1,,0.20,$37.87,$36.59,3.50,$44.99
FNDF,Schwab Fndmn Intl Lrg Co ETF,0.002,1,,0.15,$55.37,$40.86,35.51,$56.48
EMBC,Embecta Corp,0.002,1,,0.17,$5.60,$2.76,102.90,$14.69
DMRA,Damora Therapeutics Inc.,0.002,1,,0.17,$22.36,$2.77,707.22,$38.33
NOK,Nokia Corp.,0.002,1,,0.20,$10.82,$4.54,138.33,$17.36
BTE,Baytex Energy Corp.,0.002,1,,0.14,$4.61,$2.15,114.42,$5.32
ZIM,Zim Integrated Shipping Serv,0.002,1,,0.20,$30.58,$11.75,160.26,$30.69
AEG,Aegon Ltd,0.002,1,,0.20,$8.96,$6.39,40.22,$9.35
VT,Vanguard Tot World Stk ETF,0.001,4,$156.95,0.07,$161.27,$132.28,21.92,$162.29
HRI,HERC Holdings Inc.,0.001,3,$143.35,0.04,$144.93,$87.56,65.52,$185.59
CAH,Cardinal Health Inc.,0.001,3,$237.56,0.09,$222.35,$144.37,54.01,$258.30
XLK,Technology Select Sect SPDR,0.001,3,$190.45,0.04,$196.16,$126.53,55.03,$198.49
APA,APA Corp.,0.001,3,$32.57,0.06,$42.69,$21.13,102.04,$47.44
CW,Curtiss-Wright Corp.,0.001,3,$758.31,0.05,$552.12,$501.21,10.16,$808.16
QQQ,Invesco Qqq Trust Series 1,0.001,3,$736.46,0.09,$746.82,$554.99,34.56,$747.83
OTIS,Otis Worldwide Corp.,0.001,3,$71.61,0.07,$67.90,$67.25,0.97,$93.43
VECO,Veeco Instruments,0.001,3,$75.80,0.06,$44.19,$26.00,69.96,$86.63
MPC,Marathon Petroleum Corp.,0.001,3,$255.59,0.08,$393.25,$160.07,145.67,$428.00
JBTM,JBT Marel Corp.,0.001,3,$144.99,0.09,$114.04,$109.22,4.41,$169.81
AEIS,Advanced Energy Industries,0.001,3,$372.88,0.06,$272.76,$162.89,67.45,$397.18
SIMO,Silicon Motion Technol ADR,0.001,2,$333.35,0.07,$286.04,$79.13,261.48,$354.28
UCTT,Ultra Clean Holdings Inc.,0.001,2,$142.59,0.08,$75.50,$21.49,251.33,$144.22
VPG,Vishay Precision Group,0.001,2,$149.92,0.04,$69.14,$29.08,137.76,$151.78
RXO,Rxo Inc,0.001,2,$27.60,0.06,$19.59,$10.43,87.82,$29.90
CM,Can Imperial Bk Of Commerce,0.001,2,$115.10,0.10,$114.93,$76.97,49.32,$124.86
SITM,SiTime Corp.,0.001,2,$745.53,0.04,$629.72,$243.68,158.42,$901.81
HOFT,Hooker Furniture Corp.,0.001,2,$17.83,0.08,$13.33,$8.31,60.41,$17.94
WBS-OLD,Webster Financial Corp.,0.001,2,$76.34,0.05,$77.78,$51.49,51.06,$79.40
LASR,nLight Inc.,0.001,2,$69.62,0.08,$41.00,$27.79,47.54,$86.95
DLO,DLocal Ltd,0.001,2,$13.00,0.05,$14.23,$10.46,36.04,$16.50
GLBAV-OLD,GCI Liberty Inc. Series A,0.001,2,$21.90,0.08,,,,
TALO,Talos Energy Inc.,0.001,2,$12.91,0.05,$16.27,$8.87,83.43,$18.73
LTH,Life Time Group Holdings Inc,0.001,2,$40.84,0.06,$37.62,$24.14,55.84,$47.24
LEVI,Levi Strauss & Co.,0.001,2,$24.83,0.08,$20.10,$17.50,14.86,$25.70
RKLB,Rocket Lab Corp.,0.001,2,$101.58,0.07,$72.11,$37.57,91.94,$151.00
JOYY,JOYY Inc.,0.001,2,$65.99,0.08,$80.38,$51.36,56.50,$80.90
ZGN,Ermenegildo Zegna Nv,0.001,2,$13.02,0.04,$12.59,$8.55,47.25,$15.95
ONTO,Onto Innovation Inc.,0.001,2,$378.43,0.05,$282.39,$118.97,137.36,$386.46
BTG,B2Gold Corp.,0.001,2,$3.75,0.06,$5.60,$3.56,57.30,$6.21
GHM,Graham Corp.,0.001,2,$123.78,0.04,$87.44,$49.19,77.76,$125.82
WMG,Warner Music Group Corp. CL A,0.001,2,$27.07,0.06,$27.44,$23.04,19.10,$34.97
VICR,Vicor Corp.,0.001,2,$379.84,0.05,$266.15,$47.56,459.61,$382.65
DPZ,Dominos Pizza Inc.,0.001,2,$295.99,0.08,$297.22,$280.27,6.05,$434.73
FTK,Flotek Industries Inc.,0.001,2,$23.52,0.04,$30.67,$12.60,143.41,$39.67
CLS,Celestica Inc,0.001,2,$364.81,0.08,$357.40,$227.00,57.44,$474.03
ROST,Ross Stores Inc.,0.001,2,$212.84,0.09,$232.52,$142.52,63.15,$256.50
MAMA,Mama's Creations Inc,0.001,2,$17.85,0.04,$13.83,$9.90,39.70,$21.00
BWA,BorgWarner Inc.,0.001,2,$66.40,0.04,$60.98,$40.02,52.37,$78.61
JHX,James Hardie Industries PLC,0.001,2,$26.18,0.06,$27.27,$16.46,65.67,$31.43
BKH,Black Hills,0.001,2,$74.40,0.07,$72.61,$56.13,29.36,$77.21
EQIX,Equinix Inc.,0.001,2,$1042.41,0.09,$1063.85,$709.79,49.88,$1118.65
BSM,Black Stone Minerals L.P.,0.001,2,$13.97,0.09,$14.77,$11.29,30.82,$15.20
FFIV,F5 Networks,0.001,2,$415.93,0.08,$451.18,$223.76,101.64,$451.59
MRVI,Maravai LifeSciences Holdings Inc.,0.001,2,$6.24,0.07,$7.33,$2.55,187.45,$9.42
ASTE,Astec Industries,0.001,2,$61.20,0.03,$42.20,$39.99,5.53,$65.33
AMN,AMN Healthcare Services,0.001,2,$32.36,0.09,$34.53,$14.97,130.66,$37.22
FTI,TechnipFMC plc,0.001,2,$66.26,0.05,$71.17,$35.18,102.30,$80.70
HL,Hecla Mining Co.,0.001,2,$15.41,0.06,$19.08,$10.65,79.15,$34.15
ATRO,Astronics Corp.,0.001,2,$81.26,0.03,$69.85,$40.89,70.82,$99.89
SHG,Shinhan Financial Group Company,0.001,2,$63.25,0.12,$82.52,$47.05,75.39,$85.57
PLTR,Palantir Technologies Inc.,0.001,2,$116.72,0.04,$184.30,$106.37,73.26,$207.52
RDNT,RadNet Inc.,0.001,2,$61.67,0.08,$73.73,$50.82,45.08,$85.84
DOV,Dover Corp.,0.001,2,$224.29,0.05,$186.23,$157.36,18.35,$235.79
HVT,Haverty Furniture,0.001,1,,0.12,$28.61,$18.81,52.10,$29.47
H,Hyatt Hotels Corp.,0.001,1,,0.08,$157.09,$133.71,17.49,$206.69
ASGN,ASGN Inc.,0.001,1,,0.12,,,,
EHC,Encompass Health Corp.,0.001,1,,0.10,$124.28,$92.41,34.49,$127.50
MTRN,Materion Corp.,0.001,1,,0.06,$255.08,$109.25,133.48,$304.40
BELFB,Bel Fuse Inc. CL B,0.001,1,,0.09,$248.60,$129.82,91.50,$335.20
TWST,Twist Bioscience Corp.,0.001,1,,0.05,$167.70,$23.30,619.74,$170.16
FROG,JFrog Ltd,0.001,1,,0.07,$89.23,$34.05,162.06,$105.76
MINN,Mairs & Power Mn Muni Bond,0.001,1,,0.10,$21.12,$21.01,0.52,$22.85
HII,Huntington Ingalls Industries,0.001,1,,0.06,$271.95,$262.40,3.64,$455.90
BWLP,Bw Lpg Ltd,0.001,1,,0.09,$24.54,$10.17,141.30,$26.47
EAF,GrafTech International Ltd.,0.001,1,,0.08,$11.22,$4.92,128.05,$20.32
COHU,Cohu Inc.,0.001,1,,0.07,$63.87,$18.67,242.10,$74.60
HELE,Helen of Troy Ltd.,0.001,1,,0.06,$29.11,$13.85,110.18,$30.68
PATK,Patrick Industries Inc.,0.001,1,,0.08,$70.68,$68.50,3.18,$146.40
IEUR,iShares Core MSCI Europe ETF,0.001,1,,0.08,$75.92,$64.30,18.07,$78.90
FINV,Finvolution Group ADR,0.001,1,,0.12,$3.23,$3.20,0.94,$7.48
SEI,Solaris Energy Infrastructure Inc.,0.001,1,,0.06,$65.08,$35.10,85.41,$86.02
ADMA,ADMA Biologics Inc.,0.001,1,,0.10,$9.70,$7.21,34.54,$20.46
EWT,Ishares Msci Taiwan ETF,0.001,1,,0.05,$114.99,$58.01,98.22,$115.30
VRM,Vroom Inc,0.001,1,,0.11,$9.31,$6.80,36.91,$30.00
DCO,Ducommun Inc.,0.001,1,,0.05,$165.86,$84.76,95.68,$210.39
PEYUF,Peyto Exploration & Development Corp.,0.001,1,,0.08,$17.41,$12.27,41.89,$20.68
NSP,Insperity Inc.,0.001,1,,0.06,$50.33,$18.03,179.15,$55.25
PLAY,Dave & Buster's Ent. Inc.,0.001,1,,0.08,$7.15,$6.45,10.85,$22.10
URA,Global X Uranium ETF,0.001,1,,0.05,$43.77,$37.18,17.72,$62.28
CIFR,Cipher Mining Inc,0.001,1,,0.09,$19.12,$11.01,73.66,$30.14
PDLB,Ponce Financial Group Inc.,0.001,1,,0.05,$20.39,$13.91,46.59,$21.10
TBI,TrueBlue Inc.,0.001,1,,0.06,$9.86,$3.18,210.06,$11.03
CCJ,Cameco Corp.,0.001,1,,0.06,$94.78,$77.49,22.31,$135.24
HTZWW,Hertz Global Hldgs Inc. WTS,0.001,1,,0.09,$0.90,$0.70,28.57,$4.13
EWJ,iShares MSCI Japan ETF,0.001,1,,0.05,$98.69,$74.98,31.62,$98.79
XOP,SPDR S&P Oil & Gas Exploration & Production ETF,0.001,1,,0.09,$182.88,$120.15,52.21,$200.89
ABCB,Ameris Bancorp,0.001,1,,0.05,$83.11,$68.29,21.70,$93.22
BATL,Battalion Oil Corp.,0.001,1,,0.10,$1.11,$1.00,11.00,$29.70
ESGD,Ishares Trust Ishares Esg Aw,0.001,1,,0.05,$105.69,$87.40,20.93,$108.00
VYMI,Vanguard Int High Dvd Yld In,0.001,1,,0.08,$103.91,$79.72,30.34,$106.45
WWD,Woodward Inc.,0.001,1,,0.05,$328.20,$232.45,41.19,$450.52
POWL,Powell Industries,0.001,1,,0.07,$192.01,$92.10,108.48,$327.74
KEY,KeyCorp,0.001,1,,0.11,$20.52,$15.82,29.71,$23.84
ENOV,Enovis Corp.,0.001,1,,0.05,$18.38,$17.30,6.24,$34.28
UVV,Universal Corp.,0.001,1,,0.06,$43.59,$43.33,0.60,$57.51
IESC,IES Holdings Inc.,0.001,1,,0.05,$319.11,$170.07,87.63,$408.26
ABVX,Abivax SA ADR,0.001,1,,0.05,$98.03,$69.81,40.42,$148.83
LINC,Lincoln Educational Services Corp.,0.001,1,,0.05,$24.32,$17.29,40.66,$56.34
SPSM,Ss SPDR P S&P 600 Small Cap,0.001,1,,0.08,$54.39,$43.14,26.08,$58.60
BTAIQ,Bioxcel Therapeutics Inc,0.001,1,,0.05,$0.06,$0.02,200.00,$0.08
CDLX,Cardlytics Inc.,0.001,1,,0.11,$3.67,$3.49,5.16,$32.80
MYE,Myers Indus,0.001,1,,0.08,$31.87,$15.18,109.95,$37.29
REAL,RealReal Inc.,0.001,1,,0.05,$9.84,$8.05,22.24,$17.39
LW,Lamb Weston Hldgs Inc.,0.001,1,,0.12,$46.45,$37.02,25.47,$65.06
GBCI,Glacier Bancorp,0.001,1,,0.05,$44.41,$39.06,13.70,$54.58
CBOE,CBOE Holdings Inc.,0.001,1,,0.08,$265.95,$226.52,17.41,$369.38
OBT,Orange County Bancorp Inc,0.001,1,,0.05,$37.84,$22.74,66.40,$39.91
LYG,Lloyds TSB Grp Plc ADR,0.001,1,,0.07,$5.80,$4.20,38.10,$6.25
INFQ,Infleqtion Inc,0.001,1,,0.08,$14.05,$8.52,64.91,$21.28
BRX,Brixmor Property Group Inc.,0.001,1,,0.06,$27.99,$23.87,17.26,$32.86
WRLC,Windrock Ltd Co,0.001,1,,0.07,,,,
KSA,Ishrs Msci Saudi Arabia ETF,0.001,1,,0.07,$37.33,$35.27,5.84,$40.39
SDY,SPDR S&P Dividend ETF,0.001,1,,0.05,$150.00,$132.64,13.09,$160.29
CEF,Sprott Physical Gold And Sil,0.001,1,,0.05,$44.68,$34.18,30.72,$61.38
SVC,Service Properties Trust,0.001,1,,0.09,$6.76,$5.58,21.15,$14.24
ALT,Altimmune Inc.,0.001,1,,0.06,$3.38,$2.56,32.03,$6.44
DNA,Ginkgo Bioworks Holdings Inc.,0.001,1,,0.10,$9.74,$5.37,81.38,$17.58
AMPX,Amprius Technologies Inc,0.001,1,,0.06,$10.02,$7.71,29.96,$24.23
STGW,Stagwell Inc.,0.001,1,,0.11,$8.50,$4.29,98.14,$9.55
RYCEY,Rolls Royce Holdings Sp ADR,0.001,1,,0.07,$19.41,$13.14,47.72,$21.22
TSCO,Tractor Supply,0.001,1,,0.07,$33.06,$28.17,17.36,$58.73
HUBG,Hub Group 'A',0.001,1,,0.05,$32.00,$31.29,2.27,$52.71
QCRH,QCR Holdings Inc.,0.001,1,,0.08,$100.11,$66.35,50.88,$107.95
MGPI,MGP Ingredients Inc.,0.001,1,,0.11,$13.47,$13.40,0.52,$27.27
SPG,Simon Property Group Inc.,0.001,1,,0.05,$205.90,$164.57,25.11,$235.97
DOCS,Doximity Inc.,0.001,1,,0.10,$26.72,$17.15,55.80,$76.51
CDP,Copt Defense Properties,0.001,1,,0.05,$34.39,$26.26,30.96,$38.90
FPAG,Fpa Global Equity ETF New,0.001,1,,0.07,$41.88,$34.27,22.21,$43.47
LDOS,Leidos Holdings,0.001,1,,0.07,$123.76,$98.54,25.59,$203.41
GWW,W.W. Grainger Inc.,0.001,1,,0.09,$1264.93,$901.22,40.36,$1417.14
MOD,Modine Mfg.,0.001,1,,0.07,$197.08,$111.18,77.26,$323.25
NPO,EnPro Industries,0.001,1,,0.06,$300.73,$201.04,49.59,$389.99
PHIN,PHINIA Inc.,0.001,1,,0.09,$60.82,$49.91,21.86,$86.55
INFY,Infosys Ltd.,0.001,1,,0.06,$10.80,$10.30,4.85,$29.37
SCHB,Schwab Us Broad Market ETF,0.001,1,,0.07,$29.89,$24.22,23.41,$30.15
SPYX,SPDR S&P 500 Fossil Fuel Res,0.001,1,,0.07,$63.47,$51.17,24.04,$63.96
CIB,Grupo Cibest SA ADR,0.001,1,,0.12,$98.26,$48.20,103.86,$105.60
DIA,SPDR Djia Trust,0.001,1,,0.05,$518.43,$448.28,15.65,$546.30
BHE,Benchmark Electronics,0.001,1,,0.06,$81.75,$35.59,129.70,$100.41
ARTV,Artiva Biotherapeutics Inc,0.001,1,,0.07,$8.20,$2.37,245.99,$14.53
CUZ,Cousins Properties,0.001,1,,0.07,$28.96,$20.52,41.13,$32.95
TRVI,Trevi Therapeutics Inc.,0.001,1,,0.08,$15.16,$8.04,88.56,$20.22
ALRS,Alerus Financial Corp.,0.001,1,,0.06,$32.57,$19.80,64.49,$34.40
UVSP,Univest Financial Corp.,0.001,1,,0.11,$42.00,$27.34,53.62,$45.22
RRC,Range Resources Corp.,0.001,1,,0.05,$38.60,$32.44,18.99,$48.07
SONY,Sony Group Corp.,0.001,1,,0.05,$23.40,$19.32,21.12,$30.34
USNA,USANA Health Sciences,0.001,1,,0.08,$14.61,$12.57,16.23,$30.85
DRH,DiamondRock Hospitality Co.,0.001,1,,0.10,$12.40,$7.25,71.03,$13.79
VONG,Vanguard Russell 1000 Growth,0.001,1,,0.12,$130.66,$105.09,24.33,$132.77
FRVO,Fervo Energy Co A,0.001,1,,0.06,$16.70,$14.60,14.38,$42.65
ALGT,Allegiant Travel Company,0.001,1,,0.05,$81.69,$57.11,43.04,$123.63
RCKT,Rocket Pharmaceuticals Inc.,0.001,1,,0.12,$3.37,$2.53,33.20,$5.45
AMBA,Ambarella Inc.,0.001,1,,0.10,$67.53,$48.30,39.81,$96.69
VGK,Vanguard FTSE Europe ETF,0.001,1,,0.06,$89.35,$75.51,18.33,$93.06
GCO,Genesco Inc.,0.001,1,,0.11,$34.82,$21.93,58.78,$43.60
YOU,Clear Secure Inc.,0.001,1,,0.06,$38.52,$28.93,33.15,$68.83
QNT,Quantinuum Inc A,0.001,1,,0.07,$51.39,$46.54,10.42,$86.79
TPC,Tutor Perini Corp.,0.001,1,,0.05,$85.27,$57.70,47.78,$102.20
NNBR,NN Inc.,0.001,1,,0.05,$3.38,$1.10,207.27,$4.48
PSA,Public Storage,0.001,1,,0.05,$290.10,$249.06,16.48,$332.14
ENB,Enbridge Inc.,0.001,1,,0.07,$47.93,$43.08,11.26,$57.66
EEM,Ishares Msci Emerging Market,0.001,1,,0.06,$69.01,$50.83,35.77,$71.57
KNF,Knife River Corp.,0.001,1,,0.10,$56.04,$53.59,4.57,$96.28
M,Macy's Inc.,0.001,1,,0.06,$22.82,$15.85,43.97,$26.36
AEHR,Aehr Test Systems,0.001,1,,0.05,$98.95,$18.70,429.14,$147.40
VSH,Vishay Intertechnology,0.001,1,,0.07,$32.90,$11.56,184.60,$69.25
RFL,Rafael Holdings Inc.,0.001,1,,0.08,$2.01,$1.12,79.46,$3.96
CRCL,Circle Internet Group Inc,0.001,1,,0.07,$95.52,$49.90,91.42,$159.47
WTFC,Wintrust Financial Corp.,0.001,1,,0.09,$145.29,$117.89,23.24,$166.65
BZH,Beazer Homes USA,0.001,1,,0.12,$33.38,$17.83,87.21,$34.54
DOC,Healthpeak Properties Inc.,0.001,1,,0.06,$20.61,$14.97,37.68,$22.72
HNGE,Hinge Health Inc A,0.001,1,,0.06,$94.34,$30.08,213.63,$96.66
UNFI,United Natural Foods,0.001,1,,0.05,$45.81,$28.71,59.56,$57.02
NG,NovaGold Resources,0.001,1,,0.07,$7.69,$5.08,51.38,$14.40
FPAS,Fpa Short Duration Govt ETF,0.001,1,,0.05,$24.06,$23.99,0.29,$24.91
SANM,Sanmina Corp.,0.000,3,$253.04,0.01,$213.71,$110.44,93.51,$288.68
VB,Vanguard Small Cap ETF,0.000,3,$302.93,0.03,$292.70,$238.70,22.62,$309.51
GIS,General Mills,0.000,3,$34.80,0.02,$35.52,$31.21,13.81,$48.32
OUT,Outfront Media Inc.,0.000,3,$32.76,0.02,$28.11,$16.24,73.09,$34.24
CPA,Copa Holdings SA,0.000,3,$155.53,0.03,$135.36,$104.75,29.22,$158.35
KB,Kb Financial Group Inc ADR,0.000,3,$104.97,0.03,$128.70,$77.44,66.19,$133.29
FORM,FormFactor Inc.,0.000,3,$159.91,0.03,$125.16,$34.80,259.66,$160.27
SNDK,SanDisk Corp.,0.000,2,$2273.04,0.01,$1887.34,$93.54,1917.68,$2354.39
CVLG,Covenant Transportation Group Inc. CL A,0.000,2,$44.18,0.03,$34.34,$17.83,92.60,$49.78
FTAI,FTAI Aviation Ltd.,0.000,2,,0.00,$190.37,$148.67,28.05,$321.70
ACLS,Axcelis Technologies,0.000,2,$189.45,0.02,$114.74,$73.60,55.90,$193.78
CAMT,Camtek Ltd,0.000,2,$163.15,0.01,$151.62,$91.91,64.97,$215.99
WOLF,Wolfspeed Inc.,0.000,2,$48.27,0.02,$27.63,$1.20,2202.50,$80.82
MT,ArcelorMittal,0.000,2,$60.21,0.01,$73.82,$34.67,112.92,$79.68
VV,Vanguard Large Cap ETF,0.000,2,$341.77,0.01,$358.15,$288.27,24.24,$359.22
MEC,Mayville Engineering Co. Inc.,0.000,2,$37.46,0.02,$17.19,$12.25,40.33,$38.76
AWK,American Water Works Inc.,0.000,2,$131.60,0.01,$134.32,$118.81,13.05,$142.37
PH,Parker-Hannifin,0.000,2,,0.00,$964.00,$709.46,35.88,$1097.73
SCHD,Schwab Us Dvd Equity ETF,0.000,2,$31.66,0.02,$33.75,$25.63,31.68,$35.31
VEU,Vanguard FTSE All World ex US ETF,0.000,2,$83.76,0.01,$85.38,$68.31,24.99,$86.32
KAR,KAR Auction Services,0.000,2,$41.24,0.02,$30.88,$17.08,80.80,$30.98
AXGN,AxoGen Inc.,0.000,2,$46.19,0.03,$44.71,$15.27,192.80,$52.91
LSCC,Lattice Semconductor,0.000,2,$152.94,0.01,$121.74,$60.50,101.22,$157.01
EGP,EastGroup Properties SBI,0.000,2,$202.54,0.04,$202.77,$158.81,27.68,$226.71
EXTR,Extreme Networks Inc.,0.000,2,$32.37,0.03,$21.94,$13.48,62.76,$33.73
VICI,VICI Properties Inc.,0.000,2,$26.55,0.02,$23.96,$23.72,1.01,$30.84
IVE,Ishares S&P 500 Value ETF,0.000,2,,0.00,$233.25,$199.18,17.11,$238.98
LITE,Lumentum Holdings Inc.,0.000,2,$858.53,0.01,$945.09,$144.52,553.95,$1085.68
LOCO,El Pollo Loco Holdings Inc.,0.000,2,$16.96,0.03,$14.39,$8.99,60.07,$17.40
VGT,Vanguard Info Tech ETF,0.000,2,$120.00,0.02,$126.42,$82.99,52.33,$126.42
MTSI,MACOM Technology Solutions Hldg,0.000,2,$380.48,0.01,$279.37,$121.97,129.05,$418.90
CAKE,Cheesecake Factory,0.000,2,$79.54,0.02,$104.29,$42.54,145.16,$118.46
ESI,Element Solutions Inc.,0.000,2,$47.76,0.03,$35.19,$22.64,55.43,$49.14
IWS,Ishares Russell Mid Cap Valu,0.000,2,,0.00,$164.86,$131.84,25.05,$172.90
UTZ,Utz Brands Inc.,0.000,2,$7.70,0.02,$14.25,$6.69,113.00,$14.27
DGII,Digi International,0.000,2,$74.95,0.03,$74.47,$34.41,116.42,$86.84
MOS,Mosaic Co.,0.000,2,$21.19,0.03,$24.75,$19.63,26.08,$35.68
THC,Tenet Healthcare Corp.,0.000,2,,0.00,$264.30,$157.58,67.72,$283.05
ADTN,ADTRAN Holdings Inc.,0.000,2,$13.90,0.03,$7.26,$6.96,4.31,$19.98
AAOI,Applied Optoelectronics Inc,0.000,2,$148.11,0.02,$106.69,$18.50,476.70,$233.67
CIEN,Ciena Corp.,0.000,2,$490.71,0.01,$369.42,$133.67,176.37,$637.51
BRC,Brady Corp.,0.000,2,$91.57,0.01,$83.36,$70.38,18.44,$99.25
HZO,MarineMax Inc.,0.000,2,$36.62,0.02,$52.44,$21.42,144.82,$52.56
SKYT-OLD,Skywater Technology Inc,0.000,2,,0.00,$32.49,$8.49,282.69,$39.93
ACWX,iShares MSCI ACWI EX U.S. ETF,0.000,2,$76.11,0.02,$77.86,$62.17,25.24,$78.78
IAU,iShares Gold Trust,0.000,2,,0.00,$81.91,$68.86,18.95,$104.40
SMTC,Semtech Corp.,0.000,2,$161.84,0.02,$174.48,$57.50,203.44,$185.46
IJH,Ishares Core S&P Midcap ETF,0.000,2,$77.11,0.03,$73.60,$61.43,19.81,$78.47
BLZE,Backblaze Inc A,0.000,1,,0.00,$14.29,$3.26,338.34,$23.99
J,Jacobs Solutions Inc.,0.000,1,,0.01,$142.97,$105.09,36.05,$166.66
FLUT,Flutter Entertainment Plc,0.000,1,,0.03,$90.39,$87.99,2.73,$287.44
DNTH,Dianthus Therapeutics Inc,0.000,1,,0.01,$97.80,$32.22,203.54,$117.88
DOUG,Douglas Elliman Inc,0.000,1,,0.00,$1.58,$1.53,3.27,$3.19
AFYA,Afya Ltd,0.000,1,,0.00,$13.55,$12.45,8.84,$16.16
GKOS,Glaukos Corp.,0.000,1,,0.01,$161.55,$73.16,120.82,$191.62
EVER,EverQuote Inc. CL A,0.000,1,,0.01,$19.48,$13.88,40.35,$28.73
STRW,Strawberry Fields Reit Inc,0.000,1,,0.01,$13.84,$10.58,30.81,$14.57
HLLY,Holley Inc,0.000,1,,0.00,$2.68,$2.33,15.02,$4.48
TTAM,Titan America SA,0.000,1,,0.01,$13.91,$13.31,4.51,$19.57
EPC,Edgewell Personal Care Co.,0.000,1,,0.03,$27.80,$15.53,79.01,$29.79
UTI,Universal Technical Institute,0.000,1,,0.04,$20.81,$19.52,6.61,$51.34
ITRI,Itron Inc.,0.000,1,,0.02,$93.13,$77.77,19.75,$142.00
EROC,Erock Inc A,0.000,1,,0.03,$12.75,$8.88,43.58,$20.70
VCTR,Victory Capital Holdings,0.000,1,,0.02,$105.05,$55.62,88.87,$123.00
RNG,RingCentral Inc.,0.000,1,,0.01,$78.91,$24.01,228.65,$78.91
XCEM,Columbia Em Core Ex China,0.000,1,,0.01,$52.88,$34.70,52.39,$55.43
PARR,Par Pacific Holdings,0.000,1,,0.02,$79.53,$33.21,139.48,$87.72
ETN,Eaton Corp.,0.000,1,,0.03,$441.64,$309.33,42.77,$478.00
NPKI,NPK International Inc.,0.000,1,,0.02,$11.92,$10.73,11.09,$16.50
AVNW,Aviat Networks Inc.,0.000,1,,0.01,$20.16,$13.92,44.83,$27.02
STKL-OLD,SunOpta Inc.,0.000,1,,0.01,$6.50,$3.32,95.78,$6.94
CBT,Cabot Corp.,0.000,1,,0.03,$79.41,$56.94,39.46,$94.00
PBFS,Pioneer Bancorp Inc.,0.000,1,,0.04,$17.94,$12.64,41.93,$19.91
CNS,Cohen & Steers Inc.,0.000,1,,0.00,$74.38,$56.80,30.95,$86.56
SLP,Simulations Plus Inc.,0.000,1,,0.03,$18.42,$11.09,66.10,$21.01
UMH,UMH Properties Inc.,0.000,1,,0.02,$15.90,$13.17,20.73,$16.77
PACK,Ranpak Holdings Corp. CL A,0.000,1,,0.01,$4.20,$3.22,30.43,$7.81
REXR,Rexford Industrial Realty Inc.,0.000,1,,0.03,$38.41,$31.48,22.01,$42.76
LRN,Stride Inc.,0.000,1,,0.02,$78.16,$60.61,28.96,$155.06
STNG,Scorpio Tankers Inc.,0.000,1,,0.03,$82.69,$48.08,71.98,$90.06
RTLLF,Rational Ag,0.000,1,,0.02,$650.00,$650.00,0.00,$859.22
TWI,Titan International Inc.,0.000,1,,0.01,$7.45,$6.37,16.95,$11.70
SLF,Sun Life Financial Inc.,0.000,1,,0.00,$80.71,$55.24,46.11,$83.64
HOMB,Home Bancshares Inc.,0.000,1,,0.02,$29.38,$25.28,16.22,$31.54
NTAP,NetApp Inc.,0.000,1,,0.01,$193.08,$92.93,107.77,$209.06
DVDCF,Davide Campari-Milano S.p.A.,0.000,1,,0.01,$6.77,$6.07,11.53,$7.78
COUR,Coursera Inc,0.000,1,,0.01,$5.16,$5.00,3.20,$12.32
FULT,Fulton Financial Corp.,0.000,1,,0.01,$23.19,$16.16,43.50,$25.23
CATH,Global X S&P 500 Catholic Values ETF,0.000,1,,0.01,$91.99,$75.37,22.05,$93.05
XGN,Exagen Inc.,0.000,1,,0.00,$8.71,$2.59,236.29,$12.23
BBY,Best Buy Co. Inc.,0.000,1,,0.00,$95.00,$53.81,76.55,$95.85
FVR,Frontview Reit Inc,0.000,1,,0.02,$18.25,$12.39,47.30,$22.29
ESS,Essex Property Trust,0.000,1,,0.04,$274.49,$233.85,17.38,$303.35
ARM,Arvinmeritor Inc.,0.000,1,,0.01,$331.40,$100.02,231.33,$452.70
TRS,TriMas Corp.,0.000,1,,0.02,$38.70,$30.34,27.55,$45.38
JOUT,Johnson Outdoors Inc.,0.000,1,,0.01,$45.10,$34.91,29.19,$53.16
COPX,Global X Copper Miners ETF,0.000,1,,0.00,$89.89,$51.63,74.10,$99.65
MATV,Mativ Holdings Inc.,0.000,1,,0.00,$12.57,$7.01,79.32,$15.02
AMBQ,Ambiq Micro Inc,0.000,1,,0.04,$70.99,$22.12,220.93,$91.61
AVBH,Avidbank Holdings Inc,0.000,1,,0.02,$31.55,$24.03,31.29,$34.18
CDRE,Cadre Holdings Inc,0.000,1,,0.01,$26.97,$25.65,5.15,$48.44
BG,Bunge Global SA,0.000,1,,0.04,$111.59,$74.11,50.57,$134.02
AIRJ,Airjoule Technologies Corp,0.000,1,,0.01,$4.37,$2.22,96.85,$6.75
PRGO,Perrigo Co.,0.000,1,,0.04,$14.28,$8.81,62.09,$20.70
SYNA,Synaptics Inc.,0.000,1,,0.02,$97.21,$58.28,66.80,$149.11
SBCF,Seacoast Banking Corp. of Florida,0.000,1,,0.04,$33.05,$27.91,18.42,$36.07
SSPPF,Ssp Group Plc,0.000,1,,0.02,$2.54,$1.67,52.10,$2.55
TITN,Titan Machinery Inc.,0.000,1,,0.03,$24.10,$13.21,82.44,$26.90
JJSF,J & J Snack Foods,0.000,1,,0.03,$79.11,$67.51,17.18,$98.97
BLLN,Billiontoone Inc Cl A,0.000,1,,0.02,$117.83,$61.96,90.17,$150.44
DLG.MI,De'Longhi SPA,0.000,1,,0.02,,,,
FMC,FMC Corp.,0.000,1,,0.04,$10.65,$9.71,9.68,$36.04
JOBY,Joby Aviation Inc.,0.000,1,,0.03,$6.43,$5.93,8.43,$19.98
GPRK,Geopark Ltd,0.000,1,,0.00,$10.95,$5.68,92.78,$13.13
ATAT,Atour Lifestyle Holdings ADR,0.000,1,,0.00,$33.30,$30.78,8.19,$42.49
GH,Guardant Health Inc.,0.000,1,,0.04,$177.33,$55.38,220.21,$183.51
EXEL,Exelixis Inc.,0.000,1,,0.00,$58.51,$33.76,73.31,$59.72
PIFYF,Pine Cliff Energy Ltd,0.000,1,,0.03,$0.37,$0.35,5.71,$0.65
UFCS,United Fire Group Inc.,0.000,1,,0.00,$54.07,$29.21,85.11,$56.74
BFLY,Butterfly Network Inc,0.000,1,,0.03,$9.92,$1.81,448.07,$10.05
JBHT,J.B. Hunt Transport Services Inc.,0.000,1,,0.00,$237.81,$129.06,84.26,$299.26
BIRK,Birkenstock Holding Plc,0.000,1,,0.01,$31.54,$29.93,5.38,$50.73
ASX,Ase Technology Holding ADR,0.000,1,,0.01,$44.90,$10.82,314.97,$45.27
TRN,Trinity Industries,0.000,1,,0.03,$27.92,$24.06,16.04,$38.31
KVHI,KVH Industries Inc.,0.000,1,,0.00,$7.06,$5.09,38.70,$13.00
FLYX.WS,Eg Acquisition Corp A WTS28,0.000,1,,0.00,,,,
SIL,Global X Silver Miners ETF,0.000,1,,0.00,$97.21,$61.06,59.20,$119.08
OIS,Oil States International Inc.,0.000,1,,0.03,$8.26,$5.50,50.18,$14.50
MTRX,Matrix Service Co.,0.000,1,,0.02,$9.95,$9.70,2.58,$15.97
XLF,Financial Select Sector SPDR,0.000,1,,0.00,$54.94,$47.50,15.66,$58.60
AMRC,Ameresco Inc. CL A,0.000,1,,0.03,$24.02,$18.38,30.69,$44.93
SBGI,Sinclair Broadcast Group Inc.,0.000,1,,0.00,$13.17,$11.82,11.42,$16.69
VNQ,Vanguard Real Estate ETF,0.000,1,,0.00,$93.70,$85.39,9.73,$101.80
TEO,Telecom Argentina S.A.,0.000,1,,0.04,$14.31,$6.36,125.00,$16.34
CAE,CAE Inc.,0.000,1,,0.04,$24.60,$22.76,8.08,$34.24
AKTS,Aktis Oncology Inc,0.000,1,,0.02,$21.94,$14.72,49.05,$34.19
SMBK,SmartFinancial Inc.,0.000,1,,0.02,$51.20,$32.74,56.38,$54.14
RRBI,Red River Bancshares Inc,0.000,1,,0.02,$101.38,$60.98,66.25,$104.87
TALK-OLD,Talkspace Inc.,0.000,1,,0.01,$5.25,$2.49,110.84,$5.25
TDUP,ThredUp Inc.,0.000,1,,0.00,$2.45,$2.36,3.81,$10.82
TFII,Tfi International Inc,0.000,1,,0.02,$125.06,$79.64,57.03,$167.14
OOMA,Ooma Inc.,0.000,1,,0.00,$22.02,$9.79,124.92,$26.19
HSBC,HSBC Holdings plc,0.000,1,,0.01,$101.87,$61.80,64.84,$107.43
JBL,Jabil Inc.,0.000,1,,0.01,$307.33,$189.46,62.21,$428.84
NVMI,Nova Ltd,0.000,1,,0.01,$364.89,$266.43,36.96,$615.99
WILLF,Demant A s,0.000,1,,0.02,$45.55,$28.08,62.22,$45.55
SRRK,Scholar Rock Holding Corp.,0.000,1,,0.02,$50.98,$27.07,88.33,$61.76
KOD,Kodiak Sciences Inc.,0.000,1,,0.01,$33.77,$9.39,259.64,$47.84
CCRN-OLD,Cross Country Healthcare,0.000,1,,0.02,$13.25,$7.43,78.33,$14.99
ASR,Grupo Aeroportuario Sure SA de CV,0.000,1,,0.00,$244.22,$241.46,1.14,$374.42
EIKN,Eikon Therapeutics Inc,0.000,1,,0.00,$9.04,$7.90,14.43,$17.40
WT,WisdomTree Investments,0.000,1,,0.02,$23.81,$10.64,123.78,$25.91
PNR,Pentair plc,0.000,1,,0.04,$55.67,$55.34,0.60,$112.57
FIP,Ftai Infrastructure Inc,0.000,1,,0.02,$3.24,$2.77,16.97,$6.56
HYBB,Ishares Bb Rated Corp Bond,0.000,1,,0.00,$45.91,$44.28,3.68,$46.46
CALY,Callaway Golf Co.,0.000,1,,0.02,$14.77,$8.39,76.04,$20.28
QQQM,Invesco Nasdaq 100 ETF,0.000,1,,0.02,$307.49,$228.49,34.57,$307.85
TRVG,Trivago Nv ADR,0.000,1,,0.00,$6.26,$2.59,141.70,$6.80
