Symbol,Stock,%▼,"Ownership
count",Hold Price*,Max %,"Current
Price","52 Week
Low","% Above
52 Week
Low","52 Week
High"
AMZN,Amazon.com Inc.,2.917,34,$238.34,32.21,$262.82,$196.00,34.09,$287.20
GOOG,Alphabet Inc. CL C,2.583,34,$353.33,23.39,$345.49,$201.55,71.42,$404.23
BRK.B,Berkshire Hathaway CL B,2.416,26,$500.39,33.89,$502.40,$464.01,8.27,$537.74
GOOGL,Alphabet Inc.,2.084,36,$357.37,24.55,$348.84,$200.73,73.79,$408.37
MSFT,Microsoft Corp.,1.780,37,$373.02,20.54,$488.03,$348.54,40.02,$549.20
BRK.A,Berkshire Hathaway CL A,1.758,17,$748851.77,42.42,$752830.56,$698000.00,7.86,$806102.81
V,Visa Inc.,1.713,30,$343.09,19.83,$380.71,$292.74,30.05,$381.64
META,Meta Platforms Inc.,1.580,31,$563.30,20.45,$559.53,$519.78,7.65,$788.22
CVNA,Carvana Co.,1.483,7,$65.82,78.85,$71.39,$54.46,31.09,$97.38
MA,Mastercard Inc.,1.419,22,$513.60,20.01,$596.48,$463.74,28.62,$598.04
AAPL,Apple Inc.,1.224,22,$289.36,41.05,$311.74,$223.86,39.26,$344.27
TSM,Taiwan Semiconductor S.A.,0.986,24,$477.55,10.55,$410.67,$223.20,83.99,$479.00
GE,GE Aerospace,0.968,10,$373.73,35.61,$341.42,$265.02,28.83,$388.84
MCO,Moody's Corp.,0.948,17,$452.92,19.14,$507.59,$399.61,27.02,$543.25
JOE,St. Joe Co.,0.932,1,,76.43,$69.39,$45.92,51.11,$73.02
TDG,TransDigm Group Inc.,0.751,6,$1332.04,27.51,$1197.34,$1123.61,6.56,$1463.03
BN,Brookfield Corp.,0.736,9,$42.59,16.29,$41.66,$37.87,10.01,$49.40
SPGI,S&P Global Inc.,0.730,15,$407.26,19.92,$433.39,$360.90,20.09,$527.13
ASML,ASML Holding NV,0.722,9,$1989.38,21.11,$1756.00,$711.50,146.80,$1997.36
NVDA,NVIDIA Corp.,0.720,18,$200.09,9.34,$210.17,$163.85,28.27,$236.26
IBKR,Interactive Brokers Group Inc.,0.706,6,$87.04,33.42,$93.07,$58.76,58.39,$97.84
IEP,Icahn Enterprises,0.658,1,,53.95,$6.71,$5.82,15.29,$7.44
FICO,Fair Isaac Corp.,0.581,8,$1194.78,25.77,$1169.80,$870.01,34.46,$1998.01
HCC,Warrior Met Coal Inc.,0.580,3,$81.16,43.32,$106.94,$54.46,96.36,$110.29
LOAR,Loar Holdings Inc,0.575,1,,47.15,$72.66,$53.15,36.71,$83.43
MOH,Molina Healthcare Inc.,0.567,3,$193.75,43.49,$198.93,$121.06,64.32,$244.89
GPI,Group 1 Automotive,0.566,2,$291.17,46.41,$260.19,$249.54,4.27,$486.11
PDD,Pinduoduo Inc.,0.545,4,$76.28,22.17,$86.84,$71.94,20.71,$139.41
UBER,Uber Technologies Inc.,0.521,11,$72.16,12.72,$78.32,$65.41,19.74,$101.99
AMAT,Applied Materials,0.516,12,$723.00,19.48,$489.12,$153.62,218.40,$738.88
C,Citigroup Inc.,0.484,8,$139.96,18.50,$132.13,$90.92,45.33,$147.21
COF,Capital One Financial,0.470,16,$200.62,7.13,$217.10,$173.62,25.04,$256.63
AXP,American Express,0.464,16,$338.24,17.14,$338.01,$289.26,16.85,$384.36
SUNB,Sunbelt Rentals Holdings Inc,0.464,12,$75.05,10.59,$76.23,$60.40,26.21,$85.78
ELV,Elevance Health Inc.,0.458,12,$386.73,9.11,$402.20,$272.05,47.84,$436.24
SNX,SYNNEX Corp.,0.456,4,$267.34,26.38,$245.73,$141.15,74.09,$295.89
CROX,Crocs Inc.,0.443,6,$120.64,27.20,$123.49,$73.21,68.68,$141.28
DIS,Walt Disney Co.,0.433,20,$96.25,9.55,$110.30,$91.48,20.57,$118.07
LULU,Lululemon Athletica Inc.,0.403,4,$176.58,32.35,$121.50,$104.44,16.33,$225.98
CVS,CVS Health Corp.,0.396,10,$103.45,10.63,$93.09,$67.46,37.99,$110.00
EQH,Equitable Holdings Inc.,0.395,5,$43.88,30.38,$48.86,$34.72,40.73,$53.71
SLM,SLM Corp.,0.387,3,$27.27,24.16,$26.37,$17.55,50.26,$31.48
JHG-OLD,Janus Henderson Group,0.385,1,,31.53,$51.98,$37.96,36.93,$53.76
RIG,Transocean Ltd.,0.373,2,$4.89,30.53,$5.79,$2.85,103.16,$7.66
AVGO,Broadcom Inc.,0.368,13,$377.75,10.61,$361.29,$285.08,26.73,$494.22
ICLR,ICON plc,0.358,6,$173.71,11.94,$172.10,$66.57,158.52,$203.91
FERG,Ferguson Enterprises Inc.,0.339,11,$237.33,6.88,$237.05,$203.74,16.35,$268.59
SCHW,Charles Schwab Corp.,0.338,11,$92.27,6.56,$113.45,$83.72,35.51,$114.38
ADI,Analog Devices,0.319,11,$397.17,7.97,$370.41,$221.38,67.32,$445.91
AMR,Alpha Metallurgical Resources Inc.,0.318,1,,26.11,$212.79,$133.64,59.23,$253.82
MKL,Markel Group Inc.,0.309,5,$1953.01,10.89,$1811.34,$1719.41,5.35,$2207.59
UNH,United Health Group Inc.,0.302,17,$415.63,6.05,$397.04,$254.51,56.00,$461.62
TMO,Thermo Fisher Scientific,0.301,11,$501.36,9.81,$625.29,$434.83,43.80,$642.71
KHC,Kraft Heinz Co.,0.299,9,$23.61,12.80,$25.74,$20.66,24.59,$28.09
PYPL,PayPal Holdings Inc.,0.294,8,$43.18,10.61,$61.65,$38.22,61.30,$78.53
RKT,Rocket Companies Inc.,0.290,5,$15.75,11.65,$13.95,$12.17,14.63,$24.36
CVI,CVR Energy Inc.,0.289,1,,23.73,$38.24,$19.50,96.10,$41.41
VFC,V.F. Corp.,0.287,2,$16.68,23.36,$14.31,$12.71,12.59,$22.15
BABA,Alibaba Group Holdings,0.281,9,$95.98,16.92,$118.52,$91.99,28.84,$190.92
CAT,Caterpillar Inc.,0.275,6,$1064.90,19.65,$812.40,$406.85,99.68,$1071.47
CNH,CNH Industrial NV,0.271,5,$11.23,17.11,$11.80,$8.91,32.44,$13.18
WM,Waste Management Inc.,0.267,3,$222.88,17.30,$225.86,$191.77,17.78,$247.15
ORLA-OLD,Orla Mining Ltd,0.264,3,$9.73,21.55,$9.45,$8.43,12.10,$21.95
CP,Canadian Pacific Kansas City,0.261,7,$86.65,7.44,$94.67,$67.98,39.26,$96.90
LYV,Live Nation Inc.,0.257,8,$183.11,7.69,$184.41,$125.34,47.13,$189.25
APP,Applovin Corp.,0.257,4,$515.25,14.50,$300.06,$298.00,0.69,$745.61
ASH,Ashland Global Holdings Inc.,0.256,2,$65.89,17.47,$73.57,$45.29,62.44,$78.25
GM,General Motors,0.255,7,$77.08,11.46,$87.06,$53.98,61.28,$91.85
LEN,Lennar Corp.,0.255,4,$90.49,11.82,$87.98,$79.83,10.21,$141.39
BKNG,Booking Holdings Inc.,0.253,6,$178.24,8.46,$212.85,$149.76,42.13,$229.86
RPRX,Royalty Pharma plc,0.250,3,$56.07,8.82,$61.04,$33.43,82.59,$62.13
VRT,Vertiv Holdings Co.,0.250,3,$334.82,20.37,$254.99,$118.57,115.05,$379.86
NFLX,Netflix Inc.,0.248,11,$71.40,5.41,$80.49,$65.08,23.68,$126.71
CNI,Canadian Natl Railway Co.,0.247,6,$119.24,17.95,$127.11,$89.10,42.66,$131.55
DHR,Danaher Corp.,0.245,12,$190.48,7.64,$215.51,$160.60,34.19,$241.78
BAC,Bank of America Corp.,0.244,15,$56.98,9.20,$62.34,$45.88,35.88,$65.23
BDX,Becton Dickinson,0.239,7,$151.33,9.93,$190.52,$125.19,52.18,$192.30
QSR,Restaurant Brands International,0.238,3,$72.51,9.62,$81.00,$59.14,36.96,$81.46
GRBK,Green Brick Partners,0.237,2,$80.04,19.39,$72.83,$60.44,20.50,$83.18
CRM,Salesforce.com,0.235,10,$156.66,8.33,$209.46,$146.32,43.15,$267.75
AZN,AstraZeneca PLC,0.233,3,$187.18,19.03,$166.29,$90.90,82.94,$209.12
KKR,KKR & Co. L.P.,0.231,7,$91.78,8.95,$107.71,$82.35,30.80,$151.00
WFC,Wells Fargo,0.225,14,$82.64,3.11,$84.74,$72.36,17.11,$96.18
YETI,YETI Holdings Inc.,0.224,2,$49.56,18.33,$43.14,$31.66,36.26,$53.99
SGOV,Ishares 0 3 Month Treasury B,0.220,4,$100.67,10.59,$100.63,$96.93,3.82,$100.64
CACC,Credit Acceptance Corp.,0.220,2,$636.74,18.01,$599.73,$401.90,49.22,$668.86
RACE,Ferrari NV,0.216,4,$370.77,7.71,$422.91,$308.95,36.89,$498.75
PM,Philip Morris Intl.,0.212,10,$180.91,9.18,$190.70,$138.43,37.76,$207.76
SOLV,Solventum Corp,0.210,4,$77.15,15.02,$90.18,$62.38,44.57,$90.68
WBD,Warner Bros. Discovery Inc.,0.209,5,$26.66,11.68,$28.82,$11.25,156.18,$30.00
LAD,Lithia Motors Inc.,0.207,6,$290.49,13.20,$371.16,$238.86,55.39,$438.67
TXN,Texas Instruments,0.206,14,$298.07,3.93,$260.47,$150.20,73.42,$332.33
OMF,OneMain Holdings,0.200,4,$60.97,10.08,$63.08,$44.20,42.71,$68.16
EGO,Eldorado Gold Corp.,0.197,1,,16.18,$46.29,$22.57,105.10,$50.96
CPNG,Coupang Inc.,0.196,8,$17.37,6.89,$16.40,$14.92,9.92,$34.08
TKO,TKO Group Holdings Inc.,0.196,1,,16.07,$194.59,$173.96,11.86,$225.15
IFF,International Flavors & Fragrances Inc.,0.194,5,$79.22,5.43,$85.15,$58.13,46.48,$89.32
OXY,Occidental Petroleum,0.192,4,$48.57,7.02,$59.92,$38.44,55.88,$67.14
AON,Aon Plc,0.191,10,$331.69,4.91,$358.06,$303.10,18.13,$381.47
FWONK,Liberty Media Corp Formula One Series C,0.191,3,$95.14,7.73,$107.08,$80.15,33.60,$109.36
GXO,Gxo Logistics Inc.,0.189,1,,15.46,$46.80,$45.00,4.00,$66.85
EPD,Enterprise Products Partners LP,0.188,6,$36.76,13.46,$38.41,$28.18,36.30,$39.58
APTV,Aptiv PLC,0.187,2,$61.38,14.51,$47.33,$46.16,2.53,$78.49
AER,AerCap Holdings N.V.,0.185,3,$145.78,7.16,$147.56,$117.54,25.54,$158.38
ALC,Alcon Inc.,0.185,2,$67.33,15.19,$73.60,$61.84,19.02,$87.22
PEP,PepsiCo Inc.,0.184,12,$135.40,5.27,$144.62,$133.40,8.41,$168.19
MU,Micron Technology Inc.,0.184,5,$1154.29,15.06,$918.88,$114.07,705.54,$1254.81
CMCSA,Comcast Corp.,0.183,14,$24.55,3.15,$27.12,$21.28,27.44,$32.04
LLY,Eli Lilly & Co.,0.183,7,$1199.42,6.89,$1244.25,$689.88,80.36,$1292.65
KO,Coca Cola Co.,0.182,9,$81.27,10.86,$91.76,$64.04,43.29,$92.31
BLK,BlackRock Inc.,0.181,6,$961.57,9.93,$1167.56,$912.25,27.99,$1200.54
DASH,DoorDash Inc.,0.181,4,$184.53,7.46,$229.25,$143.30,59.98,$285.50
PVH,PVH Corp.,0.179,4,$74.26,9.92,$76.91,$59.58,29.09,$100.75
HGV,Hilton Grand Vacations Inc.,0.177,2,$52.37,14.48,$44.59,$36.79,21.20,$55.40
SIRI,SiriusXM Holdings Inc,0.175,5,$29.54,5.59,$28.53,$19.15,48.98,$32.37
ICE,Intercontinental Exchange Inc.,0.174,6,$123.11,4.90,$161.86,$121.79,32.90,$179.36
BAYRY,Bayer Ag Sponsored ADR,0.172,1,,14.12,$14.12,$7.46,89.28,$15.23
ACN,Accenture,0.170,12,$124.44,4.86,$185.45,$116.75,58.84,$285.21
BAX,Baxter International Inc.,0.170,7,$21.32,4.09,$26.09,$15.72,65.97,$30.00
CCL,Carnival Corp.,0.170,2,$28.57,12.78,$25.76,$23.21,10.99,$33.49
TOL,Toll Brothers,0.169,4,$164.75,10.71,$147.65,$122.93,20.11,$167.75
TRMD,Torm Plc,0.169,2,$25.79,13.87,$31.78,$17.91,77.44,$34.50
DG,Dollar General,0.168,5,$115.11,8.66,$124.48,$93.78,32.74,$156.68
OKTA,Okta Inc.,0.168,1,,13.80,$130.82,$62.66,108.78,$157.00
TSLA,Tesla Inc.,0.167,6,$420.60,7.44,$353.61,$297.38,18.91,$498.83
IONS,Ionis Pharmaceuticals Inc.,0.167,1,,13.70,$61.39,$41.71,47.18,$86.74
ROP,Roper Technologies Inc.,0.165,4,$338.39,7.80,$412.43,$305.19,35.14,$533.51
ORCL,Oracle Corp.,0.164,14,$146.55,4.51,$143.50,$114.50,25.33,$341.82
APH,Amphenol Corp.,0.164,7,$176.32,8.29,$155.62,$104.74,48.58,$178.52
SPOT,Spotify Technology S.A.,0.163,7,$459.13,4.96,$534.45,$405.00,31.96,$745.00
KEX,Kirby Corp.,0.161,1,,13.22,$138.35,$79.52,73.98,$157.69
PG,Procter & Gamble,0.160,9,$146.64,4.38,$145.95,$134.62,8.42,$164.77
GIL,Gildan Activewear Inc.,0.160,1,,13.10,$54.80,$46.35,18.23,$72.73
AJG,Arthur J. Gallagher & Co.,0.159,6,$229.57,6.43,$269.30,$190.12,41.65,$310.73
XRAY,DENTSPLY SIRONA Inc.,0.159,3,$10.61,12.18,$10.88,$9.41,15.62,$14.76
PFE,Pfizer Inc.,0.158,10,$24.08,3.07,$28.02,$22.03,27.19,$28.44
VMC,Vulcan Materials,0.157,6,$295.01,5.62,$274.69,$251.38,9.27,$329.20
USB,U.S. Bancorp,0.157,6,$60.41,5.56,$62.39,$43.76,42.57,$66.08
ADP,Automatic Data Processing Inc.,0.157,6,$223.95,4.93,$282.52,$186.74,51.29,$300.54
MDLN,Medline Inc Cl A,0.157,4,$39.44,6.28,$34.57,$32.49,6.40,$50.88
INTU,Intuit Inc.,0.156,8,$261.00,6.62,$370.39,$251.72,47.14,$697.25
NEM,Newmont Corp.,0.156,4,$93.40,6.25,$131.05,$68.32,91.82,$134.29
SHW,Sherwin-Williams,0.155,7,$344.32,4.50,$345.71,$289.19,19.54,$376.08
SGI,Somnigroup International Inc.,0.155,2,$78.40,8.30,$64.26,$60.08,6.96,$97.86
EXE,Expand Energy Corp.,0.154,1,,12.64,$95.31,$84.48,12.82,$124.43
HD,Home Depot,0.153,10,$352.68,5.61,$336.43,$286.95,17.24,$418.06
GEHC,GE HealthCare Technologies Inc.,0.153,8,$64.01,4.67,$74.20,$58.72,26.36,$89.64
EG,Everest Group Ltd,0.153,4,$357.23,11.28,$376.27,$296.87,26.75,$401.07
DE,Deere & Co.,0.152,7,$634.33,6.56,$649.50,$429.14,51.35,$670.49
CRH,CRH plc,0.152,5,$107.00,5.14,$95.50,$92.52,3.22,$130.09
UHAL.B,U Haul Holding Co Non Voting,0.152,4,$57.70,4.42,$62.72,$39.58,58.46,$66.90
ALK,Alaska Air Group,0.151,2,$52.20,10.58,$41.65,$33.03,26.10,$65.88
WAT,Waters Corp.,0.150,8,$375.04,6.25,$407.87,$282.77,44.24,$421.74
MSI,Motorola Solutions Inc.,0.148,8,$415.29,5.63,$480.69,$357.34,34.52,$493.57
TRU,TransUnion,0.148,3,$72.14,5.94,$84.60,$63.28,33.69,$94.90
INTC,Intel Corp.,0.147,7,$139.63,4.62,$87.71,$23.65,270.87,$142.35
JPM,JPMorgan Chase & Co.,0.146,15,$327.33,3.54,$356.21,$276.43,28.86,$366.50
HEI.A,HEICO Corp. CL A,0.146,4,$257.91,6.38,$259.75,$199.25,30.36,$279.52
UNP,Union Pacific,0.145,11,$272.00,5.95,$309.12,$207.45,49.01,$315.99
PPLI,People Inc.,0.143,3,$46.16,7.54,$38.59,$29.56,30.55,$48.32
SW,Smurfit Westrock Plc,0.143,3,$46.26,7.56,$49.04,$31.79,54.26,$51.52
FBIN,Fortune Brands Innovations Inc.,0.141,5,$54.90,4.83,$44.45,$31.92,39.25,$63.70
RBC,RBC Bearings Inc.,0.141,2,$644.06,10.70,$500.18,$364.50,37.22,$667.69
PGR,Progressive Corp.,0.140,7,$218.45,4.79,$222.77,$187.79,18.63,$239.38
OSK,Oshkosh Corp.,0.140,5,$153.48,6.69,$155.88,$115.83,34.58,$178.55
ET,Energy Transfer LP,0.140,4,$19.12,7.18,$21.14,$15.10,40.00,$21.64
SN,Sharkninja Inc,0.139,5,$152.27,10.67,$183.94,$83.12,121.29,$191.22
SYK,Stryker Corp.,0.139,4,$314.84,6.72,$327.78,$280.25,16.96,$392.86
KOF,Coca-Cola FEMSA S A CV,0.138,3,$106.25,9.34,$114.34,$76.77,48.94,$114.34
EQT,EQT Corp.,0.137,3,$53.17,6.19,$53.63,$47.79,12.22,$67.84
LRCX,Lam Research,0.136,7,$433.33,5.72,$311.22,$93.59,232.54,$438.50
BA,Boeing Co.,0.136,6,$216.47,3.38,$209.76,$176.77,18.66,$254.35
JNJ,Johnson & Johnson,0.135,12,$253.97,3.96,$272.48,$170.35,59.95,$276.47
DB,Deutsche Bank AG,0.135,4,$33.86,10.80,$38.50,$27.13,41.91,$39.01
MAT,Mattel Inc.,0.135,2,$13.88,8.92,$14.82,$12.73,16.42,$22.48
BLDR,Builders FirstSource Inc.,0.134,6,$89.48,5.60,$70.90,$65.10,8.91,$151.03
UAA,Under Armour Inc.,0.134,1,,10.98,$5.36,$4.13,29.78,$8.15
TEL,TE Connectivity plc,0.133,8,$201.61,3.93,$201.88,$189.53,6.52,$250.61
SLB,Schlumberger Ltd.,0.133,8,$46.49,4.36,$53.68,$31.05,72.88,$58.51
QCOM,QUALCOMM Inc.,0.133,7,$184.79,3.66,$158.92,$121.54,30.76,$258.96
DHI,D.R. Horton,0.132,4,$162.88,6.59,$149.20,$130.96,13.93,$182.36
BFAM,Bright Horizons Family Solutions Inc.,0.132,2,$70.88,8.28,$74.24,$57.63,28.82,$124.25
FISV,Fiserv Inc.,0.131,9,$49.05,2.79,$52.84,$47.04,12.33,$140.09
CB,Chubb Limited,0.131,6,$340.74,4.79,$345.73,$262.86,31.53,$365.91
PHM,PulteGroup Inc.,0.131,3,$137.21,8.64,$130.26,$108.26,20.32,$143.88
CBRE,CBRE Group,0.130,7,$134.69,3.67,$151.32,$121.69,24.35,$174.27
RYN,Rayonier Inc.,0.129,1,,10.54,$21.22,$19.25,10.23,$24.84
AIIR,Air Holdings Ltd,0.129,1,,10.61,$7.36,$5.29,39.13,$13.37
TSN,Tyson Foods,0.128,6,$57.25,3.11,$58.12,$49.30,17.89,$68.90
NCLH,Norwegian Cruise Line Hlgs Ltd.,0.128,3,$21.11,4.23,$17.18,$14.53,18.24,$27.18
FLG,Flagstar Financial Inc.,0.127,2,$14.94,9.62,$13.43,$10.55,27.30,$15.44
GEV,Ge Vernova Inc,0.126,10,$1174.86,3.91,$941.60,$529.18,77.94,$1195.94
TDS,Telephone & Data Systems,0.125,2,$37.01,5.17,$33.24,$31.51,5.49,$49.07
HHH,Howard Hughes Holdings Inc.,0.125,1,,10.23,$66.44,$61.01,8.90,$91.07
SE,Sea Ltd,0.124,8,$95.83,5.02,$115.89,$77.05,50.41,$199.30
TDW,Tidewater Inc.,0.124,3,$66.63,9.95,$92.86,$46.65,99.06,$97.50
ZS,Zscaler Inc.,0.124,1,,10.18,$176.14,$114.63,53.66,$336.99
NOW,ServiceNow Inc.,0.123,6,$99.28,4.59,$128.22,$81.24,57.83,$194.73
CI,Cigna Group,0.122,7,$275.68,2.67,$277.59,$235.50,17.87,$310.19
EFX,Equifax Inc.,0.121,9,$158.73,2.27,$193.11,$150.75,28.10,$269.54
FDX,FedEx Corp.,0.120,7,$313.13,3.18,$329.68,$173.85,89.63,$344.07
APD,Air Products & Chemicals,0.118,7,$293.18,3.96,$304.22,$224.64,35.43,$314.87
CSGP,CoStar Group Inc.,0.118,4,$28.32,6.49,$32.60,$25.89,25.92,$91.89
EWBC,East West Bancorp,0.118,1,,9.68,$129.28,$90.34,43.10,$137.47
URI,United Rentals,0.116,6,$1132.89,5.14,$1085.24,$698.94,55.27,$1177.15
ABNB,Airbnb Inc.,0.116,5,$143.10,3.59,$190.14,$110.81,71.59,$192.66
RYAN,Ryan Specialty Holdings Inc,0.116,2,$37.76,9.09,$44.17,$29.07,51.94,$59.37
MRK,Merck & Co.,0.115,10,$128.49,4.43,$150.51,$75.81,98.54,$154.49
MRSH,Marsh,0.115,6,$166.67,3.98,$193.60,$155.72,24.33,$208.37
TECH,Bio-Techne Corp.,0.115,5,$70.65,3.68,$72.35,$43.12,67.79,$72.62
ACHC,Acadia Healthcare Co.,0.114,2,$29.53,6.00,$28.35,$11.43,148.03,$35.83
EVH,Evolent Health Inc.,0.114,1,,9.34,$4.67,$2.10,122.38,$10.08
IDXX,IDEXX Laboratories,0.110,6,$526.44,3.93,$555.72,$518.55,7.17,$769.98
GPC,Genuine Parts,0.110,6,$117.98,6.13,$134.70,$89.80,50.00,$148.58
REGN,Regeneron Pharmaceuticals,0.110,3,$623.54,4.95,$826.38,$538.24,53.53,$847.00
VTRS,Viatris Inc.,0.110,3,$15.88,5.13,$16.46,$9.10,80.88,$18.25
NU,Nu Holdings Ltd,0.108,5,$13.36,4.29,$14.81,$11.20,32.23,$18.98
NBR,Nabors Industries Ltd.,0.108,1,,8.85,$88.00,$33.66,161.44,$112.90
FRPT,Freshpet Inc.,0.108,1,,8.87,$76.22,$46.45,64.09,$86.00
ZBH,Zimmer Biomet Holdings,0.107,7,$86.09,3.36,$100.79,$78.91,27.73,$107.16
DECK,Deckers Outdoor,0.107,2,$99.29,7.52,$91.15,$78.91,15.51,$125.45
LIN,Linde plc,0.106,7,$518.94,4.94,$487.03,$385.26,26.42,$548.20
CFRHF,Compagnie Financiere Richemont SA,0.106,1,,8.67,$227.52,$162.03,40.42,$254.24
MELI,Mercadolibre Inc.,0.105,7,$1697.39,5.10,$1952.36,$1495.00,30.59,$2548.50
WTW,Willis Towers Watson plc,0.105,5,$261.37,3.44,$348.26,$239.74,45.27,$350.11
SYF,Synchrony Financial,0.105,3,$76.05,7.84,$80.34,$62.56,28.42,$87.67
DCH,Dauch Corp.,0.105,3,$5.42,3.97,$6.46,$4.92,31.30,$9.25
CVX,Chevron Corp.,0.104,11,$165.76,4.67,$203.34,$142.51,42.68,$210.92
WEN,Wendy's Co.,0.104,4,$8.29,5.97,$8.89,$6.07,46.46,$10.02
DVN,Devon Energy Corp.,0.103,5,$41.32,4.49,$48.07,$30.89,55.62,$52.34
TFX,Teleflex,0.103,3,$126.76,4.91,$138.29,$99.39,39.14,$144.64
CGNX,Cognex Corp.,0.103,2,$72.42,7.60,$58.84,$34.45,70.80,$72.78
CPRT,Copart Inc.,0.102,6,$28.19,4.41,$33.28,$26.81,24.13,$50.11
AMD,Advanced Micro Devices,0.101,6,$580.91,5.12,$458.97,$149.22,207.58,$584.73
FCNCA,First Citizens Bancshares,0.101,3,$2080.78,5.32,$2191.32,$1618.56,35.39,$2296.30
VST,Vistra Corp.,0.101,3,$158.63,4.70,$136.40,$132.47,2.97,$218.91
CNX,CNX Resources Corp.,0.101,1,,8.25,$36.36,$28.45,27.80,$43.62
UPS,United Parcel Service,0.100,7,$107.50,2.95,$102.34,$76.95,33.00,$116.86
MDT,Medtronic plc,0.100,7,$78.23,2.76,$92.89,$72.65,27.86,$103.76
BCC,Boise Cascade Company,0.100,3,$77.63,7.47,$81.98,$64.57,26.96,$91.43
ABM,ABM Industries,0.099,5,$44.24,7.10,$46.86,$36.45,28.56,$49.80
ORLY,O'Reilly Automotive,0.099,4,$92.09,3.90,$89.87,$82.59,8.81,$108.72
CNQ,Canadian Natural Resources,0.098,3,$39.50,8.04,$50.84,$28.73,76.96,$51.48
ABG,Asbury Automotive Group Inc.,0.098,2,$201.08,7.91,$212.55,$172.01,23.57,$263.38
CR,Crane Co,0.097,2,$223.07,7.82,$206.57,$159.36,29.62,$230.50
EWY,iShares MSCI South Korea ETF,0.097,2,$201.90,6.55,$174.79,$69.82,150.34,$220.89
BMY,Bristol-Myers Squibb,0.096,8,$57.62,2.88,$67.11,$41.13,63.17,$68.64
MGM,MGM Resorts International,0.096,4,$47.81,4.91,$43.71,$29.19,49.74,$51.59
MLM,Martin Marietta,0.096,3,$576.70,4.56,$532.32,$522.19,1.94,$709.08
GPN,Global Payments Inc.,0.095,4,$72.56,2.49,$94.97,$60.93,55.87,$95.67
APG,APi Group Corp.,0.094,3,$42.35,5.00,$40.75,$33.40,22.01,$49.99
AEM,Agnico-Eagle Mines Ltd.,0.094,3,$155.15,6.22,$215.79,$132.56,62.79,$254.61
URBN,Urban Outfitters Inc.,0.094,1,,7.72,$75.57,$59.54,26.92,$84.35
AU,AngloGold Ashanti Ltd.,0.093,3,$80.90,6.81,$119.52,$49.94,139.33,$124.69
NOMD,Nomad Foods Ltd,0.093,1,,7.61,$12.16,$8.86,37.25,$14.98
HKHHF,Heineken Holding NV,0.093,1,,7.61,$78.03,$64.00,21.92,$84.80
AVTR,Avantor Inc.,0.091,5,$9.90,2.82,$14.19,$7.27,95.19,$15.93
KLAC,KLA Corp.,0.091,3,$301.71,5.78,$182.22,$82.78,120.13,$307.03
MAR,Marriott Int'l.,0.090,4,$370.59,7.02,$358.60,$254.64,40.83,$410.15
MEDP,Medpace Holdings Inc.,0.090,4,$529.59,4.52,$615.63,$373.00,65.05,$677.90
HUT,Hut 8 Corp,0.090,2,$115.44,4.07,$81.15,$21.00,286.43,$140.80
HUM,Humana Inc.,0.090,2,$397.22,5.13,$381.23,$161.90,135.47,$428.88
GTX,Garrett Motion Inc.,0.090,2,$36.23,7.28,$25.80,$12.13,112.70,$36.25
ARES,Ares Management LP,0.090,2,$111.31,6.45,$139.84,$93.57,49.45,$181.32
GWRE,Guidewire Software Inc.,0.089,1,,7.27,$192.11,$102.30,87.79,$272.60
BNY,Bank of New York Mellon Corp.,0.088,10,$144.61,2.24,$162.29,$99.97,62.34,$165.69
KMX,CarMax Inc.,0.088,5,$52.89,3.50,$62.75,$30.26,107.37,$63.00
ECL,Ecolab Inc.,0.088,4,$278.61,4.22,$285.63,$242.49,17.79,$307.61
Q,Qnity Electronics Inc.,0.088,3,$163.31,7.23,$126.41,$72.67,73.95,$177.28
SHOP,Shopify Inc.,0.088,3,$114.18,4.50,$148.98,$94.00,58.49,$182.19
BL,BlackLine Inc.,0.088,1,,7.19,$31.88,$24.70,29.07,$59.57
YNDX,Yandex N.V.,0.088,1,,7.19,$20.00,$14.09,41.94,$20.36
DLTR,Dollar Tree Inc.,0.088,1,,7.25,$135.22,$84.71,59.63,$142.40
GNRC,Generac Holdings Inc.,0.087,6,$292.81,2.91,$202.99,$134.80,50.59,$296.44
JEF,Jefferies Financial Group Inc.,0.087,4,$49.98,3.44,$51.97,$35.00,48.49,$68.96
FLR,Fluor Corp.,0.087,2,$52.39,6.24,$52.13,$39.33,32.55,$57.93
RUSHA,Rush Enterprises Inc.,0.087,2,$72.98,7.03,$78.39,$45.26,73.20,$83.61
STX,Seagate Technology,0.086,3,$965.00,5.90,$800.72,$152.96,423.48,$1144.18
ALLY,Ally Financial Inc.,0.085,4,$45.95,4.78,$42.66,$35.43,20.41,$46.96
CEG,Constellation Energy Corp.,0.085,2,$248.37,3.97,$274.08,$228.28,20.06,$410.41
TOST,Toast Inc.,0.085,2,$27.82,6.98,$36.55,$22.26,64.20,$45.64
GDS,GDS Holdings Ltd,0.085,2,$30.03,4.92,$31.86,$26.97,18.13,$48.61
RTX,RTX Corp.,0.084,7,$189.73,3.49,$209.51,$148.41,41.17,$226.41
ABT,Abbott Labs,0.084,7,$90.74,3.98,$116.68,$81.39,43.36,$134.38
PFGC,Performance Food Group,0.084,4,$111.79,4.00,$106.49,$80.82,31.76,$117.48
QXO,Qxo Inc,0.084,3,$17.28,4.10,$13.53,$13.15,2.89,$27.61
MGA,Magna International Inc.,0.084,3,$91.94,6.54,$67.73,$41.73,62.31,$73.22
CTSH,Cognizant Technology Solutions,0.083,6,$38.73,3.02,$61.82,$36.86,67.72,$85.48
GTN,Gray Television Inc.,0.083,1,,6.80,$4.96,$3.55,39.72,$6.30
KEYS,Keysight Technologies Inc.,0.082,5,$350.07,4.48,$313.69,$158.79,97.55,$374.96
APO,Apollo Global Management,0.082,3,$118.31,4.46,$132.54,$98.73,34.24,$151.39
JLL,Jones Lang Lasalle Inc.,0.081,5,$309.95,3.28,$386.56,$259.83,48.77,$393.84
INDV,Indivior Pharmaceuticals Inc.,0.081,1,,6.65,$36.01,$27.68,30.09,$42.81
CRS,Carpenter Technology,0.080,3,$616.84,3.63,$474.70,$227.57,108.60,$625.99
CSCO,Cisco Systems,0.079,7,$117.46,5.40,$111.05,$64.79,71.40,$129.88
GSK,GSK plc,0.079,6,$52.42,3.51,$51.61,$37.31,38.33,$60.12
IQV,IQVIA Holdings Inc.,0.079,4,$193.22,3.13,$259.04,$154.50,67.66,$260.50
BIIB,Biogen Inc.,0.079,3,$216.06,3.75,$216.25,$131.52,64.42,$222.15
TEVA,Teva Pharmaceutical Industries Ltd.,0.079,2,$33.88,3.97,$36.90,$17.82,107.07,$37.83
RHI,Robert Half International,0.079,2,$30.70,5.93,$45.31,$21.36,112.13,$45.83
EBAY,eBay Inc.,0.079,2,$111.75,4.74,$106.77,$77.56,37.66,$118.98
ADBE,Adobe Inc.,0.078,10,$205.01,2.57,$275.78,$190.12,45.06,$370.86
MANU,Manchester United plc,0.078,3,$22.93,2.41,$23.80,$14.59,63.13,$24.45
COP,ConocoPhillips,0.077,7,$103.96,2.10,$133.77,$82.95,61.27,$135.88
CME,CME Group,0.077,7,$220.83,2.52,$278.03,$218.31,27.36,$319.84
HTHT,H World Group Ltd ADR,0.077,3,$41.72,5.59,$48.39,$33.72,43.51,$55.19
ZTS,Zoetis Inc.,0.076,5,$71.86,3.03,$77.05,$70.98,8.55,$155.32
BP,BP plc,0.076,4,$36.95,3.65,$43.84,$31.12,40.87,$47.14
AMGN,Amgen,0.076,4,$362.12,3.21,$441.83,$262.49,68.32,$441.83
MCK,McKesson Corp.,0.076,2,$755.61,5.95,$868.37,$670.65,29.48,$997.90
VEEV,Veeva Systems Inc.,0.075,6,$177.47,1.93,$247.32,$148.05,67.05,$310.50
JCI,Johnson Controls Intl. plc,0.075,4,$146.11,4.27,$142.39,$102.49,38.93,$157.06
NSRGY,Nestle,0.075,1,,6.11,$99.31,$84.97,16.88,$107.17
AN,AutoNation Inc.,0.075,1,,6.17,$197.13,$176.62,11.61,$235.81
MSCI,MSCI Inc.,0.074,6,$560.04,3.24,$570.67,$495.54,15.16,$642.47
MDLZ,Mondelez International,0.074,4,$57.84,5.64,$64.54,$50.34,28.21,$66.65
OLN,Olin Corp.,0.074,4,$19.82,4.83,$17.63,$17.63,0.00,$30.25
NYT,New York Times CL A,0.074,3,$69.98,4.55,$67.16,$53.65,25.18,$86.83
MTZ,MasTec Inc.,0.074,2,$416.06,3.42,$257.74,$171.05,50.68,$441.43
ACI,Albertsons Co Inc.,0.074,1,,6.09,$12.62,$10.86,16.21,$19.18
DAL,Delta Air Lines Inc.,0.073,5,$93.66,2.16,$82.65,$54.60,51.37,$95.44
SBUX,Starbucks Corp.,0.073,5,$102.19,3.13,$107.05,$76.05,40.76,$109.88
FTV,Fortive Corp.,0.073,4,$61.09,3.47,$60.39,$46.33,30.35,$64.56
BRZE,Braze Inc A,0.073,2,$21.69,5.99,$31.62,$15.26,107.21,$37.33
VAL,Valaris plc,0.073,1,,5.99,$85.97,$46.23,85.96,$114.12
Z,Zillow Group Inc.,0.072,1,,5.89,$36.80,$29.23,25.90,$93.88
ENTG,Entegris Inc.,0.071,6,$179.86,2.70,$139.20,$67.81,105.28,$186.78
WCC,WESCO International Inc.,0.071,5,$345.38,4.23,$337.87,$202.38,66.95,$385.37
RYAAY,Ryanair Holdings PLC,0.071,3,$64.75,5.59,$56.61,$53.14,6.53,$73.75
HOG,Harley-Davidson,0.071,2,$24.46,5.79,$28.22,$16.96,66.39,$30.44
PLGO,Pelagos Insurance Capital,0.071,1,,5.84,$24.07,$16.25,48.12,$26.34
SPUU,Dir Dai S&P 500 Bu 2x ETF Us,0.071,1,,5.81,$223.00,$154.62,44.22,$232.39
XOM,ExxonMobil Holdings Corp.,0.070,10,$136.72,3.65,$163.73,$105.30,55.49,$174.09
FNF,Fidelity National Financial Inc.,0.070,3,$47.16,3.54,$47.44,$42.32,12.10,$57.15
FIVE,Five Below Inc.,0.070,2,$179.79,3.62,$258.97,$137.77,87.97,$258.97
XYZ,Block Inc.,0.070,2,$76.00,4.26,$81.78,$48.21,69.63,$86.75
OGN,Organon & Co.,0.070,1,,5.72,$13.74,$5.67,142.33,$13.76
NVST,Envista Holdings Corp.,0.069,5,$26.35,2.87,$27.25,$18.77,45.18,$30.42
MCHP,Microchip Technology,0.069,4,$91.20,5.37,$74.02,$47.57,55.60,$105.38
NOV,Nov Inc.,0.069,4,$18.55,1.98,$19.68,$12.06,63.18,$21.67
MSA,MSA Safety Inc.,0.069,3,$174.58,4.68,$189.86,$149.32,27.15,$207.14
DELL,Dell Technologies Inc.,0.069,3,$431.46,5.68,$436.30,$109.70,297.72,$514.00
ODFL,Old Dominion Freight Line,0.069,3,$216.60,4.93,$201.40,$125.43,60.57,$252.03
UAN,CVR Partners LP,0.069,1,,5.62,$125.72,$74.15,69.55,$128.59
GLD,SPDR Gold Trust,0.068,6,$1290.12,2.35,$425.01,$306.43,38.70,$509.70
WAB,WABTEC Corp.,0.068,3,$269.60,4.93,$298.41,$183.40,62.71,$306.32
MRP,Millrose Properties,0.068,2,$30.05,3.95,$30.47,$25.60,19.02,$32.54
BLMN,Bloomin Brands Inc.,0.068,1,,5.59,$11.38,$5.19,119.27,$12.63
CCC,CCC Intelligent Solutions Hldgs Inc.,0.067,2,$5.16,3.02,$7.47,$4.08,83.09,$10.14
UBS,UBS AG,0.066,4,$44.91,2.66,$53.75,$35.38,51.92,$55.15
RGLD,Royal Gold Inc.,0.066,2,$199.61,5.09,$261.40,$167.81,55.77,$304.97
LYB,LyondellBasell Industries,0.065,3,$52.65,2.87,$65.50,$39.52,65.74,$83.07
CLF,Cleveland-Cliffs Inc.,0.065,2,$9.39,5.30,$11.32,$7.73,46.44,$16.70
CRGY,Crescent Energy Inc A,0.065,2,$9.82,4.86,$13.70,$7.46,83.65,$14.12
PHYS,Sprott Physical Gold Trust,0.065,2,$30.17,5.29,$35.14,$25.55,37.53,$42.07
MBI,MBIA Inc.,0.065,2,$6.52,4.34,$4.84,$4.72,2.54,$8.26
OZK,Bank OZK,0.065,2,$52.09,3.22,$49.63,$41.16,20.58,$53.18
PRI,Primerica Inc.,0.065,1,,5.36,$300.09,$227.14,32.12,$325.96
NSC,Norfolk Southern Corp.,0.064,4,$314.59,4.13,$351.66,$263.58,33.42,$357.18
TTMI,TTM Technologies Inc.,0.064,4,$187.02,3.13,$107.05,$40.46,164.58,$223.83
FANG,Diamondback Energy Inc.,0.064,2,$175.78,3.02,$204.99,$131.14,56.31,$216.90
CTRI,Centuri Holdings Inc,0.064,1,,5.25,$20.77,$19.04,9.09,$42.99
SGU,Star Gas Partners LP,0.064,1,,5.26,$12.60,$10.70,17.76,$13.33
TRUP,Trupanion Inc.,0.064,1,,5.28,$31.42,$21.16,48.49,$48.48
SAP,SAP SE,0.063,7,$154.11,2.96,$219.06,$144.97,51.11,$276.56
BIO,Bio-Rad Laboratories Inc.,0.063,3,$293.61,2.39,$377.60,$236.73,59.51,$385.92
NXPI,NXP Semiconductors NV,0.063,3,$281.03,2.48,$221.75,$180.63,22.76,$338.80
UA,Under Armour CL C,0.063,1,,5.18,$5.23,$3.95,32.41,$7.91
BF.B,Brown-Forman Corp.,0.062,5,$26.65,3.33,$28.81,$22.41,28.56,$31.11
LPLA,LPL Financial Holdings Inc.,0.062,4,$281.68,2.10,$364.64,$259.94,40.28,$399.03
TLN,Talen Energy Corp,0.062,3,$384.26,3.37,$307.17,$301.45,1.90,$451.28
PLD,Prologis Inc.,0.062,3,$135.47,2.70,$142.39,$105.72,34.69,$153.35
MIR,Mirion Technologies Inc,0.062,2,$17.93,4.24,$14.70,$14.11,4.18,$30.28
AAL,American Airlines Group Inc.,0.062,2,$18.07,3.31,$13.71,$10.09,35.88,$18.79
VGNT,Versigent Plc,0.062,2,$42.01,2.64,$47.17,$26.34,79.08,$50.89
LNC,Lincoln National,0.062,2,$35.35,5.04,$42.63,$31.40,35.76,$47.67
QUAD,Quad/Graphics Inc.,0.062,1,,5.06,$10.30,$4.93,108.92,$11.03
PTLO,Portillo's Inc Cl A,0.062,1,,5.05,$4.92,$3.78,30.16,$7.34
GPGI,GPGI Inc.,0.062,1,,5.09,$12.91,$11.22,15.06,$26.77
LKQ,LKQ Corp.,0.060,4,$26.33,2.86,$25.60,$20.92,22.37,$35.92
XPO,XPO Logistics,0.060,4,$205.29,4.84,$191.77,$121.48,57.86,$232.05
MHK,Mohawk Industries,0.060,3,$121.33,2.37,$134.85,$92.99,45.02,$143.13
MET,MetLife Inc.,0.060,2,$84.61,2.76,$96.08,$66.41,44.68,$100.93
VZ,Verizon Communications,0.059,7,$42.34,1.76,$50.21,$36.55,37.37,$50.21
MS,Morgan Stanley,0.059,5,$209.04,3.54,$214.43,$141.46,51.58,$230.98
NEE,NextEra Energy Inc.,0.059,4,$87.77,3.10,$83.97,$67.81,23.83,$98.03
LEA,Lear Corp.,0.059,3,$134.06,2.61,$123.22,$94.25,30.74,$150.00
OKE,ONEOK Inc.,0.059,2,$86.94,3.08,$93.50,$61.67,51.61,$97.90
AME,Ametek Inc.,0.059,2,$241.94,4.87,$240.18,$178.41,34.62,$261.16
DJCO,Daily Journal Corp.,0.059,1,,4.80,$599.48,$348.63,71.95,$674.75
GS,Goldman Sachs Group,0.058,5,$1011.37,2.77,$1036.48,$704.40,47.14,$1153.99
BRCC,BRC Inc.,0.058,1,,4.79,$9.83,$0.60,1538.33,$10.32
MP,MP Materials Corp.,0.058,1,,4.74,$57.39,$37.81,51.79,$100.25
MNDY,monday.com Ltd.,0.058,1,,4.77,$93.54,$57.50,62.68,$220.80
LFUS,Littelfuse Inc.,0.057,7,$455.33,2.52,$404.87,$231.54,74.86,$499.60
ARW,Arrow Electronics,0.057,4,$213.41,4.35,$202.85,$101.79,99.28,$237.33
AVT,Avnet Inc.,0.057,3,$88.82,3.87,$86.50,$43.52,98.76,$100.00
CHD,Church & Dwight,0.057,2,$96.88,4.58,$101.75,$80.29,26.73,$105.37
ALAB,Astera Labs Inc,0.057,1,,4.65,$279.01,$97.89,185.02,$499.48
CNR,Core Natural Resources Inc.,0.057,1,,4.67,$96.39,$69.38,38.93,$114.68
PNC,PNC Financial Services,0.056,5,$246.22,3.78,$243.83,$172.82,41.09,$258.96
BHF,Brighthouse Financial Inc.,0.056,1,,4.60,$51.64,$42.07,22.75,$66.80
GLW,Corning Inc.,0.055,4,$255.43,4.26,$146.24,$64.39,127.12,$271.78
YUMC,Yum China Holdings Inc.,0.055,3,$40.87,4.25,$48.54,$40.15,20.90,$57.69
OC,Owens Corning,0.055,3,$158.94,2.86,$147.35,$95.63,54.08,$159.88
SEG,Seaport Entertainment Group,0.055,2,$26.60,3.86,$27.18,$17.74,53.21,$29.61
BGC,BGC Group Inc.,0.055,1,,4.48,$11.76,$8.20,43.41,$12.86
CNDT,Conduent Inc.,0.055,1,,4.48,$1.61,$1.15,40.00,$2.98
B,Barrick Mining Corp.,0.054,5,$36.73,3.12,$47.83,$24.72,93.49,$54.01
BX,Blackstone Group,0.054,4,$117.67,3.30,$143.51,$99.78,43.83,$182.67
AMRZ,Amrize Ltd,0.054,3,$53.30,2.13,$45.12,$44.30,1.85,$65.13
KGC,Kinross Gold Corp.,0.054,3,$23.62,4.14,$32.72,$19.09,71.40,$38.96
LLYVK,Liberty Media Corp. Series C Live,0.054,2,$105.64,4.07,$106.23,$78.68,35.02,$109.75
FAST,Fastenal,0.054,2,$48.03,2.72,$51.36,$38.34,33.96,$52.92
TER,Teradyne Inc.,0.054,2,$483.84,4.42,$367.38,$109.34,236.00,$487.91
NMIH,NMI Holdings,0.054,2,$41.09,4.39,$45.53,$34.84,30.68,$46.74
MAVF,Matrix Advisors Value ETF,0.054,1,,4.41,$140.33,$112.77,24.44,$142.84
OMC,Omnicom Group,0.053,4,$72.83,2.53,$88.80,$64.98,36.66,$89.19
TJX,TJX Companies Inc.,0.053,3,$151.50,2.52,$139.99,$133.12,5.16,$169.47
TMHC-OLD,Taylor Morrison Home Corp.,0.053,3,$71.74,3.30,$72.46,$54.15,33.81,$72.50
TDAY,Gannett Co.,0.053,2,$8.55,2.83,$6.38,$3.42,86.55,$9.21
SYY,Sysco Corp.,0.052,5,$83.44,1.81,$84.30,$67.23,25.39,$90.56
MPLX,MPLX LP,0.052,2,$56.33,3.90,$58.41,$44.22,32.09,$60.16
MSGE,Madison Square Garden Entertainment Corp.,0.052,1,,4.28,$79.98,$37.86,111.25,$90.41
VNOM,Viper Energy Inc.,0.052,1,,4.25,$44.66,$33.67,32.64,$49.62
MCD,McDonald's Corp.,0.051,7,$270.31,2.18,$272.20,$260.96,4.31,$337.56
RMNI,Rimini Street Inc.,0.051,2,$4.26,4.15,$5.21,$2.87,81.53,$5.27
OSW,OneSpaWorld Holdings Ltd,0.051,1,,4.19,$26.30,$18.94,38.86,$29.19
DEO,Diageo ADR,0.050,8,$80.38,1.60,$96.32,$71.73,34.28,$112.30
NKE,NIKE Inc.,0.050,7,$41.05,2.32,$40.98,$38.86,5.46,$78.02
ABBV,AbbVie Inc.,0.050,7,$251.64,3.09,$264.44,$189.40,39.62,$267.47
REZI,Resideo Technologies Inc.,0.050,5,$31.10,1.90,$19.76,$18.88,4.66,$32.01
PPG,PPG Industries,0.050,3,$121.29,2.78,$113.24,$91.35,23.96,$130.99
KDP,Keurig Dr Pepper Inc.,0.050,2,$32.73,4.04,$32.45,$24.43,32.83,$34.43
CRL,Charles River Labs,0.050,2,$226.79,3.41,$293.48,$144.26,103.44,$299.32
FTNT,Fortinet Inc.,0.050,1,,4.09,$152.80,$73.55,107.75,$172.09
NTRA,Natera Inc.,0.049,4,$271.45,3.32,$327.25,$157.43,107.87,$333.56
CRBG,Corebridge Financial Inc.,0.049,3,$28.63,2.84,$31.80,$21.90,45.21,$34.81
LBTYA,Liberty Global Ltd CL A,0.049,3,$11.37,2.57,$10.73,$9.43,13.79,$13.52
IEX,IDEX Corp.,0.049,2,$226.95,3.97,$233.03,$155.87,49.50,$243.80
CHTR,Charter Communications,0.048,6,$142.21,1.95,$150.66,$111.55,35.06,$285.82
FN,Fabrinet,0.047,4,$562.08,3.30,$424.00,$275.22,54.06,$748.89
SEB,Seaboard Corp.,0.047,2,$4464.28,3.80,$4241.85,$3133.55,35.37,$5983.34
LUV,Southwest Airlines,0.047,2,$51.42,3.87,$40.64,$28.88,40.72,$54.63
LUMN,Lumen Technologies Inc.,0.047,1,,3.87,$5.70,$4.33,31.64,$11.95
MAIR,Madison Air Solutions Corp A,0.047,1,,3.87,$25.07,$24.77,1.21,$44.50
WDAY,Workday Inc.,0.046,4,$122.42,1.81,$199.69,$110.36,80.94,$249.85
CNC,Centene Corp.,0.046,3,$64.19,2.71,$65.37,$28.24,131.48,$69.36
WULF,Terawulf Inc,0.046,2,$24.70,3.65,$15.85,$8.60,84.30,$29.84
DKS,Dick's Sporting Goods Inc.,0.046,2,$226.81,3.02,$178.48,$176.07,1.37,$244.38
CNA,CNA Financial Corp.,0.046,1,,3.77,$49.77,$40.34,23.38,$55.19
CG,Carlyle Group,0.045,4,$42.11,1.91,$49.14,$39.32,24.97,$67.95
NVT,nVent Electric plc,0.045,3,$169.61,3.19,$155.32,$86.58,79.39,$184.40
SDHC,Smith Douglas Homes Corp,0.045,3,$15.54,3.67,$12.48,$10.72,16.42,$23.49
NVR,NVR Inc.,0.045,3,$6813.41,3.03,$6380.66,$5501.01,15.99,$8618.28
FLEX,Flex Ltd.,0.045,3,$162.07,3.66,$107.64,$49.36,118.07,$166.86
STLA,Stellantis N.V.,0.045,2,$5.74,3.69,$5.24,$5.05,3.76,$12.22
TWLO,Twilio Inc.,0.045,2,$206.33,3.70,$223.33,$98.44,126.87,$258.35
DD,DuPont de Nemours Inc.,0.045,2,$135.65,3.71,$136.42,$87.24,56.37,$156.73
NRP,Natural Resource Partners,0.045,1,,3.69,$106.25,$94.82,12.05,$126.18
HSY,Hershey Co.,0.044,5,$175.44,2.08,$189.44,$156.70,20.89,$235.80
COHR,Coherent Corp.,0.044,4,$394.47,3.50,$278.60,$85.94,224.18,$440.00
ILMN,Illumina Inc.,0.044,2,$175.83,2.02,$220.91,$88.00,151.03,$220.91
USFD,US Foods Holding Corp.,0.044,2,$102.25,3.07,$109.76,$69.88,57.07,$111.42
SSNC,SS&C Technologies Holdings Inc.,0.044,2,$62.05,2.01,$83.61,$61.40,36.17,$89.82
PGEN,Precigen Inc.,0.044,1,,3.61,$7.08,$2.99,136.79,$7.50
ERFSF,Eurofins Scientific SE,0.044,1,,3.60,$86.40,$64.33,34.31,$86.40
PSX,Phillips 66,0.043,6,$169.05,2.96,$240.91,$121.29,98.62,$246.95
LBRDK-OLD,Liberty Broadband Corp. CL C,0.043,4,$33.26,1.94,$35.99,$26.25,37.10,$65.73
CORZ,Core Scientific Inc,0.043,3,$25.59,3.38,$17.61,$13.14,34.02,$30.46
AERO,Grupo Aeromexico Sab De Cv,0.043,2,$18.00,1.89,$14.29,$12.26,16.56,$23.05
BFH,Bread Financial Holdings Inc.,0.043,2,$108.35,3.40,$106.16,$53.34,99.03,$114.53
AFRM,Affirm Holdings Inc.,0.043,2,$81.55,3.51,$76.91,$42.10,82.68,$100.00
SA,Seabridge Gold Inc.,0.043,1,,3.52,$32.71,$16.04,103.93,$40.06
ROIV,Roivant Sciences Ltd,0.042,4,$35.39,1.95,$36.46,$11.60,214.31,$37.97
MSGS,Madison Square Garden Sports Corp.,0.042,4,$401.84,2.64,$403.59,$193.87,108.18,$438.93
TAP,Molson Coors Beverage Co.,0.042,3,$38.94,2.94,$43.09,$38.04,13.28,$53.62
AMG,Affiliated Managers Group,0.042,3,$338.40,3.37,$359.79,$218.19,64.90,$392.91
CHYM,Chime Financial Inc Cl A,0.042,3,$20.48,2.78,$32.65,$15.88,105.60,$33.75
FOX,Fox Corporation CL B,0.042,2,$46.84,3.27,$61.65,$44.08,39.86,$67.81
NRG,NRG Energy Inc.,0.042,1,,3.44,$111.88,$111.57,0.28,$188.71
ALV,Autoliv Inc.,0.041,2,$116.17,3.37,$122.59,$98.41,24.57,$132.17
INCY,Incyte Corp.,0.041,2,$113.36,2.64,$127.74,$81.09,57.53,$132.60
GFL,Gfl Environmental Inc Sub Vt,0.041,1,,3.39,$41.74,$33.32,25.27,$51.32
CPT,Camden Property Trust,0.040,3,$114.49,1.76,$108.70,$94.30,15.27,$119.81
WSC,WillScot Mobile Mini Hldgs Corp.,0.040,2,$28.86,3.28,$22.31,$14.77,51.05,$29.77
PENN,Penn National Gaming Inc.,0.040,2,$21.36,3.20,$18.27,$11.65,56.82,$22.36
UAL,United Airlines Holdings Inc.,0.040,2,$135.99,3.31,$113.68,$84.64,34.31,$138.77
SSD,Simpson Manufacturing,0.040,2,$209.35,3.09,$188.55,$155.55,21.22,$213.18
STZ,Constellation Brands,0.039,4,$139.09,1.58,$137.86,$123.82,11.34,$166.17
RS,Reliance Steel & Aluminum,0.039,2,$373.60,3.23,$381.38,$256.46,48.71,$432.62
CE,Celanese Corp.,0.039,2,$46.00,2.82,$45.30,$35.07,29.17,$70.65
IDT,IDT Corp. CL B,0.039,1,,3.23,$67.82,$45.54,48.92,$68.99
SWKS,Skyworks Solutions Inc.,0.039,1,,3.18,$66.42,$51.48,29.02,$88.05
STT,State Street Corp.,0.038,5,$169.60,1.93,$190.84,$102.75,85.73,$195.18
NVO,Novo Nordisk A S,0.038,4,$47.94,1.05,$46.80,$34.20,36.84,$61.21
IBP,Installed Building Products,0.038,2,$229.84,3.07,$245.46,$192.75,27.35,$345.54
PCG,PG&E Corp.,0.038,2,$16.82,2.85,$18.05,$14.18,27.29,$19.04
EW,Edwards Lifesciences Corp.,0.038,2,$90.46,3.09,$90.74,$72.30,25.50,$96.29
FPH,Five Point Holdings LLC,0.038,1,,3.11,$5.20,$4.60,13.04,$6.64
STRL,Sterling Construction Co. Inc.,0.038,1,,3.13,$492.82,$266.13,85.18,$1005.68
LMT,Lockheed Martin Corp.,0.037,5,$509.46,1.38,$564.75,$432.13,30.69,$687.50
LH,Labcorp Holdings Inc.,0.037,3,$280.00,1.92,$337.51,$242.59,39.13,$339.35
AEP,American Electric Power,0.037,3,$136.81,1.72,$121.91,$102.52,18.91,$139.52
FNV,Franco Nevada Corp.,0.037,2,$208.45,1.84,$268.47,$178.96,50.02,$284.60
FMX,Fomento Economico Mexicano,0.037,2,$127.90,2.78,$121.34,$77.56,56.45,$141.47
ALGN,Align Technology Inc.,0.037,1,,3.07,$159.55,$122.00,30.78,$200.44
RBLX,Roblox Corp.,0.037,1,,3.04,$38.66,$33.88,14.11,$142.00
MICC,Magnum Ice Cream Co NV,0.036,7,$16.98,0.91,$20.19,$12.94,56.03,$20.42
CARR,Carrier Global Corp.,0.036,4,$73.35,1.74,$59.93,$49.67,20.66,$76.49
ONON,On Holding AG,0.036,4,$35.42,2.88,$29.43,$29.38,0.17,$51.08
SNOW,Snowflake Inc.,0.036,3,$254.50,2.25,$326.28,$118.30,175.81,$341.95
EL,Estee Lauder Cos.,0.036,3,$78.94,2.87,$103.55,$65.96,56.99,$120.79
YUM,Yum! Brands Inc.,0.036,3,$159.86,2.01,$156.91,$135.39,15.89,$170.14
SPHR,Sphere Entertainment Co.,0.036,2,$173.03,2.87,$157.86,$40.74,287.48,$181.63
AWI,Armstrong World Industries Inc.,0.036,2,$160.42,1.50,$178.14,$150.00,18.76,$204.82
CPAY,Corpay Inc.,0.036,1,,2.99,$415.88,$252.84,64.48,$425.95
TPG,Tpg Inc,0.036,1,,2.92,$52.51,$36.07,45.58,$67.83
WMT,Walmart Inc.,0.035,6,$113.26,2.76,$105.66,$94.62,11.67,$134.83
EMBJ,Embraer SA,0.035,3,$63.80,2.09,$76.10,$53.37,42.59,$80.46
BRO,Brown & Brown Inc.,0.035,3,$64.15,1.62,$74.13,$53.69,38.07,$96.79
BF.A,Brown-Forman Corp. CL A,0.035,3,$27.36,2.22,$29.47,$22.81,29.20,$30.87
TW,Tradeweb Markets Inc.,0.035,3,$99.66,1.63,$107.63,$91.42,17.73,$130.44
RGEN,Repligen Corp.,0.035,2,$136.44,2.44,$180.43,$100.99,78.66,$188.73
CDNS,Cadence Design Systems,0.035,2,$375.32,2.81,$313.20,$262.75,19.20,$416.69
TRGP,Targa Resources Corp.,0.035,2,$268.14,2.83,$292.83,$141.11,107.52,$307.94
UNF,UniFirst Corp.,0.035,2,$264.46,2.03,$292.01,$146.95,98.71,$306.67
ULS,Ul Solutions Inc Class A,0.035,1,,2.91,$74.81,$61.36,21.92,$107.38
PRVA,Privia Health Group Inc.,0.035,1,,2.91,$21.03,$19.53,7.68,$28.82
VOO,Vanguard S&P 500 ETF,0.034,6,$686.82,1.77,$702.75,$576.78,21.84,$716.39
CPB,Campbell's Co.,0.034,3,$22.27,2.60,$24.07,$19.23,25.17,$32.13
TCOM,Trip.com Group Ltd,0.034,3,$39.84,1.50,$45.85,$38.04,20.53,$78.99
BR,Broadridge Financial Solutions,0.034,2,$136.95,1.49,$184.80,$133.83,38.09,$258.78
WSO,Watsco Inc.,0.034,2,$416.73,1.90,$311.60,$300.66,3.64,$455.09
IMO,Imperial Oil Ltd.,0.034,2,$112.17,2.55,$136.86,$82.42,66.05,$138.75
MIDD,Middleby Corp.,0.034,1,,2.82,$114.61,$88.87,28.96,$148.55
CBRS,Cerebras Systems Inc A,0.034,1,,2.76,$188.42,$160.81,17.17,$386.34
CMPR,Cimpress plc,0.034,1,,2.77,$87.69,$56.34,55.64,$106.58
EFA,iShares MSCI EAFE ETF,0.033,5,$103.87,2.39,$108.11,$87.06,24.18,$108.89
WY,Weyerhaeuser Co.,0.033,4,$23.94,2.05,$24.43,$20.60,18.59,$27.28
LOW,Lowe's Cos.,0.033,3,$220.49,1.43,$216.33,$199.40,8.49,$289.87
WPM,Wheaton Precious Metals Corp.,0.033,2,$112.32,2.67,$159.49,$92.01,73.34,$165.03
GPK,Graphic Packaging Hldg Co.,0.033,1,,2.69,$11.51,$8.69,32.45,$22.69
KNSL,Kinsale Capital Group Inc.,0.033,1,,2.67,$392.81,$287.20,36.77,$484.06
FER,Ferrovial Se,0.033,1,,2.72,$62.75,$52.14,20.35,$74.07
CTO,CTO Realty Growth Inc.,0.033,1,,2.74,$21.94,$14.20,54.51,$22.71
ATS,Ats Corp,0.033,1,,2.67,$19.16,$19.11,0.26,$35.82
HCA,HCA Healthcare Inc.,0.032,5,$389.89,2.15,$430.12,$353.99,21.51,$554.58
BSX,Boston Scientific,0.032,5,$42.68,2.29,$48.86,$42.20,15.78,$109.50
VRSK,Verisk Analytics Inc.,0.032,5,$179.53,1.65,$190.08,$155.52,22.22,$272.31
CASY,Casey's Gen'l Stores,0.032,3,$794.80,1.98,$852.93,$488.30,74.67,$927.15
WMB,Williams Cos.,0.032,3,$74.34,2.57,$71.09,$54.36,30.78,$79.49
CSX,CSX Corp.,0.032,3,$47.53,2.15,$51.50,$31.48,63.60,$53.60
RDDT,Reddit Inc Cl A,0.032,2,$173.58,1.83,$151.56,$119.27,27.07,$282.95
CLH,Clean Harbors Inc.,0.032,2,$298.75,2.59,$313.39,$201.34,55.65,$335.94
VRTX,Vertex Pharmaceuticals,0.032,2,$496.73,1.51,$548.39,$374.17,46.56,$555.32
LII,Lennox International,0.032,1,,2.60,$397.86,$395.57,0.58,$591.59
GGG,Graco Inc.,0.032,1,,2.63,$80.47,$72.23,11.41,$94.99
ITUB,ita Unibanco Holding S.A.,0.032,1,,2.59,$7.54,$6.01,25.46,$9.47
MTN,Vail Resorts Inc.,0.031,4,$136.15,2.23,$150.86,$116.69,29.28,$160.49
LEN.B,Lennar Corp. CL B,0.031,4,$88.71,2.12,$86.49,$78.02,10.86,$134.56
MAS,Masco Corp.,0.031,3,$81.37,1.33,$72.97,$57.76,26.33,$83.64
TME,Tencent Music Entertainment Grp,0.031,3,$8.35,1.49,$8.63,$7.94,8.69,$26.00
BAP,Credicorp Ltd.,0.031,3,$389.58,1.08,$380.66,$230.45,65.18,$413.25
A,Agilent Technologies,0.031,2,$132.83,2.53,$153.21,$108.14,41.68,$160.51
TTWO,Take-Two Interactive Software,0.031,2,$249.98,1.89,$234.63,$187.63,25.05,$265.94
FIS,Fidelity National Information Services,0.031,2,$38.88,1.56,$41.38,$37.42,10.58,$69.65
JBS,Jbs Nv A,0.031,2,$11.85,2.54,$13.84,$11.45,20.87,$17.27
RLI,RLI Corp.,0.031,2,$59.07,1.48,$66.22,$45.27,46.28,$66.91
WFRD,Weatherford International plc,0.031,1,,2.51,$88.18,$56.36,56.46,$112.79
JELD,JELD-WEN Holding Inc.,0.031,1,,2.53,$2.38,$0.93,155.91,$6.98
RMD,ResMed Inc.,0.031,1,,2.54,$231.92,$179.75,29.02,$290.73
WHK,Whitehawk Minerals Corp Cl A,0.031,1,,2.56,$26.25,$25.34,3.59,$28.60
IBM,International Business Machines,0.030,5,$281.21,2.36,$232.36,$197.77,17.49,$330.09
CL,Colgate-Palmolive,0.030,5,$91.68,1.26,$91.80,$73.21,25.39,$98.15
FOUR,Shift4 Payments Inc. CL A,0.030,2,$48.64,2.09,$47.94,$34.56,38.72,$92.79
TTC,Toro Co.,0.030,2,$97.42,2.39,$98.77,$66.72,48.04,$104.28
SDRL,Seadrill Ltd,0.030,2,$37.82,2.45,$46.78,$28.10,66.48,$55.47
ZBRA,Zebra Technologies Corp.,0.030,2,$263.26,2.42,$362.11,$199.05,81.92,$386.23
PEG,Public Serv. Enterprise Inc.,0.030,2,$81.16,2.42,$73.21,$72.60,0.84,$86.18
LAZ,Lazard Inc.,0.030,2,$41.94,2.41,$43.99,$37.82,16.31,$57.45
TRIP,TripAdvisor Inc.,0.030,2,$13.71,1.62,$10.20,$9.01,13.21,$20.16
PAYX,Paychex Inc.,0.030,2,$98.33,2.35,$125.99,$83.50,50.89,$135.23
CHRW,C.H. Robinson Worldwide,0.030,2,$188.34,1.33,$142.46,$120.59,18.14,$210.33
BE,Bloom Energy Corp.,0.030,2,$302.69,2.36,$208.86,$44.64,367.88,$351.28
NWSA,News Corp.,0.030,2,$24.83,2.32,$30.66,$22.11,38.67,$31.48
NXT,Nextracker Inc Cl A,0.030,1,,2.49,$84.16,$64.30,30.89,$163.13
OCSL,Oaktree Specialty Lending Corp,0.030,1,,2.49,$13.09,$10.33,26.72,$13.25
ESRT,Empire State Realty Trust Inc.,0.030,1,,2.45,$4.72,$4.61,2.39,$7.90
DPC,Dpc Holdings Plc,0.029,4,$49.06,2.27,$44.34,$42.50,4.33,$57.25
CSL,Carlisle Companies,0.029,4,$362.75,1.62,$364.10,$290.64,25.28,$428.80
SUI,Sun Communities Inc.,0.029,3,$119.91,1.75,$123.07,$113.81,8.14,$135.36
BMRN,BioMarin Pharmaceutical Inc.,0.029,3,$57.22,1.24,$65.13,$49.26,32.22,$70.98
CPRI,Capri Holdings Ltd,0.029,2,$18.57,2.29,$13.80,$13.61,1.40,$28.27
PTEN,Patterson-UTI Energy Inc.,0.029,1,,2.41,$11.89,$4.93,141.18,$12.96
VSEC,VSE Corp.,0.028,3,$228.50,2.18,$214.32,$154.36,38.84,$247.85
WST,West Pharmaceutical Services,0.028,2,$358.99,1.85,$349.75,$223.52,56.47,$385.75
PBH,Prestige Consumer Healthcare,0.028,2,$47.27,2.29,$51.47,$42.62,20.76,$71.07
MNST,Monster Beverage Corp.,0.028,1,,2.28,$48.77,$30.49,59.95,$50.17
AMLP,Alerian MLP ETF,0.028,1,,2.26,$54.89,$41.24,33.10,$55.50
VEA,Vanguard FTSE Developed ETF,0.027,5,$71.25,1.63,$73.15,$56.19,30.18,$74.04
FDXF,FedEx Freight Holding Co.,0.027,5,$151.00,1.02,$131.42,$131.42,0.00,$200.00
NESR,National Energy Services Reunited Corp.,0.027,3,$29.93,2.18,$33.74,$8.39,302.15,$36.94
DINO,HF Sinclair Corp.,0.027,3,$69.65,1.99,$95.04,$44.61,113.05,$97.63
BLCO,Bausch + Lomb Corp,0.027,3,$16.56,1.51,$17.29,$13.77,25.56,$18.92
GLIBK,GCI Liberty Inc. Series C,0.027,2,$21.56,2.18,$26.08,$19.30,35.13,$41.18
EXP,Eagle Materials Inc.,0.027,2,$225.00,2.21,$205.09,$171.79,19.38,$245.53
FAF,First Amer'n Corp.,0.027,1,,2.21,$72.20,$55.74,29.53,$79.87
BOKF,BOK Financial Corp.,0.027,1,,2.25,$141.15,$100.84,39.97,$146.20
HLF,Herbalife Nutrition Ltd.,0.027,1,,2.25,$12.75,$7.56,68.65,$20.40
COIN,Coinbase Global Inc.,0.027,1,,2.24,$181.98,$139.11,30.82,$402.16
ATGE,Adtalem Global Education,0.027,1,,2.20,,,,
KSPI,Jsc Kaspi.kz ADR,0.026,7,$86.62,0.96,$106.28,$65.63,61.94,$107.05
TFC,Truist Financial Corp.,0.026,4,$49.82,2.06,$50.79,$39.11,29.86,$54.51
ITRN,Ituran Location & Control Ltd.,0.026,3,$61.01,1.93,$50.78,$30.68,65.51,$67.77
DOX,Amdocs Ltd.,0.026,2,$50.54,2.07,$62.06,$49.24,26.04,$85.59
CDW,CDW Corp.,0.026,2,$140.64,1.09,$133.64,$96.55,38.42,$168.93
GNTX,Gentex Corp.,0.026,2,$25.27,2.09,$23.48,$20.26,15.89,$28.80
AIG,American International Group,0.026,2,$74.53,2.02,$77.29,$70.36,9.85,$86.21
FLS,Flowserve Corp.,0.026,2,$74.16,2.10,$80.57,$48.28,66.88,$91.86
BBIO,BridgeBio Pharma Inc.,0.026,2,$74.48,2.11,$81.07,$46.81,73.19,$93.42
FOSL,Fossil Inc.,0.026,2,$4.14,2.10,$5.55,$1.70,226.47,$6.25
DHT,DHT Holdings Inc.,0.026,1,,2.13,$19.67,$9.43,108.59,$20.62
TECK,Teck Resources,0.026,1,,2.14,$69.80,$31.45,121.94,$71.15
DVA,DaVita HealthCare Partners,0.026,1,,2.15,$173.09,$101.00,71.38,$247.49
VAC,Marriott Vacations Worldwide,0.026,1,,2.16,$111.90,$43.02,160.11,$131.34
NFG,National Fuel Gas,0.026,1,,2.15,$82.34,$74.64,10.32,$96.03
BKV,Bkv Corporation,0.026,1,,2.17,$24.25,$20.08,20.77,$32.81
SPCX,Space Exploration Technologies Corp.,0.025,5,$170.86,0.67,$135.96,$104.83,29.70,$225.64
BUD,Anheuser-Busch InBev,0.025,4,$82.40,1.27,$79.52,$56.78,40.05,$86.60
VOYA,Voya Financial Inc.,0.025,3,$90.53,1.08,$98.56,$64.13,53.69,$103.85
VSNT,Versant Media Group Inc.,0.025,3,$36.01,1.77,$39.21,$26.61,47.35,$45.11
KVUE,Kenvue Inc,0.025,3,$19.11,1.90,$19.33,$13.38,44.47,$20.78
MAA,Mid-America Apt Communties,0.025,2,$138.94,2.00,$132.97,$117.48,13.19,$142.76
ATI,Allegheny Technologies Inc.,0.025,2,$197.10,1.39,$205.29,$71.94,185.36,$243.57
COTY,Coty Inc.,0.025,2,$2.16,2.00,$2.82,$1.82,54.95,$4.56
ISRG,Intuitive Surgical Inc.,0.025,2,$397.68,1.53,$374.89,$328.57,14.10,$603.88
EOG,EOG Resources,0.025,2,$129.73,1.99,$149.68,$99.12,51.01,$153.67
SJM,J.M. Smucker Co,0.025,2,$112.50,2.02,$125.50,$86.47,45.14,$126.46
FBTC,Fidelity Wise Origin Bitcoin,0.025,1,,2.07,$68.80,$50.48,36.29,$110.25
KBR,KBR Inc.,0.025,1,,2.07,$37.76,$29.80,26.71,$51.56
SHEN,Shenandoah Telecommunications Co.,0.025,1,,2.06,$12.35,$9.67,27.71,$17.35
INSM,Insmed Inc.,0.025,1,,2.07,$124.15,$90.39,37.35,$212.75
BIDU,Baidu Inc.,0.024,4,$114.29,1.98,$92.00,$88.14,4.38,$165.30
WRBY,Warby Parker Inc.,0.024,3,$30.34,1.89,$26.34,$14.96,76.07,$31.00
MTB,M&T Bank Corp.,0.024,3,$238.01,1.52,$241.87,$170.99,41.45,$255.95
UHS,Universal Health Services Inc.,0.024,2,$148.69,1.13,$176.20,$140.08,25.79,$245.55
AXTA,Axalta Coating Systems Ltd.,0.024,2,$34.22,1.18,$36.15,$24.94,44.95,$38.61
ANET,Arista Networks Inc.,0.024,2,$169.88,1.94,$188.55,$114.52,64.64,$214.89
PR,Permian Resources Corp.,0.024,2,$18.41,1.97,$23.49,$11.60,102.50,$24.09
COLD,Americold Realty Trust,0.024,1,,1.98,$15.47,$9.59,61.31,$16.88
JXN,Jackson Financial Inc.,0.024,1,,1.94,$132.18,$87.44,51.17,$137.99
FCX,Freeport-McMoran Inc.,0.024,1,,2.00,$77.03,$34.78,121.48,$77.65
ECPG,Encore Capital Group Inc.,0.024,1,,1.94,$102.45,$39.95,156.45,$104.98
SPB,Spectrum Brands Holdings Inc.,0.023,4,$85.75,1.23,$88.02,$48.98,79.71,$99.06
ABEV,Ambev S.A.,0.023,3,$3.14,1.83,$2.92,$2.08,40.38,$3.44
CAG,Conagra Brands Inc.,0.023,3,$13.46,1.76,$16.61,$12.39,34.06,$19.59
LAMR,Lamar Advertising Co.,0.023,3,$155.98,1.64,$152.00,$110.33,37.77,$166.33
BATRK,Atlanta Braves Holdings Inc. Series C,0.023,2,$51.90,1.64,$52.71,$37.76,39.59,$54.46
PANW,Palo Alto Networks,0.023,2,$341.02,1.88,$352.53,$139.57,152.58,$398.88
AGX,Argan Inc.,0.023,2,$798.55,1.80,$468.25,$196.06,138.83,$805.09
ADPT,Adaptive Biotechnologies Corp.,0.023,2,$21.45,1.83,$25.64,$12.00,113.67,$26.16
WTM,White Mountains Insurance,0.023,1,,1.85,$2134.59,$1647.25,29.59,$2333.00
BYD,Boyd Gaming Corp.,0.023,1,,1.92,$81.28,$75.81,7.22,$91.41
SWK,Stanley Black & Decker Inc.,0.023,1,,1.92,$98.33,$59.87,64.24,$104.68
CHRD,Chord Energy,0.023,1,,1.87,$144.32,$80.76,78.70,$153.00
LNT,Alliant Energy,0.023,1,,1.86,$68.35,$61.37,11.37,$78.22
WEC,WEC Energy Group,0.023,1,,1.92,$107.54,$100.35,7.16,$118.87
PDRDF,Pernod Ricard,0.023,1,,1.92,$79.95,$65.28,22.47,$115.44
SHC,Sotera Health Co,0.023,1,,1.88,$19.04,$13.09,45.45,$19.85
TRV,Travelers Companies Inc.,0.022,4,$330.13,0.71,$371.11,$249.31,48.85,$398.70
GILD,Gilead Sciences,0.022,3,$126.34,1.57,$146.40,$106.44,37.54,$155.38
IWF,iShares Russell 1000 Growth ETF,0.022,3,$124.17,1.08,$121.45,$102.14,18.91,$129.03
HSIC,Henry Schein Inc.,0.022,3,$83.52,1.54,$89.22,$61.95,44.02,$92.18
ECHO,EchoStar Corp.,0.022,2,$101.50,1.73,$85.32,$27.40,211.39,$147.25
IR,Ingersoll Rand Inc.,0.022,2,$81.99,0.92,$79.92,$68.05,17.44,$100.89
CTVA,Corteva Inc.,0.022,2,$84.69,1.84,$82.35,$60.10,37.02,$90.97
PRMB,Primo Brands Corp,0.022,2,$24.44,1.77,$22.95,$14.12,62.54,$26.21
GHC,Graham Holdings Co.,0.022,2,$1141.45,1.74,$1172.93,$923.50,27.01,$1262.35
UMBF,UMB Financial Corp.,0.022,1,,1.79,$144.54,$102.27,41.33,$153.32
KRC,Kilroy Realty Corp.,0.022,1,,1.83,$36.81,$26.89,36.89,$42.39
JD,JD.com Inc.,0.021,5,$25.48,1.17,$29.05,$23.66,22.78,$35.59
ROL,Rollins Inc.,0.021,4,$41.74,0.57,$37.28,$35.83,4.05,$65.40
NTRS,Northern Trust Corp.,0.021,3,$173.84,1.69,$187.13,$119.17,57.03,$195.78
CMI,Cummins Inc.,0.021,3,$713.22,1.05,$572.36,$383.91,49.09,$735.02
TKR,Timken Co.,0.021,3,$145.31,1.72,$122.78,$69.62,76.36,$145.98
CMCO,Columbus McKinnon Corp.,0.021,2,$15.13,1.71,$18.11,$11.95,51.55,$24.13
ROK,Rockwell Automation Inc.,0.021,2,$495.08,1.17,$428.30,$328.32,30.45,$495.83
WIX,Wix.com Ltd.,0.021,2,$44.27,0.90,$83.74,$40.16,108.52,$190.93
PSKY,Paramount Skydance Corp.,0.021,2,$9.86,0.99,$10.41,$7.62,36.61,$20.57
VNT,Vontier Corp.,0.021,1,,1.70,$32.86,$27.23,20.68,$48.13
INGR,Ingredion Inc.,0.021,1,,1.72,$106.37,$93.62,13.62,$126.59
LBTYK,Liberty Global Ltd CL C,0.021,1,,1.74,$10.49,$9.30,12.80,$13.12
DEI,Douglas Emmett Inc.,0.020,3,$11.80,1.30,$11.92,$8.79,35.61,$15.90
VRSN,Verisign Inc.,0.020,3,$251.56,0.76,$290.88,$206.93,40.57,$311.57
ROG,Rogers Corp.,0.020,2,$163.73,1.61,$122.65,$75.14,63.23,$169.00
SD,SandRidge Energy Inc.,0.020,2,$13.70,0.84,$14.03,$10.60,32.36,$17.78
XP,XP Inc.,0.020,2,$16.26,1.34,$17.24,$14.80,16.49,$22.83
CLB,Core Laboratories Inc.,0.020,1,,1.63,$12.06,$9.78,23.31,$20.32
ACGL,Arch Capital Group Ltd.,0.020,1,,1.67,$101.12,$82.45,22.64,$107.09
TGT,Target Corp.,0.019,4,$130.61,1.21,$169.89,$81.20,109.22,$170.51
VYM,Vanguard High Dvd Yield ETF,0.019,2,$158.03,1.42,$164.99,$134.19,22.95,$167.61
ST,Sensata Technologies Holding,0.019,2,$47.74,1.27,$41.82,$27.92,49.79,$53.75
LLYVA,Liberty Media Corp. Series A Live,0.019,2,$101.26,1.41,$102.71,$77.12,33.18,$106.06
HP,Helmerich & Payne,0.019,2,$32.75,1.46,$42.57,$17.47,143.67,$45.00
HAE,Haemonetics Corp.,0.019,1,,1.54,$107.64,$47.32,127.47,$109.57
LILAK,Liberty LiLAC Group C,0.019,1,,1.56,$8.40,$4.76,76.47,$8.84
DNOW,NOW Inc.,0.018,4,$12.97,0.67,$15.54,$10.94,42.05,$17.26
BNS,Bank of Nova Scotia,0.018,3,$86.81,1.18,$86.82,$54.14,60.36,$92.04
ADM,Archer-Daniels-Midland,0.018,2,$76.40,0.88,$78.14,$54.00,44.70,$87.90
LHX,L3Harris Technologies Inc.,0.018,2,$290.59,1.49,$262.52,$262.48,0.02,$376.39
VSAT,Viasat Inc.,0.018,2,$89.81,1.50,$73.24,$26.10,180.61,$93.03
AMH,American Homes 4 Rent,0.018,2,$33.52,1.40,$34.64,$26.95,28.53,$35.07
SKY,Skyline Champion Corp.,0.018,2,$88.12,1.42,$90.66,$63.69,42.35,$99.17
AR,Antero Resources,0.018,2,$35.14,1.42,$37.83,$29.10,30.00,$45.75
FG,F&G Annuities & Life Inc.,0.018,1,,1.44,$22.75,$20.16,12.85,$34.42
SWX,Southwest Gas Holdings Inc.,0.018,1,,1.51,$89.45,$74.00,20.88,$93.81
CRWV,Coreweave Inc Cl A,0.018,1,,1.44,$86.60,$60.55,43.02,$153.20
EQX,Equinox Gold Corp,0.018,1,,1.47,$13.65,$7.74,76.36,$18.88
AMP,Ameriprise Financial Inc.,0.017,3,$458.73,0.90,$560.65,$419.52,33.64,$572.56
BKD,Brookdale Senior Living Inc.,0.017,3,$16.09,1.27,$12.03,$7.29,65.02,$17.09
CTAS,Cintas Corp.,0.017,3,$170.08,1.38,$206.68,$160.31,28.93,$218.60
PAYC,Paycom Software Inc.,0.017,3,$125.68,0.70,$230.20,$104.33,120.65,$232.79
FDS,FactSet Research Systems,0.017,3,$230.08,0.65,$304.11,$183.16,66.04,$380.04
BXP,BXP Inc.,0.017,3,$66.31,1.05,$69.46,$48.54,43.10,$75.95
NAMS,Newamsterdam Pharma Co Nv,0.017,2,$33.89,1.00,$26.86,$23.05,16.53,$42.21
PINS,Pinterest Inc.,0.017,2,$21.03,1.14,$23.48,$13.84,69.65,$38.57
DGX,Quest Diagnostics,0.017,2,$212.00,1.42,$243.76,$168.97,44.26,$245.68
MMYT,MakeMyTrip Ltd,0.017,2,$53.29,1.39,$60.16,$32.67,84.14,$104.43
EXPE,Expedia Group Inc.,0.017,2,$255.88,1.43,$334.31,$184.55,81.15,$335.95
MANE,Veradermics Inc,0.017,2,$122.94,0.88,$97.82,$32.00,205.69,$131.24
RRX,Regal Rexnord Corp.,0.017,2,$238.19,1.43,$161.95,$127.19,27.33,$247.80
ITIC,Investors Title Co.,0.017,2,$273.68,0.96,$296.00,$208.91,41.69,$297.99
STUB,Stubhub Holdings Inc Class A,0.017,1,,1.39,$6.72,$5.74,17.07,$27.89
ALX,Alexander's Inc.,0.017,1,,1.42,$269.30,$190.65,41.25,$284.73
JBLU,JetBlue Airways Corp.,0.017,1,,1.43,$4.94,$3.87,27.65,$6.62
MATW,Matthews Intl Corp. A,0.017,1,,1.37,$21.18,$20.91,1.29,$30.32
AKAM,Akamai Technologies Inc.,0.017,1,,1.40,$106.18,$70.82,49.93,$165.45
FSV,Firstservice Corp,0.017,1,,1.41,$144.33,$119.15,21.13,$208.07
NTES,NetEase.com Inc.,0.016,3,$128.14,0.80,$123.12,$105.44,16.77,$156.41
GSHD,Goosehead Insurance Inc.,0.016,2,$48.50,0.87,$73.16,$33.68,117.22,$90.16
SHAZ,Sharonai Holdings Inc,0.016,2,$84.66,0.65,$59.98,$1.90,3056.84,$178.00
NOC,Northrop Grumman Corp.,0.016,2,$509.32,1.24,$548.60,$479.02,14.53,$770.61
RGA,Reinsurance Group of America Inc.,0.016,2,$212.65,1.33,$246.25,$175.13,40.61,$250.00
FUL,H.B. Fuller Co.,0.016,2,$58.29,1.30,$58.00,$48.30,20.08,$68.05
PRM,Perimeter Solutions SA,0.016,2,$35.65,1.11,$30.86,$18.68,65.20,$38.17
BAM,Brookfield Asset Management,0.016,2,$44.85,0.75,$52.31,$41.77,25.23,$60.77
POOL,Pool Corp.,0.016,2,$214.93,1.06,$186.76,$171.55,8.87,$327.90
ACIW,ACI Worldwide Inc.,0.016,1,,1.28,$52.44,$38.05,37.82,$61.08
NICE,Nice Ltd Spon ADR,0.016,1,,1.32,$100.23,$83.10,20.61,$153.68
SAM,Boston Beer Company,0.016,1,,1.35,$188.52,$158.68,18.81,$264.46
UPBD,Upbound Group Inc.,0.016,1,,1.29,$19.08,$14.83,28.66,$25.85
OSG,Octave Specialty Group Inc.,0.016,1,,1.34,$4.51,$3.88,16.24,$10.38
AZO,AutoZone Inc.,0.016,1,,1.34,$2972.12,$2902.20,2.41,$4388.11
NVS,Novartis AG,0.015,5,$156.73,0.84,$158.02,$118.00,33.92,$165.46
FITB,Fifth Third Bancorp,0.015,3,$56.37,0.65,$55.00,$39.08,40.74,$59.50
ARLP,Alliance Resource Partners LP,0.015,2,$23.98,1.06,$26.31,$20.15,30.57,$28.08
WRB,W.R. Berkley Corp.,0.015,2,$70.53,1.21,$69.59,$62.31,11.68,$77.45
CALM,Cal-Maine Foods Inc.,0.015,2,$80.56,1.18,$85.51,$70.97,20.49,$114.09
DLR,Digital Realty Trust Inc.,0.015,2,$179.58,1.18,$188.88,$144.28,30.91,$207.47
MKTX,MarketAxess Holdings Inc.,0.015,2,$113.50,1.25,$162.36,$108.23,50.01,$193.95
NTR,Nutrien Ltd.,0.015,2,$62.95,1.05,$73.78,$51.72,42.65,$83.98
CRK,Comstock Resources Inc.,0.015,1,,1.26,$14.31,$12.12,18.07,$28.10
OPCH,Option Care Health Inc.,0.015,1,,1.26,$23.70,$18.01,31.59,$36.80
CLW,Clearwater Paper Corp.,0.015,1,,1.26,$21.19,$11.73,80.65,$23.59
YPF,YPF S.A.,0.015,1,,1.19,$51.83,$22.82,127.13,$57.49
DOLE,Dole Food Company,0.015,1,,1.25,$13.45,$12.30,9.35,$16.38
MTH,Meritage Homes Corp.,0.015,1,,1.26,$72.30,$57.65,25.41,$85.38
PB,Prosperity Bancshares Inc.,0.015,1,,1.19,$73.12,$59.51,22.87,$75.87
HLN,Haleon Plc ADR,0.014,5,$9.33,0.73,$10.15,$8.54,18.85,$11.06
IVV,Ishares Core S&P 500 ETF,0.014,3,$748.90,0.86,$768.12,$630.45,21.84,$783.09
GD,General Dynamics,0.014,3,$354.24,1.05,$382.16,$305.43,25.12,$400.00
VMRK,Vivmark Residential,0.014,2,$67.93,1.08,$68.03,$56.30,20.83,$71.50
BCS,Barclays plc ADR,0.014,2,$26.86,1.16,$27.00,$18.85,43.24,$28.37
SBAC,SBA Communications Corp.,0.014,2,$176.46,1.14,$184.66,$160.33,15.17,$221.58
ALG,Alamo Group Inc.,0.014,1,,1.11,$165.82,$145.46,14.00,$223.01
VLO,Valero Energy,0.014,1,,1.12,$347.44,$137.22,153.20,$352.70
ICFI,ICF International Inc.,0.014,1,,1.15,$89.08,$58.71,51.73,$100.97
SUPN,Supernus Pharmaceuticals,0.014,1,,1.14,$45.02,$42.45,6.05,$59.68
ADT,ADT Inc.,0.014,1,,1.16,$7.45,$6.15,21.14,$8.73
TAC,TransAlta Corp.,0.013,2,$13.83,1.10,$12.13,$11.34,6.97,$17.69
ABR,Arbor Realty Trust Inc.,0.013,2,$5.42,0.78,$5.26,$4.58,14.85,$11.02
AXS,Axis Capital Holdings Ltd.,0.013,2,$107.44,1.00,$99.58,$86.98,14.49,$119.99
FOXA,Fox Corporation,0.013,2,$52.16,0.76,$69.31,$48.34,43.38,$76.02
COMP,Compass Inc.,0.013,2,$12.33,0.66,$11.45,$6.37,79.75,$13.96
JAZZ,Jazz Pharmaceuticals plc,0.013,2,$240.97,1.10,$252.30,$121.40,107.83,$265.05
FMS,Fresenius Medical Care AG & Co KCaG,0.013,2,$22.61,1.00,$23.46,$19.24,21.93,$26.57
MNRO,Monro Inc.,0.013,1,,1.05,$12.77,$11.06,15.46,$23.19
RWAY,Runway Growth Finance Corp,0.013,1,,1.04,$6.55,$4.94,32.59,$9.15
CPRX-OLD,Catalyst Pharmaceuticals Inc.,0.013,1,,1.06,$31.50,$19.05,65.35,$32.56
MSTR,MicroStrategy Inc.,0.013,1,,1.03,$123.18,$81.81,50.57,$365.21
COLL,Collegium Pharmaceutical Inc.,0.013,1,,1.06,$27.70,$25.47,8.76,$50.79
MYRG,MYR Group Inc.,0.013,1,,1.05,$304.41,$171.51,77.49,$503.57
AGCO,AGCO Corp.,0.013,1,,1.06,$108.94,$98.22,10.91,$142.68
CASH,Meta Financial Group Inc.,0.013,1,,1.10,$83.36,$65.75,26.78,$101.20
HWM,Howmet Aerospace Inc.,0.013,1,,1.06,$264.06,$169.89,55.43,$309.85
G,Genpact Ltd.,0.012,5,$27.50,0.44,$37.46,$26.85,39.52,$48.12
SNY,Sanofi Aventis,0.012,4,$42.66,0.63,$45.67,$40.89,11.69,$49.91
DOW,Dow Inc.,0.012,3,$27.36,1.00,$31.55,$19.91,58.46,$42.31
TREX,Trex Company Inc.,0.012,2,$50.04,0.91,$46.94,$29.77,57.68,$66.06
DAR,Darling Ingredients Inc.,0.012,2,$54.62,0.96,$62.53,$29.15,114.51,$69.98
NE,Noble Corp.,0.012,2,$37.30,0.87,$45.72,$25.30,80.71,$54.39
KN,Knowles Corp.,0.012,2,$41.48,0.94,$32.77,$20.50,59.85,$42.93
KALU,Kaiser Aluminum Corp.,0.012,2,$195.62,0.93,$151.80,$71.41,112.58,$199.89
CRDO,Credo Technology Group Holdi,0.012,2,$271.95,1.00,$221.12,$86.49,155.66,$308.67
UGI,UGI Corp.,0.012,2,$34.54,0.99,$38.00,$30.66,23.94,$40.48
EXR,Extra Space Storage Inc.,0.012,2,$145.30,0.94,$146.30,$121.45,20.46,$158.88
BKR,Baker Hughes Co.,0.012,2,$55.50,1.01,$62.06,$42.94,44.53,$69.92
GL,Globe Life Inc.,0.012,2,$178.68,0.71,$173.62,$127.06,36.64,$191.55
SMG,Scotts Miracle-Gro Co.,0.012,1,,0.96,$60.00,$49.95,20.12,$74.53
BBW,Build-A-Bear Workshop Inc.,0.012,1,,0.97,$39.47,$29.35,34.48,$74.33
FWONA,Liberty Media Corp Formula One Series A,0.012,1,,0.95,$98.49,$73.70,33.64,$99.52
BATRA,Atlanta Braves Holdings Inc. Series A,0.012,1,,1.01,$57.66,$41.50,38.94,$58.37
EDU,New Oriental Education & Technology,0.012,1,,0.99,$56.41,$44.25,27.48,$64.22
XMTR,Xometry Inc.,0.012,1,,0.95,$83.27,$35.86,132.21,$106.08
IVZ,Invesco Ltd,0.012,1,,1.01,$32.34,$20.03,61.46,$32.80
FOA,Finance Of America Companies Inc.,0.012,1,,1.00,$20.09,$15.77,27.39,$29.79
YMM,Full Truck Alliance Spn ADR,0.012,1,,0.96,$8.41,$7.38,13.96,$13.69
WCN,Waste Connections,0.012,1,,0.99,$170.26,$146.58,16.16,$186.49
PBF,PBF Energy Inc.,0.012,1,,0.95,$69.50,$21.64,221.16,$75.68
VTOL,Bristow Group Inc.,0.012,1,,0.95,$45.69,$34.73,31.56,$50.10
MDB,MongoDB Inc.,0.012,1,,0.99,$405.92,$208.65,94.55,$473.10
SU,Suncor Energy Inc.,0.011,4,$53.69,0.71,$67.37,$36.86,82.77,$69.83
HRL,Hormel Foods Corp.,0.011,3,$24.82,0.77,$23.89,$19.47,22.70,$27.88
AUR,Aurora Innovation Inc.,0.011,3,$6.82,0.72,$5.66,$3.60,57.22,$8.57
ACMR,ACM Research Inc.,0.011,3,$126.89,0.92,$79.07,$26.10,202.95,$127.19
SOFI,SoFi Technologies Inc.,0.011,2,$17.93,0.90,$18.43,$14.88,23.86,$32.73
AM,Antero Midstream Corp.,0.011,2,$22.75,0.90,$22.07,$16.41,34.49,$23.35
PHG,Koninklijke Philips Electronics NV,0.011,2,$27.19,0.90,$27.48,$23.85,15.22,$32.18
AAP,Advance Auto Parts,0.011,2,$62.22,0.80,$42.77,$37.33,14.57,$64.62
ELAN,Elanco Animal Health Inc.,0.011,2,$24.61,0.87,$24.16,$17.11,41.20,$27.98
W,Wayfair Inc.,0.011,2,$92.42,0.90,$103.27,$55.60,85.74,$119.98
LZAGY,Lonza Group Ag Unspon ADR,0.011,1,,0.92,$72.98,$57.99,25.85,$73.51
CZR,Caesars Entertainment,0.011,1,,0.89,$29.70,$17.86,66.29,$30.88
NWL,Newell Brands Inc.,0.011,1,,0.87,$6.10,$2.91,109.62,$7.13
KD,Kyndryl Holdings Inc,0.011,1,,0.87,$13.00,$10.10,28.71,$33.90
AAON,AAON Inc.,0.011,1,,0.87,$75.58,$73.05,3.46,$150.36
COST,Costco Co.,0.010,7,$935.41,0.35,$967.08,$840.35,15.08,$1094.76
SHEL,Shell plc,0.010,5,$77.54,0.59,$93.10,$66.79,39.39,$94.70
IJR,Ishares Core S&P Small Cap E,0.010,3,$148.32,0.84,$146.68,$110.97,32.18,$150.69
TEM,Tempus Ai Inc,0.010,2,$57.93,0.77,$67.18,$40.77,64.78,$104.32
KR,Kroger Co.,0.010,2,$55.53,0.72,$58.77,$53.78,9.28,$75.66
VBIL,Vanguard 0 3m T Bill ETF,0.010,2,$75.68,0.58,$75.66,$72.89,3.80,$75.67
DT,Dynatrace Inc.,0.010,2,$43.92,0.43,$49.40,$31.64,56.13,$53.29
LIND,Lindblad Expeditions Hldgs Inc.,0.010,2,$28.24,0.78,$31.66,$11.37,178.45,$35.00
GFI,Gold Fields Ltd.,0.010,2,$33.59,0.63,$47.09,$28.41,65.75,$59.90
CFR,Cullen Frost Bankers,0.010,2,$154.52,0.72,$164.86,$116.34,41.71,$170.80
QLYS,Qualys Inc.,0.010,1,,0.86,$177.15,$74.51,137.75,$201.54
PCVX,Vaxcyte Inc.,0.010,1,,0.85,$61.93,$29.87,107.33,$65.00
BRBR,BellRing Brands Inc. CL A,0.010,1,,0.84,$10.79,$7.82,37.98,$43.02
CET,Central Securities Corp.,0.010,1,,0.85,$54.80,$46.57,17.67,$55.99
EEFT,Euronet Worldwide Inc.,0.010,1,,0.81,$70.12,$62.50,12.19,$98.52
CFG,Citizens Financial Group Inc.,0.010,1,,0.82,$70.26,$46.55,50.93,$75.33
TIC,Acuren Corporation,0.010,1,,0.83,$9.30,$6.36,46.23,$14.94
DUSA,Davis Select Us Equity ETF,0.010,1,,0.82,$57.10,$46.06,23.97,$58.53
VNO,Vornado Realty Trust,0.010,1,,0.83,$38.66,$24.57,57.35,$42.43
NDAQ,Nasdaq Inc.,0.010,1,,0.85,$98.22,$76.55,28.31,$101.10
BCO,Brink's Co.,0.010,1,,0.86,$111.49,$90.86,22.71,$135.75
SLDE,Slide Insurance Holdings Inc,0.010,1,,0.84,$23.54,$12.49,88.47,$23.60
WAL,Western Alliance Bancorp,0.010,1,,0.81,$78.92,$65.11,21.21,$95.75
CIGI,Colliers International Group Inc.,0.009,4,$93.70,0.60,$107.42,$88.24,21.74,$171.06
IWR,Ishares Russell Mid Cap ETF,0.009,3,$110.27,0.53,$112.94,$90.78,24.41,$114.97
MLKN,MillerKnoll Inc.,0.009,3,$20.46,0.52,$23.00,$13.34,72.41,$24.71
AVB-OLD,AvalonBay Communities,0.009,2,$188.69,0.72,$184.30,$157.12,17.30,$198.63
RJF,Raymond James Financial Inc.,0.009,2,$152.03,0.75,$176.59,$138.33,27.66,$182.73
MPWR,Monolithic Power Systems,0.009,2,$1382.24,0.76,$1292.68,$795.40,62.52,$1711.48
HPQ,HP Inc.,0.009,2,$21.93,0.49,$28.56,$17.07,67.31,$32.19
HAS,Hasbro Inc.,0.009,1,,0.73,$95.04,$67.33,41.16,$104.60
CTRN,Citi Trends Inc.,0.009,1,,0.74,$74.87,$29.20,156.40,$77.91
RIOT,Riot Blockchain Inc.,0.009,1,,0.70,$20.34,$11.50,76.87,$30.32
OCFC,OceanFirst Financial Corp.,0.009,1,,0.77,$19.07,$16.44,16.00,$20.12
FR,First Industrial Realty Trust Inc.,0.009,1,,0.76,$63.20,$47.97,31.75,$69.88
EME,Emcor Group,0.009,1,,0.74,$767.43,$564.01,36.07,$951.47
PSUS,Pershing Square Usa Ltd,0.009,1,,0.77,$39.71,$35.71,11.20,$44.00
MMM,3M Co.,0.008,4,$161.92,0.52,$178.54,$138.62,28.80,$184.90
TROW,T. Rowe Price Group,0.008,3,$113.63,0.30,$111.28,$84.21,32.15,$122.00
BMI,Badger Meter Inc.,0.008,3,$148.38,0.31,$133.66,$111.72,19.64,$202.32
KT,KT Corp.,0.008,2,$17.28,0.37,$18.96,$17.13,10.68,$24.58
LXU,LSB Industries Inc.,0.008,2,$10.81,0.66,$10.76,$7.71,39.56,$17.22
RELX,RELX plc,0.008,2,$31.67,0.61,$36.36,$26.84,35.47,$47.34
ITW,Illinois Tool Works,0.008,2,$270.47,0.67,$282.97,$234.38,20.73,$301.92
BTDR,Bitdeer Technologies Group A,0.008,2,$15.87,0.68,$11.18,$6.92,61.56,$27.80
TTE,TotalEnergies SE,0.008,2,$77.76,0.69,$89.33,$56.15,59.09,$93.00
TX,Ternium S.A.,0.008,1,,0.65,$54.88,$30.42,80.41,$58.24
KRYS,Krystal Biotech Inc.,0.008,1,,0.67,$340.42,$136.73,148.97,$382.54
HKHGF,Hongkong Land Holdings Ltd,0.008,1,,0.63,$8.56,$5.56,53.96,$8.63
FIGR,Figure Technology Solut Cl A,0.008,1,,0.65,$38.61,$24.11,60.14,$78.00
KRSP,Rice Acquisition Corp 3 A,0.008,1,,0.67,$10.68,$10.21,4.60,$11.89
BXC,BlueLinx Holdings Inc.,0.008,1,,0.64,$83.07,$44.78,85.51,$93.80
MMS,MAXIMUS Inc.,0.008,1,,0.64,$58.23,$52.42,11.08,$98.42
ZD,Ziff Davis Inc.,0.008,1,,0.63,$55.67,$22.45,147.97,$58.06
DMAC,DiaMedica Therapeutics Inc.,0.008,1,,0.68,$6.53,$5.14,27.04,$10.42
IPGP,IPG Photonics Corp.,0.008,1,,0.65,$71.42,$69.85,2.25,$155.82
AGO,Assured Guaranty Ltd.,0.008,1,,0.63,$74.73,$72.39,3.23,$91.07
D,Dominion Energy Inc.,0.008,1,,0.65,$66.73,$54.72,21.95,$72.99
SBSI,Southside Bancshares Inc.,0.008,1,,0.66,$32.10,$25.12,27.79,$35.79
NWG,NatWest Group Plc,0.008,1,,0.67,$18.74,$12.79,46.52,$19.21
AD,Array Digital Infrastructure Inc.,0.008,1,,0.67,$35.48,$28.86,22.94,$46.04
CLX,Clorox Co.,0.007,5,$95.44,0.24,$107.98,$83.72,28.98,$125.83
TDY,Teledyne Technologies,0.007,3,$666.90,0.56,$623.80,$483.02,29.15,$697.67
BTI,British American Tobacco plc,0.007,3,$61.76,0.37,$56.62,$47.79,18.48,$66.38
VTV,Vanguard Value ETF,0.007,3,$217.93,0.60,$226.42,$177.14,27.82,$228.57
MTD,Mettler-Toledo International Inc.,0.007,2,$1277.67,0.32,$1402.64,$1023.05,37.10,$1525.17
ING,ING Group NV,0.007,2,$31.38,0.58,$35.04,$22.47,55.94,$35.98
EQNR,Equinor ASA,0.007,2,$31.40,0.57,$42.38,$21.54,96.75,$43.17
AXSM,Axsome Therapeutics Inc.,0.007,2,$244.77,0.54,$205.93,$112.90,82.40,$260.19
BAH,Booz Allen Hamilton Hldg Corp.,0.007,2,$60.67,0.56,$76.15,$59.05,28.96,$108.99
SRTA,Strata Critical Medical Inc.,0.007,2,$5.27,0.58,$5.93,$3.85,54.03,$6.50
TNC,Tennant Co.,0.007,2,$87.54,0.55,$67.73,$59.89,13.09,$91.93
PAYP,Paypay Corp,0.007,1,,0.55,$15.26,$12.07,26.43,$24.89
EPAM,EPAM Systems Inc.,0.007,1,,0.54,$111.05,$73.06,52.00,$222.53
FSLR,First Solar Inc.,0.007,1,,0.57,$210.75,$182.99,15.17,$320.95
GCMG,Gcm Grosvenor Inc Class A,0.007,1,,0.54,$13.65,$9.20,48.37,$14.87
MMSI,Merit Medical Systems Inc.,0.007,1,,0.61,$90.06,$59.74,50.75,$94.75
QMCO,Quantum Corp.,0.007,1,,0.59,$21.87,$4.19,421.96,$27.80
RAL,Ralliant Corp.,0.007,1,,0.54,$62.79,$37.20,68.79,$75.41
EXPD,Expeditors Int'l,0.007,1,,0.55,$187.34,$111.78,67.60,$189.99
VYX,NCR Voyix Corp.,0.007,1,,0.56,$7.90,$6.02,31.23,$13.82
BLTE,Belite Bio Inc ADR,0.007,1,,0.55,$159.19,$62.18,156.01,$200.00
AS,Amer Sports Inc,0.007,1,,0.57,$31.40,$28.92,8.58,$42.76
ANDG,Andersen Group Inc A,0.007,1,,0.61,$50.01,$18.12,175.99,$50.76
TMUS,T-Mobile US Inc.,0.007,1,,0.56,$183.07,$165.66,10.51,$256.42
WLTH,Wealthfront Corp,0.007,1,,0.57,$9.45,$7.20,31.25,$14.88
WVE,Wave Life Sciences Ltd.,0.007,1,,0.54,$5.19,$5.01,3.59,$21.73
UL,Unilever PLC,0.006,5,$60.12,0.22,$65.23,$53.97,20.86,$73.09
RNR,RenaissanceRe Holdings Ltd.,0.006,3,$316.90,0.32,$329.70,$230.19,43.23,$335.97
TIGO,Millicom Intl Cellular S.a.,0.006,3,$90.76,0.39,$92.92,$41.60,123.37,$107.13
QRVO,Qorvo Inc.,0.006,2,$93.27,0.51,$94.90,$74.92,26.67,$109.49
HWKN,Hawkins Inc.,0.006,2,$142.10,0.45,$117.42,$117.42,0.00,$185.12
CX,Cemex,0.006,2,$12.00,0.50,$11.06,$8.66,27.71,$13.64
BEKE,KE Holdings Inc.,0.006,2,$14.53,0.38,$17.78,$13.81,28.75,$20.60
VLTO,Veralto Corp.,0.006,2,$88.68,0.48,$99.01,$79.91,23.90,$109.53
CYD,China Yuchai Intl Ltd.,0.006,2,$47.42,0.51,$38.67,$28.09,37.66,$60.28
KFY,Korn Ferry,0.006,2,$66.58,0.30,$84.69,$57.98,46.07,$85.97
PUK,Prudential Plc ADR,0.006,2,$26.81,0.49,$28.43,$24.61,15.52,$33.59
GLOB,Globant S.A.,0.006,2,$28.94,0.33,$39.53,$27.56,43.43,$72.10
PBR.A,Petroleo Brasil Sp Pref ADR,0.006,2,$14.64,0.49,$16.72,$10.53,58.78,$19.88
NGG,National Grid Plc Sp ADR,0.006,1,,0.53,$80.33,$64.85,23.87,$92.22
CART,Maplebear Inc,0.006,1,,0.51,$51.63,$32.73,57.75,$51.82
FND,Floor & Decor Holdings,0.006,1,,0.46,$54.36,$42.64,27.49,$92.41
WEX,WEX Inc.,0.006,1,,0.47,$202.90,$125.29,61.94,$203.09
ZTO,ZTO Express,0.006,1,,0.48,$21.17,$17.19,23.15,$25.97
TWFG,Twfg Inc,0.006,1,,0.53,$30.08,$16.56,81.64,$30.08
PPL,PPL Corp.,0.006,1,,0.49,$34.98,$32.66,7.10,$39.79
SNN,Smith & Nephew plc,0.006,1,,0.49,$29.50,$28.56,3.29,$37.90
MBC,Masterbrand Inc,0.006,1,,0.46,$9.16,$6.61,38.58,$14.22
AGL,Agilon Health Inc,0.006,1,,0.46,$93.57,$7.48,1150.94,$133.04
NBIX,Neurocrine Biosciences Inc.,0.006,1,,0.49,$153.30,$122.14,25.51,$186.12
DINT,Davis Select International,0.006,1,,0.48,$30.24,$25.69,17.71,$30.75
THG,Hanover Insurance Group,0.006,1,,0.46,$227.42,$164.23,38.48,$236.07
CRAI,CRA International Inc.,0.006,1,,0.47,$176.78,$131.66,34.27,$225.67
IT,Gartner Inc.,0.006,1,,0.49,$201.59,$124.25,62.25,$265.85
DTE,DTE Energy Co.,0.006,1,,0.53,$135.84,$124.26,9.32,$155.75
AIT,Applied Industrial Tech.,0.006,1,,0.53,$338.36,$236.75,42.92,$374.27
BCE,BCE Inc.,0.006,1,,0.51,$23.85,$20.87,14.28,$26.12
T,AT&T Inc.,0.005,3,$20.70,0.40,$25.72,$19.63,31.02,$28.75
ARCO,Arcos Dorados Holdings Inc.,0.005,3,$8.06,0.26,$8.11,$6.38,27.12,$9.67
BIL,SPDR Bloomberg 1 3 Month T B,0.005,3,$91.64,0.27,$91.61,$88.31,3.74,$91.61
LPX,Louisiana-Pacific Corp.,0.005,3,$78.66,0.21,$72.19,$65.85,9.63,$99.71
DCI,Donaldson Co.,0.005,3,$89.77,0.38,$92.27,$72.93,26.52,$112.05
EMR,Emerson Electric,0.005,3,$143.16,0.26,$157.10,$121.73,29.06,$165.79
HALO,Halozyme Therapeutics,0.005,2,$78.26,0.45,$107.71,$61.23,75.91,$108.49
IDA,IDACORP Inc. Hldg. Co.,0.005,2,$151.30,0.43,$137.60,$119.22,15.42,$153.97
EQPT,Equipmentshare.com Inc A,0.005,2,$19.66,0.38,$18.70,$15.71,19.03,$35.50
BWXT,BWX Technologies Inc.,0.005,2,$194.65,0.37,$149.81,$149.81,0.00,$241.12
FRFHF,Fairfax Financial Holdings Ltd.,0.005,2,$1644.34,0.26,$1620.96,$1500.00,8.06,$1933.22
SION,Sionna Therapeutics Inc,0.005,1,,0.40,$5.48,$4.01,36.66,$54.97
SMPL,Simply Good Foods Co.,0.005,1,,0.42,$11.07,$9.88,12.04,$30.36
QURE,uniQure NV,0.005,1,,0.38,$47.06,$8.73,439.06,$71.50
FRPH,FRP Holdings Inc.,0.005,1,,0.43,$22.71,$20.53,10.62,$26.49
CNO,CNO Financial Group Inc.,0.005,1,,0.37,$54.13,$37.76,43.35,$57.59
WHR,Whirlpool Corp.,0.005,1,,0.38,$40.36,$35.45,13.85,$94.09
SMIN,Ishares Msci India Small Cap,0.005,1,,0.42,$71.39,$57.78,23.55,$74.41
SOPH,Sophia Genetics SA,0.005,1,,0.42,$8.42,$3.10,171.61,$8.68
PKG,Packaging Corp. of America,0.005,1,,0.45,$250.11,$187.98,33.05,$259.98
ORKA,Oruka Therapeutics Inc,0.005,1,,0.41,$102.81,$14.34,616.95,$115.52
TAL,TAL Education Group,0.005,1,,0.43,$11.38,$8.88,28.15,$13.37
LKFT,Lakefront Biotherapeutics,0.005,1,,0.37,$28.85,$25.68,12.34,$37.78
SUN,Sunoco Inc.,0.005,1,,0.43,$76.26,$45.10,69.09,$78.00
KGS,Kodiak Gas Services Inc,0.005,1,,0.39,$60.24,$31.37,92.03,$77.10
SNDX,Syndax Pharmaceuticals Inc.,0.005,1,,0.43,$19.73,$12.99,51.89,$25.59
DWLD,Davis Select Worldwide ETF,0.005,1,,0.38,$47.80,$42.29,13.03,$49.48
MLCO,Melco Resorts & Entertainment,0.005,1,,0.44,$5.47,$5.07,7.89,$10.15
SARO,Standardaero Inc,0.005,1,,0.41,$24.57,$23.83,3.11,$34.48
WK,Workiva Inc.,0.005,1,,0.37,$75.05,$43.34,73.17,$97.10
PRG,PROG Holdings Inc.,0.005,1,,0.40,$38.87,$25.48,52.55,$47.57
MEOH,Methanex Corp.,0.005,1,,0.43,$58.58,$31.63,85.20,$66.53
SGRY,Surgery Partners Inc.,0.005,1,,0.38,$14.17,$11.41,24.19,$23.79
DFNL,Davis Select Financial ETF,0.005,1,,0.45,$51.89,$42.56,21.92,$53.09
HAL,Halliburton Co.,0.005,1,,0.39,$34.49,$20.91,64.95,$43.41
AQN,Algonquin Power & Utilities,0.005,1,,0.39,$5.69,$5.13,10.92,$6.95
HDB,HDFC Bank Ltd.,0.004,5,$25.83,0.12,$23.61,$22.26,6.06,$36.89
VTI,Vanguard Total Stock Mkt ETF,0.004,5,$370.00,0.19,$377.54,$309.51,21.98,$385.12
CCK,Crown Holdings,0.004,4,$111.82,0.19,$120.05,$88.12,36.23,$122.91
HPE,Hewlett Packard Enterprise,0.004,3,$45.11,0.34,$52.52,$19.62,167.69,$64.06
ONB,Old National Bancorp,0.004,3,$25.90,0.22,$25.84,$19.04,35.71,$27.36
LBRDA-OLD,Liberty Broadband Corp. CL A,0.004,3,$33.28,0.29,$35.98,$26.14,37.64,$65.40
SMFG,Sumitomo Mitsui Spons ADR,0.004,2,$23.58,0.36,$24.95,$15.18,64.36,$26.67
MDY,SPDR S&P Midcap 400 ETF Trst,0.004,2,$703.33,0.34,$694.24,$563.38,23.23,$717.35
NOVT,Novanta Inc.,0.004,2,$162.28,0.27,$140.17,$98.27,42.64,$176.38
AFL,AFLAC Inc.,0.004,2,$117.24,0.28,$117.97,$102.51,15.08,$129.57
UHAL,U-Haul Holding Co.,0.004,2,$65.44,0.26,$71.02,$41.95,69.30,$76.45
HLI,Houlihan Lokey Inc.,0.004,2,$134.13,0.33,$129.15,$112.83,14.46,$209.24
COO,Cooper Cos Inc,0.004,2,$71.72,0.25,$75.85,$58.89,28.80,$89.83
VIST,"Vista Oil & Gas, S.A.B. de C.V.",0.004,2,$63.80,0.35,$70.58,$31.63,123.14,$81.44
GLPI,Gaming and Leisure Properties Inc.,0.004,1,,0.32,$43.83,$39.81,10.10,$48.30
ALNY,Alnylam Pharmaceuticals,0.004,1,,0.31,$232.67,$197.81,17.62,$495.55
PCAR,PACCAR Inc.,0.004,1,,0.35,$129.38,$90.03,43.71,$138.87
SDGR,SCHRODINGER Inc.,0.004,1,,0.33,$18.91,$10.95,72.69,$23.02
PIPR,Piper Sandler Companies,0.004,1,,0.36,$74.63,$68.52,8.92,$93.05
TCHP,T Rowe Price Blue Chip Growth ETF,0.004,1,,0.31,$49.98,$42.26,18.27,$53.26
CCU,Compania Cervecerias Unidas SA,0.004,1,,0.30,$12.74,$10.56,20.64,$15.15
INBX,Inhibrx,0.004,1,,0.30,$103.00,$24.00,329.17,$155.29
INDA,iShares MSCI India ETF,0.004,1,,0.34,$49.37,$45.21,9.20,$55.50
PRDO,Perdoceo Education Corp.,0.004,1,,0.30,$33.11,$26.27,26.04,$38.32
ATKR,Atkore International Group Inc.,0.004,1,,0.30,$93.67,$53.32,75.68,$93.81
COYA,Coya Therapeutics Inc,0.004,1,,0.35,$4.90,$3.71,32.08,$7.75
SLQT,Selectquote Inc.,0.004,1,,0.32,$0.79,$0.56,41.07,$2.77
PHVS,Pharvaris NV,0.004,1,,0.36,$37.94,$20.65,83.73,$37.94
AGI,Alamos Gold Inc.,0.004,1,,0.31,$38.09,$27.05,40.81,$55.30
XEL,Xcel Energy Inc.,0.004,1,,0.29,$77.10,$69.16,11.48,$83.22
GNE,Genie Energy Ltd.,0.004,1,,0.35,$15.31,$12.56,21.89,$15.95
MINE,Mayfair Gold Corp,0.004,1,,0.29,$3.20,$2.16,48.15,$4.88
BTSG,Brightspring Health Services,0.004,1,,0.32,$59.42,$22.86,159.93,$73.75
JGRW,Jensen Quality Growth ETF,0.004,1,,0.36,$28.36,$23.56,20.37,$28.96
SWIM,Latham Group Inc,0.004,1,,0.32,$7.02,$4.64,51.29,$8.97
SFM,Sprouts Farmers Market Inc.,0.004,1,,0.35,$84.86,$64.75,31.06,$149.66
PAGS,PagSeguro Digital Ltd.,0.004,1,,0.31,$8.76,$8.03,9.09,$12.03
EVLV,Evolv Technologies Holdings,0.004,1,,0.34,$5.27,$4.87,8.21,$8.81
ZM,Zoom Video Communications Inc.,0.004,1,,0.32,$103.85,$70.70,46.89,$114.74
FCN,FTI Consulting Inc.,0.004,1,,0.30,$155.62,$137.65,13.05,$189.30
VUG,Vanguard Growth ETF,0.003,6,$86.16,0.13,$87.21,$69.56,25.37,$90.50
SPY,SPDR S&P 500 ETF Trust,0.003,6,$746.85,0.06,$764.55,$627.66,21.81,$779.37
RSP,Invesco S&P 500 Equal Weight,0.003,4,$212.87,0.22,$221.63,$179.92,23.18,$223.44
SNPS,Synopsys Inc.,0.003,4,$446.14,0.16,$392.48,$366.00,7.23,$615.79
VWO,Vanguard FTSE Emerging Marke,0.003,4,$59.69,0.22,$59.98,$49.71,20.66,$61.52
VIG,Vanguard Dividend Apprec ETF,0.003,3,$236.65,0.21,$244.36,$205.38,18.98,$247.45
ALL,Allstate Corp.,0.003,3,$237.94,0.28,$260.08,$185.28,40.37,$277.22
IWM,iShares Russell 2000 ETF,0.003,3,$300.49,0.25,$298.12,$224.84,32.59,$305.18
VO,Vanguard Mid Cap ETF,0.003,2,$80.57,0.25,$82.75,$68.69,20.47,$84.59
COLB,Columbia Banking System Inc.,0.003,2,$32.05,0.20,$30.82,$22.94,34.35,$33.68
ASB,Associated Banc-Corp,0.003,2,$30.77,0.18,$31.01,$23.23,33.49,$32.46
SEIC,SEI Investments,0.003,2,$87.74,0.12,$111.27,$74.64,49.08,$111.59
ALSN,Allison Transmission Holdings,0.003,2,$112.75,0.19,$131.62,$75.21,75.00,$136.97
AYI,Acuity Brands Inc.,0.003,2,$376.66,0.25,$338.80,$256.71,31.98,$379.43
CNXC,Concentrix Corp.,0.003,2,$22.41,0.22,$26.10,$18.81,38.76,$55.22
HAFN,Hafnia Ltd,0.003,2,$6.62,0.21,$8.12,$4.86,67.08,$9.18
BC,Brunswick Corp.,0.003,2,$84.24,0.21,$80.98,$57.26,41.43,$88.81
THO,Thor Industries,0.003,2,$75.17,0.15,$79.18,$69.23,14.37,$121.16
BSY,Bentley Systems Inc Class B,0.003,1,,0.27,$37.64,$28.08,34.05,$56.94
JKHY,Jack Henry & Associates Inc.,0.003,1,,0.26,$169.71,$121.04,40.21,$191.83
BMM,Blue Moon Metals Inc,0.003,1,,0.28,$5.30,$3.47,52.74,$8.63
GIII,G-III Apparel Group,0.003,1,,0.22,$33.60,$24.45,37.42,$37.54
RCL,Royal Caribbean Cruises Ltd.,0.003,1,,0.21,$291.20,$230.90,26.12,$360.34
L,Loews Corp.,0.003,1,,0.27,$111.76,$94.88,17.79,$120.94
CGAU,Centerra Gold Inc,0.003,1,,0.22,$23.37,$7.22,223.68,$24.16
LBRT,Liberty Oilfield Services Inc.,0.003,1,,0.21,$18.64,$9.79,90.40,$34.38
PS,Pershing Square Inc.,0.003,1,,0.24,$41.51,$21.93,89.28,$54.75
GLDM,SPDR Gold Minishares Trust,0.003,1,,0.22,$91.67,$65.91,39.08,$109.74
SMRT,SmartRent Inc.,0.003,1,,0.24,$1.39,$0.91,52.75,$2.20
HGTY,Hagerty Inc.,0.003,1,,0.27,$13.29,$9.36,41.99,$14.00
OVV,Ovintiv Inc.,0.003,1,,0.21,$65.64,$34.83,88.46,$67.44
RUSHB,Rush Enterprises Inc. - CL B,0.003,1,,0.21,$79.77,$47.43,68.18,$81.52
VSTM,Verastem Inc.,0.003,1,,0.27,$6.92,$3.43,101.75,$11.25
LESL,Leslie's Inc.,0.003,1,,0.24,$0.59,$0.56,5.36,$12.53
OGC,Oceanagold Corp,0.003,1,,0.25,$30.85,$16.34,88.80,$42.96
FBAK,First National Bank Alaska,0.003,1,,0.25,$202.54,$165.01,22.74,$211.60
PLOW,Douglas Dynamics,0.003,1,,0.22,$41.99,$27.89,50.56,$55.00
LEGH,Legacy Housing Corp.,0.003,1,,0.24,$28.72,$18.29,57.03,$31.34
NTB,Bank of N.T. Butterfield & Son Ltd,0.003,1,,0.26,$58.76,$39.10,50.28,$64.17
MO,Altria Group Inc.,0.002,5,$71.95,0.12,$68.03,$53.01,28.33,$77.06
IWD,Ishares Russell 1000 Value E,0.002,4,$244.40,0.12,$258.17,$195.93,31.77,$260.19
AIR,AAR Corp.,0.002,3,$142.94,0.11,$132.57,$72.00,84.13,$154.00
AMT,American Tower Corp.,0.002,3,$163.57,0.09,$178.19,$160.06,11.33,$206.80
AEBI,Aebi Schmidt Holding Ag,0.002,3,$12.55,0.16,$12.32,$8.87,38.90,$15.87
ACWI,iShares MSCI ACWI ETF,0.002,3,$156.97,0.16,$160.30,$129.53,23.76,$162.80
APLD,Applied Digital Corp,0.002,3,$37.30,0.14,$27.16,$13.16,106.38,$50.73
NUE,Nucor Corp.,0.002,3,$222.78,0.14,$244.70,$130.11,88.07,$280.11
OEC,Orion SA,0.002,3,$6.63,0.09,$6.06,$4.28,41.59,$10.73
SNA,Snap-On Inc.,0.002,2,$402.37,0.12,$393.01,$310.78,26.46,$420.41
ERO,Ero Copper Corp,0.002,2,$26.74,0.19,$38.30,$13.80,177.54,$39.80
HUN,Huntsman Corp.,0.002,2,$10.62,0.16,$9.64,$7.15,34.83,$16.09
HONA,Honeywell Aerospace Inc,0.002,2,$221.08,0.20,$161.58,$150.03,7.70,$266.62
MANH,Manhattan Associates,0.002,2,$139.25,0.18,$212.03,$119.06,78.09,$220.31
RF,Regions Financial Corp.,0.002,2,$30.20,0.16,$30.65,$22.04,39.07,$32.47
LPG,Dorian LPG Ltd,0.002,2,$34.79,0.11,$51.56,$22.18,132.46,$52.10
MX,MagnaChip Semiconductor Corp.,0.002,2,$4.73,0.19,$3.22,$2.18,47.71,$9.86
CECO,CECO Environmental Corp.,0.002,2,$90.74,0.11,$71.50,$42.78,67.13,$101.24
SMHI,SEACOR Marine Holdings Inc.,0.002,2,$7.65,0.18,$9.76,$5.55,75.86,$10.00
IBN,ICICI Bank Ltd.,0.002,2,$29.03,0.14,$29.67,$24.87,19.30,$32.90
FIX,Comfort Systems USA Inc.,0.002,2,$1981.92,0.20,$1609.83,$668.82,140.70,$2072.10
NUVB,Nuvation Bio Inc.,0.002,2,$5.68,0.13,$6.78,$2.76,145.65,$9.75
PAAS,Pan American Silver Corp.,0.002,2,$44.79,0.18,$53.33,$31.29,70.44,$69.58
MTDR,Matador Resources Co.,0.002,2,$49.79,0.14,$57.30,$35.98,59.26,$65.88
IWN,Ishares Russell 2000 Value E,0.002,2,$221.16,0.17,$224.14,$164.53,36.23,$227.86
TD,Toronto-Dominion Bank,0.002,2,$121.55,0.13,$116.65,$70.42,65.65,$125.47
HLT,Hilton Worldwide Holdings,0.002,2,$330.48,0.12,$328.61,$253.04,29.86,$357.84
VALE,Vale SA,0.002,2,$15.04,0.19,$14.95,$9.21,62.32,$17.45
PLXS,Plexus Corp.,0.002,2,$300.67,0.11,$237.66,$131.37,80.91,$307.06
VREX,Varex Imaging Corp.,0.002,2,$10.43,0.13,$18.50,$9.09,103.52,$18.63
MOAT,Vaneck Morningstar Wide Moat,0.002,1,,0.14,$114.60,$94.07,21.82,$114.90
ADNT,Adient plc,0.002,1,,0.20,$19.04,$17.68,7.69,$27.32
WB,Weibo Corp.,0.002,1,,0.18,$7.00,$6.98,0.29,$12.11
FSM,Fortuna Mining Corp.,0.002,1,,0.19,$12.09,$7.25,66.76,$13.85
SEDG,SolarEdge Technologies Inc.,0.002,1,,0.18,$30.18,$28.21,6.98,$81.25
RCI,Rogers Communications Inc.,0.002,1,,0.18,$36.23,$31.38,15.46,$40.38
XLE,Energy Select Sector SPDR,0.002,1,,0.15,$63.04,$41.42,52.20,$64.70
GDXJ,Vaneck Junior Gold Miners,0.002,1,,0.20,$132.69,$71.98,84.34,$157.49
CNP,CenterPoint Energy,0.002,1,,0.20,$38.91,$35.79,8.72,$44.99
VSS,Vanguard FTSE All Wo X Us Sc,0.002,1,,0.14,$159.18,$132.72,19.94,$162.02
RERE,AiHuiShou International Co. Ltd. ADS,0.002,1,,0.16,$4.12,$3.50,17.71,$6.32
HTZ,Hertz Global Hldgs Inc.,0.002,1,,0.17,$2.25,$1.45,55.17,$8.18
IDCC,InterDigital Inc.,0.002,1,,0.13,$343.28,$248.51,38.14,$409.73
HR,Healthcare Realty Trust Inc.,0.002,1,,0.13,$19.37,$15.71,23.30,$21.77
EVTC,EVERTEC Inc.,0.002,1,,0.19,$29.78,$21.73,37.05,$36.64
WGO,Winnebago Industries Inc.,0.002,1,,0.16,$31.99,$26.80,19.37,$49.03
BUDFF,Anheuser Busch Inbev SA NV,0.002,1,,0.16,$76.67,$57.09,34.30,$86.78
GENI,Genius Sports Ltd,0.002,1,,0.16,$8.14,$3.83,112.53,$13.73
MORN,Morningstar Inc.,0.002,1,,0.15,$217.53,$141.06,54.21,$263.33
AMTM,Amentum Holdings Inc.,0.002,1,,0.17,$20.24,$19.80,2.22,$38.11
BNTX,Biontech Se ADR,0.002,1,,0.18,$113.32,$79.52,42.51,$124.00
MMI,Marcus & Millichap Inc.,0.002,1,,0.20,$32.29,$24.20,33.43,$33.13
WSFS,WSFS Financial Corp.,0.002,1,,0.20,$79.44,$49.37,60.91,$82.74
CLFD,Clearfield Inc.,0.002,1,,0.14,$27.51,$23.76,15.78,$52.73
ORIC,ORIC Pharmaceuticals Inc.,0.002,1,,0.16,$14.00,$7.23,93.64,$14.93
HTLD,Heartland Express,0.002,1,,0.16,$12.44,$6.96,78.74,$16.61
TRMLF,Tourmaline Oil Corp,0.002,1,,0.18,$45.06,$38.60,16.74,$50.79
LAB,Standard Biotools Inc,0.002,1,,0.14,$0.66,$0.63,4.76,$1.72
MSM,MSC Industrial Direct,0.002,1,,0.13,$118.93,$76.68,55.10,$130.46
PSLV,Sprott Physical Silver Trust,0.002,1,,0.15,$22.63,$12.85,76.11,$38.13
EMBC,Embecta Corp,0.002,1,,0.17,$4.99,$2.76,80.80,$15.08
NSSC,Napco Security Technologies Inc.,0.002,1,,0.17,$37.33,$29.97,24.56,$47.60
PFG,Principal Financial Group,0.002,1,,0.13,$111.28,$75.80,46.81,$116.61
SPRY,Ars Pharmaceuticals Inc,0.002,1,,0.18,$5.31,$4.91,8.15,$14.97
KOP,Koppers Holdings Inc.,0.002,1,,0.14,$45.39,$24.82,82.88,$53.00
SHOE,Shoe Carnival Inc.,0.002,1,,0.13,$15.58,$14.00,11.29,$25.61
SCSC,ScanSource Inc.,0.002,1,,0.17,$53.91,$33.76,59.69,$66.78
NOG,Northern Oil and Gas Inc.,0.002,1,,0.16,$26.64,$17.18,55.06,$29.99
SLV,iShares Silver Trust,0.002,1,,0.19,$61.98,$34.40,80.17,$109.83
NOK,Nokia Corp.,0.002,1,,0.20,$9.98,$4.15,140.48,$17.36
NTNX,Nutanix Inc.,0.002,1,,0.20,$67.26,$34.01,97.77,$82.42
HXL,Hexcel Corp.,0.002,1,,0.14,$92.03,$59.77,53.97,$111.54
BRKR,Bruker Corp.,0.002,1,,0.15,$57.38,$28.39,102.11,$65.30
MBUU,Malibu Boats Inc.,0.002,1,,0.14,$29.12,$23.84,22.15,$39.65
TRP,TC Energy,0.002,1,,0.17,$62.10,$47.80,29.92,$70.90
DOCN,DigitalOcean Holdings Inc.,0.002,1,,0.14,$112.34,$30.05,273.84,$187.50
WU,Western Union Co.,0.002,1,,0.16,$7.39,$6.27,17.86,$9.78
IVVD,Invivyd Inc.,0.002,1,,0.15,$0.93,$0.50,86.00,$3.07
GT,Goodyear Tire & Rubber,0.002,1,,0.13,$5.93,$5.43,9.21,$10.62
DMRA,Damora Therapeutics Inc.,0.002,1,,0.17,$30.73,$2.45,1154.29,$38.33
FNDF,Schwab Fndmn Intl Lrg Co ETF,0.002,1,,0.15,$55.64,$40.05,38.93,$55.96
LILA,Liberty LiLAC Group A,0.002,1,,0.17,$8.44,$4.73,78.44,$8.90
BTE,Baytex Energy Corp.,0.002,1,,0.14,$4.71,$1.98,137.88,$5.34
ZIM,Zim Integrated Shipping Serv,0.002,1,,0.20,$28.54,$11.75,142.89,$29.56
BULL,Webull Corp,0.002,1,,0.18,$8.69,$4.50,93.11,$16.04
SABR,Sabre Corp.,0.002,1,,0.14,$2.23,$0.81,175.31,$2.30
AEG,Aegon Ltd,0.002,1,,0.20,$9.20,$6.56,40.24,$9.61
VT,Vanguard Tot World Stk ETF,0.001,4,$156.95,0.07,$160.25,$129.61,23.64,$162.71
APA,APA Corp.,0.001,3,$32.57,0.06,$42.35,$20.01,111.64,$45.05
JBTM,JBT Marel Corp.,0.001,3,$144.99,0.09,$113.54,$113.49,0.04,$169.81
CAH,Cardinal Health Inc.,0.001,3,$237.56,0.09,$230.12,$144.37,59.40,$258.30
OTIS,Otis Worldwide Corp.,0.001,3,$71.61,0.07,$71.68,$68.74,4.28,$93.43
HRI,HERC Holdings Inc.,0.001,3,$143.35,0.04,$159.74,$88.00,81.52,$186.52
VECO,Veeco Instruments,0.001,3,$75.80,0.06,$47.05,$23.31,101.84,$86.63
QQQ,Invesco Qqq Trust Series 1,0.001,3,$736.46,0.09,$708.81,$554.99,27.72,$747.83
MPC,Marathon Petroleum Corp.,0.001,3,$255.59,0.08,$360.18,$160.07,125.01,$367.60
AEIS,Advanced Energy Industries,0.001,3,$372.88,0.06,$277.51,$143.93,92.81,$397.32
CW,Curtiss-Wright Corp.,0.001,3,$758.31,0.05,$618.90,$464.78,33.16,$808.16
XLK,Technology Select Sect SPDR,0.001,3,$190.45,0.04,$180.95,$126.53,43.01,$198.49
SIMO,Silicon Motion Technol ADR,0.001,2,$333.35,0.07,$246.47,$72.58,239.58,$354.28
ZGN,Ermenegildo Zegna Nv,0.001,2,$13.02,0.04,$13.83,$7.90,75.06,$15.95
ASTE,Astec Industries,0.001,2,$61.20,0.03,$43.59,$40.16,8.54,$65.33
WMG,Warner Music Group Corp. CL A,0.001,2,$27.07,0.06,$27.69,$23.04,20.18,$34.97
SITM,SiTime Corp.,0.001,2,$745.53,0.04,$585.15,$221.53,164.14,$901.81
UCTT,Ultra Clean Holdings Inc.,0.001,2,$142.59,0.08,$73.83,$21.49,243.56,$144.22
GLBAV-OLD,GCI Liberty Inc. Series A,0.001,2,$21.90,0.08,,,,
LASR,nLight Inc.,0.001,2,$69.62,0.08,$44.00,$26.88,63.69,$86.95
ROST,Ross Stores Inc.,0.001,2,$212.84,0.09,$237.23,$142.48,66.50,$257.00
ATRO,Astronics Corp.,0.001,2,$81.26,0.03,$75.34,$35.58,111.75,$99.89
RKLB,Rocket Lab Corp.,0.001,2,$101.58,0.07,$69.31,$37.57,84.48,$151.00
JOYY,JOYY Inc.,0.001,2,$65.99,0.08,$73.50,$46.91,56.68,$76.68
EQIX,Equinix Inc.,0.001,2,$1042.41,0.09,$1052.86,$709.79,48.33,$1118.65
WBS-OLD,Webster Financial Corp.,0.001,2,$76.34,0.05,$77.78,$51.49,51.06,$79.40
HL,Hecla Mining Co.,0.001,2,$15.41,0.06,$20.30,$7.56,168.52,$34.16
VICR,Vicor Corp.,0.001,2,$379.84,0.05,$192.70,$46.96,310.35,$382.65
CM,Can Imperial Bk Of Commerce,0.001,2,$115.10,0.10,$115.12,$70.29,63.78,$124.86
CLS,Celestica Inc,0.001,2,$364.81,0.08,$296.49,$179.01,65.63,$474.03
BWA,BorgWarner Inc.,0.001,2,$66.40,0.04,$64.31,$40.13,60.25,$78.82
VPG,Vishay Precision Group,0.001,2,$149.92,0.04,$65.27,$27.33,138.82,$151.78
ONTO,Onto Innovation Inc.,0.001,2,$378.43,0.05,$284.60,$101.00,181.78,$386.46
FFIV,F5 Networks,0.001,2,$415.93,0.08,$381.90,$223.76,70.67,$435.00
AMN,AMN Healthcare Services,0.001,2,$32.36,0.09,$34.09,$14.97,127.72,$37.22
MAMA,Mama's Creations Inc,0.001,2,$17.85,0.04,$16.46,$7.90,108.35,$21.00
FTI,TechnipFMC plc,0.001,2,$66.26,0.05,$75.57,$35.18,114.81,$80.55
BKH,Black Hills,0.001,2,$74.40,0.07,$72.15,$55.88,29.12,$77.21
BTG,B2Gold Corp.,0.001,2,$3.75,0.06,$5.67,$3.57,58.82,$6.23
MRVI,Maravai LifeSciences Holdings Inc.,0.001,2,$6.24,0.07,$8.33,$2.28,265.35,$8.87
SHG,Shinhan Financial Group Company,0.001,2,$63.25,0.12,$74.93,$46.26,61.98,$77.54
TALO,Talos Energy Inc.,0.001,2,$12.91,0.05,$16.96,$8.71,94.72,$18.44
BSM,Black Stone Minerals L.P.,0.001,2,$13.97,0.09,$14.99,$10.79,38.92,$15.08
RXO,Rxo Inc,0.001,2,$27.60,0.06,$21.11,$10.43,102.40,$29.90
DOV,Dover Corp.,0.001,2,$224.29,0.05,$203.20,$157.78,28.79,$236.42
GHM,Graham Corp.,0.001,2,$123.78,0.04,$97.87,$46.58,110.11,$125.82
DLO,DLocal Ltd,0.001,2,$13.00,0.05,$15.19,$10.46,45.22,$16.50
DPZ,Dominos Pizza Inc.,0.001,2,$295.99,0.08,$345.26,$282.00,22.43,$460.13
LTH,Life Time Group Holdings Inc,0.001,2,$40.84,0.06,$45.80,$24.14,89.73,$47.24
LEVI,Levi Strauss & Co.,0.001,2,$24.83,0.08,$21.62,$17.50,23.54,$25.70
JHX,James Hardie Industries PLC,0.001,2,$26.18,0.06,$30.12,$16.46,82.99,$31.36
RDNT,RadNet Inc.,0.001,2,$61.67,0.08,$74.16,$50.82,45.93,$85.84
FTK,Flotek Industries Inc.,0.001,2,$23.52,0.04,$24.49,$10.95,123.65,$39.67
HOFT,Hooker Furniture Corp.,0.001,2,$17.83,0.08,$14.07,$8.38,67.90,$18.09
TBI,TrueBlue Inc.,0.001,1,,0.06,$10.74,$3.18,237.74,$11.03
HTZWW,Hertz Global Hldgs Inc. WTS,0.001,1,,0.09,$1.04,$0.70,48.57,$4.13
EWJ,iShares MSCI Japan ETF,0.001,1,,0.05,$94.88,$74.19,27.89,$98.79
COHU,Cohu Inc.,0.001,1,,0.07,$51.65,$18.67,176.65,$74.60
BATL,Battalion Oil Corp.,0.001,1,,0.10,$1.33,$1.00,33.00,$29.70
HVT,Haverty Furniture,0.001,1,,0.12,$27.64,$19.04,45.17,$29.83
ASGN,ASGN Inc.,0.001,1,,0.12,,,,
ENOV,Enovis Corp.,0.001,1,,0.05,$25.26,$19.14,31.97,$34.28
MINN,Mairs & Power Mn Muni Bond,0.001,1,,0.10,$22.02,$21.01,4.81,$22.91
UVV,Universal Corp.,0.001,1,,0.06,$45.60,$43.36,5.17,$57.51
BTAI,Bioxcel Therapeutics Inc,0.001,1,,0.05,$0.76,$0.74,2.70,$5.60
CDP,Copt Defense Properties,0.001,1,,0.05,$37.40,$26.26,42.42,$38.90
WWD,Woodward Inc.,0.001,1,,0.05,$333.50,$232.45,43.47,$450.52
WRLC,Windrock Ltd Co,0.001,1,,0.07,,,,
PATK,Patrick Industries Inc.,0.001,1,,0.08,$84.03,$81.29,3.37,$147.22
PHIN,PHINIA Inc.,0.001,1,,0.09,$71.23,$50.13,42.09,$86.94
OBT,Orange County Bancorp Inc,0.001,1,,0.05,$38.65,$22.84,69.22,$40.10
CRCL,Circle Internet Group Inc,0.001,1,,0.07,$88.51,$49.90,77.37,$159.47
KNF,Knife River Corp.,0.001,1,,0.10,$64.35,$58.72,9.59,$96.28
SEI,Solaris Energy Infrastructure Inc.,0.001,1,,0.06,$54.24,$24.32,123.03,$86.19
CUZ,Cousins Properties,0.001,1,,0.07,$29.91,$20.52,45.76,$32.95
HELE,Helen of Troy Ltd.,0.001,1,,0.06,$28.53,$13.85,105.99,$30.68
LINC,Lincoln Educational Services Corp.,0.001,1,,0.05,$25.03,$17.29,44.77,$56.34
URA,Global X Uranium ETF,0.001,1,,0.05,$45.89,$36.01,27.44,$62.28
KSA,Ishrs Msci Saudi Arabia ETF,0.001,1,,0.07,$39.05,$35.27,10.72,$40.39
MGPI,MGP Ingredients Inc.,0.001,1,,0.11,$18.17,$15.62,16.33,$29.86
SVC,Service Properties Trust,0.001,1,,0.09,$7.97,$5.58,42.83,$14.73
FPAS,Fpa Short Duration Govt ETF,0.001,1,,0.05,$24.51,$24.20,1.28,$25.00
EWT,Ishares Msci Taiwan ETF,0.001,1,,0.05,$103.52,$55.03,88.12,$112.78
CIFR,Cipher Mining Inc,0.001,1,,0.09,$15.71,$5.71,175.13,$30.14
FPAG,Fpa Global Equity ETF New,0.001,1,,0.07,$42.96,$34.34,25.10,$43.56
TSCO,Tractor Supply,0.001,1,,0.07,$35.54,$28.36,25.32,$61.84
MOD,Modine Mfg.,0.001,1,,0.07,$190.29,$111.18,71.15,$323.25
LYG,Lloyds TSB Grp Plc ADR,0.001,1,,0.07,$6.06,$4.05,49.63,$6.25
INFY,Infosys Ltd.,0.001,1,,0.06,$11.84,$10.30,14.95,$29.37
SPG,Simon Property Group Inc.,0.001,1,,0.05,$219.83,$166.18,32.28,$238.50
XOP,SPDR S&P Oil & Gas Exploration & Production ETF,0.001,1,,0.09,$185.66,$120.15,54.52,$191.24
VYMI,Vanguard Int High Dvd Yld In,0.001,1,,0.08,$105.18,$79.89,31.66,$105.38
ESGD,Ishares Trust Ishares Esg Aw,0.001,1,,0.05,$107.03,$86.38,23.91,$108.00
PDLB,Ponce Financial Group Inc.,0.001,1,,0.05,$20.45,$13.91,47.02,$21.10
RCKT,Rocket Pharmaceuticals Inc.,0.001,1,,0.12,$3.50,$2.53,38.34,$5.45
GWW,W.W. Grainger Inc.,0.001,1,,0.09,$1313.94,$901.22,45.80,$1417.14
ABVX,Abivax SA ADR,0.001,1,,0.05,$114.45,$69.81,63.94,$148.83
SPSM,Ss SPDR P S&P 600 Small Cap,0.001,1,,0.08,$57.03,$43.14,32.20,$58.60
BWLP,Bw Lpg Ltd,0.001,1,,0.09,$24.55,$10.58,132.04,$24.87
INFQ,Infleqtion Inc,0.001,1,,0.08,$13.11,$8.52,53.87,$21.28
POWL,Powell Industries,0.001,1,,0.07,$189.95,$82.85,129.27,$327.74
KEY,KeyCorp,0.001,1,,0.11,$21.91,$15.97,37.19,$24.07
UVSP,Univest Financial Corp.,0.001,1,,0.11,$41.79,$27.34,52.85,$45.22
SONY,Sony Group Corp.,0.001,1,,0.05,$24.23,$19.32,25.41,$30.34
SDY,SPDR S&P Dividend ETF,0.001,1,,0.05,$158.96,$132.64,19.84,$160.29
IMVT,Immunovant Inc.,0.001,1,,0.09,$43.74,$14.47,202.28,$45.42
PSA,Public Storage,0.001,1,,0.05,$323.76,$251.62,28.67,$335.55
DNA,Ginkgo Bioworks Holdings Inc.,0.001,1,,0.10,$6.79,$5.37,26.44,$17.58
MYE,Myers Indus,0.001,1,,0.08,$33.44,$15.25,119.28,$37.45
LW,Lamb Weston Hldgs Inc.,0.001,1,,0.12,$55.15,$37.02,48.97,$65.06
ABCB,Ameris Bancorp,0.001,1,,0.05,$86.45,$68.29,26.59,$93.22
TWST,Twist Bioscience Corp.,0.001,1,,0.05,$139.21,$23.30,497.47,$145.93
GBCI,Glacier Bancorp,0.001,1,,0.05,$46.99,$39.06,20.30,$54.58
RFL,Rafael Holdings Inc.,0.001,1,,0.08,$2.17,$1.12,93.75,$3.96
CEF,Sprott Physical Gold And Sil,0.001,1,,0.05,$46.95,$30.82,52.34,$61.38
ADMA,ADMA Biologics Inc.,0.001,1,,0.10,$9.64,$7.21,33.70,$20.46
RYCEY,Rolls Royce Holdings Sp ADR,0.001,1,,0.07,$20.34,$13.14,54.79,$21.22
YOU,Clear Secure Inc.,0.001,1,,0.06,$44.42,$29.03,53.01,$69.07
QCRH,QCR Holdings Inc.,0.001,1,,0.08,$101.18,$66.45,52.26,$108.11
BHE,Benchmark Electronics,0.001,1,,0.06,$71.90,$35.59,102.02,$100.41
VGK,Vanguard FTSE Europe ETF,0.001,1,,0.06,$92.66,$74.72,24.01,$92.85
VONG,Vanguard Russell 1000 Growth,0.001,1,,0.12,$125.08,$105.09,19.02,$132.77
SPYX,SPDR S&P 500 Fossil Fuel Res,0.001,1,,0.07,$62.55,$51.17,22.24,$63.96
STGW,Stagwell Inc.,0.001,1,,0.11,$8.76,$4.29,104.20,$9.55
AMPX,Amprius Technologies Inc,0.001,1,,0.06,$9.92,$6.66,48.95,$24.23
TRVI,Trevi Therapeutics Inc.,0.001,1,,0.08,$17.86,$6.93,157.72,$20.22
HNGE,Hinge Health Inc A,0.001,1,,0.06,$89.58,$30.08,197.81,$93.13
HUBG,Hub Group 'A',0.001,1,,0.05,$39.65,$32.65,21.44,$52.92
SCHB,Schwab Us Broad Market ETF,0.001,1,,0.07,$29.54,$24.22,21.97,$30.15
DIA,SPDR Djia Trust,0.001,1,,0.05,$533.56,$443.73,20.24,$546.75
CDLX,Cardlytics Inc.,0.001,1,,0.11,$4.28,$3.49,22.64,$32.80
DCO,Ducommun Inc.,0.001,1,,0.05,$184.62,$84.76,117.82,$210.39
NNBR,NN Inc.,0.001,1,,0.05,$3.69,$1.10,235.45,$4.48
FRVO,Fervo Energy Co A,0.001,1,,0.06,$15.80,$15.53,1.74,$42.65
QNT,Quantinuum Inc A,0.001,1,,0.07,$53.28,$47.06,13.22,$86.79
LDOS,Leidos Holdings,0.001,1,,0.07,$138.95,$98.86,40.55,$204.08
TPC,Tutor Perini Corp.,0.001,1,,0.05,$88.91,$56.42,57.59,$102.20
RRC,Range Resources Corp.,0.001,1,,0.05,$40.92,$32.52,25.83,$48.18
EAF,GrafTech International Ltd.,0.001,1,,0.08,$6.33,$4.92,28.66,$20.32
EEM,Ishares Msci Emerging Market,0.001,1,,0.06,$66.19,$48.40,36.76,$71.57
M,Macy's Inc.,0.001,1,,0.06,$23.11,$12.47,85.32,$26.59
ALRS,Alerus Financial Corp.,0.001,1,,0.06,$32.98,$19.80,66.57,$34.40
DOC,Healthpeak Properties Inc.,0.001,1,,0.06,$21.55,$15.04,43.28,$22.84
ALT,Altimmune Inc.,0.001,1,,0.06,$3.11,$2.56,21.48,$6.44
UNFI,United Natural Foods,0.001,1,,0.05,$48.21,$26.76,80.16,$57.02
H,Hyatt Hotels Corp.,0.001,1,,0.08,$178.84,$133.82,33.64,$206.86
REAL,RealReal Inc.,0.001,1,,0.05,$11.08,$7.21,53.68,$17.39
ALGT,Allegiant Travel Company,0.001,1,,0.05,$82.78,$56.64,46.15,$123.63
DRH,DiamondRock Hospitality Co.,0.001,1,,0.10,$12.70,$7.25,75.17,$13.79
BELFB,Bel Fuse Inc. CL B,0.001,1,,0.09,$250.59,$128.94,94.35,$335.20
FROG,JFrog Ltd,0.001,1,,0.07,$90.23,$34.05,164.99,$99.22
HII,Huntington Ingalls Industries,0.001,1,,0.06,$294.72,$260.90,12.96,$458.02
AMBA,Ambarella Inc.,0.001,1,,0.10,$70.41,$48.30,45.78,$96.69
EHC,Encompass Health Corp.,0.001,1,,0.10,$121.46,$92.41,31.44,$127.50
WTFC,Wintrust Financial Corp.,0.001,1,,0.09,$152.77,$117.89,29.59,$166.65
ENB,Enbridge Inc.,0.001,1,,0.07,$50.22,$43.08,16.57,$57.66
GCO,Genesco Inc.,0.001,1,,0.11,$35.07,$21.93,59.92,$43.60
CIB,Grupo Cibest SA ADR,0.001,1,,0.12,$101.94,$47.53,114.48,$102.58
CCJ,Cameco Corp.,0.001,1,,0.06,$102.56,$72.55,41.36,$135.24
NG,NovaGold Resources,0.001,1,,0.07,$9.36,$5.08,84.25,$14.40
DOCS,Doximity Inc.,0.001,1,,0.10,$25.27,$17.15,47.35,$76.51
VSH,Vishay Intertechnology,0.001,1,,0.07,$30.35,$11.60,161.64,$69.47
ARTV,Artiva Biotherapeutics Inc,0.001,1,,0.07,$11.51,$2.22,418.47,$14.53
NSP,Insperity Inc.,0.001,1,,0.06,$52.35,$18.24,187.01,$55.90
MTRN,Materion Corp.,0.001,1,,0.06,$230.79,$107.36,114.97,$304.40
IEUR,iShares Core MSCI Europe ETF,0.001,1,,0.08,$78.36,$63.42,23.56,$78.55
AEHR,Aehr Test Systems,0.001,1,,0.05,$97.87,$17.33,464.74,$147.40
USNA,USANA Health Sciences,0.001,1,,0.08,$13.56,$12.57,7.88,$32.32
IESC,IES Holdings Inc.,0.001,1,,0.05,$325.94,$323.64,0.71,$816.51
CBOE,CBOE Holdings Inc.,0.001,1,,0.08,$307.44,$227.15,35.35,$370.40
PEYUF,Peyto Exploration & Development Corp.,0.001,1,,0.08,$18.35,$12.33,48.82,$20.78
PLAY,Dave & Buster's Ent. Inc.,0.001,1,,0.08,$10.32,$9.40,9.79,$26.31
FINV,Finvolution Group ADR,0.001,1,,0.12,$4.31,$4.24,1.65,$9.15
NPO,EnPro Industries,0.001,1,,0.06,$306.31,$201.26,52.20,$390.42
VRM,Vroom Inc,0.001,1,,0.11,$9.88,$6.80,45.29,$30.00
BRX,Brixmor Property Group Inc.,0.001,1,,0.06,$29.47,$23.87,23.46,$32.86
BZH,Beazer Homes USA,0.001,1,,0.12,$33.21,$17.83,86.26,$34.54
KB,Kb Financial Group Inc ADR,0.000,3,$104.97,0.03,$118.28,$76.31,55.00,$125.66
GIS,General Mills,0.000,3,$34.80,0.02,$40.76,$31.21,30.60,$48.32
CPA,Copa Holdings SA,0.000,3,$155.53,0.03,$131.51,$106.15,23.89,$160.47
OUT,Outfront Media Inc.,0.000,3,$32.76,0.02,$30.07,$16.42,83.13,$34.63
SANM,Sanmina Corp.,0.000,3,$253.04,0.01,$186.39,$110.44,68.77,$288.68
FORM,FormFactor Inc.,0.000,3,$159.91,0.03,$108.01,$27.81,288.39,$160.27
VB,Vanguard Small Cap ETF,0.000,3,$302.93,0.03,$302.80,$238.70,26.85,$309.51
DGII,Digi International,0.000,2,$74.95,0.03,$75.12,$33.05,127.29,$86.84
MEC,Mayville Engineering Co. Inc.,0.000,2,$37.46,0.02,$21.19,$12.25,72.98,$38.76
LITE,Lumentum Holdings Inc.,0.000,2,$858.53,0.01,$839.67,$115.89,624.54,$1085.68
VICI,VICI Properties Inc.,0.000,2,$26.55,0.02,$26.71,$25.81,3.49,$31.85
MTSI,MACOM Technology Solutions Hldg,0.000,2,$380.48,0.01,$258.80,$121.97,112.18,$418.90
VV,Vanguard Large Cap ETF,0.000,2,$341.77,0.01,$351.64,$288.27,21.98,$359.22
WOLF,Wolfspeed Inc.,0.000,2,$48.27,0.02,$24.30,$1.16,1994.83,$80.82
FTAI,FTAI Aviation Ltd.,0.000,2,,0.00,$199.23,$143.86,38.49,$321.70
UTZ,Utz Brands Inc.,0.000,2,$7.70,0.02,$14.22,$6.72,111.61,$14.25
VEU,Vanguard FTSE All World ex US ETF,0.000,2,$83.76,0.01,$85.25,$66.53,28.14,$86.22
AWK,American Water Works Inc.,0.000,2,$131.60,0.01,$139.00,$118.81,16.99,$143.92
BRC,Brady Corp.,0.000,2,$91.57,0.01,$94.14,$70.38,33.76,$99.25
MOS,Mosaic Co.,0.000,2,$21.19,0.03,$23.87,$19.80,20.56,$35.99
ACLS,Axcelis Technologies,0.000,2,$189.45,0.02,$124.51,$73.60,69.17,$193.78
SKYT-OLD,Skywater Technology Inc,0.000,2,,0.00,$32.49,$8.49,282.69,$39.93
VGT,Vanguard Info Tech ETF,0.000,2,$120.00,0.02,$116.86,$82.99,40.81,$125.85
CAKE,Cheesecake Factory,0.000,2,$79.54,0.02,$114.32,$42.54,168.74,$118.46
CVLG,Covenant Transportation Group Inc. CL A,0.000,2,$44.18,0.03,$34.87,$17.87,95.13,$49.88
AXGN,AxoGen Inc.,0.000,2,$46.19,0.03,$48.91,$13.64,258.58,$51.06
ACWX,iShares MSCI ACWI EX U.S. ETF,0.000,2,$76.11,0.02,$77.48,$60.24,28.62,$78.43
KAR,KAR Auction Services,0.000,2,$41.24,0.02,$30.88,$17.08,80.80,$30.98
SMTC,Semtech Corp.,0.000,2,$161.84,0.02,$119.36,$49.04,143.39,$177.35
HZO,MarineMax Inc.,0.000,2,$36.62,0.02,$52.12,$21.42,143.32,$52.46
IVE,Ishares S&P 500 Value ETF,0.000,2,,0.00,$237.61,$197.92,20.05,$239.93
ADTN,ADTRAN Holdings Inc.,0.000,2,$13.90,0.03,$7.70,$7.11,8.30,$19.98
CIEN,Ciena Corp.,0.000,2,$490.71,0.01,$376.38,$87.25,331.38,$637.51
EGP,EastGroup Properties SBI,0.000,2,$202.54,0.04,$201.80,$157.68,27.98,$226.71
EXTR,Extreme Networks Inc.,0.000,2,$32.37,0.03,$22.46,$13.48,66.62,$33.73
THC,Tenet Healthcare Corp.,0.000,2,,0.00,$279.14,$157.58,77.14,$283.58
AAOI,Applied Optoelectronics Inc,0.000,2,$148.11,0.02,$110.48,$18.50,497.19,$233.67
SNDK,SanDisk Corp.,0.000,2,$2273.04,0.01,$1506.47,$45.63,3201.49,$2354.39
IWS,Ishares Russell Mid Cap Valu,0.000,2,,0.00,$171.64,$132.31,29.73,$173.52
IAU,iShares Gold Trust,0.000,2,,0.00,$87.10,$62.73,38.85,$104.40
SCHD,Schwab Us Dvd Equity ETF,0.000,2,$31.66,0.02,$35.17,$25.63,37.22,$35.31
LOCO,El Pollo Loco Holdings Inc.,0.000,2,$16.96,0.03,$16.06,$8.99,78.64,$17.40
PH,Parker-Hannifin,0.000,2,,0.00,$1010.17,$710.89,42.10,$1099.94
ESI,Element Solutions Inc.,0.000,2,$47.76,0.03,$35.27,$22.69,55.44,$49.25
CAMT,Camtek Ltd,0.000,2,$163.15,0.01,$141.57,$75.75,86.89,$215.99
IJH,Ishares Core S&P Midcap ETF,0.000,2,$77.11,0.03,$76.17,$61.62,23.61,$78.71
MT,ArcelorMittal,0.000,2,$60.21,0.01,$72.64,$31.50,130.60,$75.51
LSCC,Lattice Semconductor,0.000,2,$152.94,0.01,$115.30,$60.50,90.58,$157.01
ITRG,Integra Resources Corp,0.000,1,,0.00,$2.84,$1.89,50.26,$4.87
KVHI,KVH Industries Inc.,0.000,1,,0.00,$7.48,$5.09,46.95,$13.00
ETN,Eaton Corp.,0.000,1,,0.03,$409.93,$309.33,32.52,$478.00
MTRX,Matrix Service Co.,0.000,1,,0.02,$10.74,$9.88,8.70,$15.97
NWS,News Corp. CL B,0.000,1,,0.00,$34.81,$25.40,37.05,$35.31
EPC,Edgewell Personal Care Co.,0.000,1,,0.03,$28.62,$15.61,83.34,$29.95
FUTU,Futu Holdings Ltd,0.000,1,,0.00,$115.62,$80.50,43.63,$199.33
TTAM,Titan America SA,0.000,1,,0.01,$15.13,$13.83,9.40,$19.57
PROF,Profound Medical Corp,0.000,1,,0.00,$6.87,$3.76,82.71,$8.95
WNC,Wabash National,0.000,1,,0.00,$12.00,$6.59,82.09,$14.23
CDRE,Cadre Holdings Inc,0.000,1,,0.01,$33.06,$25.65,28.89,$48.44
RDN,Radian Group,0.000,1,,0.01,$36.63,$31.02,18.09,$41.05
ARX,Accelerant Holdings Cl A,0.000,1,,0.00,$19.67,$9.18,114.27,$30.35
STN,Stantec Inc.,0.000,1,,0.04,$73.18,$66.26,10.44,$113.80
ASPS,Altisource Portfolio Solutions S.A.,0.000,1,,0.01,$5.37,$4.30,24.88,$14.36
HLIT,Harmonic Inc.,0.000,1,,0.04,$11.97,$8.47,41.32,$17.68
HON,Honeywell Int'l Inc.,0.000,1,,0.00,$214.54,$186.02,15.33,$251.25
ENSG,Ensign Group,0.000,1,,0.02,$180.31,$141.52,27.41,$217.84
CRBU,Caribou Biosciences Inc.,0.000,1,,0.01,$1.66,$1.38,20.29,$3.54
METCB,Ramaco Resources Inc B,0.000,1,,0.01,$6.56,$5.80,13.10,$21.24
FLOC,Flowco Holdings Inc Cl A,0.000,1,,0.03,$21.75,$13.72,58.53,$27.97
WYFI,Whitefiber Inc,0.000,1,,0.01,$21.24,$10.51,102.09,$46.87
RTLLF,Rational Ag,0.000,1,,0.02,$718.55,$673.93,6.62,$859.22
RMBS,Rambus Inc.,0.000,1,,0.01,$87.93,$70.45,24.81,$174.10
PTCT,PTC Therapeutics Inc.,0.000,1,,0.02,$70.28,$48.28,45.57,$90.87
NVMI,Nova Ltd,0.000,1,,0.01,$363.90,$232.73,56.36,$615.99
CPAC,Cementos Pacasmayo Saa ADR,0.000,1,,0.02,$11.76,$5.73,105.24,$12.70
MIRM,Mirum Pharmaceuticals Inc.,0.000,1,,0.02,$97.03,$63.23,53.46,$130.00
SLP,Simulations Plus Inc.,0.000,1,,0.03,$18.40,$11.09,65.92,$21.01
XT,Ishar Fture Exp Tech ETF Usd,0.000,1,,0.00,$82.12,$61.59,33.33,$83.89
MKC,McCormick & Co.,0.000,1,,0.02,$55.64,$44.42,25.26,$71.13
BBY,Best Buy Co. Inc.,0.000,1,,0.00,$87.36,$54.38,60.65,$91.27
LNTH,Lantheus Holdings Inc.,0.000,1,,0.00,$100.51,$49.67,102.36,$111.86
ARM,Arvinmeritor Inc.,0.000,1,,0.01,$239.42,$100.02,139.37,$452.70
OIS,Oil States International Inc.,0.000,1,,0.03,$8.32,$5.12,62.50,$14.50
CATO,Cato Corp. CL A,0.000,1,,0.00,$2.82,$2.59,8.88,$4.92
COPX,Global X Copper Miners ETF,0.000,1,,0.00,$94.11,$45.19,108.25,$99.65
TWI,Titan International Inc.,0.000,1,,0.01,$7.11,$6.37,11.62,$11.70
PGNY,Progyny Inc.,0.000,1,,0.01,$25.40,$16.10,57.76,$33.07
KMB,Kimberly-Clark,0.000,1,,0.01,$110.88,$91.17,21.62,$128.11
WLK,Westlake Chemical Corp.,0.000,1,,0.00,$76.52,$55.23,38.55,$123.49
CAE,CAE Inc.,0.000,1,,0.04,$24.49,$22.76,7.60,$34.24
EPP,iShares MSCI Pacific ex-Japan ETF,0.000,1,,0.01,$57.89,$47.21,22.62,$58.15
AZUL,Azul S.A.,0.000,1,,0.03,$7.44,$7.32,1.64,$14.00
BRSL,Brightstar Lottery,0.000,1,,0.03,$11.96,$9.70,23.30,$17.27
DCOM,Dime Community Bancshares,0.000,1,,0.02,$40.65,$25.09,62.02,$41.97
VXUS,Vanguard Total Intl Stock,0.000,1,,0.01,$87.27,$68.38,27.63,$88.62
AIRJ,Airjoule Technologies Corp,0.000,1,,0.01,$5.03,$2.22,126.58,$6.75
CVE,Cenovus Energy Inc.,0.000,1,,0.01,$32.38,$15.01,115.72,$33.40
MASS,908 Devices Inc,0.000,1,,0.01,$11.07,$5.03,120.08,$11.50
PACK,Ranpak Holdings Corp. CL A,0.000,1,,0.01,$5.03,$3.22,56.21,$7.81
SSPPF,Ssp Group Plc,0.000,1,,0.02,$2.55,$1.67,52.69,$2.55
ATRC,AtriCure Inc.,0.000,1,,0.01,$49.02,$25.36,93.30,$49.75
PRSU,Pursuit Attractions and Hospitality,0.000,1,,0.01,$48.71,$32.03,52.08,$56.52
UMC,United Microelectronics Corp.,0.000,1,,0.01,$19.12,$6.45,196.43,$28.46
UNM,Unum Group,0.000,1,,0.00,$89.17,$67.08,32.93,$94.55
FMC,FMC Corp.,0.000,1,,0.04,$11.29,$9.95,13.47,$39.44
FLMNF,Fielmann Group Ag,0.000,1,,0.02,$50.75,$50.75,0.00,$62.66
GPRK,Geopark Ltd,0.000,1,,0.00,$9.78,$5.68,72.18,$11.84
MITK,Mitek Systems Inc.,0.000,1,,0.01,$17.90,$8.53,109.85,$21.05
SMBK,SmartFinancial Inc.,0.000,1,,0.03,$51.56,$32.74,57.48,$54.14
ATAT,Atour Lifestyle Holdings ADR,0.000,1,,0.00,$34.81,$30.78,13.09,$42.49
ESTA,Establishment Labs Hldg Inc.,0.000,1,,0.02,$72.56,$36.53,98.63,$97.59
HURC,Hurco Cos. Inc.,0.000,1,,0.00,$22.79,$14.50,57.17,$23.75
LFST,Lifestance Health Group Inc,0.000,1,,0.03,$12.33,$4.77,158.49,$12.97
UFCS,United Fire Group Inc.,0.000,1,,0.00,$54.12,$29.32,84.58,$55.82
CRMT,America's Car Mart Inc.,0.000,1,,0.01,$2.25,$1.38,63.04,$47.93
MG,Mistras Group Inc.,0.000,1,,0.02,$19.11,$9.24,106.82,$20.20
ASX,Ase Technology Holding ADR,0.000,1,,0.01,$36.38,$9.46,284.57,$45.27
ORI,Old Republic International,0.000,1,,0.02,$42.05,$35.42,18.72,$44.65
SIL,Global X Silver Miners ETF,0.000,1,,0.00,$99.84,$52.82,89.02,$119.08
TITN,Titan Machinery Inc.,0.000,1,,0.03,$19.64,$13.21,48.68,$25.00
PUMP,ProPetro Holding Corp.,0.000,1,,0.02,$10.88,$4.52,140.71,$18.50
XLF,Financial Select Sector SPDR,0.000,1,,0.00,$58.12,$47.50,22.36,$58.41
WSR-OLD,Whitestone REIT,0.000,1,,0.02,$18.99,$11.17,70.01,$19.00
KZIA,Kazia Therapeutics Spon ADR,0.000,1,,0.02,$13.07,$4.86,168.93,$17.40
GANX,Gain Therapeutics Inc.,0.000,1,,0.03,$2.01,$1.53,31.37,$4.34
GLBE,Global E Online Ltd,0.000,1,,0.04,$40.18,$26.85,49.65,$43.99
VNQ,Vanguard Real Estate ETF,0.000,1,,0.00,$98.80,$85.39,15.70,$101.80
DIN,Dine Brands Global Inc.,0.000,1,,0.02,$35.78,$21.01,70.30,$39.19
AKTS,Aktis Oncology Inc,0.000,1,,0.02,$24.74,$14.72,68.07,$34.19
IXN,Ishares Global Tech ETF,0.000,1,,0.00,$137.54,$92.32,48.98,$149.65
FVR,Frontview Reit Inc,0.000,1,,0.02,$20.00,$12.16,64.47,$22.29
TRNO,Terreno Realty Corp.,0.000,1,,0.03,$68.55,$53.84,27.32,$78.94
AMBQ,Ambiq Micro Inc,0.000,1,,0.04,$57.25,$22.12,158.82,$91.61
HCSG,Healthcare Services Group,0.000,1,,0.02,$22.52,$15.13,48.84,$25.75
CUBE,CubeSmart,0.000,1,,0.02,$40.72,$33.77,20.58,$43.26
AVAH,Aveanna Healthcare Holdings Inc.,0.000,1,,0.01,$13.68,$5.93,130.69,$13.92
REYN,Reynolds Consumer Products Inc.,0.000,1,,0.02,$25.42,$20.05,26.78,$27.08
RXT,Rackspace Technology Inc.,0.000,1,,0.04,$3.16,$0.39,710.26,$8.60
HSBC,HSBC Holdings plc,0.000,1,,0.01,$103.70,$60.74,70.73,$107.40
MFC,Manulife Financial Corp.,0.000,1,,0.01,$42.61,$28.71,48.42,$44.95
FLUIF,Fluidra SA,0.000,1,,0.02,$22.00,$22.00,0.00,$29.81
ASR,Grupo Aeroportuario Sure SA de CV,0.000,1,,0.00,$260.42,$255.93,1.75,$374.42
SNDA,Sonida Senior Living Inc.,0.000,1,,0.00,$39.79,$24.95,59.48,$44.39
ETON,Eton Pharmaceuticals Inc.,0.000,1,,0.01,$64.76,$14.27,353.82,$65.72
IIIV,I3 Verticals Inc. CL A,0.000,1,,0.03,$16.95,$15.57,8.86,$33.97
PNR,Pentair plc,0.000,1,,0.04,$63.66,$57.35,11.00,$112.57
AMPY,Amplify Energy Corp.,0.000,1,,0.01,$4.79,$3.65,31.23,$6.79
MC,Moelis & Co.,0.000,1,,0.01,$68.21,$50.06,36.26,$75.92
QQQM,Invesco Nasdaq 100 ETF,0.000,1,,0.02,$291.84,$228.49,27.73,$307.85
ZLDSF,Zalando Se,0.000,1,,0.01,$26.40,$22.73,16.15,$32.35
OGS,ONE Gas Inc.,0.000,1,,0.02,$79.92,$71.66,11.53,$89.27
