Symbol,Stock,%▼,"Ownership
count",Hold Price*,Max %,"Current
Price","52 Week
Low","% Above
52 Week
Low","52 Week
High"
AMZN,Amazon.com Inc.,2.917,34,$238.34,32.21,$254.79,$196.00,29.99,$287.20
GOOG,Alphabet Inc. CL C,2.582,34,$353.33,23.39,$344.54,$236.07,45.95,$403.96
BRK.B,Berkshire Hathaway CL B,2.416,26,$500.39,33.89,$512.43,$464.01,10.44,$537.74
GOOGL,Alphabet Inc.,2.084,36,$357.37,24.55,$347.73,$235.23,47.83,$408.10
MSFT,Microsoft Corp.,1.779,37,$373.02,20.54,$521.74,$348.54,49.69,$549.20
BRK.A,Berkshire Hathaway CL A,1.758,17,$748851.77,42.42,$769062.50,$698000.00,10.18,$806102.81
V,Visa Inc.,1.713,30,$343.09,19.83,$377.04,$292.74,28.80,$385.57
META,Meta Platforms Inc.,1.580,31,$563.30,20.45,$718.56,$519.37,38.35,$779.82
CVNA,Carvana Co.,1.483,7,$65.82,78.85,$63.04,$54.46,15.75,$97.38
MA,Mastercard Inc.,1.419,22,$513.60,20.01,$577.58,$463.74,24.55,$601.23
AAPL,Apple Inc.,1.224,22,$289.36,41.05,$340.51,$242.76,40.27,$345.34
TSM,Taiwan Semiconductor S.A.,0.986,24,$477.55,10.55,$456.28,$264.09,72.77,$487.47
GE,GE Aerospace,0.968,10,$373.73,35.61,$305.52,$268.17,13.93,$388.25
MCO,Moody's Corp.,0.948,17,$452.92,19.14,$457.92,$399.61,14.59,$543.25
JOE,St. Joe Co.,0.932,1,,76.43,$65.01,$45.92,41.57,$73.02
TDG,TransDigm Group Inc.,0.751,6,$1332.04,27.51,$1093.29,$1071.25,2.06,$1463.03
BN,Brookfield Corp.,0.736,9,$42.59,16.29,$36.59,$35.69,2.52,$49.31
SPGI,S&P Global Inc.,0.730,15,$407.26,19.92,$402.25,$360.09,11.71,$521.12
ASML,ASML Holding NV,0.722,9,$1989.38,21.11,$1770.50,$929.28,90.52,$1997.38
NVDA,NVIDIA Corp.,0.720,18,$200.09,9.34,$230.38,$163.90,40.56,$243.37
IBKR,Interactive Brokers Group Inc.,0.706,6,$87.04,33.42,$86.89,$58.70,48.02,$98.66
IEP,Icahn Enterprises,0.658,1,,53.95,$6.64,$5.82,14.09,$7.44
FICO,Fair Isaac Corp.,0.581,8,$1194.78,25.77,$709.00,$586.05,20.98,$1858.91
HCC,Warrior Met Coal Inc.,0.580,3,$81.16,43.32,$89.84,$61.64,45.75,$111.42
LOAR,Loar Holdings Inc,0.575,1,,47.15,$61.46,$53.15,15.63,$83.43
MOH,Molina Healthcare Inc.,0.567,3,$193.75,43.49,$195.83,$121.06,61.76,$244.89
GPI,Group 1 Automotive,0.566,2,$291.17,46.41,$235.39,$229.91,2.38,$458.18
PDD,Pinduoduo Inc.,0.545,4,$76.28,22.17,$78.55,$71.94,9.19,$139.41
UBER,Uber Technologies Inc.,0.521,11,$72.16,12.72,$69.92,$65.41,6.89,$100.35
AMAT,Applied Materials,0.516,12,$723.00,19.48,$506.11,$202.28,150.20,$738.88
C,Citigroup Inc.,0.484,8,$139.96,18.50,$127.85,$91.72,39.39,$147.21
COF,Capital One Financial,0.470,16,$200.62,7.13,$198.34,$173.62,14.24,$256.63
AXP,American Express,0.464,16,$338.24,17.14,$305.82,$289.26,5.72,$384.36
SUNB,Sunbelt Rentals Holdings Inc,0.464,12,$75.05,10.59,$75.47,$60.16,25.45,$85.44
ELV,Elevance Health Inc.,0.457,12,$386.73,9.11,$403.13,$270.87,48.83,$434.35
SNX,SYNNEX Corp.,0.456,4,$267.34,26.38,$269.41,$141.15,90.87,$298.77
CROX,Crocs Inc.,0.443,6,$120.64,27.20,$117.45,$73.21,60.43,$141.28
DIS,Walt Disney Co.,0.432,20,$96.25,9.55,$106.93,$91.48,16.89,$115.42
LULU,Lululemon Athletica Inc.,0.403,4,$176.58,32.35,$92.83,$90.56,2.51,$225.98
CVS,CVS Health Corp.,0.396,10,$103.45,10.63,$87.84,$68.48,28.27,$110.00
EQH,Equitable Holdings Inc.,0.395,5,$43.88,30.38,$53.43,$34.72,53.89,$55.23
SLM,SLM Corp.,0.387,3,$27.27,24.16,$22.68,$17.46,29.90,$30.52
JHG-OLD,Janus Henderson Group,0.385,1,,31.53,$51.98,$37.96,36.93,$53.76
RIG,Transocean Ltd.,0.373,2,$4.89,30.53,$5.56,$3.07,81.11,$7.66
AVGO,Broadcom Inc.,0.368,13,$377.75,10.61,$357.90,$288.98,23.85,$493.32
ICLR,ICON plc,0.358,6,$173.71,11.94,$163.51,$66.57,145.62,$203.91
FERG,Ferguson Enterprises Inc.,0.339,11,$237.33,6.88,$216.07,$212.13,1.86,$268.59
SCHW,Charles Schwab Corp.,0.338,11,$92.27,6.56,$96.97,$83.72,15.83,$114.53
ADI,Analog Devices,0.319,11,$397.17,7.97,$405.67,$220.71,83.80,$444.56
AMR,Alpha Metallurgical Resources Inc.,0.318,1,,26.11,$173.00,$133.64,29.45,$253.82
MKL,Markel Group Inc.,0.309,5,$1953.01,10.89,$1777.01,$1704.17,4.27,$2207.59
UNH,United Health Group Inc.,0.302,17,$415.63,6.05,$370.25,$252.95,46.37,$458.79
TMO,Thermo Fisher Scientific,0.301,11,$501.36,9.81,$650.10,$434.50,49.62,$694.33
KHC,Kraft Heinz Co.,0.299,9,$23.61,12.80,$22.47,$20.34,10.47,$27.65
PYPL,PayPal Holdings Inc.,0.294,8,$43.18,10.61,$54.99,$38.12,44.25,$78.34
RKT,Rocket Companies Inc.,0.290,5,$15.75,11.65,$11.73,$10.99,6.73,$24.36
CVI,CVR Energy Inc.,0.289,1,,23.73,$59.35,$19.50,204.36,$59.35
VFC,V.F. Corp.,0.287,2,$16.68,23.36,$14.53,$12.46,16.61,$22.00
BABA,Alibaba Group Holdings,0.281,9,$95.98,16.92,$105.30,$91.99,14.47,$180.84
CAT,Caterpillar Inc.,0.275,6,$1064.90,19.65,$794.26,$484.97,63.78,$1071.47
CNH,CNH Industrial NV,0.271,5,$11.23,17.11,$12.23,$8.91,37.26,$14.46
WM,Waste Management Inc.,0.267,3,$222.88,17.30,$210.34,$190.92,10.17,$246.06
ORLA-OLD,Orla Mining Ltd,0.264,3,$9.73,21.55,$9.45,$8.43,12.10,$21.95
CP,Canadian Pacific Kansas City,0.261,7,$86.65,7.44,$84.55,$67.83,24.65,$96.69
LYV,Live Nation Inc.,0.257,8,$183.11,7.69,$171.75,$125.34,37.03,$189.25
APP,Applovin Corp.,0.257,4,$515.25,14.50,$278.25,$266.84,4.28,$738.01
ASH,Ashland Global Holdings Inc.,0.256,2,$65.89,17.47,$70.73,$45.84,54.30,$77.80
GM,General Motors,0.255,7,$77.08,11.46,$82.29,$53.87,52.76,$91.66
LEN,Lennar Corp.,0.255,4,$90.49,11.82,$77.02,$73.27,5.12,$130.83
BKNG,Booking Holdings Inc.,0.252,6,$178.24,8.46,$159.99,$149.40,7.09,$219.22
RPRX,Royalty Pharma plc,0.250,3,$56.07,8.82,$56.10,$34.56,62.33,$64.38
VRT,Vertiv Holdings Co.,0.250,3,$334.82,20.37,$242.91,$147.72,64.44,$379.76
NFLX,Netflix Inc.,0.248,11,$71.40,5.41,$71.17,$65.08,9.36,$124.86
CNI,Canadian Natl Railway Co.,0.247,6,$119.24,17.95,$117.07,$88.62,32.10,$130.84
DHR,Danaher Corp.,0.245,12,$190.48,7.64,$216.29,$160.31,34.92,$241.35
BAC,Bank of America Corp.,0.244,15,$56.98,9.20,$53.43,$45.64,17.07,$64.89
BDX,Becton Dickinson,0.238,7,$151.33,9.93,$182.09,$124.46,46.30,$191.94
QSR,Restaurant Brands International,0.238,3,$72.51,9.62,$70.71,$62.26,13.57,$81.15
GRBK,Green Brick Partners,0.237,2,$80.04,19.39,$63.65,$60.44,5.31,$83.18
CRM,Salesforce.com,0.235,10,$156.66,8.33,$225.69,$146.06,54.52,$267.80
AZN,AstraZeneca PLC,0.233,3,$187.18,19.03,$158.71,$90.90,74.60,$209.12
KKR,KKR & Co. L.P.,0.231,7,$91.78,8.95,$88.94,$82.35,8.00,$144.02
WFC,Wells Fargo,0.225,14,$82.64,3.11,$82.00,$72.36,13.32,$96.18
YETI,YETI Holdings Inc.,0.224,2,$49.56,18.33,$39.49,$31.66,24.73,$53.99
SGOV,Ishares 0 3 Month Treasury B,0.220,4,$100.67,10.59,$100.48,$96.84,3.76,$100.48
CACC,Credit Acceptance Corp.,0.220,2,$636.74,18.01,$541.37,$401.90,34.70,$668.86
RACE,Ferrari NV,0.216,4,$370.77,7.71,$388.00,$308.95,25.59,$484.96
PM,Philip Morris Intl.,0.212,10,$180.91,9.18,$202.27,$137.25,47.37,$205.99
SOLV,Solventum Corp,0.210,4,$77.15,15.02,$86.55,$62.38,38.75,$94.16
WBD-OLD,Warner Bros. Discovery Inc.,0.209,5,$26.66,11.68,$30.99,$17.08,81.44,$30.99
LAD,Lithia Motors Inc.,0.207,6,$290.49,13.20,$288.50,$238.86,20.78,$438.67
TXN,Texas Instruments,0.206,14,$298.07,3.93,$286.77,$150.20,90.93,$332.33
OMF,OneMain Holdings,0.200,4,$60.97,10.08,$56.39,$44.20,27.58,$68.16
EGO,Eldorado Gold Corp.,0.197,1,,16.18,$36.76,$24.30,51.28,$50.88
CPNG,Coupang Inc.,0.196,8,$17.37,6.89,$15.29,$13.35,14.53,$32.70
TKO,TKO Group Holdings Inc.,0.196,1,,16.07,$182.25,$171.19,6.46,$224.23
IFF,International Flavors & Fragrances Inc.,0.194,5,$79.22,5.43,$84.65,$57.85,46.33,$88.89
OXY,Occidental Petroleum,0.192,4,$48.57,7.02,$60.25,$38.26,57.48,$66.83
AON,Aon Plc,0.191,10,$331.69,4.91,$277.21,$266.33,4.09,$381.47
FWONK,Liberty Media Corp Formula One Series C,0.191,3,$95.14,7.73,$94.97,$80.15,18.49,$107.92
GXO,Gxo Logistics Inc.,0.189,1,,15.46,$46.56,$43.61,6.76,$66.85
EPD,Enterprise Products Partners LP,0.188,6,$36.76,13.46,$36.85,$28.18,30.77,$39.69
APTV,Aptiv PLC,0.187,2,$61.38,14.51,$44.14,$42.56,3.71,$78.49
AER,AerCap Holdings N.V.,0.185,3,$145.78,7.16,$142.00,$117.76,20.58,$158.38
ALC,Alcon Inc.,0.185,2,$67.33,15.19,$63.15,$61.84,2.12,$87.22
PEP,PepsiCo Inc.,0.184,12,$135.40,5.27,$127.34,$123.47,3.13,$166.41
MU,Micron Technology Inc.,0.184,5,$1154.29,15.06,$1034.28,$179.43,476.43,$1254.81
CMCSA,Comcast Corp.,0.183,14,$24.55,3.15,$21.12,$20.85,1.29,$31.55
LLY,Eli Lilly & Co.,0.183,7,$1199.42,6.89,$1161.32,$778.93,49.09,$1292.65
KO,Coca Cola Co.,0.182,9,$81.27,10.86,$87.89,$64.29,36.71,$91.94
BLK,BlackRock Inc.,0.181,6,$961.57,9.93,$1065.43,$907.59,17.39,$1194.41
DASH,DoorDash Inc.,0.181,4,$184.53,7.46,$191.23,$143.30,33.45,$285.50
PVH,PVH Corp.,0.179,4,$74.26,9.92,$81.78,$59.55,37.33,$100.69
HGV,Hilton Grand Vacations Inc.,0.177,2,$52.37,14.48,$34.74,$33.99,2.21,$55.40
SIRI,SiriusXM Holdings Inc,0.175,5,$29.54,5.59,$26.27,$19.15,37.18,$32.37
ICE,Intercontinental Exchange Inc.,0.174,6,$123.11,4.90,$155.83,$121.39,28.37,$174.25
BAYRY,Bayer Ag Sponsored ADR,0.172,1,,14.12,$12.26,$7.46,64.34,$15.23
ACN,Accenture,0.170,12,$124.44,4.86,$205.99,$116.75,76.44,$285.21
BAX,Baxter International Inc.,0.170,7,$21.32,4.09,$23.94,$15.72,52.29,$29.99
CCL,Carnival Corp.,0.170,2,$28.57,12.78,$26.07,$21.45,21.54,$33.49
TOL,Toll Brothers,0.169,4,$164.75,10.71,$134.25,$122.93,9.21,$167.75
TRMD,Torm Plc,0.169,2,$25.79,13.87,$40.15,$16.70,140.42,$41.55
OKTA,Okta Inc.,0.168,1,,13.80,$218.64,$62.66,248.93,$226.44
TSLA,Tesla Inc.,0.167,6,$420.60,7.44,$372.48,$297.38,25.25,$498.83
DG,Dollar General,0.167,5,$115.11,8.66,$124.75,$93.32,33.68,$155.91
IONS,Ionis Pharmaceuticals Inc.,0.167,1,,13.70,$43.41,$42.63,1.83,$86.74
ROP,Roper Technologies Inc.,0.165,4,$338.39,7.80,$362.22,$304.43,18.98,$516.29
ORCL,Oracle Corp.,0.164,14,$146.55,4.51,$135.08,$114.50,17.97,$319.46
APH,Amphenol Corp.,0.164,7,$88.16,8.29,$85.22,$58.82,44.88,$89.93
SPOT,Spotify Technology S.A.,0.163,7,$459.13,4.96,$523.92,$405.00,29.36,$700.12
KEX,Kirby Corp.,0.161,1,,13.22,$138.02,$79.52,73.57,$157.69
PG,Procter & Gamble,0.160,9,$146.64,4.38,$150.44,$134.62,11.75,$164.77
GIL,Gildan Activewear Inc.,0.160,1,,13.10,$41.88,$39.93,4.88,$72.73
AJG,Arthur J. Gallagher & Co.,0.159,6,$229.57,6.43,$234.29,$189.61,23.56,$306.74
XRAY,DENTSPLY SIRONA Inc.,0.159,3,$10.61,12.18,$8.56,$8.38,2.15,$14.76
PFE,Pfizer Inc.,0.158,10,$24.08,3.07,$27.84,$22.57,23.35,$29.21
USB,U.S. Bancorp,0.157,6,$60.41,5.56,$56.83,$43.35,31.10,$65.46
ADP,Automatic Data Processing Inc.,0.157,6,$223.95,4.93,$270.78,$185.56,45.93,$286.17
VMC,Vulcan Materials,0.157,6,$295.01,5.62,$245.52,$237.03,3.58,$329.20
MDLN,Medline Inc Cl A,0.157,4,$39.44,6.28,$35.85,$31.49,13.85,$50.88
INTU,Intuit Inc.,0.156,8,$261.00,6.62,$301.42,$250.56,20.30,$679.59
SHW,Sherwin-Williams,0.155,7,$344.32,4.50,$320.60,$289.19,10.86,$375.09
NEM,Newmont Corp.,0.155,4,$93.40,6.25,$115.14,$75.34,52.83,$135.01
SGI,Somnigroup International Inc.,0.155,2,$78.40,8.30,$62.16,$60.08,3.46,$97.86
EXE,Expand Energy Corp.,0.154,1,,12.64,$88.66,$83.25,6.50,$124.43
HD,Home Depot,0.153,10,$352.68,5.61,$294.86,$277.15,6.39,$389.18
GEHC,GE HealthCare Technologies Inc.,0.153,8,$64.01,4.67,$64.21,$58.72,9.35,$89.64
EG,Everest Group Ltd,0.153,4,$357.23,11.28,$375.28,$295.27,27.10,$398.90
DE,Deere & Co.,0.152,7,$634.33,6.56,$654.43,$428.12,52.86,$719.50
CRH,CRH plc,0.152,5,$107.00,5.14,$81.53,$80.13,1.75,$130.09
UHAL.B,U Haul Holding Co Non Voting,0.152,4,$57.70,4.42,$50.92,$39.55,28.75,$66.84
ALK,Alaska Air Group,0.151,2,$52.20,10.58,$39.39,$33.03,19.26,$60.63
WAT,Waters Corp.,0.150,8,$375.04,6.25,$429.10,$282.77,51.75,$454.54
MSI,Motorola Solutions Inc.,0.148,8,$415.29,5.63,$449.91,$356.42,26.23,$493.57
TRU,TransUnion,0.148,3,$72.14,5.94,$64.48,$60.96,5.77,$88.68
INTC,Intel Corp.,0.147,7,$139.63,4.62,$106.43,$32.89,223.59,$142.35
JPM,JPMorgan Chase & Co.,0.146,15,$327.33,3.54,$331.58,$275.06,20.55,$364.68
HEI.A,HEICO Corp. CL A,0.146,4,$257.91,6.38,$219.97,$199.25,10.40,$279.52
UNP,Union Pacific,0.145,11,$272.00,5.95,$278.98,$211.08,32.17,$314.53
SW,Smurfit Westrock Plc,0.143,3,$46.26,7.56,$41.43,$31.79,30.32,$51.52
PPLI,People Inc.,0.143,3,$46.16,7.54,$40.55,$29.56,37.18,$48.32
FBIN,Fortune Brands Innovations Inc.,0.141,5,$54.90,4.83,$39.19,$31.92,22.78,$63.70
RBC,RBC Bearings Inc.,0.141,2,$644.06,10.70,$496.78,$364.50,36.29,$667.69
PGR,Progressive Corp.,0.140,7,$218.45,4.79,$219.46,$187.70,16.92,$239.26
OSK,Oshkosh Corp.,0.140,5,$153.48,6.69,$126.78,$115.83,9.45,$178.55
ET,Energy Transfer LP,0.140,4,$19.12,7.18,$20.65,$15.10,36.75,$21.84
SN,Sharkninja Inc,0.139,5,$152.27,10.67,$183.90,$83.12,121.25,$194.54
SYK,Stryker Corp.,0.139,4,$314.84,6.72,$276.79,$266.16,3.99,$388.25
KOF,Coca-Cola FEMSA S A CV,0.138,3,$106.25,9.34,$109.86,$77.64,41.50,$117.09
EQT,EQT Corp.,0.137,3,$53.17,6.19,$52.72,$47.79,10.32,$67.84
LRCX,Lam Research,0.136,7,$433.33,5.72,$317.52,$130.42,143.46,$438.03
BA,Boeing Co.,0.136,6,$216.47,3.38,$186.93,$176.77,5.75,$254.35
JNJ,Johnson & Johnson,0.135,12,$253.97,3.96,$256.63,$180.59,42.11,$281.07
DB,Deutsche Bank AG,0.135,4,$33.86,10.80,$33.66,$27.13,24.07,$41.62
MAT,Mattel Inc.,0.135,2,$13.88,8.92,$16.61,$12.40,33.95,$22.48
BLDR,Builders FirstSource Inc.,0.134,6,$89.48,5.60,$53.87,$52.23,3.14,$131.50
UAA,Under Armour Inc.,0.134,1,,10.98,$4.87,$4.13,17.92,$8.15
TEL,TE Connectivity plc,0.133,8,$201.61,3.93,$213.01,$189.53,12.39,$250.61
QCOM,QUALCOMM Inc.,0.133,7,$184.79,3.66,$174.74,$120.88,44.56,$257.56
SLB,Schlumberger Ltd.,0.132,8,$46.49,4.36,$49.00,$30.88,58.68,$60.15
DHI,D.R. Horton,0.132,4,$162.88,6.59,$135.55,$130.96,3.50,$170.28
BFAM,Bright Horizons Family Solutions Inc.,0.132,2,$70.88,8.28,$69.73,$57.63,21.00,$109.86
CB,Chubb Limited,0.131,6,$340.74,4.79,$344.88,$262.07,31.60,$364.81
PHM,PulteGroup Inc.,0.131,3,$137.21,8.64,$113.29,$108.02,4.88,$143.57
FISV,Fiserv Inc.,0.130,9,$49.05,2.79,$45.74,$43.87,4.26,$128.78
CBRE,CBRE Group,0.130,7,$134.69,3.67,$130.60,$121.69,7.32,$174.27
RYN,Rayonier Inc.,0.129,1,,10.54,$18.52,$17.71,4.57,$24.25
AIIR,Air Holdings Ltd,0.129,1,,10.61,$7.49,$5.29,41.59,$13.37
TSN,Tyson Foods,0.128,6,$57.25,3.11,$52.43,$48.84,7.35,$68.27
NCLH,Norwegian Cruise Line Hlgs Ltd.,0.128,3,$21.11,4.23,$15.45,$13.63,13.35,$25.13
FLG,Flagstar Financial Inc.,0.127,2,$14.94,9.62,$11.36,$10.54,7.78,$15.43
GEV,Ge Vernova Inc,0.126,10,$1174.86,3.91,$994.38,$529.18,87.91,$1195.94
TDS,Telephone & Data Systems,0.125,2,$37.01,5.17,$34.10,$31.48,8.32,$49.02
HHH,Howard Hughes Holdings Inc.,0.125,1,,10.23,$71.63,$60.09,19.20,$91.07
SE,Sea Ltd,0.124,8,$95.83,5.02,$92.95,$77.05,20.64,$193.48
TDW,Tidewater Inc.,0.124,3,$66.63,9.95,$84.38,$46.65,80.88,$101.58
ZS,Zscaler Inc.,0.124,1,,10.18,$216.14,$114.63,88.55,$336.99
NOW,ServiceNow Inc.,0.123,6,$99.28,4.59,$138.54,$81.24,70.53,$192.97
CI,Cigna Group,0.122,7,$275.68,2.67,$281.15,$234.20,20.05,$305.26
EFX,Equifax Inc.,0.121,9,$158.73,2.27,$144.82,$137.01,5.70,$241.61
FDX,FedEx Corp.,0.120,7,$313.13,3.18,$290.77,$176.88,64.39,$342.73
APD,Air Products & Chemicals,0.118,7,$293.18,3.96,$278.70,$223.18,24.88,$312.82
CSGP,CoStar Group Inc.,0.118,4,$28.32,6.49,$29.48,$25.89,13.87,$80.55
EWBC,East West Bancorp,0.118,1,,9.68,$126.38,$90.34,39.89,$137.47
URI,United Rentals,0.116,6,$1132.89,5.14,$1049.21,$698.94,50.11,$1177.15
ABNB,Airbnb Inc.,0.116,5,$143.10,3.59,$163.96,$110.81,47.96,$193.45
RYAN,Ryan Specialty Holdings Inc,0.116,2,$37.76,9.09,$38.09,$29.07,31.03,$58.29
MRK,Merck & Co.,0.115,10,$128.49,4.43,$142.18,$79.67,78.46,$156.00
MRSH,Marsh,0.115,6,$166.67,3.98,$176.31,$154.82,13.88,$203.37
TECH,Bio-Techne Corp.,0.115,5,$70.65,3.68,$72.48,$43.07,68.28,$72.69
ACHC,Acadia Healthcare Co.,0.114,2,$29.53,6.00,$28.72,$11.43,151.27,$35.83
EVH,Evolent Health Inc.,0.114,1,,9.34,$3.91,$2.10,86.19,$8.34
GPC,Genuine Parts,0.110,6,$117.98,6.13,$127.63,$89.11,43.23,$147.43
IDXX,IDEXX Laboratories,0.110,6,$526.44,3.93,$512.24,$500.61,2.32,$769.98
REGN,Regeneron Pharmaceuticals,0.110,3,$623.54,4.95,$737.11,$538.24,36.95,$859.34
VTRS,Viatris Inc.,0.110,3,$15.88,5.13,$17.46,$9.36,86.54,$18.43
NU,Nu Holdings Ltd,0.108,5,$13.36,4.29,$15.45,$11.20,37.95,$18.98
NBR,Nabors Industries Ltd.,0.108,1,,8.85,$81.47,$36.66,122.23,$112.90
FRPT,Freshpet Inc.,0.108,1,,8.87,$65.28,$46.45,40.54,$86.00
ZBH,Zimmer Biomet Holdings,0.107,7,$86.09,3.36,$88.93,$78.70,13.00,$105.75
DECK,Deckers Outdoor,0.107,2,$99.29,7.52,$82.95,$77.20,7.45,$122.29
LIN,Linde plc,0.106,7,$518.94,4.94,$482.39,$384.00,25.62,$546.40
CFRHF,Compagnie Financiere Richemont SA,0.106,1,,8.67,$204.75,$158.90,28.85,$247.85
MELI,Mercadolibre Inc.,0.105,7,$1697.39,5.10,$1856.12,$1495.00,24.16,$2428.00
DCH,Dauch Corp.,0.105,3,$5.42,3.97,$5.67,$4.92,15.24,$9.25
SYF,Synchrony Financial,0.105,3,$76.05,7.84,$73.67,$62.56,17.76,$87.67
CVX,Chevron Corp.,0.104,11,$165.76,4.67,$212.31,$142.51,48.98,$217.78
WTW,Willis Towers Watson plc,0.104,5,$261.37,3.44,$299.63,$238.94,25.40,$350.34
WEN,Wendy's Co.,0.104,4,$8.29,5.97,$6.20,$5.94,4.38,$9.51
DVN,Devon Energy Corp.,0.103,5,$41.32,4.49,$49.13,$30.69,60.08,$52.00
TFX,Teleflex,0.103,3,$126.76,4.91,$124.35,$99.39,25.11,$144.64
CGNX,Cognex Corp.,0.103,2,$72.42,7.60,$61.08,$34.45,77.30,$72.78
CPRT,Copart Inc.,0.102,6,$28.19,4.41,$27.42,$26.39,3.90,$45.89
AMD,Advanced Micro Devices,0.101,6,$580.91,5.12,$615.62,$188.22,227.07,$658.52
FCNCA,First Citizens Bancshares,0.101,3,$2080.78,5.32,$2067.44,$1617.01,27.86,$2294.10
VST,Vistra Corp.,0.101,3,$158.63,4.70,$156.94,$132.26,18.66,$215.85
CNX,CNX Resources Corp.,0.101,1,,8.25,$33.71,$30.78,9.52,$43.62
UPS,United Parcel Service,0.100,7,$107.50,2.95,$94.27,$76.95,22.51,$116.86
MDT,Medtronic plc,0.100,7,$78.23,2.76,$87.81,$72.06,21.86,$102.92
BCC,Boise Cascade Company,0.100,3,$77.63,7.47,$74.54,$64.38,15.78,$91.16
ABM,ABM Industries,0.099,5,$44.24,7.10,$49.63,$36.23,36.99,$50.98
ORLY,O'Reilly Automotive,0.099,4,$92.09,3.90,$86.22,$82.59,4.40,$104.06
CNQ,Canadian Natural Resources,0.098,3,$39.50,8.04,$49.10,$28.47,72.46,$51.85
ABG,Asbury Automotive Group Inc.,0.098,2,$201.08,7.91,$166.70,$165.74,0.58,$258.75
EWY,iShares MSCI South Korea ETF,0.097,2,$201.90,6.55,$175.78,$78.86,122.90,$220.89
CR,Crane Co,0.097,2,$223.07,7.82,$202.00,$159.16,26.92,$230.22
BMY,Bristol-Myers Squibb,0.096,8,$57.62,2.88,$59.87,$40.71,47.06,$67.94
MGM,MGM Resorts International,0.096,4,$47.81,4.91,$30.15,$29.19,3.29,$51.59
MLM,Martin Marietta,0.096,3,$576.70,4.56,$482.08,$470.19,2.53,$707.94
GPN,Global Payments Inc.,0.095,4,$72.56,2.49,$82.66,$60.75,36.07,$95.61
AEM,Agnico-Eagle Mines Ltd.,0.094,3,$155.15,6.22,$183.60,$134.08,36.93,$254.05
APG,APi Group Corp.,0.094,3,$42.35,5.00,$40.06,$33.52,19.51,$49.99
URBN,Urban Outfitters Inc.,0.094,1,,7.72,$80.87,$59.54,35.82,$85.43
AU,AngloGold Ashanti Ltd.,0.093,3,$80.90,6.81,$90.38,$59.78,51.19,$124.69
NOMD,Nomad Foods Ltd,0.093,1,,7.61,$11.07,$8.86,24.94,$12.66
HKHHF,Heineken Holding NV,0.093,1,,7.61,$73.59,$64.00,14.98,$84.80
AVTR,Avantor Inc.,0.091,5,$9.90,2.82,$15.39,$7.27,111.69,$16.38
KLAC,KLA Corp.,0.091,3,$301.71,5.78,$195.87,$97.57,100.75,$307.03
MAR,Marriott Int'l.,0.090,4,$370.59,7.02,$363.51,$254.64,42.75,$410.15
MEDP,Medpace Holdings Inc.,0.090,4,$529.59,4.52,$597.61,$373.00,60.22,$677.90
HUM,Humana Inc.,0.090,2,$397.22,5.13,$384.39,$161.90,137.42,$428.88
ARES,Ares Management LP,0.090,2,$111.31,6.45,$116.06,$92.59,25.35,$173.99
HUT,Hut 8 Corp,0.090,2,$115.44,4.07,$79.32,$31.67,150.46,$140.80
GTX,Garrett Motion Inc.,0.090,2,$36.23,7.28,$25.73,$12.09,112.82,$36.14
GWRE,Guidewire Software Inc.,0.089,1,,7.27,$164.42,$102.30,60.72,$255.89
BNY,Bank of New York Mellon Corp.,0.088,10,$144.61,2.21,$143.68,$101.34,41.78,$165.84
KMX,CarMax Inc.,0.088,5,$52.89,3.50,$53.36,$30.26,76.34,$65.28
ECL,Ecolab Inc.,0.088,4,$278.61,4.22,$281.97,$241.85,16.59,$306.79
Q,Qnity Electronics Inc.,0.088,3,$163.31,7.23,$126.61,$72.62,74.35,$177.16
SHOP,Shopify Inc.,0.088,3,$114.18,4.50,$164.90,$94.00,75.43,$182.19
DLTR,Dollar Tree Inc.,0.088,1,,7.25,$119.33,$85.76,39.14,$142.40
YNDX,Yandex N.V.,0.088,1,,7.19,$20.00,$14.09,41.94,$20.36
BL,BlackLine Inc.,0.088,1,,7.19,$28.85,$24.70,16.80,$59.57
GNRC,Generac Holdings Inc.,0.087,6,$292.81,2.91,$222.28,$134.80,64.90,$296.44
JEF,Jefferies Financial Group Inc.,0.087,4,$49.98,3.44,$44.27,$35.00,26.49,$65.11
FLR,Fluor Corp.,0.087,2,$52.39,6.24,$50.55,$39.33,28.53,$58.35
RUSHA,Rush Enterprises Inc.,0.087,2,$48.65,7.03,$45.15,$30.09,50.05,$55.58
XOM,ExxonMobil Holdings Corp.,0.086,11,$136.72,3.65,$169.12,$107.28,57.64,$174.09
STX,Seagate Technology,0.086,3,$965.00,5.90,$778.00,$207.78,274.43,$1143.27
ALLY,Ally Financial Inc.,0.085,4,$45.95,4.78,$37.61,$35.43,6.15,$46.96
TOST,Toast Inc.,0.085,2,$27.82,6.98,$30.52,$22.26,37.11,$39.73
GDS,GDS Holdings Ltd,0.085,2,$30.03,4.92,$30.14,$26.97,11.75,$48.61
CEG,Constellation Energy Corp.,0.085,2,$248.37,3.97,$283.59,$228.28,24.23,$410.41
ABT,Abbott Labs,0.084,7,$90.74,3.98,$98.45,$81.39,20.96,$132.07
RTX,RTX Corp.,0.084,7,$189.73,3.49,$184.03,$153.36,20.00,$226.41
PFGC,Performance Food Group,0.084,4,$111.79,4.00,$95.28,$80.82,17.89,$117.48
QXO,Qxo Inc,0.084,3,$17.28,4.10,$11.11,$10.77,3.16,$27.61
MGA,Magna International Inc.,0.084,3,$91.94,6.54,$63.60,$41.73,52.41,$73.22
CTSH,Cognizant Technology Solutions,0.083,6,$38.73,3.02,$59.43,$36.86,61.23,$85.48
GTN,Gray Television Inc.,0.083,1,,6.80,$4.84,$3.49,38.68,$6.20
KEYS,Keysight Technologies Inc.,0.082,5,$350.07,4.48,$372.35,$158.79,134.49,$389.93
APO,Apollo Global Management,0.082,3,$118.31,4.46,$115.14,$98.73,16.62,$151.39
JLL,Jones Lang Lasalle Inc.,0.081,5,$309.95,3.28,$303.36,$259.83,16.75,$393.84
INDV,Indivior Pharmaceuticals Inc.,0.081,1,,6.65,$35.53,$27.68,28.36,$42.81
CRS,Carpenter Technology,0.080,3,$616.84,3.63,$385.81,$233.24,65.41,$625.72
CSCO,Cisco Systems,0.079,7,$117.46,5.40,$115.35,$65.60,75.84,$129.38
GSK,GSK plc,0.079,6,$52.42,3.51,$46.56,$41.38,12.52,$60.12
IQV,IQVIA Holdings Inc.,0.079,4,$193.22,3.13,$258.18,$154.50,67.11,$277.40
BIIB,Biogen Inc.,0.079,3,$216.06,3.75,$216.62,$138.00,56.97,$230.49
EBAY,eBay Inc.,0.079,2,$111.75,4.74,$111.28,$77.32,43.92,$118.62
TEVA,Teva Pharmaceutical Industries Ltd.,0.079,2,$33.88,3.97,$39.43,$16.74,135.54,$40.79
RHI,Robert Half International,0.079,2,$30.70,5.93,$33.87,$21.08,60.67,$46.09
ADBE,Adobe Inc.,0.078,10,$205.01,2.57,$238.58,$190.12,25.49,$363.70
MANU,Manchester United plc,0.078,3,$22.93,2.41,$20.38,$14.85,37.24,$24.45
CME,CME Group,0.077,7,$220.83,2.52,$277.56,$217.29,27.74,$318.35
COP,ConocoPhillips,0.077,7,$103.96,2.10,$134.73,$82.95,62.42,$141.62
HTHT,H World Group Ltd ADR,0.077,3,$41.72,5.59,$42.81,$34.95,22.49,$54.14
ZTS,Zoetis Inc.,0.076,5,$71.86,3.03,$73.28,$68.77,6.56,$145.51
BP,BP plc,0.076,4,$36.95,3.65,$46.50,$31.12,49.42,$47.14
AMGN,Amgen,0.076,4,$362.12,3.21,$406.38,$280.23,45.02,$447.03
MCK,McKesson Corp.,0.076,2,$755.61,5.95,$938.64,$722.11,29.99,$996.84
VEEV,Veeva Systems Inc.,0.075,6,$177.47,1.93,$284.07,$148.05,91.87,$308.36
JCI,Johnson Controls Intl. plc,0.075,4,$146.11,4.27,$153.86,$103.24,49.03,$160.41
NSRGY,Nestle,0.075,1,,6.11,$90.62,$87.52,3.54,$107.17
AN,AutoNation Inc.,0.075,1,,6.17,$156.89,$152.86,2.64,$235.81
MSCI,MSCI Inc.,0.074,6,$560.04,3.24,$561.47,$495.54,13.30,$642.47
OLN,Olin Corp.,0.074,4,$19.82,4.83,$15.50,$14.95,3.68,$29.90
MDLZ,Mondelez International,0.074,4,$57.84,5.64,$60.69,$49.90,21.62,$66.07
NYT,New York Times CL A,0.074,3,$69.98,4.55,$66.39,$53.45,24.21,$86.52
MTZ,MasTec Inc.,0.074,2,$416.06,3.42,$216.12,$182.34,18.53,$441.43
ACI,Albertsons Co Inc.,0.074,1,,6.09,$12.31,$10.86,13.35,$19.18
DAL,Delta Air Lines Inc.,0.073,5,$93.66,2.16,$81.30,$54.60,48.90,$95.44
SBUX,Starbucks Corp.,0.073,5,$102.19,3.13,$91.75,$76.05,20.64,$109.88
FTV,Fortive Corp.,0.073,4,$61.09,3.47,$56.43,$47.50,18.80,$64.48
BRZE,Braze Inc A,0.073,2,$21.69,5.99,$28.31,$15.26,85.52,$37.33
VAL,Valaris plc,0.073,1,,5.99,$84.27,$46.70,80.45,$114.12
Z,Zillow Group Inc.,0.072,1,,5.89,$28.98,$26.67,8.66,$79.40
ENTG,Entegris Inc.,0.071,6,$179.86,2.70,$161.13,$67.81,137.62,$186.78
WCC,WESCO International Inc.,0.071,5,$345.38,4.23,$356.01,$206.05,72.78,$388.64
RYAAY,Ryanair Holdings PLC,0.071,3,$64.75,5.59,$54.14,$51.68,4.76,$72.60
HOG,Harley-Davidson,0.071,2,$24.46,5.79,$26.60,$16.84,57.96,$28.66
SPUU,Dir Dai S&P 500 Bu 2x ETF Us,0.071,1,,5.81,$227.54,$154.45,47.32,$232.69
PLGO,Pelagos Insurance Capital,0.071,1,,5.84,$24.43,$17.09,42.95,$26.18
FNF,Fidelity National Financial Inc.,0.070,3,$47.16,3.54,$39.76,$37.88,4.96,$56.47
FIVE,Five Below Inc.,0.070,2,$179.79,3.62,$209.88,$137.77,52.34,$263.88
XYZ,Block Inc.,0.070,2,$76.00,4.26,$74.96,$48.21,55.49,$86.92
OGN,Organon & Co.,0.070,1,,5.72,$13.79,$5.67,143.21,$13.80
NVST,Envista Holdings Corp.,0.069,5,$26.35,2.87,$22.51,$18.77,19.93,$30.42
MCHP,Microchip Technology,0.069,4,$91.20,5.37,$75.28,$47.28,59.22,$104.75
ODFL,Old Dominion Freight Line,0.069,3,$216.60,4.93,$181.85,$125.23,45.21,$251.64
DELL,Dell Technologies Inc.,0.069,3,$431.46,5.68,$573.75,$109.70,423.02,$595.51
MSA,MSA Safety Inc.,0.069,3,$174.58,4.68,$178.02,$149.32,19.22,$207.14
UAN,CVR Partners LP,0.069,1,,5.62,$126.56,$78.61,61.00,$136.82
NOV,Nov Inc.,0.068,4,$18.55,1.98,$19.01,$12.01,58.28,$21.84
WAB,WABTEC Corp.,0.068,3,$269.60,4.93,$280.92,$185.19,51.69,$306.32
MRP,Millrose Properties,0.068,2,$30.05,3.95,$22.57,$21.85,3.30,$31.14
BLMN,Bloomin Brands Inc.,0.068,1,,5.59,$8.50,$5.19,63.78,$12.63
GLD,SPDR Gold Trust,0.067,6,$1293.45,2.35,$378.24,$360.12,5.03,$509.70
CCC,CCC Intelligent Solutions Hldgs Inc.,0.067,2,$5.16,3.02,$6.52,$4.08,59.80,$9.45
UBS,UBS AG,0.066,4,$44.91,2.66,$47.12,$35.38,33.18,$55.99
LYB,LyondellBasell Industries,0.065,3,$52.65,2.87,$60.54,$39.12,54.75,$82.22
CRGY,Crescent Energy Inc A,0.065,2,$9.82,4.86,$13.09,$7.46,75.47,$15.47
MBI,MBIA Inc.,0.065,2,$6.52,4.34,$4.53,$4.19,8.11,$7.87
OZK,Bank OZK,0.065,2,$52.09,3.22,$44.82,$41.16,8.89,$53.18
RGLD,Royal Gold Inc.,0.065,2,$199.61,5.09,$230.46,$167.47,37.61,$304.35
CLF,Cleveland-Cliffs Inc.,0.065,2,$9.39,5.30,$12.17,$7.73,57.44,$16.70
PHYS,Sprott Physical Gold Trust,0.065,2,$30.17,5.29,$31.18,$29.30,6.42,$42.07
PRI,Primerica Inc.,0.065,1,,5.36,$277.21,$227.14,22.04,$325.96
TTMI,TTM Technologies Inc.,0.064,4,$187.02,3.13,$118.01,$53.36,121.16,$223.83
NSC,Norfolk Southern Corp.,0.064,4,$314.59,4.13,$317.79,$273.59,16.16,$357.18
FANG,Diamondback Energy Inc.,0.064,2,$175.78,3.02,$192.11,$133.81,43.57,$216.90
SGU,Star Gas Partners LP,0.064,1,,5.26,$12.96,$10.82,19.78,$13.33
CTRI,Centuri Holdings Inc,0.064,1,,5.25,$20.73,$19.03,8.93,$42.99
TRUP,Trupanion Inc.,0.064,1,,5.28,$25.61,$21.16,21.03,$46.98
SAP,SAP SE,0.063,7,$154.11,2.96,$211.32,$144.97,45.77,$276.54
BIO,Bio-Rad Laboratories Inc.,0.063,3,$293.61,2.39,$359.28,$236.73,51.77,$396.23
NXPI,NXP Semiconductors NV,0.063,3,$281.03,2.48,$230.35,$179.82,28.10,$337.28
UA,Under Armour CL C,0.063,1,,5.18,$4.74,$3.95,20.00,$7.91
BF.B,Brown-Forman Corp.,0.062,5,$26.65,3.33,$26.68,$22.23,20.02,$30.85
LPLA,LPL Financial Holdings Inc.,0.062,4,$281.68,2.10,$328.71,$259.94,26.46,$399.03
PLD,Prologis Inc.,0.062,3,$135.47,2.70,$129.29,$107.65,20.10,$152.14
TLN,Talen Energy Corp,0.062,3,$384.26,3.37,$363.15,$279.77,29.80,$449.84
LNC,Lincoln National,0.062,2,$35.35,5.04,$41.29,$31.40,31.50,$47.67
VGNT,Versigent Plc,0.062,2,$42.01,2.64,$44.39,$26.27,68.98,$50.75
MIR,Mirion Technologies Inc,0.062,2,$17.93,4.24,$16.18,$14.04,15.24,$30.28
AAL,American Airlines Group Inc.,0.062,2,$18.07,3.31,$12.72,$10.09,26.07,$18.79
GPGI,GPGI Inc.,0.062,1,,5.09,$12.27,$11.17,9.85,$26.77
QUAD,Quad/Graphics Inc.,0.062,1,,5.06,$9.45,$4.93,91.68,$11.03
PTLO,Portillo's Inc Cl A,0.062,1,,5.05,$3.95,$3.29,20.06,$6.69
XPO,XPO Logistics,0.060,4,$205.29,4.84,$183.19,$121.48,50.80,$232.05
LKQ,LKQ Corp.,0.060,4,$26.33,2.86,$21.91,$20.92,4.73,$35.92
MHK,Mohawk Industries,0.060,3,$121.33,2.37,$119.10,$92.99,28.08,$140.30
MET,MetLife Inc.,0.060,2,$84.61,2.76,$98.67,$66.41,48.58,$100.93
VZ,Verizon Communications,0.059,7,$42.34,1.76,$46.44,$36.55,27.06,$51.67
MS,Morgan Stanley,0.059,5,$209.04,3.54,$186.86,$148.47,25.86,$230.98
NEE,NextEra Energy Inc.,0.059,4,$87.77,3.10,$77.14,$74.41,3.67,$97.30
LEA,Lear Corp.,0.059,3,$134.06,2.61,$118.39,$93.67,26.39,$149.08
AME,Ametek Inc.,0.059,2,$241.94,4.87,$248.35,$178.15,39.40,$260.78
DJCO,Daily Journal Corp.,0.059,1,,4.80,$639.46,$348.63,83.42,$692.50
GS,Goldman Sachs Group,0.058,5,$1011.37,2.77,$881.00,$725.74,21.39,$1148.37
OKE,ONEOK Inc.,0.058,2,$86.94,3.08,$90.66,$84.15,7.74,$97.66
BRCC,BRC Inc.,0.058,1,,4.79,$9.45,$6.00,57.50,$18.55
MP,MP Materials Corp.,0.058,1,,4.74,$45.74,$37.81,20.97,$100.25
MNDY,monday.com Ltd.,0.058,1,,4.77,$86.81,$57.50,50.97,$210.49
LFUS,Littelfuse Inc.,0.057,7,$455.33,2.52,$426.83,$231.54,84.34,$499.60
ARW,Arrow Electronics,0.057,4,$213.41,4.35,$227.82,$101.79,123.81,$249.43
AVT,Avnet Inc.,0.057,3,$88.82,3.87,$99.68,$43.35,129.94,$108.63
CHD,Church & Dwight,0.057,2,$96.88,4.58,$97.97,$80.29,22.02,$105.37
CNR,Core Natural Resources Inc.,0.057,1,,4.67,$88.62,$74.41,19.10,$114.56
ALAB,Astera Labs Inc,0.057,1,,4.65,$349.02,$97.89,256.54,$499.48
PNC,PNC Financial Services,0.056,5,$246.22,3.78,$219.19,$172.82,26.83,$258.96
BHF,Brighthouse Financial Inc.,0.056,1,,4.60,$49.07,$44.51,10.24,$66.80
GLW,Corning Inc.,0.055,4,$255.43,4.26,$151.66,$76.98,97.01,$271.27
OC,Owens Corning,0.055,3,$158.94,2.86,$117.76,$95.63,23.14,$159.88
YUMC,Yum China Holdings Inc.,0.055,3,$40.87,4.25,$41.64,$39.72,4.83,$57.33
SEG,Seaport Entertainment Group,0.055,2,$26.60,3.86,$22.64,$17.74,27.62,$29.61
BGC,BGC Group Inc.,0.055,1,,4.48,$11.35,$8.20,38.41,$12.86
CNDT,Conduent Inc.,0.055,1,,4.48,$1.56,$1.15,35.65,$2.78
B,Barrick Mining Corp.,0.054,5,$36.73,3.12,$39.66,$29.73,33.40,$53.80
BX,Blackstone Group,0.054,4,$117.67,3.30,$112.47,$99.78,12.72,$160.11
AMRZ,Amrize Ltd,0.054,3,$53.30,2.13,$36.48,$35.81,1.87,$65.13
KGC,Kinross Gold Corp.,0.054,3,$23.62,4.14,$23.18,$21.89,5.89,$38.96
TER,Teradyne Inc.,0.054,2,$483.84,4.42,$393.60,$131.50,199.32,$487.72
LLYVK,Liberty Media Corp. Series C Live,0.054,2,$105.64,4.07,$99.11,$78.68,25.97,$109.75
FAST,Fastenal,0.054,2,$48.03,2.72,$50.73,$38.34,32.32,$52.92
NMIH,NMI Holdings,0.054,2,$41.09,4.39,$40.51,$34.84,16.27,$46.74
MAVF,Matrix Advisors Value ETF,0.054,1,,4.41,$137.12,$113.25,21.08,$142.84
TJX,TJX Companies Inc.,0.053,3,$151.50,2.52,$138.96,$122.78,13.18,$169.47
TMHC-OLD,Taylor Morrison Home Corp.,0.053,3,$71.74,3.30,$72.46,$54.15,33.81,$72.50
TDAY,Gannett Co.,0.053,2,$8.55,2.83,$7.03,$3.42,105.56,$9.21
SYY,Sysco Corp.,0.052,5,$83.44,1.81,$78.39,,,
OMC,Omnicom Group,0.052,4,$72.83,2.53,$76.29,$64.32,18.61,$88.65
MPLX,MPLX LP,0.052,2,$56.33,3.90,$57.46,$44.22,29.94,$60.39
MSGE,Madison Square Garden Entertainment Corp.,0.052,1,,4.28,$82.76,$41.65,98.70,$90.41
VNOM,Viper Energy Inc.,0.052,1,,4.25,$42.76,$33.67,27.00,$49.62
MCD,McDonald's Corp.,0.051,7,$270.31,2.18,$236.91,$229.20,3.36,$335.18
RMNI,Rimini Street Inc.,0.051,2,$4.26,4.15,$4.09,$2.87,42.51,$5.68
OSW,OneSpaWorld Holdings Ltd,0.051,1,,4.19,$23.55,$18.94,24.34,$29.19
DEO,Diageo ADR,0.050,8,$80.38,1.60,$87.00,$71.73,21.29,$101.71
NKE,NIKE Inc.,0.050,7,$41.05,2.32,$34.79,$31.97,8.82,$68.19
ABBV,AbbVie Inc.,0.050,7,$251.64,3.09,$272.03,$189.40,43.63,$274.94
REZI,Resideo Technologies Inc.,0.050,5,$31.10,1.90,$17.14,$16.80,2.02,$32.01
PPG,PPG Industries,0.050,3,$121.29,2.78,$105.67,$91.35,15.68,$130.99
KDP,Keurig Dr Pepper Inc.,0.050,2,$32.73,4.04,$31.18,$24.33,28.15,$33.58
CRL,Charles River Labs,0.050,2,$226.79,3.41,$293.28,$146.20,100.60,$333.30
FTNT,Fortinet Inc.,0.050,1,,4.09,$189.20,$73.55,157.24,$192.41
NTRA,Natera Inc.,0.049,4,$271.45,3.32,$389.52,$167.99,131.87,$437.41
CRBG,Corebridge Financial Inc.,0.049,3,$28.63,2.84,$34.42,$21.74,58.33,$35.64
LBTYA,Liberty Global Ltd CL A,0.049,3,$11.37,2.57,$8.88,$8.76,1.37,$13.52
IEX,IDEX Corp.,0.049,2,$226.95,3.97,$231.25,$157.11,47.19,$243.02
CHTR,Charter Communications,0.048,6,$142.21,1.95,$109.45,$104.91,4.33,$278.10
FN,Fabrinet,0.047,4,$562.08,3.30,$487.47,$361.19,34.96,$748.89
LUV,Southwest Airlines,0.047,2,$51.42,3.87,$41.00,$28.75,42.61,$54.38
SEB,Seaboard Corp.,0.047,2,$4464.28,3.80,$4100.00,$3133.55,30.84,$5983.34
LUMN,Lumen Technologies Inc.,0.047,1,,3.87,$5.54,$5.38,2.97,$11.95
MAIR,Madison Air Solutions Corp A,0.047,1,,3.87,$23.87,$22.91,4.19,$44.50
WDAY,Workday Inc.,0.046,4,$122.42,1.78,$187.05,$110.36,69.49,$247.40
CNC,Centene Corp.,0.046,3,$64.19,2.71,$64.73,$31.63,104.65,$69.63
WULF,Terawulf Inc,0.046,2,$24.70,3.65,$13.65,$10.47,30.37,$29.84
DKS,Dick's Sporting Goods Inc.,0.046,2,$226.81,3.02,$134.91,$119.27,13.11,$242.09
CNA,CNA Financial Corp.,0.046,1,,3.77,$46.88,$40.34,16.21,$55.19
CG,Carlyle Group,0.045,4,$42.11,1.91,$38.55,$37.48,2.85,$65.91
FLEX,Flex Ltd.,0.045,3,$162.07,3.66,$114.48,$53.07,115.72,$166.86
SDHC,Smith Douglas Homes Corp,0.045,3,$15.54,3.67,$10.12,$9.75,3.79,$23.49
NVT,nVent Electric plc,0.045,3,$169.61,3.19,$163.89,$92.78,76.64,$184.40
NVR,NVR Inc.,0.045,3,$6813.41,3.03,$5987.41,$5501.01,8.84,$8200.00
STLA,Stellantis N.V.,0.045,2,$5.74,3.69,$4.51,$4.30,4.88,$12.22
TWLO,Twilio Inc.,0.045,2,$206.33,3.70,$276.44,$104.50,164.54,$308.40
DD,DuPont de Nemours Inc.,0.045,2,$135.65,3.71,$132.09,$86.86,52.07,$156.04
NRP,Natural Resource Partners,0.045,1,,3.69,$110.44,$94.82,16.47,$126.18
HSY,Hershey Co.,0.044,5,$175.44,2.08,$163.10,$156.16,4.44,$235.80
COHR,Coherent Corp.,0.044,4,$394.47,3.50,$303.31,$108.19,180.35,$440.00
ILMN,Illumina Inc.,0.044,2,$175.83,2.02,$263.40,$88.00,199.32,$309.35
USFD,US Foods Holding Corp.,0.044,2,$102.25,3.07,$97.69,$69.88,39.80,$111.42
SSNC,SS&C Technologies Holdings Inc.,0.044,2,$62.05,2.01,$80.50,$61.18,31.58,$88.93
ERFSF,Eurofins Scientific SE,0.044,1,,3.60,$83.29,$64.33,29.47,$92.97
PGEN,Precigen Inc.,0.044,1,,3.61,$7.60,$2.99,154.18,$8.98
PSX,Phillips 66,0.043,6,$169.05,2.96,$282.56,$123.09,129.56,$282.56
LBRDK-OLD,Liberty Broadband Corp. CL C,0.043,4,$33.26,1.94,$35.99,$26.25,37.10,$65.73
CORZ,Core Scientific Inc,0.043,3,$25.59,3.38,$15.31,$13.36,14.60,$30.46
AERO,Grupo Aeromexico Sab De Cv,0.043,2,$18.00,1.89,$15.70,$12.26,28.06,$23.05
BFH,Bread Financial Holdings Inc.,0.043,2,$108.35,3.40,$101.00,$53.23,89.74,$114.28
AFRM,Affirm Holdings Inc.,0.043,2,$81.55,3.51,$76.58,$42.10,81.90,$90.44
SA,Seabridge Gold Inc.,0.043,1,,3.52,$27.08,$21.67,24.97,$40.06
MSGS,Madison Square Garden Sports Corp.,0.042,4,$401.84,2.64,$411.43,$207.90,97.90,$438.93
ROIV,Roivant Sciences Ltd,0.042,4,$35.39,1.95,$34.43,$15.90,116.54,$42.50
CHYM,Chime Financial Inc Cl A,0.042,3,$20.48,2.78,$28.61,$15.88,80.16,$35.55
TAP,Molson Coors Beverage Co.,0.042,3,$38.94,2.94,$37.66,$35.52,6.02,$53.00
AMG,Affiliated Managers Group,0.042,3,$338.40,3.37,$391.21,$230.23,69.92,$392.91
FOX,Fox Corporation CL B,0.042,2,$46.84,3.27,$57.13,$43.86,30.26,$67.48
NRG,NRG Energy Inc.,0.042,1,,3.44,$105.94,$93.36,13.47,$188.71
ALV,Autoliv Inc.,0.041,2,$116.17,3.37,$110.40,$97.72,12.98,$131.23
INCY,Incyte Corp.,0.041,2,$113.36,2.64,$113.02,$82.82,36.46,$132.60
GFL,Gfl Environmental Inc Sub Vt,0.041,1,,3.39,$42.39,$33.32,27.22,$46.95
CPT,Camden Property Trust,0.040,3,$114.49,1.76,$97.15,$93.28,4.15,$118.52
UAL,United Airlines Holdings Inc.,0.040,2,$135.99,3.31,$105.97,$84.64,25.20,$138.77
WSC,WillScot Mobile Mini Hldgs Corp.,0.040,2,$28.86,3.28,$16.90,$14.72,14.81,$29.66
SSD,Simpson Manufacturing,0.040,2,$209.35,3.09,$172.18,$155.27,10.89,$212.80
PENN,Penn National Gaming Inc.,0.040,2,$21.36,3.20,$15.69,$11.65,34.68,$22.36
STZ,Constellation Brands,0.039,4,$139.09,1.58,$122.96,$110.60,11.18,$166.17
RS,Reliance Steel & Aluminum,0.039,2,$373.60,3.23,$397.37,$256.46,54.94,$432.62
CE,Celanese Corp.,0.039,2,$46.00,2.82,$44.72,$35.07,27.52,$70.65
IDT,IDT Corp. CL B,0.039,1,,3.23,$81.29,$45.50,78.66,$82.31
SWKS,Skyworks Solutions Inc.,0.039,1,,3.18,$81.23,$51.48,57.79,$92.80
STT,State Street Corp.,0.038,5,$169.60,1.93,$175.24,$102.21,71.45,$194.90
NVO,Novo Nordisk A S,0.038,4,$47.94,1.05,$38.07,$34.20,11.32,$61.21
EW,Edwards Lifesciences Corp.,0.038,2,$90.46,3.09,$83.56,$72.30,15.57,$96.29
IBP,Installed Building Products,0.038,2,$229.84,3.07,$187.54,$179.09,4.72,$344.87
PCG,PG&E Corp.,0.038,2,$16.82,2.85,$12.66,$11.72,8.02,$18.97
STRL,Sterling Construction Co. Inc.,0.038,1,,3.13,$510.72,$281.58,81.38,$1005.68
FPH,Five Point Holdings LLC,0.038,1,,3.11,$4.50,$4.45,1.12,$6.47
LMT,Lockheed Martin Corp.,0.037,5,$509.46,1.38,$508.02,$429.47,18.29,$683.27
AEP,American Electric Power,0.037,3,$136.81,1.72,$122.86,$110.01,11.68,$139.52
LH,Labcorp Holdings Inc.,0.037,3,$280.00,1.92,$314.70,$242.07,30.00,$341.06
FNV,Franco Nevada Corp.,0.037,2,$208.45,1.81,$241.09,$180.18,33.81,$284.12
FMX,Fomento Economico Mexicano,0.037,2,$127.90,2.74,$119.39,$84.80,40.79,$141.47
ALGN,Align Technology Inc.,0.037,1,,3.07,$140.03,$124.91,12.10,$200.44
RBLX,Roblox Corp.,0.037,1,,3.04,$45.78,$33.88,35.12,$141.95
MICC,Magnum Ice Cream Co NV,0.036,7,$16.98,0.91,$17.40,$12.94,34.47,$20.69
ONON,On Holding AG,0.036,4,$35.42,2.88,$34.20,$26.37,29.69,$51.08
CARR,Carrier Global Corp.,0.036,4,$73.35,1.74,$55.89,$49.67,12.52,$76.49
SNOW,Snowflake Inc.,0.036,3,$254.50,2.25,$340.59,$118.30,187.90,$384.56
YUM,Yum! Brands Inc.,0.036,3,$159.86,2.01,$143.91,$134.26,7.19,$169.29
EL,Estee Lauder Cos.,0.036,3,$78.94,2.87,$94.03,$65.74,43.03,$120.38
SPHR,Sphere Entertainment Co.,0.036,2,$173.03,2.87,$110.92,$57.01,94.56,$181.63
AWI,Armstrong World Industries Inc.,0.036,2,$160.42,1.50,$163.46,$150.00,8.97,$204.82
TPG,Tpg Inc,0.036,1,,2.92,$45.22,$36.07,25.37,$67.83
CPAY,Corpay Inc.,0.036,1,,2.99,$400.41,$252.84,58.36,$427.46
WMT,Walmart Inc.,0.035,6,$113.26,2.76,$110.87,$98.06,13.06,$134.83
BF.A,Brown-Forman Corp. CL A,0.035,3,$27.36,2.22,$27.10,$22.63,19.75,$30.62
TW,Tradeweb Markets Inc.,0.035,3,$99.66,1.63,$110.07,$91.30,20.56,$127.35
EMBJ,Embraer SA,0.035,3,$63.80,2.09,$71.22,$53.26,33.72,$80.29
BRO,Brown & Brown Inc.,0.035,3,$64.15,1.62,$63.63,$53.69,18.51,$95.63
TRGP,Targa Resources Corp.,0.035,2,$268.14,2.83,$290.47,$141.11,105.85,$307.94
RGEN,Repligen Corp.,0.035,2,$136.44,2.44,$162.02,$100.99,60.43,$198.87
CDNS,Cadence Design Systems,0.035,2,$375.32,2.81,$350.37,$262.75,33.35,$416.69
UNF,UniFirst Corp.,0.035,2,$264.46,2.03,$260.70,$146.76,77.64,$306.26
ULS,Ul Solutions Inc Class A,0.035,1,,2.91,$70.26,$63.17,11.22,$107.17
PRVA,Privia Health Group Inc.,0.035,1,,2.91,$20.27,$18.92,7.14,$28.82
VOO,Vanguard S&P 500 ETF,0.034,6,$686.82,1.77,$710.60,$575.30,23.52,$718.47
TCOM,Trip.com Group Ltd,0.034,3,$39.84,1.50,$37.89,$37.60,0.77,$78.99
CPB,Campbell's Co.,0.034,3,$22.27,2.60,$19.29,$18.60,3.71,$30.11
BR,Broadridge Financial Solutions,0.034,2,$136.95,1.49,$164.65,$133.01,23.79,$232.66
WSO,Watsco Inc.,0.034,2,$416.73,1.90,$285.08,$279.75,1.91,$455.09
IMO,Imperial Oil Ltd.,0.034,2,$112.17,2.51,$123.14,$82.02,50.13,$138.09
CBRS,Cerebras Systems Inc A,0.034,1,,2.76,$166.90,$160.81,3.79,$386.34
CMPR,Cimpress plc,0.034,1,,2.77,$74.17,$60.59,22.41,$106.58
MIDD,Middleby Corp.,0.034,1,,2.82,$105.86,$88.87,19.12,$148.55
EFA,iShares MSCI EAFE ETF,0.033,5,$103.87,2.39,$102.64,$88.19,16.39,$108.89
WY,Weyerhaeuser Co.,0.033,4,$23.94,2.02,$19.07,$18.26,4.44,$27.03
LOW,Lowe's Cos.,0.033,3,$220.49,1.43,$187.94,$178.45,5.32,$289.87
CTO,CTO Realty Growth Inc.,0.033,1,,2.74,$20.46,$13.94,46.77,$22.31
GPK,Graphic Packaging Hldg Co.,0.033,1,,2.69,$8.59,$8.28,3.74,$18.29
ATS,Ats Corp,0.033,1,,2.67,$17.60,$17.43,0.98,$35.82
FER,Ferrovial Se,0.033,1,,2.72,$50.31,$49.75,1.13,$74.07
KNSL,Kinsale Capital Group Inc.,0.033,1,,2.67,$340.88,$287.01,18.77,$483.75
VRSK,Verisk Analytics Inc.,0.032,5,$179.53,1.65,$174.95,$155.10,12.80,$245.74
HCA,HCA Healthcare Inc.,0.032,5,$389.89,2.12,$446.34,$353.34,26.32,$553.56
BSX,Boston Scientific,0.032,5,$42.68,2.29,$41.90,$41.39,1.23,$105.65
CSX,CSX Corp.,0.032,3,$47.53,2.15,$47.42,$33.20,42.83,$53.45
WMB,Williams Cos.,0.032,3,$74.34,2.57,$72.61,$54.53,33.16,$78.91
CASY,Casey's Gen'l Stores,0.032,3,$794.80,1.98,$642.17,$496.20,29.42,$927.15
VRTX,Vertex Pharmaceuticals,0.032,2,$496.73,1.51,$505.09,$402.58,25.46,$560.25
WPM,Wheaton Precious Metals Corp.,0.032,2,$112.32,2.63,$134.86,$92.01,46.57,$165.03
CLH,Clean Harbors Inc.,0.032,2,$298.75,2.59,$317.92,$201.34,57.90,$335.94
RDDT,Reddit Inc Cl A,0.032,2,$173.58,1.83,$156.41,$119.27,31.14,$263.50
LII,Lennox International,0.032,1,,2.60,$363.32,$348.90,4.13,$585.05
GGG,Graco Inc.,0.032,1,,2.63,$78.50,$72.23,8.68,$94.99
ITUB,ita Unibanco Holding S.A.,0.032,1,,2.59,$9.84,$6.05,62.64,$10.20
MTN,Vail Resorts Inc.,0.031,4,$136.15,2.23,$145.81,$114.90,26.90,$158.03
LEN.B,Lennar Corp. CL B,0.031,4,$88.71,2.12,$76.53,$72.13,6.10,$122.65
MAS,Masco Corp.,0.031,3,$81.37,1.33,$69.69,$57.51,21.18,$83.27
TME,Tencent Music Entertainment Grp,0.031,3,$8.35,1.49,$7.90,$7.66,3.13,$23.23
BAP,Credicorp Ltd.,0.031,3,$389.58,1.08,$381.60,$219.79,73.62,$413.25
A,Agilent Technologies,0.031,2,$132.83,2.53,$167.46,$107.98,55.08,$176.79
TTWO,Take-Two Interactive Software,0.031,2,$249.98,1.89,$209.40,$187.63,11.60,$265.94
JBS,Jbs Nv A,0.031,2,$11.85,2.54,$12.75,$10.61,20.17,$17.27
FIS,Fidelity National Information Services,0.031,2,$38.88,1.56,$34.17,$32.10,6.45,$66.50
RLI,RLI Corp.,0.031,2,$59.07,1.48,$56.75,$45.14,25.72,$66.81
WHK,Whitehawk Minerals Corp Cl A,0.031,1,,2.56,$26.41,$24.06,9.77,$29.07
JELD,JELD-WEN Holding Inc.,0.031,1,,2.53,$1.70,$0.93,82.80,$4.92
WFRD,Weatherford International plc,0.031,1,,2.51,$76.94,$60.12,27.98,$112.79
RMD,ResMed Inc.,0.031,1,,2.54,$226.30,$179.75,25.90,$281.89
IBM,International Business Machines,0.030,5,$281.21,2.36,$225.12,$197.77,13.83,$330.09
CL,Colgate-Palmolive,0.030,5,$91.68,1.24,$88.16,$73.21,20.42,$98.15
PAYX,Paychex Inc.,0.030,2,$98.33,2.35,$104.21,$83.50,24.80,$127.98
FOUR,Shift4 Payments Inc. CL A,0.030,2,$48.64,2.09,$39.77,$34.56,15.08,$80.98
SDRL,Seadrill Ltd,0.030,2,$37.82,2.45,$45.67,$28.10,62.53,$55.47
TRIP,TripAdvisor Inc.,0.030,2,$13.71,1.62,$8.90,$8.02,10.97,$17.82
BE,Bloom Energy Corp.,0.030,2,$302.69,2.36,$269.36,$75.70,255.83,$351.28
NWSA,News Corp.,0.030,2,$24.83,2.32,$29.13,$22.03,32.23,$31.55
ZBRA,Zebra Technologies Corp.,0.030,2,$263.26,2.42,$383.28,$199.05,92.55,$390.80
TTC,Toro Co.,0.030,2,$97.42,2.39,$96.77,$66.46,45.61,$103.87
PEG,Public Serv. Enterprise Inc.,0.030,2,$81.16,2.42,$71.81,$66.15,8.56,$85.40
LAZ,Lazard Inc.,0.030,2,$41.94,2.41,$35.82,$34.76,3.05,$57.45
CHRW,C.H. Robinson Worldwide,0.030,2,$188.34,1.33,$142.64,$121.78,17.13,$209.43
NXT,Nextracker Inc Cl A,0.030,1,,2.49,$85.27,$76.72,11.14,$163.13
ESRT,Empire State Realty Trust Inc.,0.030,1,,2.45,$4.56,$3.93,16.03,$7.83
OCSL,Oaktree Specialty Lending Corp,0.030,1,,2.49,$11.77,$10.07,16.88,$12.98
CSL,Carlisle Companies,0.029,4,$362.75,1.62,$322.16,$290.64,10.85,$428.80
DPC,Dpc Holdings Plc,0.029,4,$49.06,2.27,$38.15,$37.65,1.33,$57.25
BMRN,BioMarin Pharmaceutical Inc.,0.029,3,$57.22,1.24,$54.62,$49.26,10.88,$70.98
SUI,Sun Communities Inc.,0.029,3,$119.91,1.75,$112.49,$109.29,2.93,$134.01
CPRI,Capri Holdings Ltd,0.029,2,$18.57,2.29,$14.64,$12.40,18.06,$28.27
PTEN,Patterson-UTI Energy Inc.,0.029,1,,2.41,$11.50,$5.02,129.08,$13.39
VSEC,VSE Corp.,0.028,3,$228.50,2.18,$169.02,$154.36,9.50,$247.85
WST,West Pharmaceutical Services,0.028,2,$358.99,1.85,$364.63,$223.52,63.13,$385.75
PBH,Prestige Consumer Healthcare,0.028,2,$47.27,2.29,$47.49,$42.62,11.43,$71.07
AMLP,Alerian MLP ETF,0.028,1,,2.26,$52.97,$41.24,28.44,$56.43
MNST,Monster Beverage Corp.,0.028,1,,2.28,$43.95,$32.94,33.42,$50.17
FDXF,FedEx Freight Holding Co.,0.027,5,$151.00,1.02,$115.69,$107.67,7.45,$200.00
VEA,Vanguard FTSE Developed ETF,0.027,5,$71.25,1.63,$69.76,$57.35,21.64,$73.85
BLCO,Bausch + Lomb Corp,0.027,3,$16.56,1.51,$17.24,$13.77,25.20,$18.92
DINO,HF Sinclair Corp.,0.027,3,$69.65,1.99,$120.29,$44.66,169.35,$120.37
NESR,National Energy Services Reunited Corp.,0.027,3,$29.93,2.18,$23.29,$9.95,134.07,$36.94
GLIBK,GCI Liberty Inc. Series C,0.027,2,$21.56,2.18,$23.42,$19.30,21.35,$41.18
EXP,Eagle Materials Inc.,0.027,2,$225.00,2.21,$167.41,$164.62,1.69,$245.20
COIN,Coinbase Global Inc.,0.027,1,,2.24,$174.74,$139.11,25.61,$402.16
HLF,Herbalife Nutrition Ltd.,0.027,1,,2.25,$12.79,$7.56,69.18,$20.40
BOKF,BOK Financial Corp.,0.027,1,,2.25,$126.49,$100.84,25.44,$146.20
FAF,First Amer'n Corp.,0.027,1,,2.21,$62.58,$55.23,13.31,$79.13
CVSA,Covista Inc.,0.027,1,,2.20,$129.40,$86.97,48.79,$156.26
KSPI,Jsc Kaspi.kz ADR,0.026,7,$86.62,0.96,$92.77,$64.26,44.37,$107.58
TFC,Truist Financial Corp.,0.026,4,$49.82,2.06,$46.09,$39.11,17.85,$54.51
ITRN,Ituran Location & Control Ltd.,0.026,3,$61.01,1.93,$51.66,$32.98,56.64,$67.11
FOSL,Fossil Inc.,0.026,2,$4.14,2.10,$6.95,$1.70,308.82,$7.33
GNTX,Gentex Corp.,0.026,2,$25.27,2.09,$21.12,$20.15,4.81,$26.43
CDW,CDW Corp.,0.026,2,$140.64,1.09,$140.30,$96.09,46.01,$158.05
DOX,Amdocs Ltd.,0.026,2,$50.54,2.07,$59.48,$48.76,21.99,$82.57
BBIO,BridgeBio Pharma Inc.,0.026,2,$74.48,2.11,$65.09,$52.75,23.39,$93.42
AIG,American International Group,0.026,2,$74.53,2.02,$77.21,$69.90,10.46,$85.64
FLS,Flowserve Corp.,0.026,2,$74.16,2.10,$69.66,$48.14,44.70,$91.59
BKV,Bkv Corporation,0.026,1,,2.17,$23.80,$20.08,18.53,$32.81
DHT,DHT Holdings Inc.,0.026,1,,2.13,$24.89,$9.43,163.94,$24.98
DVA,DaVita HealthCare Partners,0.026,1,,2.15,$178.29,$101.00,76.52,$247.49
TECK,Teck Resources,0.026,1,,2.14,$64.65,$37.75,71.26,$72.46
VAC,Marriott Vacations Worldwide,0.026,1,,2.16,$103.84,$42.68,143.30,$130.30
NFG,National Fuel Gas,0.026,1,,2.15,$78.60,$74.10,6.07,$95.34
SPCX,Space Exploration Technologies Corp.,0.025,5,$170.86,0.67,$161.82,$104.83,54.36,$225.64
BUD,Anheuser-Busch InBev,0.025,4,$82.40,1.27,$77.38,$57.80,33.88,$86.60
VOYA,Voya Financial Inc.,0.025,3,$90.53,1.08,$96.54,$63.83,51.25,$105.64
KVUE,Kenvue Inc,0.025,3,$19.11,1.90,$17.71,$13.22,33.96,$19.67
VSNT,Versant Media Group Inc.,0.025,3,$36.01,1.77,$31.32,$26.30,19.09,$44.57
MAA,Mid-America Apt Communties,0.025,2,$138.94,2.00,$116.62,$114.19,2.13,$142.76
COTY,Coty Inc.,0.025,2,$2.16,2.00,$2.79,$1.82,53.30,$4.47
ATI,Allegheny Technologies Inc.,0.025,2,$197.10,1.39,$188.98,$79.29,138.34,$243.57
ISRG,Intuitive Surgical Inc.,0.025,2,$397.68,1.53,$415.32,$328.57,26.40,$603.88
EOG,EOG Resources,0.025,2,$129.73,1.99,$148.87,$99.12,50.19,$154.16
SJM,J.M. Smucker Co,0.025,2,$112.50,2.02,$119.69,$86.47,38.42,$135.89
INSM,Insmed Inc.,0.025,1,,2.07,$99.60,$90.39,10.19,$212.75
FBTC,Fidelity Wise Origin Bitcoin,0.025,1,,2.07,$70.89,$50.48,40.43,$108.38
KBR,KBR Inc.,0.025,1,,2.07,$34.97,$29.67,17.86,$46.31
SHEN,Shenandoah Telecommunications Co.,0.025,1,,2.06,$11.37,$9.67,17.58,$17.35
BIDU,Baidu Inc.,0.024,4,$114.29,1.98,$83.44,$83.22,0.26,$165.30
MTB,M&T Bank Corp.,0.024,3,$238.01,1.52,$217.34,$169.89,27.93,$254.31
WRBY,Warby Parker Inc.,0.024,3,$30.34,1.89,$24.95,$14.96,66.78,$31.00
AXTA,Axalta Coating Systems Ltd.,0.024,2,$34.22,1.18,$32.85,$24.94,31.72,$38.61
UHS,Universal Health Services Inc.,0.024,2,$148.69,1.12,$177.04,$139.92,26.53,$245.26
PR,Permian Resources Corp.,0.024,2,$18.41,1.97,$22.93,$11.52,99.05,$24.48
ANET,Arista Networks Inc.,0.024,2,$169.88,1.94,$211.14,$114.52,84.37,$217.32
ECPG,Encore Capital Group Inc.,0.024,1,,1.94,$100.48,$39.95,151.51,$104.98
COLD,Americold Realty Trust,0.024,1,,1.98,$13.82,$9.44,46.40,$16.61
JXN,Jackson Financial Inc.,0.024,1,,1.94,$132.98,$86.88,53.06,$140.33
FCX,Freeport-McMoran Inc.,0.024,1,,2.00,$70.72,$38.27,84.79,$80.24
SPB,Spectrum Brands Holdings Inc.,0.023,4,$85.75,1.23,$77.10,$48.72,58.25,$98.53
LAMR,Lamar Advertising Co.,0.023,3,$155.98,1.64,$145.94,$109.09,33.78,$164.46
CAG,Conagra Brands Inc.,0.023,3,$13.46,1.76,$13.51,$12.39,9.04,$19.59
ADPT,Adaptive Biotechnologies Corp.,0.023,2,$21.45,1.83,$25.82,$12.00,115.17,$30.74
BATRK,Atlanta Braves Holdings Inc. Series C,0.023,2,$51.90,1.64,$52.73,$37.76,39.65,$54.86
AGX,Argan Inc.,0.023,2,$798.55,1.80,$398.69,$254.39,56.72,$805.09
PANW,Palo Alto Networks,0.023,2,$341.02,1.88,$398.47,$139.57,185.50,$432.33
WEC,WEC Energy Group,0.023,1,,1.92,$103.64,$99.80,3.85,$118.87
SHC,Sotera Health Co,0.023,1,,1.88,$17.76,$13.09,35.68,$19.85
PDRDF,Pernod Ricard,0.023,1,,1.92,$68.00,$65.20,4.29,$100.90
SWK,Stanley Black & Decker Inc.,0.023,1,,1.92,$89.00,$59.35,49.96,$103.78
WTM,White Mountains Insurance,0.023,1,,1.85,$2061.84,$1829.30,12.71,$2333.00
LNT,Alliant Energy,0.023,1,,1.86,$65.58,$62.41,5.08,$78.22
BYD,Boyd Gaming Corp.,0.023,1,,1.92,$70.22,$65.00,8.03,$91.17
CHRD,Chord Energy,0.023,1,,1.87,$142.13,$80.76,75.99,$157.06
TRV,Travelers Companies Inc.,0.022,4,$330.13,0.71,$371.69,$248.46,49.60,$397.34
ABEV,Ambev S.A.,0.022,3,$3.14,1.81,$3.18,$2.07,53.62,$3.42
HSIC,Henry Schein Inc.,0.022,3,$83.52,1.54,$84.14,$61.95,35.82,$92.18
GILD,Gilead Sciences,0.022,3,$126.34,1.57,$147.09,$111.27,32.19,$154.51
IWF,iShares Russell 1000 Growth ETF,0.022,3,$124.17,1.08,$126.85,$102.05,24.30,$129.80
GHC,Graham Holdings Co.,0.022,2,$1141.45,1.74,$1189.74,$923.50,28.83,$1262.35
ECHO,EchoStar Corp.,0.022,2,$101.50,1.73,$93.64,$65.76,42.40,$147.25
IR,Ingersoll Rand Inc.,0.022,2,$81.99,0.92,$78.16,$68.05,14.86,$100.89
CTVA,Corteva Inc.,0.022,2,$84.69,1.84,$13.88,$9.00,54.22,$14.62
PRMB,Primo Brands Corp,0.022,2,$24.44,1.77,$19.26,$14.04,37.18,$26.08
KRC,Kilroy Realty Corp.,0.022,1,,1.83,$34.22,$26.46,29.33,$40.89
UMBF,UMB Financial Corp.,0.022,1,,1.79,$130.79,$101.90,28.35,$152.78
JD,JD.com Inc.,0.021,5,$25.48,1.17,$26.83,$23.66,13.40,$34.30
ROL,Rollins Inc.,0.021,4,$41.74,0.57,$32.41,$29.29,10.65,$65.40
NTRS,Northern Trust Corp.,0.021,3,$173.84,1.69,$168.57,$118.61,42.12,$194.86
TKR,Timken Co.,0.021,3,$145.31,1.72,$114.89,$69.62,65.02,$145.98
CMCO,Columbus McKinnon Corp.,0.021,2,$15.13,1.71,$16.05,$11.95,34.31,$24.13
WIX,Wix.com Ltd.,0.021,2,$44.27,0.90,$74.13,$40.16,84.59,$148.33
ROK,Rockwell Automation Inc.,0.021,2,$495.08,1.17,$432.07,$328.32,31.60,$495.83
SKYD,Skydance Corp.,0.021,2,$9.86,0.99,$9.49,$7.58,25.20,$18.53
INGR,Ingredion Inc.,0.021,1,,1.72,$95.28,$92.81,2.66,$120.48
LBTYK,Liberty Global Ltd CL C,0.021,1,,1.74,$8.70,$8.58,1.40,$13.12
VNT,Vontier Corp.,0.021,1,,1.70,$32.44,$27.21,19.22,$48.09
VRSN,Verisign Inc.,0.020,3,$251.56,0.76,$296.96,$206.93,43.51,$311.57
CMI,Cummins Inc.,0.020,3,$713.22,1.05,$521.01,$394.95,31.92,$735.02
XP,XP Inc.,0.020,2,$16.26,1.34,$30.20,$14.80,104.05,$30.62
SD,SandRidge Energy Inc.,0.020,2,$13.70,0.84,$13.99,$10.70,30.75,$17.78
ROG,Rogers Corp.,0.020,2,$163.73,1.61,$148.91,$75.14,98.18,$169.00
CLB,Core Laboratories Inc.,0.020,1,,1.63,$10.13,$9.63,5.19,$20.32
ACGL,Arch Capital Group Ltd.,0.020,1,,1.67,$96.47,$82.45,17.00,$107.09
TGT,Target Corp.,0.019,4,$130.61,1.21,$155.91,$81.20,92.01,$170.75
DEI,Douglas Emmett Inc.,0.019,3,$11.80,1.30,$9.85,$8.62,14.27,$14.03
HP,Helmerich & Payne,0.019,2,$32.75,1.46,$40.28,$21.12,90.72,$48.17
VYM,Vanguard High Dvd Yield ETF,0.019,2,$158.03,1.42,$158.20,$134.14,17.94,$166.68
LLYVA,Liberty Media Corp. Series A Live,0.019,2,$101.26,1.41,$96.27,$77.12,24.83,$106.06
ST,Sensata Technologies Holding,0.019,2,$47.74,1.27,$42.04,$27.92,50.57,$53.75
LILAK,Liberty LiLAC Group C,0.019,1,,1.56,$8.68,$4.76,82.35,$9.00
HAE,Haemonetics Corp.,0.019,1,,1.54,$119.33,$48.17,147.73,$119.82
DNOW,NOW Inc.,0.018,4,$12.97,0.67,$15.73,$10.94,43.78,$17.26
BNS,Bank of Nova Scotia,0.018,3,$86.81,1.18,$87.65,$60.49,44.90,$94.89
AR,Antero Resources,0.018,2,$35.14,1.42,$36.19,$29.10,24.36,$45.75
ADM,Archer-Daniels-Midland,0.018,2,$76.40,0.88,$82.55,$54.00,52.87,$88.75
VSAT,Viasat Inc.,0.018,2,$89.81,1.50,$65.98,$29.13,126.50,$93.03
AMH,American Homes 4 Rent,0.018,2,$33.52,1.40,$30.55,$26.66,14.59,$34.70
SKY,Skyline Champion Corp.,0.018,2,$88.12,1.42,$81.42,$63.69,27.84,$99.17
LHX,L3Harris Technologies Inc.,0.018,2,$290.59,1.49,$236.70,$233.01,1.58,$374.59
FG,F&G Annuities & Life Inc.,0.018,1,,1.44,$19.52,$19.36,0.83,$34.01
EQX,Equinox Gold Corp,0.018,1,,1.47,$11.12,$8.47,31.29,$18.88
SWX,Southwest Gas Holdings Inc.,0.018,1,,1.51,$83.40,$74.55,11.87,$93.81
CRWV,Coreweave Inc Cl A,0.018,1,,1.44,$81.13,$60.55,33.99,$153.20
PAYC,Paycom Software Inc.,0.017,3,$125.68,0.70,$228.55,$104.16,119.42,$244.98
FDS,FactSet Research Systems,0.017,3,$230.08,0.65,$285.87,$182.47,56.67,$320.48
BKD,Brookdale Senior Living Inc.,0.017,3,$16.09,1.27,$10.91,$8.00,36.38,$17.09
AMP,Ameriprise Financial Inc.,0.017,3,$458.73,0.90,$497.81,$419.52,18.66,$572.56
CTAS,Cintas Corp.,0.017,3,$170.08,1.38,$200.67,$160.31,25.18,$218.60
BXP,BXP Inc.,0.017,3,$66.31,1.04,$59.38,$47.99,23.73,$74.09
RRX,Regal Rexnord Corp.,0.017,2,$238.19,1.43,$160.05,$126.91,26.11,$247.24
ITIC,Investors Title Co.,0.017,2,$273.68,0.96,$298.47,$208.58,43.10,$309.07
MMYT,MakeMyTrip Ltd,0.017,2,$53.29,1.39,$43.49,$32.67,33.12,$96.60
NAMS,Newamsterdam Pharma Co Nv,0.017,2,$33.89,1.00,$21.13,$21.02,0.52,$42.21
PINS,Pinterest Inc.,0.017,2,$21.03,1.14,$20.35,$13.84,47.04,$35.42
MANE,Veradermics Inc,0.017,2,$122.94,0.88,$125.37,$32.00,291.78,$131.24
EXPE,Expedia Group Inc.,0.017,2,$255.88,1.43,$271.20,$184.28,47.17,$341.51
DGX,Quest Diagnostics,0.017,2,$212.00,1.42,$230.07,$168.34,36.67,$247.92
JBLU,JetBlue Airways Corp.,0.017,1,,1.43,$3.87,$3.86,0.26,$6.62
STUB,Stubhub Holdings Inc Class A,0.017,1,,1.39,$6.10,$5.22,16.86,$21.49
FSV,Firstservice Corp,0.017,1,,1.41,$127.87,$118.87,7.57,$187.45
MATW,Matthews Intl Corp. A,0.017,1,,1.37,$19.33,$18.54,4.26,$30.32
ALX,Alexander's Inc.,0.017,1,,1.42,$242.97,$190.65,27.44,$284.73
AKAM,Akamai Technologies Inc.,0.017,1,,1.40,$100.52,$70.82,41.94,$165.45
NTES,NetEase.com Inc.,0.016,3,$128.14,0.80,$119.46,$105.01,13.76,$152.74
POOL,Pool Corp.,0.016,2,$214.93,1.06,$156.76,$152.88,2.54,$298.13
RGA,Reinsurance Group of America Inc.,0.016,2,$212.65,1.33,$257.80,$175.13,47.20,$257.81
GSHD,Goosehead Insurance Inc.,0.016,2,$48.50,0.87,$44.96,$33.68,33.49,$79.85
FUL,H.B. Fuller Co.,0.016,2,$58.29,1.30,$50.36,$46.70,7.84,$68.05
PRM,Perimeter Solutions SA,0.016,2,$35.65,1.11,$27.69,$19.70,40.56,$38.17
SHAZ,Sharonai Holdings Inc,0.016,2,$84.66,0.65,$39.62,$1.90,1985.26,$178.00
NOC,Northrop Grumman Corp.,0.016,2,$509.32,1.24,$485.00,$470.06,3.18,$767.12
BAM,Brookfield Asset Management,0.016,2,$44.85,0.75,$44.92,$41.36,8.61,$57.07
UPBD,Upbound Group Inc.,0.016,1,,1.29,$15.61,$14.46,7.95,$22.53
OSG,Octave Specialty Group Inc.,0.016,1,,1.34,$4.75,$3.88,22.42,$10.38
ACIW,ACI Worldwide Inc.,0.016,1,,1.28,$51.01,$38.05,34.06,$61.08
SAM,Boston Beer Company,0.016,1,,1.35,$171.03,$158.68,7.78,$264.46
AZO,AutoZone Inc.,0.016,1,,1.34,$2924.65,$2730.65,7.10,$4146.42
NICE,Nice Ltd Spon ADR,0.016,1,,1.32,$116.96,$83.10,40.75,$140.18
NVS,Novartis AG,0.015,5,$156.73,0.84,$143.14,$118.00,21.31,$165.46
FITB,Fifth Third Bancorp,0.015,3,$56.37,0.65,$50.62,$38.75,30.63,$59.01
NTR,Nutrien Ltd.,0.015,2,$62.95,1.04,$70.23,$51.33,36.82,$83.34
WRB,W.R. Berkley Corp.,0.015,2,$70.53,1.21,$72.39,$62.22,16.35,$77.34
DLR,Digital Realty Trust Inc.,0.015,2,$179.58,1.18,$176.73,$143.30,23.33,$206.06
ARLP,Alliance Resource Partners LP,0.015,2,$23.98,1.06,$24.73,$20.88,18.44,$28.08
MKTX,MarketAxess Holdings Inc.,0.015,2,$113.50,1.25,$164.36,$108.23,51.86,$193.95
CALM,Cal-Maine Foods Inc.,0.015,2,$80.56,1.18,$65.31,$61.88,5.54,$95.25
CRK,Comstock Resources Inc.,0.015,1,,1.26,$13.72,$12.12,13.20,$28.10
MTH,Meritage Homes Corp.,0.015,1,,1.26,$60.56,$57.22,5.84,$84.75
PB,Prosperity Bancshares Inc.,0.015,1,,1.19,$66.55,$59.01,12.78,$75.23
OPCH,Option Care Health Inc.,0.015,1,,1.26,$31.06,$18.01,72.46,$36.80
YPF,YPF S.A.,0.015,1,,1.19,$49.98,$23.37,113.86,$57.87
CLW,Clearwater Paper Corp.,0.015,1,,1.26,$19.41,$11.73,65.47,$23.59
DOLE,Dole Food Company,0.015,1,,1.25,$13.00,$12.22,6.38,$16.27
HLN,Haleon Plc ADR,0.014,5,$9.33,0.73,$9.24,$8.59,7.57,$11.06
IVV,Ishares Core S&P 500 ETF,0.014,3,$748.90,0.86,$776.50,$628.63,23.52,$785.03
GD,General Dynamics,0.014,3,$354.24,1.05,$330.50,$305.43,8.21,$400.00
SBAC,SBA Communications Corp.,0.014,2,$176.46,1.14,$170.57,$156.60,8.92,$221.58
BCS,Barclays plc ADR,0.014,2,$26.86,1.16,$22.93,$18.85,21.64,$28.36
SUPN,Supernus Pharmaceuticals,0.014,1,,1.14,$42.24,$40.51,4.27,$59.68
VLO,Valero Energy,0.014,1,,1.12,$446.41,$152.07,193.56,$446.41
ICFI,ICF International Inc.,0.014,1,,1.15,$86.68,$58.62,47.87,$97.47
ALG,Alamo Group Inc.,0.014,1,,1.11,$154.57,$145.46,6.26,$219.00
ADT,ADT Inc.,0.014,1,,1.16,$6.49,$6.03,7.63,$8.61
JAZZ,Jazz Pharmaceuticals plc,0.013,2,$240.97,1.10,$223.22,$128.80,73.31,$266.38
TAC,TransAlta Corp.,0.013,2,$13.83,1.10,$12.90,,,
AXS,Axis Capital Holdings Ltd.,0.013,2,$107.44,1.00,$97.75,$86.58,12.90,$119.44
FMS,Fresenius Medical Care AG & Co KCaG,0.013,2,$22.61,1.00,$20.81,$19.25,8.10,$26.58
ABR,Arbor Realty Trust Inc.,0.013,2,$5.42,0.78,$3.13,$3.13,0.00,$10.70
VMRK,Vivmark Residential,0.013,2,$67.93,1.07,$60.12,$55.64,8.05,$70.66
COMP,Compass Inc.,0.013,2,$12.33,0.66,$9.50,$6.37,49.14,$13.96
FOXA,Fox Corporation,0.013,2,$52.16,0.76,$63.75,$48.13,32.45,$75.68
CASH,Meta Financial Group Inc.,0.013,1,,1.10,$72.18,$65.71,9.85,$101.13
AGCO,AGCO Corp.,0.013,1,,1.06,$109.22,$98.22,11.20,$142.68
HWM,Howmet Aerospace Inc.,0.013,1,,1.06,$222.53,$183.45,21.30,$309.85
MNRO,Monro Inc.,0.013,1,,1.05,$13.54,$10.82,25.14,$22.69
RWAY,Runway Growth Finance Corp,0.013,1,,1.04,$6.45,$4.94,30.57,$8.55
CPRX-OLD,Catalyst Pharmaceuticals Inc.,0.013,1,,1.06,$31.50,$19.05,65.35,$32.56
MSTR,MicroStrategy Inc.,0.013,1,,1.03,$151.22,$81.81,84.84,$336.36
COLL,Collegium Pharmaceutical Inc.,0.013,1,,1.06,$22.12,$21.43,3.22,$50.79
MYRG,MYR Group Inc.,0.013,1,,1.05,$310.01,$190.14,63.04,$503.57
G,Genpact Ltd.,0.012,5,$27.50,0.44,$34.63,$26.71,29.65,$47.87
SNY,Sanofi Aventis,0.012,4,$42.66,0.63,$40.18,$39.18,2.55,$49.91
DOW,Dow Inc.,0.012,3,$27.36,1.00,$28.71,$19.68,45.88,$41.82
TREX,Trex Company Inc.,0.012,2,$50.04,0.91,$44.78,$29.77,50.42,$54.30
EXR,Extra Space Storage Inc.,0.012,2,$145.30,0.93,$132.57,$120.04,10.44,$157.03
BKR,Baker Hughes Co.,0.012,2,$55.50,1.01,$56.34,$43.24,30.30,$69.92
NE,Noble Corp.,0.012,2,$37.30,0.86,$42.51,$25.46,66.97,$53.83
DAR,Darling Ingredients Inc.,0.012,2,$54.62,0.96,$62.12,$29.15,113.10,$69.98
KALU,Kaiser Aluminum Corp.,0.012,2,$195.62,0.93,$149.29,$74.71,99.83,$199.89
KN,Knowles Corp.,0.012,2,$41.48,0.94,$37.26,$20.57,81.14,$42.93
CRDO,Credo Technology Group Holdi,0.012,2,$271.95,1.00,$209.64,$86.49,142.39,$308.67
GL,Globe Life Inc.,0.012,2,$178.68,0.71,$166.84,$126.81,31.57,$191.17
UGI,UGI Corp.,0.012,2,$34.54,0.99,$36.99,$30.36,21.84,$40.08
SMG,Scotts Miracle-Gro Co.,0.012,1,,0.96,$50.13,$47.90,4.66,$74.53
XMTR,Xometry Inc.,0.012,1,,0.95,$106.50,$35.86,196.99,$112.94
PBF,PBF Energy Inc.,0.012,1,,0.95,$88.40,$25.16,251.35,$88.40
FWONA,Liberty Media Corp Formula One Series A,0.012,1,,0.95,$87.78,$73.70,19.10,$98.79
WCN,Waste Connections,0.012,1,,0.99,$155.00,$146.58,5.74,$178.40
BBW,Build-A-Bear Workshop Inc.,0.012,1,,0.97,$26.01,$23.94,8.65,$70.63
BATRA,Atlanta Braves Holdings Inc. Series A,0.012,1,,1.01,$58.16,$41.50,40.14,$60.48
IVZ,Invesco Ltd,0.012,1,,1.01,$30.29,$20.03,51.22,$33.66
MDB,MongoDB Inc.,0.012,1,,0.99,$365.74,$215.68,69.58,$473.10
EDU,New Oriental Education & Technology,0.012,1,,0.99,$57.72,$44.25,30.44,$64.22
FOA,Finance Of America Companies Inc.,0.012,1,,1.00,$12.85,$12.15,5.76,$29.79
YMM,Full Truck Alliance Spn ADR,0.012,1,,0.96,$8.31,$7.38,12.60,$13.13
VTOL,Bristow Group Inc.,0.012,1,,0.95,$40.82,$34.73,17.54,$50.10
SU,Suncor Energy Inc.,0.011,4,$53.69,0.71,$71.08,$36.63,94.05,$72.06
HRL,Hormel Foods Corp.,0.011,3,$24.82,0.77,$19.47,$19.42,0.26,$26.43
ACMR,ACM Research Inc.,0.011,3,$126.89,0.92,$69.90,$28.46,145.61,$127.19
AUR,Aurora Innovation Inc.,0.011,3,$6.82,0.72,$5.70,$3.60,58.33,$8.57
SOFI,SoFi Technologies Inc.,0.011,2,$17.93,0.90,$15.48,$14.88,4.03,$32.73
PHG,Koninklijke Philips Electronics NV,0.011,2,$27.19,0.90,$24.27,$23.62,2.75,$32.21
AM,Antero Midstream Corp.,0.011,2,$22.75,0.90,$21.24,$16.41,29.43,$23.35
AAP,Advance Auto Parts,0.011,2,$62.22,0.80,$42.11,$37.33,12.80,$64.62
ELAN,Elanco Animal Health Inc.,0.011,2,$24.61,0.87,$22.58,$19.40,16.39,$27.98
W,Wayfair Inc.,0.011,2,$92.42,0.90,$104.69,$55.60,88.29,$119.98
LZAGY,Lonza Group Ag Unspon ADR,0.011,1,,0.92,$69.09,$57.99,19.14,$74.36
NWL,Newell Brands Inc.,0.011,1,,0.87,$5.68,$2.87,97.91,$7.05
CZR,Caesars Entertainment,0.011,1,,0.89,$29.52,$17.86,65.29,$30.88
KD,Kyndryl Holdings Inc,0.011,1,,0.87,$11.76,$10.10,16.44,$30.30
AAON,AAON Inc.,0.011,1,,0.87,$86.03,$72.95,17.93,$150.16
COST,Costco Co.,0.010,7,$935.41,0.35,$951.08,$840.35,13.18,$1094.76
SHEL,Shell plc,0.010,5,$77.54,0.59,$100.55,$66.79,50.55,$100.55
IJR,Ishares Core S&P Small Cap E,0.010,3,$148.32,0.84,$137.20,$110.57,24.08,$150.15
VBIL,Vanguard 0 3m T Bill ETF,0.010,2,$75.68,0.58,$75.57,$72.84,3.75,$75.57
LIND,Lindblad Expeditions Hldgs Inc.,0.010,2,$28.24,0.78,$35.60,$11.37,213.10,$36.36
DT,Dynatrace Inc.,0.010,2,$43.92,0.43,$61.20,$31.64,93.43,$61.58
GFI,Gold Fields Ltd.,0.010,2,$33.59,0.63,$35.83,$30.43,17.75,$58.68
KR,Kroger Co.,0.010,2,$55.53,0.72,$61.41,$53.78,14.19,$75.66
TEM,Tempus Ai Inc,0.010,2,$57.93,0.77,$68.40,$40.77,67.77,$104.32
BCO,Brink's Co.,0.010,1,,0.86,$102.81,$90.86,13.15,$135.75
SLDE,Slide Insurance Holdings Inc,0.010,1,,0.84,$25.31,$14.15,78.87,$26.75
EEFT,Euronet Worldwide Inc.,0.010,1,,0.81,$63.91,$61.73,3.53,$89.44
WAL,Western Alliance Bancorp,0.010,1,,0.81,$75.09,$65.11,15.33,$95.75
QLYS,Qualys Inc.,0.010,1,,0.86,$191.71,$74.51,157.29,$204.41
NDAQ,Nasdaq Inc.,0.010,1,,0.85,$92.58,$76.29,21.35,$100.76
VNO,Vornado Realty Trust,0.010,1,,0.83,$33.88,$24.57,37.89,$41.60
TIC,Acuren Corporation,0.010,1,,0.83,$8.79,$6.36,38.21,$14.65
PCVX,Vaxcyte Inc.,0.010,1,,0.85,$65.99,$39.87,65.51,$90.75
CET,Central Securities Corp.,0.010,1,,0.85,$55.92,$47.33,18.15,$57.39
BRBR,BellRing Brands Inc. CL A,0.010,1,,0.84,$7.92,$7.33,8.05,$35.67
CFG,Citizens Financial Group Inc.,0.010,1,,0.82,$63.79,$46.55,37.04,$75.33
DUSA,Davis Select Us Equity ETF,0.010,1,,0.82,$55.61,$46.06,20.73,$58.53
CIGI,Colliers International Group Inc.,0.009,4,$93.70,0.60,$86.62,$83.70,3.49,$171.06
IWR,Ishares Russell Mid Cap ETF,0.009,3,$110.27,0.53,$108.83,$90.51,20.24,$114.63
MLKN,MillerKnoll Inc.,0.009,3,$20.46,0.52,$20.67,$13.23,56.24,$24.51
RJF,Raymond James Financial Inc.,0.009,2,$152.03,0.75,$157.98,$137.85,14.60,$182.11
CFR,Cullen Frost Bankers,0.009,2,$154.52,0.71,$152.46,$115.60,31.89,$169.71
AVB-OLD,AvalonBay Communities,0.009,2,$188.69,0.72,$184.30,$157.12,17.30,$198.63
MPWR,Monolithic Power Systems,0.009,2,$1382.24,0.76,$1358.32,$827.63,64.12,$1708.95
HPQ,HP Inc.,0.009,2,$21.93,0.49,$32.41,$16.91,91.66,$36.23
OCFC,OceanFirst Financial Corp.,0.009,1,,0.77,$16.39,$16.16,1.42,$20.12
FR,First Industrial Realty Trust Inc.,0.009,1,,0.76,$59.11,$48.63,21.55,$69.31
EME,Emcor Group,0.009,1,,0.74,$778.28,$564.01,37.99,$951.47
PSUS,Pershing Square Usa Ltd,0.009,1,,0.77,$37.37,$35.71,4.65,$44.00
HAS,Hasbro Inc.,0.009,1,,0.73,$92.56,$67.33,37.47,$104.60
RIOT,Riot Blockchain Inc.,0.009,1,,0.70,$16.96,$11.50,47.48,$30.32
CTRN,Citi Trends Inc.,0.009,1,,0.74,$50.55,$31.38,61.09,$77.91
MMM,3M Co.,0.008,4,$161.92,0.52,$164.15,$138.02,18.93,$184.09
BMI,Badger Meter Inc.,0.008,3,$148.38,0.31,$127.52,$111.36,14.51,$201.67
TROW,T. Rowe Price Group,0.008,3,$113.63,0.30,$104.22,$83.17,25.31,$120.50
ITW,Illinois Tool Works,0.008,2,$270.47,0.67,$264.78,$232.87,13.70,$299.98
BTDR,Bitdeer Technologies Group A,0.008,2,$15.87,0.68,$9.64,$6.92,39.31,$27.80
TTE,TotalEnergies SE,0.008,2,$77.76,0.69,$86.39,$53.98,60.04,$92.37
RELX,RELX plc,0.008,2,$31.67,0.61,$35.12,$26.84,30.85,$45.98
KT,KT Corp.,0.008,2,$17.28,0.37,$18.59,$16.93,9.81,$23.90
LXU,LSB Industries Inc.,0.008,2,$10.81,0.66,$10.17,$8.12,25.25,$17.22
FIGR,Figure Technology Solut Cl A,0.008,1,,0.65,$27.58,$24.11,14.39,$78.00
KRYS,Krystal Biotech Inc.,0.008,1,,0.67,$329.93,$179.19,84.12,$382.54
AD,Array Digital Infrastructure Inc.,0.008,1,,0.67,$33.67,$28.86,16.67,$46.04
BXC,BlueLinx Holdings Inc.,0.008,1,,0.64,$71.25,$44.78,59.11,$93.80
TX,Ternium S.A.,0.008,1,,0.65,$56.65,$31.27,81.16,$59.32
SBSI,Southside Bancshares Inc.,0.008,1,,0.66,$30.45,$25.12,21.22,$35.79
DMAC,DiaMedica Therapeutics Inc.,0.008,1,,0.68,$8.01,$5.25,52.57,$10.42
AGO,Assured Guaranty Ltd.,0.008,1,,0.63,$70.29,$67.24,4.54,$91.07
HKHGF,Hongkong Land Holdings Ltd,0.008,1,,0.63,$8.57,$5.51,55.54,$8.57
KRSP,Rice Acquisition Corp 3 A,0.008,1,,0.67,$10.58,$10.21,3.62,$11.89
NWG,NatWest Group Plc,0.008,1,,0.67,$17.15,$13.51,26.94,$19.21
ZD,Ziff Davis Inc.,0.008,1,,0.63,$55.51,$22.45,147.26,$60.48
D,Dominion Energy Inc.,0.008,1,,0.65,$61.69,$54.17,13.88,$72.26
MMS,MAXIMUS Inc.,0.008,1,,0.64,$58.37,$51.04,14.36,$98.42
IPGP,IPG Photonics Corp.,0.008,1,,0.65,$77.89,$69.41,12.22,$155.82
CLX,Clorox Co.,0.007,5,$95.44,0.24,$83.67,$79.12,5.75,$125.83
VTV,Vanguard Value ETF,0.007,3,$217.93,0.60,$219.59,$179.15,22.57,$227.52
BTI,British American Tobacco plc,0.007,3,$61.76,0.37,$55.46,$47.05,17.87,$65.34
TDY,Teledyne Technologies,0.007,3,$666.90,0.56,$603.66,$483.02,24.98,$697.67
MTD,Mettler-Toledo International Inc.,0.007,2,$1277.67,0.32,$1528.20,$1023.05,49.38,$1585.72
EQNR,Equinor ASA,0.007,2,$31.40,0.57,$43.13,$21.54,100.23,$45.84
ING,ING Group NV,0.007,2,$31.38,0.58,$33.42,$22.49,48.60,$37.52
TNC,Tennant Co.,0.007,2,$87.54,0.55,$66.59,$59.62,11.69,$91.52
BAH,Booz Allen Hamilton Hldg Corp.,0.007,2,$60.67,0.56,$72.53,$59.05,22.83,$106.66
AXSM,Axsome Therapeutics Inc.,0.007,2,$244.77,0.54,$171.19,$117.30,45.94,$260.19
SRTA,Strata Critical Medical Inc.,0.007,2,$5.27,0.58,$4.54,$3.95,14.94,$6.50
EPAM,EPAM Systems Inc.,0.007,1,,0.54,$111.91,$73.06,53.18,$222.53
EXPD,Expeditors Int'l,0.007,1,,0.54,$194.85,$111.78,74.32,$195.32
WVE,Wave Life Sciences Ltd.,0.007,1,,0.54,$3.46,$3.39,2.06,$21.73
ANDG,Andersen Group Inc A,0.007,1,,0.61,$55.96,$18.12,208.83,$58.18
AS,Amer Sports Inc,0.007,1,,0.57,$27.12,$26.10,3.91,$42.76
RAL,Ralliant Corp.,0.007,1,,0.54,$71.24,$37.17,91.66,$75.35
VYX,NCR Voyix Corp.,0.007,1,,0.56,$6.92,$6.02,14.95,$12.25
QMCO,Quantum Corp.,0.007,1,,0.59,$28.80,$4.19,587.35,$35.65
MMSI,Merit Medical Systems Inc.,0.007,1,,0.61,$85.42,$59.74,42.99,$94.75
TMUS,T-Mobile US Inc.,0.007,1,,0.56,$171.57,$160.81,6.69,$226.24
FSLR,First Solar Inc.,0.007,1,,0.57,$178.83,$168.60,6.07,$320.95
PAYP,Paypay Corp,0.007,1,,0.55,$15.32,$12.07,26.93,$24.89
WLTH,Wealthfront Corp,0.007,1,,0.57,$10.87,$7.20,50.97,$14.88
GCMG,Gcm Grosvenor Inc Class A,0.007,1,,0.54,$13.02,$9.12,42.76,$14.74
BLTE,Belite Bio Inc ADR,0.007,1,,0.55,$153.28,$76.50,100.37,$200.00
UL,Unilever PLC,0.006,5,$60.12,0.22,$61.87,$53.97,14.64,$73.09
TIGO,Millicom Intl Cellular S.a.,0.006,3,$90.76,0.39,$87.56,$42.44,106.31,$106.24
RNR,RenaissanceRe Holdings Ltd.,0.006,3,$316.90,0.32,$335.43,$229.91,45.90,$339.82
PBR.A,Petroleo Brasil Sp Pref ADR,0.006,2,$14.64,0.49,$22.21,$10.25,116.68,$22.72
PUK,Prudential Plc ADR,0.006,2,$26.81,0.49,$23.87,$23.31,2.40,$33.36
QRVO-OLD,Qorvo Inc.,0.006,2,$93.27,0.51,$114.64,$74.92,53.02,$121.09
VLTO,Veralto Corp.,0.006,2,$88.68,0.48,$96.24,$79.80,20.60,$105.16
HWKN,Hawkins Inc.,0.006,2,$142.10,0.45,$128.72,$116.05,10.92,$178.32
CX,Cemex,0.006,2,$12.00,0.50,$9.56,$8.93,7.05,$13.60
CYD,China Yuchai Intl Ltd.,0.006,2,$47.42,0.51,$29.22,$28.00,4.36,$60.28
BEKE,KE Holdings Inc.,0.006,2,$14.53,0.38,$16.96,$13.81,22.81,$19.77
KFY,Korn Ferry,0.006,2,$66.58,0.30,$72.55,$57.57,26.02,$86.88
GLOB,Globant S.A.,0.006,2,$28.94,0.33,$36.37,$27.56,31.97,$72.10
DTE,DTE Energy Co.,0.006,1,,0.53,$127.24,$119.68,6.32,$154.33
ZTO,ZTO Express,0.006,1,,0.48,$19.84,$17.83,11.27,$25.97
NGG,National Grid Plc Sp ADR,0.006,1,,0.53,$77.11,$70.35,9.61,$92.22
CART,Maplebear Inc,0.006,1,,0.51,$46.15,$32.73,41.00,$52.68
FND,Floor & Decor Holdings,0.006,1,,0.46,$46.03,$42.64,7.95,$77.46
WEX,WEX Inc.,0.006,1,,0.47,$174.00,$125.29,38.88,$203.99
SNN,Smith & Nephew plc,0.006,1,,0.49,$26.93,$26.07,3.30,$36.52
NBIX,Neurocrine Biosciences Inc.,0.006,1,,0.49,$141.34,$122.14,15.72,$186.12
MBC,Masterbrand Inc,0.006,1,,0.46,$6.92,$6.27,10.37,$13.96
AIT,Applied Industrial Tech.,0.006,1,,0.53,$334.18,$236.75,41.15,$374.27
PPL,PPL Corp.,0.006,1,,0.49,$33.99,$31.56,7.70,$39.46
BCE,BCE Inc.,0.006,1,,0.51,$19.98,$19.52,2.36,$25.77
IT,Gartner Inc.,0.006,1,,0.49,$194.92,$124.25,56.88,$261.10
AGL,Agilon Health Inc,0.006,1,,0.46,$84.21,$7.48,1025.80,$133.04
DINT,Davis Select International,0.006,1,,0.48,$27.79,$25.77,7.84,$30.75
TWFG,Twfg Inc,0.006,1,,0.53,$25.31,$16.56,52.84,$31.30
CRAI,CRA International Inc.,0.006,1,,0.47,$177.85,$131.23,35.53,$224.94
THG,Hanover Insurance Group,0.006,1,,0.46,$223.98,$163.54,36.96,$235.06
T,AT&T Inc.,0.005,3,$20.70,0.40,$24.86,,,
BIL,SPDR Bloomberg 1 3 Month T B,0.005,3,$91.64,0.27,$91.47,$88.23,3.67,$91.47
LPX,Louisiana-Pacific Corp.,0.005,3,$78.66,0.21,$65.39,$62.18,5.16,$99.15
DCI,Donaldson Co.,0.005,3,$89.77,0.38,$87.55,$78.40,11.67,$112.05
EMR,Emerson Electric,0.005,3,$143.16,0.26,$158.69,$121.73,30.36,$165.79
ARCO,Arcos Dorados Holdings Inc.,0.005,3,$8.06,0.26,$8.20,$6.43,27.53,$9.58
FRFHF,Fairfax Financial Holdings Ltd.,0.005,2,$1644.34,0.26,$1545.00,$1500.00,3.00,$1933.22
HALO,Halozyme Therapeutics,0.005,2,$78.26,0.45,$110.44,$61.23,80.37,$116.85
EQPT,Equipmentshare.com Inc A,0.005,2,$19.66,0.38,$15.52,$14.55,6.67,$35.50
IDA,IDACORP Inc. Hldg. Co.,0.005,2,$151.30,0.43,$134.10,$121.82,10.08,$153.97
BWXT,BWX Technologies Inc.,0.005,2,$194.65,0.37,$141.62,$131.86,7.40,$241.12
DFNL,Davis Select Financial ETF,0.005,1,,0.45,$48.55,$42.56,14.07,$53.09
SARO,Standardaero Inc,0.005,1,,0.41,$20.35,$19.89,2.31,$34.48
DWLD,Davis Select Worldwide ETF,0.005,1,,0.38,$44.49,$42.44,4.83,$49.48
PRG,PROG Holdings Inc.,0.005,1,,0.40,$30.55,$25.48,19.90,$47.57
MEOH,Methanex Corp.,0.005,1,,0.43,$62.20,$31.54,97.21,$66.34
SGRY,Surgery Partners Inc.,0.005,1,,0.38,$13.60,$11.41,19.19,$23.44
TAL,TAL Education Group,0.005,1,,0.43,$12.50,$8.88,40.77,$13.37
AQN,Algonquin Power & Utilities,0.005,1,,0.39,$5.06,$4.89,3.48,$6.86
CNO,CNO Financial Group Inc.,0.005,1,,0.37,$53.81,$37.63,43.00,$57.40
SMPL,Simply Good Foods Co.,0.005,1,,0.42,$10.09,$9.38,7.57,$25.66
SION,Sionna Therapeutics Inc,0.005,1,,0.40,$4.92,$4.01,22.69,$54.97
QURE,uniQure NV,0.005,1,,0.38,$22.46,$8.73,157.27,$71.50
FRPH,FRP Holdings Inc.,0.005,1,,0.43,$19.86,$19.66,1.02,$25.74
SMIN,Ishares Msci India Small Cap,0.005,1,,0.42,$66.75,$57.78,15.52,$74.41
SOPH,Sophia Genetics SA,0.005,1,,0.42,$7.27,$3.75,93.87,$8.98
WHR,Whirlpool Corp.,0.005,1,,0.38,$29.05,$28.39,2.32,$93.59
SNDX,Syndax Pharmaceuticals Inc.,0.005,1,,0.43,$17.17,$12.99,32.18,$25.59
ORKA,Oruka Therapeutics Inc,0.005,1,,0.41,$77.99,$20.25,285.14,$115.52
SUN,Sunoco Inc.,0.005,1,,0.43,$73.35,$45.68,60.57,$80.22
LKFT,Lakefront Biotherapeutics,0.005,1,,0.37,$29.72,$25.68,15.73,$36.24
WK,Workiva Inc.,0.005,1,,0.37,$73.46,$43.34,69.50,$97.10
PKG,Packaging Corp. of America,0.005,1,,0.45,$229.22,$186.77,22.73,$258.31
KGS,Kodiak Gas Services Inc,0.005,1,,0.39,$53.60,$31.78,68.66,$77.10
MLCO,Melco Resorts & Entertainment,0.005,1,,0.44,$4.19,$4.06,3.20,$9.53
HAL,Halliburton Co.,0.005,1,,0.39,$32.69,$21.03,55.44,$43.20
HDB,HDFC Bank Ltd.,0.004,5,$25.83,0.12,$22.12,$21.74,1.75,$36.81
VTI,Vanguard Total Stock Mkt ETF,0.004,5,$370.00,0.19,$379.22,$308.73,22.83,$384.15
CCK,Crown Holdings,0.004,4,$111.82,0.19,$108.90,$88.12,23.58,$122.91
ONB,Old National Bancorp,0.004,3,$25.90,0.22,$24.73,$18.93,30.64,$27.21
LBRDA-OLD,Liberty Broadband Corp. CL A,0.004,3,$33.28,0.29,$35.98,$26.14,37.64,$65.40
HPE,Hewlett Packard Enterprise,0.004,3,$45.11,0.34,$70.74,$19.57,261.47,$73.28
SMFG,Sumitomo Mitsui Spons ADR,0.004,2,$23.58,0.36,$25.24,$14.95,68.83,$27.62
NOVT,Novanta Inc.,0.004,2,$162.28,0.27,$136.22,$98.27,38.62,$176.38
HLI,Houlihan Lokey Inc.,0.004,2,$134.13,0.33,$126.59,$112.24,12.79,$200.67
MDY,SPDR S&P Midcap 400 ETF Trst,0.004,2,$703.33,0.34,$666.48,$562.03,18.58,$715.63
AFL,AFLAC Inc.,0.004,2,$117.24,0.28,$115.63,$103.27,11.97,$129.57
COO,Cooper Cos Inc,0.004,2,$71.72,0.25,$54.29,$51.01,6.43,$89.83
VIST,"Vista Oil & Gas, S.A.B. de C.V.",0.004,2,$63.80,0.35,$67.65,$33.90,99.56,$81.44
UHAL,U-Haul Holding Co.,0.004,2,$65.44,0.26,$57.92,$41.95,38.07,$76.45
FCN,FTI Consulting Inc.,0.004,1,,0.30,$141.00,$129.12,9.20,$189.30
PAGS,PagSeguro Digital Ltd.,0.004,1,,0.31,$10.68,$8.00,33.50,$11.68
GLPI,Gaming and Leisure Properties Inc.,0.004,1,,0.32,$38.28,$37.33,2.54,$47.34
ALNY,Alnylam Pharmaceuticals,0.004,1,,0.31,$224.24,$197.81,13.36,$495.55
COYA,Coya Therapeutics Inc,0.004,1,,0.35,$4.97,$3.71,33.96,$7.75
ZM,Zoom Video Communications Inc.,0.004,1,,0.32,$94.05,$70.70,33.03,$114.74
PIPR,Piper Sandler Companies,0.004,1,,0.36,$64.42,$62.69,2.76,$92.80
PCAR,PACCAR Inc.,0.004,1,,0.35,$109.18,$90.03,21.27,$138.87
CCU,Compania Cervecerias Unidas SA,0.004,1,,0.30,$11.08,$10.25,8.10,$15.15
TCHP,T Rowe Price Blue Chip Growth ETF,0.004,1,,0.31,$51.99,$42.26,23.02,$53.26
SDGR,SCHRODINGER Inc.,0.004,1,,0.33,$26.27,$10.95,139.91,$33.78
MINE,Mayfair Gold Corp,0.004,1,,0.29,$2.53,$2.16,17.13,$4.88
INBX,Inhibrx,0.004,1,,0.30,$92.44,$28.16,228.27,$155.29
BTSG,Brightspring Health Services,0.004,1,,0.32,$64.02,$27.11,136.15,$73.75
SLQT,Selectquote Inc.,0.004,1,,0.32,$0.37,$0.36,2.78,$2.22
AGI,Alamos Gold Inc.,0.004,1,,0.31,$32.15,$27.02,18.99,$55.24
PRDO,Perdoceo Education Corp.,0.004,1,,0.30,$33.30,$26.14,27.39,$38.13
INDA,iShares MSCI India ETF,0.004,1,,0.34,$45.52,$45.21,0.69,$55.50
PHVS,Pharvaris NV,0.004,1,,0.36,$31.11,$20.65,50.65,$43.25
XEL,Xcel Energy Inc.,0.004,1,,0.29,$73.36,$68.72,6.75,$82.56
ATKR,Atkore International Group Inc.,0.004,1,,0.30,$94.85,$53.32,77.89,$94.98
SFM,Sprouts Farmers Market Inc.,0.004,1,,0.35,$65.74,$61.88,6.24,$114.34
EVLV,Evolv Technologies Holdings,0.004,1,,0.34,$4.62,$4.46,3.59,$8.81
GNE,Genie Energy Ltd.,0.004,1,,0.35,$16.65,$12.56,32.56,$16.84
JGRW,Jensen Quality Growth ETF,0.004,1,,0.36,$28.04,$23.54,19.12,$28.94
SWIM,Latham Group Inc,0.004,1,,0.32,$6.08,$4.64,31.03,$8.97
VUG,Vanguard Growth ETF,0.003,6,$86.16,0.13,$91.15,$69.49,31.17,$93.00
SPY,SPDR S&P 500 ETF Trust,0.003,6,$746.85,0.06,$773.10,$626.11,23.48,$781.62
RSP,Invesco S&P 500 Equal Weight,0.003,4,$212.87,0.22,$211.87,$179.25,18.20,$222.60
SNPS,Synopsys Inc.,0.003,4,$446.14,0.16,$501.42,$362.55,38.30,$539.48
VWO,Vanguard FTSE Emerging Marke,0.003,4,$59.69,0.22,$59.07,$51.24,15.28,$61.42
VIG,Vanguard Dividend Apprec ETF,0.003,3,$236.65,0.21,$237.27,$208.30,13.91,$246.48
IWM,iShares Russell 2000 ETF,0.003,3,$300.49,0.25,$277.44,$226.60,22.44,$304.38
ALL,Allstate Corp.,0.003,3,$237.94,0.28,$231.39,$184.51,25.41,$276.07
BC,Brunswick Corp.,0.003,2,$84.24,0.21,$61.97,$57.26,8.23,$88.81
COLB,Columbia Banking System Inc.,0.003,2,$32.05,0.20,$28.53,$22.66,25.90,$33.27
ASB,Associated Banc-Corp,0.003,2,$30.77,0.18,$28.81,$23.04,25.04,$32.21
VO,Vanguard Mid Cap ETF,0.003,2,$80.57,0.25,$80.39,$68.44,17.46,$84.28
SEIC,SEI Investments,0.003,2,$87.74,0.12,$103.64,$74.64,38.85,$112.15
ALSN,Allison Transmission Holdings,0.003,2,$112.75,0.19,$109.53,$75.21,45.63,$136.97
AYI,Acuity Brands Inc.,0.003,2,$376.66,0.25,$299.97,$256.71,16.85,$379.43
CNXC,Concentrix Corp.,0.003,2,$22.41,0.22,$26.88,$18.81,42.90,$47.10
THO,Thor Industries,0.003,2,$75.17,0.15,$65.69,$65.00,1.06,$121.16
HAFN,Hafnia Ltd,0.003,2,$6.62,0.21,$10.86,$4.60,136.09,$10.86
BSY,Bentley Systems Inc Class B,0.003,1,,0.27,$34.78,$28.02,24.13,$52.93
VSTM,Verastem Inc.,0.003,1,,0.27,$8.02,$3.43,133.82,$10.82
FBAK,First National Bank Alaska,0.003,1,,0.25,$202.54,$165.01,22.74,$211.60
JKHY,Jack Henry & Associates Inc.,0.003,1,,0.26,$148.70,$120.60,23.30,$191.13
PS,Pershing Square Inc.,0.003,1,,0.24,$54.77,$21.93,149.75,$60.40
GIII,G-III Apparel Group,0.003,1,,0.22,$26.97,$24.36,10.71,$37.40
LEGH,Legacy Housing Corp.,0.003,1,,0.24,$28.36,$18.29,55.06,$31.34
LBRT,Liberty Oilfield Services Inc.,0.003,1,,0.21,$18.78,$11.35,65.46,$34.23
BMM,Blue Moon Metals Inc,0.003,1,,0.28,$4.86,$3.47,40.06,$8.63
NTB,Bank of N.T. Butterfield & Son Ltd,0.003,1,,0.26,$57.76,$39.10,47.72,$64.17
SMRT,SmartRent Inc.,0.003,1,,0.24,$1.16,$0.91,27.47,$2.20
GLDM,SPDR Gold Minishares Trust,0.003,1,,0.22,$81.61,$77.50,5.30,$109.74
OVV,Ovintiv Inc.,0.003,1,,0.21,$63.63,$34.67,83.53,$67.41
RUSHB,Rush Enterprises Inc. - CL B,0.003,1,,0.21,$55.93,$31.53,77.39,$57.38
CGAU,Centerra Gold Inc,0.003,1,,0.22,$21.84,$10.33,111.42,$24.52
L,Loews Corp.,0.003,1,,0.27,$107.88,$97.16,11.03,$120.94
RCL,Royal Caribbean Cruises Ltd.,0.003,1,,0.21,$281.13,$222.22,26.51,$350.59
PLOW,Douglas Dynamics,0.003,1,,0.22,$39.41,$27.69,42.33,$54.60
HGTY,Hagerty Inc.,0.003,1,,0.27,$14.25,$9.36,52.24,$14.25
OGC,Oceanagold Corp,0.003,1,,0.25,$26.59,$20.01,32.88,$42.96
LESLQ,Leslie's Inc.,0.003,1,,0.24,$0.06,$0.04,50.00,$12.53
MO,Altria Group Inc.,0.002,5,$71.95,0.12,$71.73,$52.17,37.49,$75.85
IWD,Ishares Russell 1000 Value E,0.002,4,$244.40,0.12,$251.98,$196.35,28.33,$259.24
NUE,Nucor Corp.,0.002,3,$222.78,0.14,$246.47,$129.80,89.88,$279.45
OEC,Orion SA,0.002,3,$6.63,0.09,$5.80,$4.28,35.51,$8.61
AIR,AAR Corp.,0.002,3,$142.94,0.11,$101.09,$76.10,32.84,$154.00
AEBI,Aebi Schmidt Holding Ag,0.002,3,$12.55,0.16,$11.02,$8.87,24.24,$15.87
AMT,American Tower Corp.,0.002,3,$163.57,0.09,$166.25,$158.35,4.99,$192.15
APLD,Applied Digital Corp,0.002,3,$37.30,0.14,$23.27,$19.01,22.41,$50.73
ACWI,iShares MSCI ACWI ETF,0.002,3,$156.97,0.16,$159.65,$132.79,20.23,$162.80
PAAS,Pan American Silver Corp.,0.002,2,$44.79,0.18,$45.06,$32.65,38.01,$69.34
SNA,Snap-On Inc.,0.002,2,$402.37,0.12,$359.93,$312.34,15.24,$420.41
HLT,Hilton Worldwide Holdings,0.002,2,$330.48,0.12,$324.35,$253.04,28.18,$357.84
SMHI,SEACOR Marine Holdings Inc.,0.002,2,$7.65,0.18,$8.66,$5.55,56.04,$10.00
HUN,Huntsman Corp.,0.002,2,$10.62,0.16,$8.46,$7.08,19.49,$15.93
TD,Toronto-Dominion Bank,0.002,2,$121.55,0.13,$113.83,$76.20,49.38,$125.47
CECO,CECO Environmental Corp.,0.002,2,$90.74,0.11,$65.01,$42.82,51.82,$101.24
PLXS,Plexus Corp.,0.002,2,$300.67,0.11,$261.73,$132.03,98.24,$307.06
RF,Regions Financial Corp.,0.002,2,$30.20,0.16,$27.01,$21.82,23.79,$32.14
ERO,Ero Copper Corp,0.002,2,$26.74,0.19,$35.50,$19.09,85.96,$40.83
IBN,ICICI Bank Ltd.,0.002,2,$29.03,0.14,$27.94,$24.87,12.34,$32.75
HONA,Honeywell Aerospace Inc,0.002,2,$221.08,0.20,$153.83,$149.19,3.11,$266.62
FIX,Comfort Systems USA Inc.,0.002,2,$1981.92,0.20,$1700.00,$768.90,121.10,$2072.10
LPG,Dorian LPG Ltd,0.002,2,$34.79,0.11,$58.22,$22.18,162.49,$59.97
IWN,Ishares Russell 2000 Value E,0.002,2,$221.16,0.17,$210.90,$166.05,27.01,$226.94
NUVB,Nuvation Bio Inc.,0.002,2,$5.68,0.13,$4.84,$3.36,44.05,$9.75
MANH,Manhattan Associates,0.002,2,$139.25,0.18,$205.99,$119.06,73.01,$227.03
VALE,Vale SA,0.002,2,$15.04,0.19,$13.45,$10.07,33.57,$17.45
MX,MagnaChip Semiconductor Corp.,0.002,2,$4.73,0.19,$3.12,$2.18,43.12,$9.86
VREX,Varex Imaging Corp.,0.002,2,$10.43,0.13,$18.47,$9.09,103.19,$18.63
MTDR,Matador Resources Co.,0.002,2,$49.79,0.14,$54.55,$35.98,51.61,$65.88
BULL,Webull Corp,0.002,1,,0.18,$5.83,$4.50,29.56,$13.25
HXL,Hexcel Corp.,0.002,1,,0.14,$84.87,$60.32,40.70,$111.54
GT,Goodyear Tire & Rubber,0.002,1,,0.13,$4.78,$4.61,3.69,$10.62
MOAT,Vaneck Morningstar Wide Moat,0.002,1,,0.14,$108.34,$94.07,15.17,$115.58
WB,Weibo Corp.,0.002,1,,0.18,$6.44,$6.27,2.71,$11.93
NSSC,Napco Security Technologies Inc.,0.002,1,,0.17,$35.21,$33.75,4.33,$51.52
HR,Healthcare Realty Trust Inc.,0.002,1,,0.13,$17.18,$15.71,9.36,$21.77
IVVD,Invivyd Inc.,0.002,1,,0.15,$0.71,$0.53,33.96,$3.07
EVTC,EVERTEC Inc.,0.002,1,,0.19,$29.35,$21.73,35.07,$34.41
DOCN,DigitalOcean Holdings Inc.,0.002,1,,0.14,$123.02,$37.09,231.68,$187.50
XLE,Energy Select Sector SPDR,0.002,1,,0.15,$65.45,$41.18,58.94,$65.78
LILA,Liberty LiLAC Group A,0.002,1,,0.17,$8.71,$4.73,84.14,$9.03
GDXJ,Vaneck Junior Gold Miners,0.002,1,,0.20,$110.56,$85.38,29.49,$157.49
VSS,Vanguard FTSE All Wo X Us Sc,0.002,1,,0.14,$153.38,$132.47,15.78,$162.15
RERE,AiHuiShou International Co. Ltd. ADS,0.002,1,,0.16,$3.70,$3.50,5.71,$6.32
WU,Western Union Co.,0.002,1,,0.16,$6.29,$5.87,7.16,$9.44
BNTX,Biontech Se ADR,0.002,1,,0.18,$92.18,$79.52,15.92,$124.00
FSM,Fortuna Mining Corp.,0.002,1,,0.19,$10.59,$7.69,37.71,$13.85
WSFS,WSFS Financial Corp.,0.002,1,,0.20,$75.33,$49.37,52.58,$82.74
SEDG,SolarEdge Technologies Inc.,0.002,1,,0.18,$32.44,$28.21,14.99,$81.25
NTNX,Nutanix Inc.,0.002,1,,0.20,$73.12,$34.01,115.00,$74.42
HTLD,Heartland Express,0.002,1,,0.16,$11.32,$6.94,63.11,$16.58
CLFD,Clearfield Inc.,0.002,1,,0.14,$33.36,$23.76,40.40,$52.73
MSM,MSC Industrial Direct,0.002,1,,0.13,$129.56,$76.68,68.96,$132.33
ADNT,Adient plc,0.002,1,,0.20,$17.59,$16.51,6.54,$27.32
BRKR,Bruker Corp.,0.002,1,,0.15,$58.05,$32.26,79.94,$66.98
AMTM,Amentum Holdings Inc.,0.002,1,,0.17,$18.79,$17.72,6.04,$38.11
WGO,Winnebago Industries Inc.,0.002,1,,0.16,$24.46,$24.14,1.33,$48.44
GENI,Genius Sports Ltd,0.002,1,,0.16,$6.50,$3.83,69.71,$12.39
PSLV,Sprott Physical Silver Trust,0.002,1,,0.15,$19.40,$15.06,28.82,$38.13
HTZ,Hertz Global Hldgs Inc.,0.002,1,,0.17,$1.98,$1.45,36.55,$8.18
KOP,Koppers Holdings Inc.,0.002,1,,0.14,$44.56,$24.77,79.90,$52.90
SHOE,Shoe Carnival Inc.,0.002,1,,0.13,$12.90,$10.06,28.23,$20.86
MMI,Marcus & Millichap Inc.,0.002,1,,0.20,$28.63,$24.00,19.29,$33.28
PFG,Principal Financial Group,0.002,1,,0.13,$109.98,$75.30,46.06,$121.18
ORIC,ORIC Pharmaceuticals Inc.,0.002,1,,0.16,$11.93,$7.23,65.01,$14.68
MORN,Morningstar Inc.,0.002,1,,0.15,$204.93,$140.69,45.66,$226.47
NOG,Northern Oil and Gas Inc.,0.002,1,,0.16,$25.03,$16.85,48.55,$29.41
SLV,iShares Silver Trust,0.002,1,,0.19,$53.38,$41.70,28.01,$109.83
SABR,Sabre Corp.,0.002,1,,0.14,$1.92,$0.81,137.04,$2.50
LAB,Standard Biotools Inc,0.002,1,,0.14,$0.66,$0.63,4.76,$1.72
BUDFF,Anheuser Busch Inbev SA NV,0.002,1,,0.16,$74.84,$58.11,28.79,$86.78
MBUU,Malibu Boats Inc.,0.002,1,,0.14,$21.97,$21.83,0.64,$34.97
TRP,TC Energy,0.002,1,,0.17,$59.97,$47.30,26.79,$70.15
SPRY,Ars Pharmaceuticals Inc,0.002,1,,0.18,$4.58,$3.99,14.79,$13.15
SCSC,ScanSource Inc.,0.002,1,,0.17,$59.32,$33.76,75.71,$66.78
RCI,Rogers Communications Inc.,0.002,1,,0.18,$30.90,$30.02,2.93,$39.99
TRMLF,Tourmaline Oil Corp,0.002,1,,0.18,$43.80,$40.04,9.39,$50.39
IDCC,InterDigital Inc.,0.002,1,,0.13,$328.15,$248.51,32.05,$409.73
CNP,CenterPoint Energy,0.002,1,,0.20,$38.54,$36.37,5.97,$44.99
FNDF,Schwab Fndmn Intl Lrg Co ETF,0.002,1,,0.15,$53.33,$40.86,30.52,$56.48
EMBC,Embecta Corp,0.002,1,,0.17,$5.84,$2.76,111.59,$14.43
DMRA,Damora Therapeutics Inc.,0.002,1,,0.17,$20.75,$4.95,319.19,$38.33
NOK,Nokia Corp.,0.002,1,,0.20,$10.06,$4.99,101.60,$17.36
BTE,Baytex Energy Corp.,0.002,1,,0.14,$4.76,$2.15,121.40,$5.32
ZIM,Zim Integrated Shipping Serv,0.002,1,,0.20,$30.18,$11.75,156.85,$30.96
AEG,Aegon Ltd,0.002,1,,0.20,$8.29,$6.39,29.73,$9.36
VT,Vanguard Tot World Stk ETF,0.001,4,$156.95,0.07,$158.60,$132.28,19.90,$162.29
HRI,HERC Holdings Inc.,0.001,3,$143.35,0.04,$124.80,$87.56,42.53,$185.59
CAH,Cardinal Health Inc.,0.001,3,$237.56,0.09,$241.96,$150.45,60.82,$257.70
XLK,Technology Select Sect SPDR,0.001,3,$190.45,0.04,$197.25,$126.38,56.08,$203.25
APA,APA Corp.,0.001,3,$32.57,0.06,$45.83,$21.13,116.90,$47.44
CW,Curtiss-Wright Corp.,0.001,3,$758.31,0.05,$507.96,$502.31,1.12,$807.77
QQQ,Invesco Qqq Trust Series 1,0.001,3,$736.46,0.09,$746.25,$554.41,34.60,$762.86
OTIS,Otis Worldwide Corp.,0.001,3,$71.61,0.07,$66.25,$63.58,4.20,$93.43
VECO,Veeco Instruments,0.001,3,$75.80,0.06,$51.68,$26.00,98.77,$86.63
MPC,Marathon Petroleum Corp.,0.001,3,$255.59,0.08,$467.08,$160.07,191.80,$467.08
JBTM,JBT Marel Corp.,0.001,3,$144.99,0.09,$105.38,$103.70,1.62,$169.81
AEIS,Advanced Energy Industries,0.001,3,$372.88,0.06,$285.21,$169.11,68.65,$397.18
SIMO,Silicon Motion Technol ADR,0.001,2,$333.35,0.07,$260.24,$79.13,228.88,$354.28
UCTT,Ultra Clean Holdings Inc.,0.001,2,$142.59,0.08,$67.38,$21.49,213.54,$144.22
VPG,Vishay Precision Group,0.001,2,$149.92,0.04,$72.32,$29.08,148.69,$151.78
RXO,Rxo Inc,0.001,2,$27.60,0.06,$28.95,$10.43,177.56,$29.90
CM,Can Imperial Bk Of Commerce,0.001,2,$115.10,0.10,$108.41,$76.98,40.83,$124.03
SITM,SiTime Corp.,0.001,2,$745.53,0.04,$635.20,$243.68,160.67,$901.81
HOFT,Hooker Furniture Corp.,0.001,2,$17.83,0.08,$12.68,$8.31,52.59,$17.94
WBS-OLD,Webster Financial Corp.,0.001,2,$76.34,0.05,$77.78,$51.49,51.06,$79.40
LASR,nLight Inc.,0.001,2,$69.62,0.08,$38.32,$28.05,36.61,$86.95
DLO,DLocal Ltd,0.001,2,$13.00,0.05,$14.99,$10.46,43.31,$16.50
GLBAV-OLD,GCI Liberty Inc. Series A,0.001,2,$21.90,0.08,,,,
TALO,Talos Energy Inc.,0.001,2,$12.91,0.05,$17.00,$8.97,89.52,$18.73
LTH,Life Time Group Holdings Inc,0.001,2,$40.84,0.06,$40.28,$24.14,66.86,$47.24
LEVI,Levi Strauss & Co.,0.001,2,$24.83,0.08,$18.98,$17.50,8.46,$25.70
RKLB,Rocket Lab Corp.,0.001,2,$101.58,0.07,$68.28,$37.57,81.74,$151.00
JOYY,JOYY Inc.,0.001,2,$65.99,0.08,$80.97,$50.37,60.75,$81.70
ZGN,Ermenegildo Zegna Nv,0.001,2,$13.02,0.04,$12.55,$8.55,46.78,$15.95
ONTO,Onto Innovation Inc.,0.001,2,$378.43,0.05,$290.36,$118.97,144.06,$386.46
BTG,B2Gold Corp.,0.001,2,$3.75,0.06,$5.11,$3.56,43.54,$6.21
GHM,Graham Corp.,0.001,2,$123.78,0.04,$81.66,$52.57,55.34,$125.82
WMG,Warner Music Group Corp. CL A,0.001,2,$27.07,0.06,$28.91,$23.04,25.48,$34.97
VICR,Vicor Corp.,0.001,2,$379.84,0.05,$260.19,$48.53,436.14,$382.65
DPZ,Dominos Pizza Inc.,0.001,2,$295.99,0.08,$307.72,$280.27,9.79,$434.73
FTK,Flotek Industries Inc.,0.001,2,$23.52,0.04,$27.27,$13.19,106.75,$39.67
CLS,Celestica Inc,0.001,2,$364.81,0.08,$351.23,$238.23,47.43,$474.03
ROST,Ross Stores Inc.,0.001,2,$212.84,0.09,$226.90,$146.28,55.11,$256.50
MAMA,Mama's Creations Inc,0.001,2,$17.85,0.04,$13.27,$9.90,34.04,$21.00
BWA,BorgWarner Inc.,0.001,2,$66.40,0.04,$61.86,$40.02,54.57,$78.61
JHX,James Hardie Industries PLC,0.001,2,$26.18,0.06,$25.04,$16.46,52.13,$31.43
BKH,Black Hills,0.001,2,$74.40,0.07,$76.47,$57.66,32.62,$77.98
EQIX,Equinix Inc.,0.001,2,$1042.41,0.09,$1007.10,$709.79,41.89,$1118.65
MRVI,Maravai LifeSciences Holdings Inc.,0.001,2,$6.24,0.07,$7.11,$2.55,178.82,$9.42
ASTE,Astec Industries,0.001,2,$61.20,0.03,$38.93,$38.34,1.54,$65.33
FFIV,F5 Networks,0.001,2,$415.93,0.08,$462.80,$223.76,106.83,$472.25
ATRO,Astronics Corp.,0.001,2,$81.26,0.03,$64.51,$41.50,55.45,$99.89
FTI,TechnipFMC plc,0.001,2,$66.26,0.05,$69.66,$35.18,98.01,$80.70
AMN,AMN Healthcare Services,0.001,2,$32.36,0.09,$35.54,$14.97,137.41,$38.44
HL,Hecla Mining Co.,0.001,2,$15.41,0.06,$16.62,$11.80,40.85,$34.15
SHG,Shinhan Financial Group Company,0.001,2,$63.25,0.12,$75.46,$45.61,65.45,$85.57
PLTR,Palantir Technologies Inc.,0.001,2,$116.72,0.04,$197.62,$106.37,85.79,$207.52
RDNT,RadNet Inc.,0.001,2,$61.67,0.08,$67.60,$50.82,33.02,$85.84
DOV,Dover Corp.,0.001,2,$224.29,0.05,$189.57,$157.36,20.47,$235.79
MTRN,Materion Corp.,0.001,1,,0.06,$276.38,$109.25,152.98,$324.99
H,Hyatt Hotels Corp.,0.001,1,,0.08,$159.45,$133.71,19.25,$206.69
HVT,Haverty Furniture,0.001,1,,0.12,$27.49,$18.81,46.15,$29.47
ASGN,ASGN Inc.,0.001,1,,0.12,,,,
EHC,Encompass Health Corp.,0.001,1,,0.10,$123.55,$92.25,33.93,$127.28
BWLP,Bw Lpg Ltd,0.001,1,,0.09,$26.09,$10.17,156.54,$26.47
TWST,Twist Bioscience Corp.,0.001,1,,0.05,$149.15,$23.30,540.13,$219.71
COHU,Cohu Inc.,0.001,1,,0.07,$67.76,$18.67,262.94,$75.72
HII,Huntington Ingalls Industries,0.001,1,,0.06,$264.45,$256.79,2.98,$455.90
BELFB,Bel Fuse Inc. CL B,0.001,1,,0.09,$242.92,$129.82,87.12,$335.20
FROG,JFrog Ltd,0.001,1,,0.07,$98.05,$34.05,187.96,$105.76
EAF,GrafTech International Ltd.,0.001,1,,0.08,$8.74,$4.92,77.64,$20.32
MINN,Mairs & Power Mn Muni Bond,0.001,1,,0.10,$20.55,$20.52,0.15,$22.78
IEUR,iShares Core MSCI Europe ETF,0.001,1,,0.08,$72.57,$64.33,12.81,$78.90
HELE,Helen of Troy Ltd.,0.001,1,,0.06,$26.81,$13.85,93.57,$31.10
FINV,Finvolution Group ADR,0.001,1,,0.12,$3.12,$2.89,7.96,$6.91
SEI,Solaris Energy Infrastructure Inc.,0.001,1,,0.06,$72.14,$38.18,88.95,$86.02
PATK,Patrick Industries Inc.,0.001,1,,0.08,$64.53,$63.99,0.84,$146.40
ADMA,ADMA Biologics Inc.,0.001,1,,0.10,$10.41,$7.21,44.38,$20.46
URA,Global X Uranium ETF,0.001,1,,0.05,$38.25,$37.18,2.88,$62.28
VRM,Vroom Inc,0.001,1,,0.11,$8.80,$6.80,29.41,$27.75
EWT,Ishares Msci Taiwan ETF,0.001,1,,0.05,$113.12,$58.01,95.00,$118.47
NSP,Insperity Inc.,0.001,1,,0.06,$49.73,$18.03,175.82,$55.25
DCO,Ducommun Inc.,0.001,1,,0.05,$168.95,$84.76,99.33,$210.39
PEYUF,Peyto Exploration & Development Corp.,0.001,1,,0.08,$16.69,$12.59,32.57,$20.58
PLAY,Dave & Buster's Ent. Inc.,0.001,1,,0.08,$7.01,$6.26,11.98,$22.10
HTZWW,Hertz Global Hldgs Inc. WTS,0.001,1,,0.09,$0.92,$0.70,31.43,$3.89
EWJ,iShares MSCI Japan ETF,0.001,1,,0.05,$97.18,$74.98,29.61,$99.98
XOP,SPDR S&P Oil & Gas Exploration & Production ETF,0.001,1,,0.09,$193.68,$119.67,61.85,$200.09
ABCB,Ameris Bancorp,0.001,1,,0.05,$79.57,$68.12,16.81,$92.99
BATL,Battalion Oil Corp.,0.001,1,,0.10,$1.04,$1.00,4.00,$29.70
VYMI,Vanguard Int High Dvd Yld In,0.001,1,,0.08,$100.04,$79.72,25.49,$106.45
TBI,TrueBlue Inc.,0.001,1,,0.06,$9.10,$3.18,186.16,$11.03
CIFR,Cipher Mining Inc,0.001,1,,0.09,$13.44,$11.72,14.68,$30.14
PDLB,Ponce Financial Group Inc.,0.001,1,,0.05,$20.21,$13.91,45.29,$21.10
ESGD,Ishares Trust Ishares Esg Aw,0.001,1,,0.05,$101.72,$87.40,16.38,$108.00
WWD,Woodward Inc.,0.001,1,,0.05,$323.49,$243.79,32.69,$450.52
CCJ,Cameco Corp.,0.001,1,,0.06,$86.45,$77.55,11.48,$135.24
POWL,Powell Industries,0.001,1,,0.07,$191.01,$92.47,106.56,$327.74
ABVX,Abivax SA ADR,0.001,1,,0.05,$87.95,$69.81,25.98,$148.83
LINC,Lincoln Educational Services Corp.,0.001,1,,0.05,$23.22,$17.29,34.30,$56.34
SPSM,Ss SPDR P S&P 600 Small Cap,0.001,1,,0.08,$53.32,$42.96,24.12,$58.36
BTAIQ,Bioxcel Therapeutics Inc,0.001,1,,0.05,$0.05,$0.02,150.00,$1.21
CDLX,Cardlytics Inc.,0.001,1,,0.11,$2.06,$1.88,9.57,$23.50
ENOV,Enovis Corp.,0.001,1,,0.05,$17.02,$16.89,0.77,$34.28
UVV,Universal Corp.,0.001,1,,0.06,$43.17,$41.10,5.04,$57.51
KEY,KeyCorp,0.001,1,,0.11,$20.03,$15.82,26.61,$23.84
IESC,IES Holdings Inc.,0.001,1,,0.05,$301.16,$170.07,77.08,$408.26
LYG,Lloyds TSB Grp Plc ADR,0.001,1,,0.07,$5.39,$4.26,26.53,$6.25
REAL,RealReal Inc.,0.001,1,,0.05,$9.57,$8.05,18.88,$17.39
MYE,Myers Indus,0.001,1,,0.08,$30.60,$15.18,101.58,$37.29
LW,Lamb Weston Hldgs Inc.,0.001,1,,0.12,$49.73,$37.02,34.33,$65.06
GBCI,Glacier Bancorp,0.001,1,,0.05,$42.79,$38.75,10.43,$54.14
CBOE,CBOE Holdings Inc.,0.001,1,,0.08,$297.30,$226.52,31.25,$369.38
OBT,Orange County Bancorp Inc,0.001,1,,0.05,$37.37,$22.74,64.34,$39.91
CEF,Sprott Physical Gold And Sil,0.001,1,,0.05,$40.83,$36.16,12.91,$61.38
SVC,Service Properties Trust,0.001,1,,0.09,$6.20,$5.58,11.11,$12.38
ALT,Altimmune Inc.,0.001,1,,0.06,$2.59,$2.56,1.17,$6.44
INFQ,Infleqtion Inc,0.001,1,,0.08,$11.10,$8.52,30.28,$21.28
BRX,Brixmor Property Group Inc.,0.001,1,,0.06,$27.09,$23.60,14.79,$32.49
KSA,Ishrs Msci Saudi Arabia ETF,0.001,1,,0.07,$36.07,$35.27,2.27,$40.22
WRLC,Windrock Ltd Co,0.001,1,,0.07,,,,
SDY,SPDR S&P Dividend ETF,0.001,1,,0.05,$149.31,$131.84,13.25,$159.32
SPG,Simon Property Group Inc.,0.001,1,,0.05,$199.77,$164.57,21.39,$235.97
AMPX,Amprius Technologies Inc,0.001,1,,0.06,$9.25,$7.71,19.97,$24.23
DNA,Ginkgo Bioworks Holdings Inc.,0.001,1,,0.10,$11.25,$5.37,109.50,$18.22
STGW,Stagwell Inc.,0.001,1,,0.11,$8.72,$4.29,103.26,$9.55
RYCEY,Rolls Royce Holdings Sp ADR,0.001,1,,0.07,$18.77,$13.14,42.85,$21.22
MGPI,MGP Ingredients Inc.,0.001,1,,0.11,$13.93,$12.42,12.16,$26.12
TSCO,Tractor Supply,0.001,1,,0.07,$33.53,$28.17,19.03,$56.84
HUBG,Hub Group 'A',0.001,1,,0.05,$26.62,$26.22,1.53,$52.71
QCRH,QCR Holdings Inc.,0.001,1,,0.08,$98.21,$66.35,48.02,$107.95
DOCS,Doximity Inc.,0.001,1,,0.10,$29.26,$17.15,70.61,$73.92
DIA,SPDR Djia Trust,0.001,1,,0.05,$511.19,$447.25,14.30,$545.04
BHE,Benchmark Electronics,0.001,1,,0.06,$81.04,$35.52,128.15,$100.21
ARTV,Artiva Biotherapeutics Inc,0.001,1,,0.07,$6.87,$2.71,153.51,$14.53
CDP,Copt Defense Properties,0.001,1,,0.05,$33.49,$26.01,28.76,$38.54
INFY,Infosys Ltd.,0.001,1,,0.06,$10.60,$10.21,3.82,$29.35
FPAG,Fpa Global Equity ETF New,0.001,1,,0.07,$40.67,$34.27,18.68,$43.47
LDOS,Leidos Holdings,0.001,1,,0.07,$119.08,$98.54,20.84,$203.41
GWW,W.W. Grainger Inc.,0.001,1,,0.09,$1280.26,$901.22,42.06,$1417.14
SPYX,SPDR S&P 500 Fossil Fuel Res,0.001,1,,0.07,$63.29,$51.06,23.95,$64.05
MOD,Modine Mfg.,0.001,1,,0.07,$180.02,$102.91,74.93,$299.21
CIB,Grupo Cibest SA ADR,0.001,1,,0.12,$94.26,$49.31,91.16,$103.97
NPO,EnPro Industries,0.001,1,,0.06,$308.24,$201.04,53.32,$389.99
PHIN,PHINIA Inc.,0.001,1,,0.09,$58.38,$49.91,16.97,$86.55
SCHB,Schwab Us Broad Market ETF,0.001,1,,0.07,$29.69,$24.15,22.94,$30.07
RRC,Range Resources Corp.,0.001,1,,0.05,$40.69,$32.44,25.43,$48.07
USNA,USANA Health Sciences,0.001,1,,0.08,$14.62,$12.57,16.31,$26.76
UVSP,Univest Financial Corp.,0.001,1,,0.11,$41.34,$27.34,51.21,$45.22
SONY,Sony Group Corp.,0.001,1,,0.05,$23.92,$19.32,23.81,$30.22
CUZ,Cousins Properties,0.001,1,,0.07,$27.73,$20.28,36.74,$32.57
TRVI,Trevi Therapeutics Inc.,0.001,1,,0.08,$12.90,$9.28,39.01,$20.22
ALRS,Alerus Financial Corp.,0.001,1,,0.06,$31.95,$19.66,62.51,$34.17
IMVT,Immunovant Inc.,0.001,1,,0.09,$30.70,$16.04,91.40,$45.42
FRVO,Fervo Energy Co A,0.001,1,,0.06,$13.87,$13.10,5.88,$42.65
ALGT,Allegiant Travel Company,0.001,1,,0.05,$74.90,$57.11,31.15,$123.63
RCKT,Rocket Pharmaceuticals Inc.,0.001,1,,0.12,$2.65,$2.42,9.50,$5.45
VONG,Vanguard Russell 1000 Growth,0.001,1,,0.12,$130.57,$104.98,24.38,$133.63
DRH,DiamondRock Hospitality Co.,0.001,1,,0.10,$12.60,$7.19,75.24,$13.67
GCO,Genesco Inc.,0.001,1,,0.11,$36.73,$21.93,67.49,$43.60
AMBA,Ambarella Inc.,0.001,1,,0.10,$62.71,$48.30,29.83,$96.69
VGK,Vanguard FTSE Europe ETF,0.001,1,,0.06,$85.42,$75.56,13.05,$93.06
TPC,Tutor Perini Corp.,0.001,1,,0.05,$84.13,$57.70,45.81,$102.20
NNBR,NN Inc.,0.001,1,,0.05,$3.99,$1.10,262.73,$4.79
PSA,Public Storage,0.001,1,,0.05,$285.79,$249.06,14.75,$332.14
ENB,Enbridge Inc.,0.001,1,,0.07,$46.72,$43.08,8.45,$57.65
YOU,Clear Secure Inc.,0.001,1,,0.06,$43.02,$28.93,48.70,$68.83
EEM,Ishares Msci Emerging Market,0.001,1,,0.06,$65.96,$50.83,29.77,$71.57
KNF,Knife River Corp.,0.001,1,,0.10,$51.22,$49.16,4.19,$96.28
QNT,Quantinuum Inc A,0.001,1,,0.07,$41.49,$41.49,0.00,$86.79
VSH,Vishay Intertechnology,0.001,1,,0.07,$34.45,$11.56,198.01,$69.25
CRCL,Circle Internet Group Inc,0.001,1,,0.07,$80.38,$49.90,61.08,$159.47
RFL,Rafael Holdings Inc.,0.001,1,,0.08,$1.47,$1.12,31.25,$3.96
M,Macy's Inc.,0.001,1,,0.06,$22.84,$15.85,44.10,$26.36
AEHR,Aehr Test Systems,0.001,1,,0.05,$86.79,$18.70,364.12,$147.40
DOC,Healthpeak Properties Inc.,0.001,1,,0.06,$18.53,$14.97,23.78,$22.72
UNFI,United Natural Foods,0.001,1,,0.05,$44.01,$30.91,42.38,$57.02
FPAS,Fpa Short Duration Govt ETF,0.001,1,,0.05,$23.90,$23.69,0.89,$24.91
BZH,Beazer Homes USA,0.001,1,,0.12,$33.43,$17.83,87.49,$34.54
WTFC,Wintrust Financial Corp.,0.001,1,,0.09,$144.42,$117.89,22.50,$166.65
HNGE,Hinge Health Inc A,0.001,1,,0.06,$97.96,$30.08,225.66,$100.36
NG,NovaGold Resources,0.001,1,,0.07,$6.28,$5.08,23.62,$14.40
SANM,Sanmina Corp.,0.000,3,$253.04,0.01,$209.97,$118.10,77.79,$288.68
VB,Vanguard Small Cap ETF,0.000,3,$302.93,0.03,$287.47,$238.00,20.79,$308.60
OUT,Outfront Media Inc.,0.000,3,$32.76,0.02,$29.53,$16.24,81.83,$34.24
GIS,General Mills,0.000,3,$34.80,0.02,$32.48,$31.18,4.17,$47.95
KB,Kb Financial Group Inc ADR,0.000,3,$104.97,0.03,$121.96,$75.15,62.29,$133.29
CPA,Copa Holdings SA,0.000,3,$155.53,0.03,$133.66,$104.75,27.60,$158.35
FORM,FormFactor Inc.,0.000,3,$159.91,0.03,$136.90,$37.14,268.61,$160.27
SNDK,SanDisk Corp.,0.000,2,$2273.04,0.01,$1601.28,$116.17,1278.39,$2354.39
ACLS,Axcelis Technologies,0.000,2,$189.45,0.02,$133.27,$73.60,81.07,$193.78
CAMT,Camtek Ltd,0.000,2,$163.15,0.01,$149.55,$91.91,62.71,$215.99
CVLG,Covenant Transportation Group Inc. CL A,0.000,2,$44.18,0.03,$32.39,$17.83,81.66,$49.78
FTAI,FTAI Aviation Ltd.,0.000,2,,0.00,$172.10,$148.67,15.76,$321.70
AWK,American Water Works Inc.,0.000,2,$131.60,0.01,$128.63,$118.81,8.27,$142.37
PH,Parker-Hannifin,0.000,2,,0.00,$946.22,$709.46,33.37,$1097.73
WOLF,Wolfspeed Inc.,0.000,2,$48.27,0.02,$30.49,$13.49,126.02,$80.82
VV,Vanguard Large Cap ETF,0.000,2,$341.77,0.01,$356.47,$287.55,23.97,$360.68
MT,ArcelorMittal,0.000,2,$60.21,0.01,$61.39,$36.21,69.54,$79.68
MEC,Mayville Engineering Co. Inc.,0.000,2,$37.46,0.02,$15.22,$12.25,24.24,$38.76
AXGN,AxoGen Inc.,0.000,2,$46.19,0.03,$36.05,$15.27,136.08,$52.91
KAR,KAR Auction Services,0.000,2,$41.24,0.02,$30.88,$17.08,80.80,$30.98
SCHD,Schwab Us Dvd Equity ETF,0.000,2,$31.66,0.02,$33.13,$25.43,30.28,$35.03
VEU,Vanguard FTSE All World ex US ETF,0.000,2,$83.76,0.01,$82.09,$68.31,20.17,$86.32
LSCC,Lattice Semconductor,0.000,2,$152.94,0.01,$124.68,$60.50,106.08,$157.01
EGP,EastGroup Properties SBI,0.000,2,$202.54,0.04,$194.73,$160.68,21.19,$224.75
EXTR,Extreme Networks Inc.,0.000,2,$32.37,0.03,$24.35,$13.48,80.64,$33.73
IVE,Ishares S&P 500 Value ETF,0.000,2,,0.00,$232.11,$199.18,16.53,$238.98
VICI,VICI Properties Inc.,0.000,2,$26.55,0.02,$22.84,$22.43,1.83,$29.88
LITE,Lumentum Holdings Inc.,0.000,2,$858.53,0.01,$1040.94,$147.81,604.24,$1137.21
LOCO,El Pollo Loco Holdings Inc.,0.000,2,$16.96,0.03,$14.95,$8.99,66.30,$17.40
VGT,Vanguard Info Tech ETF,0.000,2,$120.00,0.02,$126.95,$82.90,53.14,$130.66
IWS,Ishares Russell Mid Cap Valu,0.000,2,,0.00,$163.89,$131.84,24.31,$172.90
MTSI,MACOM Technology Solutions Hldg,0.000,2,$380.48,0.01,$323.63,$121.97,165.34,$418.90
ESI,Element Solutions Inc.,0.000,2,$47.76,0.03,$36.57,$22.64,61.53,$49.14
CAKE,Cheesecake Factory,0.000,2,$79.54,0.02,$106.86,$42.54,151.20,$118.46
UTZ,Utz Brands Inc.,0.000,2,$7.70,0.02,$14.31,$6.69,113.90,$14.32
THC,Tenet Healthcare Corp.,0.000,2,,0.00,$262.40,$157.58,66.52,$283.05
DGII,Digi International,0.000,2,$74.95,0.03,$74.52,$34.41,116.56,$86.84
MOS,Mosaic Co.,0.000,2,$21.19,0.03,$19.79,$19.63,0.82,$34.72
ADTN,ADTRAN Holdings Inc.,0.000,2,$13.90,0.03,$7.45,$6.73,10.70,$19.98
CIEN,Ciena Corp.,0.000,2,$490.71,0.01,$425.49,$152.55,178.92,$637.51
BRC,Brady Corp.,0.000,2,$91.57,0.01,$84.57,$70.38,20.16,$99.25
AAOI,Applied Optoelectronics Inc,0.000,2,$148.11,0.02,$106.11,$18.50,473.57,$233.67
SKYT-OLD,Skywater Technology Inc,0.000,2,,0.00,$32.49,$8.49,282.69,$39.93
HZO,MarineMax Inc.,0.000,2,$36.62,0.02,$52.45,$21.42,144.86,$52.56
ACWX,iShares MSCI ACWI EX U.S. ETF,0.000,2,$76.11,0.02,$74.78,$62.22,20.19,$78.78
SMTC,Semtech Corp.,0.000,2,$161.84,0.02,$186.24,$60.28,208.96,$201.99
IJH,Ishares Core S&P Midcap ETF,0.000,2,$77.11,0.03,$73.05,$61.43,18.92,$78.47
IAU,iShares Gold Trust,0.000,2,,0.00,$77.57,$73.74,5.19,$104.40
STRW,Strawberry Fields Reit Inc,0.000,1,,0.01,$13.02,$10.58,23.06,$14.57
AVNW,Aviat Networks Inc.,0.000,1,,0.01,$20.55,$13.92,47.63,$27.02
STKL-OLD,SunOpta Inc.,0.000,1,,0.01,$6.50,$3.32,95.78,$6.94
TTAM,Titan America SA,0.000,1,,0.01,$13.15,$12.94,1.62,$19.51
CBT,Cabot Corp.,0.000,1,,0.03,$75.58,$56.94,32.74,$94.00
VCTR,Victory Capital Holdings,0.000,1,,0.02,$111.97,$55.62,101.31,$123.00
RNG,RingCentral Inc.,0.000,1,,0.01,$77.68,$24.01,223.53,$81.90
PBFS,Pioneer Bancorp Inc.,0.000,1,,0.04,$17.52,$12.64,38.61,$19.91
CNS,Cohen & Steers Inc.,0.000,1,,0.00,$70.97,$56.80,24.95,$86.56
TAK,Takeda Pharmaceutical Co. Ltd,0.000,1,,0.00,$18.49,$12.77,44.79,$19.10
METCB,Ramaco Resources Inc B,0.000,1,,0.01,$4.59,$4.19,9.55,$20.70
REG,Regency Centers Corp.,0.000,1,,0.04,$71.50,$64.44,10.96,$82.82
FBLA,Fb Bancorp Inc,0.000,1,,0.01,$17.25,$11.66,47.94,$17.36
WYFI,Whitefiber Inc,0.000,1,,0.01,$15.63,$10.51,48.72,$46.87
OTEX,Open Text Corp.,0.000,1,,0.01,$23.07,$19.54,18.07,$38.26
STM,Stmicroelectronics Nv Ny Shs,0.000,1,,0.01,$52.71,$20.92,151.96,$81.19
XCEM,Columbia Em Core Ex China,0.000,1,,0.01,$50.99,$34.83,46.40,$55.43
BLZE,Backblaze Inc A,0.000,1,,0.00,$13.05,$3.26,300.31,$23.99
PARR,Par Pacific Holdings,0.000,1,,0.02,$87.78,$33.21,164.32,$89.45
ETN,Eaton Corp.,0.000,1,,0.03,$424.35,$309.33,37.18,$478.00
FLUT,Flutter Entertainment Plc,0.000,1,,0.03,$80.62,$73.50,9.69,$255.26
DNTH,Dianthus Therapeutics Inc,0.000,1,,0.01,$82.81,$32.22,157.01,$117.88
DOUG,Douglas Elliman Inc,0.000,1,,0.00,$1.56,$1.47,6.12,$3.03
AFYA,Afya Ltd,0.000,1,,0.00,$13.86,$11.62,19.28,$16.16
GKOS,Glaukos Corp.,0.000,1,,0.01,$160.14,$73.16,118.89,$191.62
EVER,EverQuote Inc. CL A,0.000,1,,0.01,$20.40,$13.88,46.97,$28.73
HLLY,Holley Inc,0.000,1,,0.00,$2.43,$2.25,8.00,$4.48
J,Jacobs Solutions Inc.,0.000,1,,0.01,$138.78,$105.09,32.06,$166.66
EPC,Edgewell Personal Care Co.,0.000,1,,0.03,$27.76,$15.53,78.75,$29.79
UTI,Universal Technical Institute,0.000,1,,0.04,$20.22,$18.02,12.21,$51.34
ITRI,Itron Inc.,0.000,1,,0.02,$84.16,$77.77,8.22,$142.00
EROC,Erock Inc A,0.000,1,,0.03,$12.17,$8.88,37.05,$20.70
NPKI,NPK International Inc.,0.000,1,,0.02,$11.49,$10.73,7.08,$16.50
SLP-OLD,Simulations Plus Inc.,0.000,1,,0.03,$18.50,$11.09,66.82,$21.01
UMH,UMH Properties Inc.,0.000,1,,0.02,$15.06,$13.17,14.35,$16.77
AMBQ,Ambiq Micro Inc,0.000,1,,0.04,$58.79,$22.12,165.78,$91.61
LRN,Stride Inc.,0.000,1,,0.02,$81.21,$60.61,33.99,$155.06
STNG,Scorpio Tankers Inc.,0.000,1,,0.03,$88.16,$48.08,83.36,$90.06
AVBH,Avidbank Holdings Inc,0.000,1,,0.02,$31.52,$24.03,31.17,$34.18
TWI,Titan International Inc.,0.000,1,,0.01,$6.81,$6.37,6.91,$11.70
CDRE,Cadre Holdings Inc,0.000,1,,0.01,$24.73,$24.42,1.27,$48.44
BG,Bunge Global SA,0.000,1,,0.04,$108.13,$77.14,40.17,$134.02
HOMB,Home Bancshares Inc.,0.000,1,,0.02,$28.50,$25.28,12.74,$31.54
DVDCF,Davide Campari-Milano S.p.A.,0.000,1,,0.01,$6.88,$6.07,13.34,$7.78
PACK,Ranpak Holdings Corp. CL A,0.000,1,,0.01,$3.87,$3.22,20.19,$7.81
REXR,Rexford Industrial Realty Inc.,0.000,1,,0.03,$37.23,$31.11,19.67,$42.27
FULT,Fulton Financial Corp.,0.000,1,,0.01,$22.27,$16.02,39.01,$25.02
RTLLF,Rational Ag,0.000,1,,0.02,$650.00,$650.00,0.00,$859.22
SLF,Sun Life Financial Inc.,0.000,1,,0.00,$76.66,$55.24,38.78,$83.65
NTAP,NetApp Inc.,0.000,1,,0.01,$230.43,$92.93,147.96,$238.08
COUR,Coursera Inc,0.000,1,,0.01,$5.26,$4.53,16.11,$10.77
CATH,Global X S&P 500 Catholic Values ETF,0.000,1,,0.01,$91.88,$75.37,21.91,$93.05
XGN,Exagen Inc.,0.000,1,,0.00,$8.03,$2.59,210.04,$12.23
BBY,Best Buy Co. Inc.,0.000,1,,0.00,$89.08,$53.81,65.55,$96.53
FVR,Frontview Reit Inc,0.000,1,,0.02,$16.72,$12.23,36.71,$22.01
ESS,Essex Property Trust,0.000,1,,0.04,$269.43,$231.64,16.31,$300.48
ARM,Arvinmeritor Inc.,0.000,1,,0.01,$273.28,$100.02,173.23,$452.70
TRS,TriMas Corp.,0.000,1,,0.02,$38.50,$30.34,26.90,$45.38
JOUT,Johnson Outdoors Inc.,0.000,1,,0.01,$44.14,$34.91,26.44,$53.16
AIRJ,Airjoule Technologies Corp,0.000,1,,0.01,$3.67,$2.22,65.32,$6.75
COPX,Global X Copper Miners ETF,0.000,1,,0.00,$81.83,$55.44,47.60,$99.65
MATV,Mativ Holdings Inc.,0.000,1,,0.00,$11.90,$7.01,69.76,$15.02
PRGO,Perrigo Co.,0.000,1,,0.04,$14.29,$8.81,62.20,$20.12
XLF,Financial Select Sector SPDR,0.000,1,,0.00,$54.28,$47.34,14.66,$58.39
AMRC,Ameresco Inc. CL A,0.000,1,,0.03,$20.98,$18.38,14.15,$44.93
SYNA,Synaptics Inc.,0.000,1,,0.02,$118.94,$58.28,104.08,$149.11
SBCF,Seacoast Banking Corp. of Florida,0.000,1,,0.04,$31.89,$27.91,14.26,$36.07
VNQ,Vanguard Real Estate ETF,0.000,1,,0.00,$89.38,$84.66,5.58,$100.93
TEO,Telecom Argentina S.A.,0.000,1,,0.04,$12.83,$6.90,85.94,$16.34
TITN,Titan Machinery Inc.,0.000,1,,0.03,$23.92,$13.21,81.07,$26.90
CAE,CAE Inc.,0.000,1,,0.04,$23.15,$22.76,1.71,$34.24
DLG.MI,De'Longhi SPA,0.000,1,,0.02,,,,
SSPPF,Ssp Group Plc,0.000,1,,0.02,$2.54,$1.67,52.10,$2.55
JJSF,J & J Snack Foods,0.000,1,,0.03,$81.25,$67.51,20.35,$95.74
BLLN,Billiontoone Inc Cl A,0.000,1,,0.02,$94.80,$61.96,53.00,$150.44
FMC,FMC Corp.,0.000,1,,0.04,$8.97,$8.33,7.68,$30.51
JOBY,Joby Aviation Inc.,0.000,1,,0.03,$5.74,$5.58,2.87,$18.77
BIRK,Birkenstock Holding Plc,0.000,1,,0.01,$33.15,$29.93,10.76,$50.73
GPRK,Geopark Ltd,0.000,1,,0.00,$11.42,$5.68,101.06,$13.13
ATAT,Atour Lifestyle Holdings ADR,0.000,1,,0.00,$31.75,$30.78,3.15,$42.49
GH,Guardant Health Inc.,0.000,1,,0.04,$164.70,$61.00,170.00,$191.05
EXEL,Exelixis Inc.,0.000,1,,0.00,$59.67,$33.76,76.75,$61.14
PIFYF,Pine Cliff Energy Ltd,0.000,1,,0.03,$0.38,$0.35,8.57,$0.65
SBGI,Sinclair Broadcast Group Inc.,0.000,1,,0.00,$13.22,$11.82,11.84,$16.69
UFCS,United Fire Group Inc.,0.000,1,,0.00,$56.29,$29.32,91.98,$56.74
BFLY,Butterfly Network Inc,0.000,1,,0.03,$7.91,$1.90,316.32,$10.21
JBHT,J.B. Hunt Transport Services Inc.,0.000,1,,0.00,$228.67,$135.35,68.95,$299.26
ASX,Ase Technology Holding ADR,0.000,1,,0.01,$44.94,$10.96,310.04,$47.93
TRN,Trinity Industries,0.000,1,,0.03,$25.33,$24.06,5.28,$38.31
KVHI,KVH Industries Inc.,0.000,1,,0.00,$6.66,$5.09,30.84,$13.00
FLYX.WS,Eg Acquisition Corp A WTS28,0.000,1,,0.00,,,,
AKTS,Aktis Oncology Inc,0.000,1,,0.02,$17.73,$14.72,20.45,$34.19
SIL,Global X Silver Miners ETF,0.000,1,,0.00,$84.49,$61.06,38.37,$119.08
OIS,Oil States International Inc.,0.000,1,,0.03,$8.21,$5.50,49.27,$14.50
MTRX,Matrix Service Co.,0.000,1,,0.02,$10.57,$9.38,12.69,$15.97
SMBK,SmartFinancial Inc.,0.000,1,,0.02,$50.33,$32.74,53.73,$54.14
XES,Ss SPDR S&P Og Eqp & Serv,0.000,1,,0.00,$110.32,$67.27,64.00,$134.69
TALK-OLD,Talkspace Inc.,0.000,1,,0.01,$5.25,$2.49,110.84,$5.25
VBR,Vanguard Small Cap Value ETF,0.000,1,,0.00,$234.03,$194.92,20.06,$250.75
TDUP,ThredUp Inc.,0.000,1,,0.00,$2.34,$2.09,11.96,$10.00
OOMA,Ooma Inc.,0.000,1,,0.00,$20.09,$9.79,105.21,$26.19
WILLF,Demant A s,0.000,1,,0.02,$47.66,$28.08,69.73,$49.25
SRRK,Scholar Rock Holding Corp.,0.000,1,,0.02,$42.44,$27.07,56.78,$61.76
RRBI,Red River Bancshares Inc,0.000,1,,0.02,$101.89,$60.98,67.09,$104.87
TFII,Tfi International Inc,0.000,1,,0.02,$115.08,$79.34,45.05,$166.50
WT,WisdomTree Investments,0.000,1,,0.02,$22.64,$10.64,112.78,$25.91
HSBC,HSBC Holdings plc,0.000,1,,0.01,$92.55,$61.80,49.76,$107.43
JBL,Jabil Inc.,0.000,1,,0.01,$298.81,$189.46,57.72,$428.84
NVMI,Nova Ltd,0.000,1,,0.01,$351.05,$266.43,31.76,$615.99
HYBB,Ishares Bb Rated Corp Bond,0.000,1,,0.00,$45.04,$44.05,2.25,$46.22
KOD,Kodiak Sciences Inc.,0.000,1,,0.01,$93.70,$10.94,756.49,$104.00
CCRN-OLD,Cross Country Healthcare,0.000,1,,0.02,$13.25,$7.43,78.33,$14.99
QQQM,Invesco Nasdaq 100 ETF,0.000,1,,0.02,$307.26,$228.24,34.62,$314.12
ASR,Grupo Aeroportuario Sure SA de CV,0.000,1,,0.00,$229.97,$226.34,1.60,$374.45
EIKN,Eikon Therapeutics Inc,0.000,1,,0.00,$7.59,$7.02,8.12,$17.40
PNR,Pentair plc,0.000,1,,0.04,$52.08,$51.18,1.76,$110.90
FIP,Ftai Infrastructure Inc,0.000,1,,0.02,$2.65,$2.59,2.32,$6.56
