Symbol,Stock,%▼,"Ownership
count",Hold Price*,Max %,"Current
Price","52 Week
Low","% Above
52 Week
Low","52 Week
High"
AMZN,Amazon.com Inc.,2.917,34,$238.34,32.21,$249.67,$196.00,27.38,$287.20
GOOG,Alphabet Inc. CL C,2.582,34,$353.33,23.39,$341.08,$236.07,44.48,$403.96
BRK.B,Berkshire Hathaway CL B,2.416,26,$500.39,33.89,$505.48,$464.01,8.94,$537.74
GOOGL,Alphabet Inc.,2.084,36,$357.37,24.55,$343.92,$235.23,46.21,$408.10
MSFT,Microsoft Corp.,1.779,37,$373.02,20.54,$516.17,$348.54,48.09,$549.20
BRK.A,Berkshire Hathaway CL A,1.758,17,$748851.77,42.42,$758505.68,$698000.00,8.67,$806102.81
V,Visa Inc.,1.713,30,$343.09,19.83,$367.38,$292.74,25.50,$385.57
META,Meta Platforms Inc.,1.580,31,$563.30,20.45,$751.66,$519.37,44.73,$779.82
CVNA,Carvana Co.,1.483,7,$65.82,78.85,$65.06,$54.46,19.46,$97.38
MA,Mastercard Inc.,1.419,22,$513.60,20.01,$567.65,$463.74,22.41,$601.23
AAPL,Apple Inc.,1.224,22,$289.36,41.05,$341.07,$242.76,40.50,$345.34
TSM,Taiwan Semiconductor S.A.,0.986,24,$477.55,10.55,$450.61,$264.08,70.63,$477.72
GE,GE Aerospace,0.968,10,$373.73,35.61,$327.09,$268.58,21.78,$388.84
MCO,Moody's Corp.,0.948,17,$452.92,19.14,$468.70,$399.61,17.29,$543.25
JOE,St. Joe Co.,0.932,1,,76.43,$65.30,$45.92,42.20,$73.02
TDG,TransDigm Group Inc.,0.751,6,$1332.04,27.51,$1116.20,$1071.25,4.20,$1463.03
BN,Brookfield Corp.,0.736,9,$42.59,16.29,$36.87,$36.23,1.77,$49.31
SPGI,S&P Global Inc.,0.730,15,$407.26,19.92,$403.30,$360.09,12.00,$521.12
ASML,ASML Holding NV,0.722,9,$1989.38,21.11,$1743.94,$929.27,87.67,$1997.36
NVDA,NVIDIA Corp.,0.720,18,$200.09,9.34,$225.07,$163.90,37.32,$236.00
IBKR,Interactive Brokers Group Inc.,0.706,6,$87.04,33.42,$89.24,$58.70,52.03,$98.66
IEP,Icahn Enterprises,0.658,1,,53.95,$6.96,$5.82,19.59,$7.44
FICO,Fair Isaac Corp.,0.581,8,$1194.78,25.77,$863.09,$848.64,1.70,$1998.01
HCC,Warrior Met Coal Inc.,0.580,3,$81.16,43.32,$89.51,$61.64,45.21,$111.42
LOAR,Loar Holdings Inc,0.575,1,,47.15,$65.04,$53.15,22.37,$83.43
MOH,Molina Healthcare Inc.,0.567,3,$193.75,43.49,$190.86,$121.06,57.66,$244.89
GPI,Group 1 Automotive,0.566,2,$291.17,46.41,$252.18,$246.21,2.42,$458.18
PDD,Pinduoduo Inc.,0.545,4,$76.28,22.17,$77.57,$71.94,7.83,$139.41
UBER,Uber Technologies Inc.,0.521,11,$72.16,12.72,$69.62,$65.41,6.44,$101.30
AMAT,Applied Materials,0.516,12,$723.00,19.48,$485.00,$196.30,147.07,$738.88
C,Citigroup Inc.,0.484,8,$139.96,18.50,$134.28,$91.72,46.40,$147.21
COF,Capital One Financial,0.470,16,$200.62,7.13,$200.20,$173.62,15.31,$256.63
AXP,American Express,0.464,16,$338.24,17.14,$308.89,$289.26,6.79,$384.36
SUNB,Sunbelt Rentals Holdings Inc,0.464,12,$75.05,10.59,$75.06,$60.16,24.77,$85.44
ELV,Elevance Health Inc.,0.457,12,$386.73,9.11,$396.09,$270.87,46.23,$434.35
SNX,SYNNEX Corp.,0.456,4,$267.34,26.38,$263.03,$141.15,86.35,$298.77
CROX,Crocs Inc.,0.443,6,$120.64,27.20,$126.14,$73.21,72.30,$141.28
DIS,Walt Disney Co.,0.432,20,$96.25,9.55,$106.15,$91.48,16.04,$115.42
LULU,Lululemon Athletica Inc.,0.403,4,$176.58,32.35,$101.30,$95.35,6.24,$225.98
CVS,CVS Health Corp.,0.396,10,$103.45,10.63,$89.13,$68.48,30.15,$110.00
EQH,Equitable Holdings Inc.,0.395,5,$43.88,30.38,$53.84,$34.72,55.07,$55.06
SLM,SLM Corp.,0.387,3,$27.27,24.16,$23.66,$17.46,35.51,$30.52
JHG-OLD,Janus Henderson Group,0.385,1,,31.53,$51.98,$37.96,36.93,$53.76
RIG,Transocean Ltd.,0.373,2,$4.89,30.53,$5.38,$3.03,77.56,$7.66
AVGO,Broadcom Inc.,0.368,13,$377.75,10.61,$352.81,$288.98,22.09,$493.32
ICLR,ICON plc,0.358,6,$173.71,11.94,$172.33,$66.57,158.87,$203.91
FERG,Ferguson Enterprises Inc.,0.339,11,$237.33,6.88,$222.74,$212.13,5.00,$268.59
SCHW,Charles Schwab Corp.,0.338,11,$92.27,6.56,$99.03,$83.72,18.29,$114.53
ADI,Analog Devices,0.319,11,$397.17,7.97,$393.60,$220.71,78.33,$444.56
AMR,Alpha Metallurgical Resources Inc.,0.318,1,,26.11,$174.43,$133.64,30.52,$253.82
MKL,Markel Group Inc.,0.309,5,$1953.01,10.89,$1727.73,$1716.00,0.68,$2207.59
UNH,United Health Group Inc.,0.302,17,$415.63,6.05,$376.59,$252.95,48.88,$458.79
TMO,Thermo Fisher Scientific,0.301,11,$501.36,9.81,$675.00,$434.50,55.35,$682.98
KHC,Kraft Heinz Co.,0.299,9,$23.61,12.80,$23.63,$20.34,16.18,$27.65
PYPL,PayPal Holdings Inc.,0.294,8,$43.18,10.61,$55.04,$38.12,44.39,$78.34
RKT,Rocket Companies Inc.,0.290,5,$15.75,11.65,$12.17,$11.48,6.01,$24.36
CVI,CVR Energy Inc.,0.289,1,,23.73,$51.52,$19.50,164.21,$55.19
VFC,V.F. Corp.,0.287,2,$16.68,23.36,$14.15,$12.46,13.56,$22.00
BABA,Alibaba Group Holdings,0.281,9,$95.98,16.92,$109.74,$91.99,19.30,$190.92
CAT,Caterpillar Inc.,0.275,6,$1064.90,19.65,$821.58,$458.26,79.28,$1071.47
CNH,CNH Industrial NV,0.271,5,$11.23,17.11,$13.09,$8.91,46.91,$14.46
WM,Waste Management Inc.,0.267,3,$222.88,17.30,$206.83,$190.92,8.33,$246.06
ORLA-OLD,Orla Mining Ltd,0.264,3,$9.73,21.55,$9.45,$8.43,12.10,$21.95
CP,Canadian Pacific Kansas City,0.261,7,$86.65,7.44,$86.91,$67.83,28.13,$96.69
LYV,Live Nation Inc.,0.257,8,$183.11,7.69,$170.87,$125.34,36.33,$189.25
APP,Applovin Corp.,0.257,4,$515.25,14.50,$310.75,$297.50,4.45,$745.61
ASH,Ashland Global Holdings Inc.,0.256,2,$65.89,17.47,$69.06,$45.04,53.33,$77.80
GM,General Motors,0.255,7,$77.08,11.46,$82.63,$53.87,53.39,$91.66
LEN,Lennar Corp.,0.255,4,$90.49,11.82,$82.15,$75.70,8.52,$131.68
BKNG,Booking Holdings Inc.,0.252,6,$178.24,8.46,$163.95,$149.40,9.74,$222.95
RPRX,Royalty Pharma plc,0.250,3,$56.07,8.82,$58.21,$33.97,71.36,$64.38
VRT,Vertiv Holdings Co.,0.250,3,$334.82,20.37,$253.28,$136.94,84.96,$379.76
NFLX,Netflix Inc.,0.248,11,$71.40,5.41,$71.15,$65.08,9.33,$124.86
CNI,Canadian Natl Railway Co.,0.247,6,$119.24,17.95,$120.93,$88.62,36.46,$130.84
DHR,Danaher Corp.,0.245,12,$190.48,7.64,$224.49,$160.60,39.78,$241.78
BAC,Bank of America Corp.,0.244,15,$56.98,9.20,$56.70,$45.64,24.23,$64.89
BDX,Becton Dickinson,0.238,7,$151.33,9.93,$183.82,$124.46,47.69,$191.94
QSR,Restaurant Brands International,0.238,3,$72.51,9.62,$71.64,$61.87,15.79,$81.15
GRBK,Green Brick Partners,0.237,2,$80.04,19.39,$68.79,$60.44,13.82,$83.18
CRM,Salesforce.com,0.235,10,$156.66,8.33,$234.02,$146.06,60.22,$267.80
AZN,AstraZeneca PLC,0.233,3,$187.18,19.03,$166.58,$90.90,83.26,$209.12
KKR,KKR & Co. L.P.,0.231,7,$91.78,8.95,$96.67,$82.35,17.39,$144.02
WFC,Wells Fargo,0.225,14,$82.64,3.11,$82.97,$72.36,14.66,$96.18
YETI,YETI Holdings Inc.,0.224,2,$49.56,18.33,$42.28,$31.66,33.54,$53.99
SGOV,Ishares 0 3 Month Treasury B,0.220,4,$100.67,10.59,$100.66,$97.03,3.74,$100.66
CACC,Credit Acceptance Corp.,0.220,2,$636.74,18.01,$555.68,$401.90,38.26,$668.86
RACE,Ferrari NV,0.216,4,$370.77,7.71,$411.33,$308.95,33.14,$498.75
PM,Philip Morris Intl.,0.212,10,$180.91,9.18,$190.48,$138.43,37.60,$207.76
SOLV,Solventum Corp,0.210,4,$77.15,15.02,$89.50,$62.38,43.48,$94.16
WBD,Warner Bros. Discovery Inc.,0.209,5,$26.66,11.68,$30.86,$17.08,80.68,$30.92
LAD,Lithia Motors Inc.,0.207,6,$290.49,13.20,$316.42,$238.86,32.47,$438.67
TXN,Texas Instruments,0.206,14,$298.07,3.93,$278.07,$150.20,85.13,$332.33
OMF,OneMain Holdings,0.200,4,$60.97,10.08,$57.36,$44.20,29.77,$68.16
EGO,Eldorado Gold Corp.,0.197,1,,16.18,$41.92,$24.30,72.51,$50.88
CPNG,Coupang Inc.,0.196,8,$17.37,6.89,$13.88,$13.86,0.14,$32.96
TKO,TKO Group Holdings Inc.,0.196,1,,16.07,$182.67,$173.25,5.44,$224.23
IFF,International Flavors & Fragrances Inc.,0.194,5,$79.22,5.43,$85.69,$57.85,48.12,$88.89
OXY,Occidental Petroleum,0.192,4,$48.57,7.02,$56.86,$38.26,48.61,$66.83
AON,Aon Plc,0.191,10,$331.69,4.91,$277.99,$275.38,0.95,$381.47
FWONK,Liberty Media Corp Formula One Series C,0.191,3,$95.14,7.73,$94.61,$80.15,18.04,$109.36
GXO,Gxo Logistics Inc.,0.189,1,,15.46,$45.20,$43.61,3.65,$66.85
EPD,Enterprise Products Partners LP,0.188,6,$36.76,13.46,$36.75,$28.18,30.41,$39.69
APTV,Aptiv PLC,0.187,2,$61.38,14.51,$44.79,$42.99,4.19,$78.49
AER,AerCap Holdings N.V.,0.185,3,$145.78,7.16,$149.21,$117.76,26.71,$158.38
ALC,Alcon Inc.,0.185,2,$67.33,15.19,$64.47,$61.84,4.25,$87.22
PEP,PepsiCo Inc.,0.184,12,$135.40,5.27,$128.63,$126.90,1.36,$166.41
MU,Micron Technology Inc.,0.184,5,$1154.29,15.06,$1082.28,$154.93,598.56,$1254.81
CMCSA,Comcast Corp.,0.183,14,$24.55,3.15,$21.91,$21.28,2.96,$32.04
LLY,Eli Lilly & Co.,0.183,7,$1199.42,6.89,$1183.46,$711.59,66.31,$1292.65
KO,Coca Cola Co.,0.182,9,$81.27,10.86,$87.81,$63.66,37.94,$91.94
BLK,BlackRock Inc.,0.181,6,$961.57,9.93,$1086.31,$907.59,19.69,$1194.41
DASH,DoorDash Inc.,0.181,4,$184.53,7.46,$193.36,$143.30,34.93,$285.50
PVH,PVH Corp.,0.179,4,$74.26,9.92,$75.99,$59.55,27.61,$100.69
HGV,Hilton Grand Vacations Inc.,0.177,2,$52.37,14.48,$35.77,$34.61,3.35,$55.40
SIRI,SiriusXM Holdings Inc,0.175,5,$29.54,5.59,$25.86,$19.15,35.04,$32.37
ICE,Intercontinental Exchange Inc.,0.174,6,$123.11,4.90,$154.31,$121.39,27.12,$174.25
BAYRY,Bayer Ag Sponsored ADR,0.172,1,,14.12,$14.12,$7.46,89.28,$15.23
ACN,Accenture,0.170,12,$124.44,4.86,$176.11,$116.75,50.84,$285.21
BAX,Baxter International Inc.,0.170,7,$21.32,4.09,$23.37,$15.72,48.66,$29.99
CCL,Carnival Corp.,0.170,2,$28.57,12.78,$22.25,$21.45,3.73,$33.49
TOL,Toll Brothers,0.169,4,$164.75,10.71,$137.34,$122.93,11.72,$167.75
TRMD,Torm Plc,0.169,2,$25.79,13.87,$34.32,$16.70,105.51,$38.73
OKTA,Okta Inc.,0.168,1,,13.80,$195.19,$62.66,211.51,$212.50
TSLA,Tesla Inc.,0.167,6,$420.60,7.44,$372.11,$297.38,25.13,$498.83
DG,Dollar General,0.167,5,$115.11,8.66,$124.84,$93.78,33.12,$156.68
IONS,Ionis Pharmaceuticals Inc.,0.167,1,,13.70,$44.50,$43.01,3.46,$86.74
ROP,Roper Technologies Inc.,0.165,4,$338.39,7.80,$358.56,$305.19,17.49,$517.59
ORCL,Oracle Corp.,0.164,14,$146.55,4.51,$137.10,$114.50,19.74,$319.46
APH,Amphenol Corp.,0.164,7,$88.16,8.29,$84.09,$58.82,42.96,$89.12
SPOT,Spotify Technology S.A.,0.163,7,$459.13,4.96,$510.01,$405.00,25.93,$740.00
KEX,Kirby Corp.,0.161,1,,13.22,$128.88,$79.52,62.07,$157.69
PG,Procter & Gamble,0.160,9,$146.64,4.38,$146.23,$134.62,8.62,$164.77
GIL,Gildan Activewear Inc.,0.160,1,,13.10,$40.98,$40.13,2.12,$72.73
AJG,Arthur J. Gallagher & Co.,0.159,6,$229.57,6.43,$231.10,$189.61,21.88,$309.90
XRAY,DENTSPLY SIRONA Inc.,0.159,3,$10.61,12.18,$9.40,$9.29,1.18,$14.76
PFE,Pfizer Inc.,0.158,10,$24.08,3.07,$28.67,$22.06,29.96,$29.21
USB,U.S. Bancorp,0.157,6,$60.41,5.56,$59.33,$43.76,35.58,$66.08
ADP,Automatic Data Processing Inc.,0.157,6,$223.95,4.93,$263.67,$185.56,42.09,$286.17
VMC,Vulcan Materials,0.157,6,$295.01,5.62,$245.00,$240.69,1.79,$329.20
MDLN,Medline Inc Cl A,0.157,4,$39.44,6.28,$34.70,$31.49,10.19,$50.88
INTU,Intuit Inc.,0.156,8,$261.00,6.62,$275.79,$251.72,9.56,$696.14
SHW,Sherwin-Williams,0.155,7,$344.32,4.50,$329.10,$289.19,13.80,$375.09
NEM,Newmont Corp.,0.155,4,$93.40,6.25,$121.43,$75.34,61.18,$135.01
SGI,Somnigroup International Inc.,0.155,2,$78.40,8.30,$63.95,$60.08,6.44,$97.86
EXE,Expand Energy Corp.,0.154,1,,12.64,$86.84,$84.48,2.79,$124.43
HD,Home Depot,0.153,10,$352.68,5.61,$293.20,$284.85,2.93,$400.08
GEHC,GE HealthCare Technologies Inc.,0.153,8,$64.01,4.67,$66.63,$58.72,13.47,$89.64
EG,Everest Group Ltd,0.153,4,$357.23,11.28,$370.43,$295.27,25.45,$398.90
DE,Deere & Co.,0.152,7,$634.33,6.56,$690.46,$429.14,60.89,$721.22
CRH,CRH plc,0.152,5,$107.00,5.14,$85.04,$83.48,1.87,$130.09
UHAL.B,U Haul Holding Co Non Voting,0.152,4,$57.70,4.42,$53.46,$39.55,35.17,$66.84
ALK,Alaska Air Group,0.151,2,$52.20,10.58,$40.94,$33.03,23.95,$60.63
WAT,Waters Corp.,0.150,8,$375.04,6.25,$433.54,$282.77,53.32,$436.34
MSI,Motorola Solutions Inc.,0.148,8,$415.29,5.63,$456.88,$356.42,28.19,$493.57
TRU,TransUnion,0.148,3,$72.14,5.94,$69.17,$63.28,9.31,$88.68
INTC,Intel Corp.,0.147,7,$139.63,4.62,$123.00,$32.89,273.97,$142.35
JPM,JPMorgan Chase & Co.,0.146,15,$327.33,3.54,$343.06,$276.43,24.10,$366.50
HEI.A,HEICO Corp. CL A,0.146,4,$257.91,6.38,$232.02,$199.25,16.45,$279.52
UNP,Union Pacific,0.145,11,$272.00,5.95,$273.79,$211.08,29.71,$314.53
SW,Smurfit Westrock Plc,0.143,3,$46.26,7.56,$46.41,$31.79,45.99,$51.52
PPLI,People Inc.,0.143,3,$46.16,7.54,$40.00,$29.56,35.32,$48.32
FBIN,Fortune Brands Innovations Inc.,0.141,5,$54.90,4.83,$39.38,$31.92,23.37,$63.70
RBC,RBC Bearings Inc.,0.141,2,$644.06,10.70,$506.10,$364.50,38.85,$667.69
PGR,Progressive Corp.,0.140,7,$218.45,4.79,$205.50,$187.79,9.43,$239.38
OSK,Oshkosh Corp.,0.140,5,$153.48,6.69,$132.75,$115.83,14.61,$178.55
ET,Energy Transfer LP,0.140,4,$19.12,7.18,$20.19,$15.10,33.71,$21.84
SN,Sharkninja Inc,0.139,5,$152.27,10.67,$177.74,$83.12,113.84,$194.54
SYK,Stryker Corp.,0.139,4,$314.84,6.72,$272.36,$267.00,2.01,$389.48
KOF,Coca-Cola FEMSA S A CV,0.138,3,$106.25,9.34,$110.23,$76.77,43.58,$117.09
EQT,EQT Corp.,0.137,3,$53.17,6.19,$50.81,$47.79,6.32,$67.84
LRCX,Lam Research,0.136,7,$433.33,5.72,$315.21,$125.79,150.58,$438.03
BA,Boeing Co.,0.136,6,$216.47,3.38,$198.07,$176.77,12.05,$254.35
JNJ,Johnson & Johnson,0.135,12,$253.97,3.96,$271.22,$173.41,56.40,$281.07
DB,Deutsche Bank AG,0.135,4,$33.86,10.80,$36.57,$27.13,34.80,$41.62
MAT,Mattel Inc.,0.135,2,$13.88,8.92,$13.29,$12.73,4.40,$22.48
BLDR,Builders FirstSource Inc.,0.134,6,$89.48,5.60,$59.17,$56.56,4.61,$131.50
UAA,Under Armour Inc.,0.134,1,,10.98,$4.43,$4.13,7.26,$8.15
TEL,TE Connectivity plc,0.133,8,$201.61,3.93,$218.59,$189.53,15.33,$250.61
QCOM,QUALCOMM Inc.,0.133,7,$184.79,3.66,$201.97,$120.88,67.08,$257.56
SLB,Schlumberger Ltd.,0.132,8,$46.49,4.36,$51.54,$30.88,66.90,$60.15
DHI,D.R. Horton,0.132,4,$162.88,6.59,$141.51,$130.96,8.06,$174.13
BFAM,Bright Horizons Family Solutions Inc.,0.132,2,$70.88,8.28,$65.86,$57.63,14.28,$109.86
CB,Chubb Limited,0.131,6,$340.74,4.79,$333.37,$262.07,27.21,$364.81
PHM,PulteGroup Inc.,0.131,3,$137.21,8.64,$119.85,$108.02,10.95,$143.57
FISV,Fiserv Inc.,0.130,9,$49.05,2.79,$46.48,$45.13,2.99,$130.64
CBRE,CBRE Group,0.130,7,$134.69,3.67,$134.55,$121.69,10.57,$174.27
RYN,Rayonier Inc.,0.129,1,,10.54,$18.88,$18.87,0.05,$24.53
AIIR,Air Holdings Ltd,0.129,1,,10.61,$7.62,$5.29,44.05,$13.37
TSN,Tyson Foods,0.128,6,$57.25,3.11,$50.92,$48.84,4.26,$68.27
NCLH,Norwegian Cruise Line Hlgs Ltd.,0.128,3,$21.11,4.23,$14.61,$13.63,7.19,$26.09
FLG,Flagstar Financial Inc.,0.127,2,$14.94,9.62,$12.37,$10.54,17.36,$15.43
GEV,Ge Vernova Inc,0.126,10,$1174.86,3.91,$957.63,$529.18,80.96,$1195.94
TDS,Telephone & Data Systems,0.125,2,$37.01,5.17,$35.85,$31.48,13.88,$49.02
HHH,Howard Hughes Holdings Inc.,0.125,1,,10.23,$68.43,$60.09,13.88,$91.07
SE,Sea Ltd,0.124,8,$95.83,5.02,$99.55,$77.05,29.20,$193.48
TDW,Tidewater Inc.,0.124,3,$66.63,9.95,$84.74,$46.65,81.65,$101.58
ZS,Zscaler Inc.,0.124,1,,10.18,$193.05,$114.63,68.41,$336.99
NOW,ServiceNow Inc.,0.123,6,$99.28,4.59,$135.62,$81.24,66.94,$192.97
CI,Cigna Group,0.122,7,$275.68,2.67,$272.01,$234.20,16.14,$308.48
EFX,Equifax Inc.,0.121,9,$158.73,2.27,$148.11,$146.80,0.89,$255.48
FDX,FedEx Corp.,0.120,7,$313.13,3.18,$285.85,$176.88,61.61,$342.73
APD,Air Products & Chemicals,0.118,7,$293.18,3.96,$281.76,$224.64,25.43,$314.87
CSGP,CoStar Group Inc.,0.118,4,$28.32,6.49,$28.09,$25.89,8.50,$85.24
EWBC,East West Bancorp,0.118,1,,9.68,$127.23,$90.34,40.83,$137.47
URI,United Rentals,0.116,6,$1132.89,5.14,$1047.06,$698.94,49.81,$1177.15
ABNB,Airbnb Inc.,0.116,5,$143.10,3.59,$157.47,$110.81,42.11,$193.45
RYAN,Ryan Specialty Holdings Inc,0.116,2,$37.76,9.09,$37.89,$29.07,30.34,$58.44
MRK,Merck & Co.,0.115,10,$128.49,4.43,$148.78,$75.48,97.11,$156.00
MRSH,Marsh,0.115,6,$166.67,3.98,$171.12,$155.72,9.89,$204.56
TECH,Bio-Techne Corp.,0.115,5,$70.65,3.68,$72.61,$43.07,68.59,$72.69
ACHC,Acadia Healthcare Co.,0.114,2,$29.53,6.00,$28.09,$11.43,145.76,$35.83
EVH,Evolent Health Inc.,0.114,1,,9.34,$3.61,$2.10,71.90,$9.11
GPC,Genuine Parts,0.110,6,$117.98,6.13,$129.61,$89.11,45.45,$147.43
IDXX,IDEXX Laboratories,0.110,6,$526.44,3.93,$519.26,$500.61,3.73,$769.98
VTRS,Viatris Inc.,0.110,3,$15.88,5.13,$17.83,$9.14,95.08,$18.25
REGN,Regeneron Pharmaceuticals,0.110,3,$623.54,4.95,$788.04,$538.24,46.41,$859.34
NU,Nu Holdings Ltd,0.108,5,$13.36,4.29,$13.59,$11.20,21.34,$18.98
NBR,Nabors Industries Ltd.,0.108,1,,8.85,$81.33,$36.66,121.85,$112.90
FRPT,Freshpet Inc.,0.108,1,,8.87,$57.91,$46.45,24.67,$86.00
ZBH,Zimmer Biomet Holdings,0.107,7,$86.09,3.36,$91.04,$78.91,15.37,$106.03
DECK,Deckers Outdoor,0.107,2,$99.29,7.52,$78.67,$77.37,1.68,$122.29
LIN,Linde plc,0.106,7,$518.94,4.94,$469.89,$384.00,22.37,$546.40
CFRHF,Compagnie Financiere Richemont SA,0.106,1,,8.67,$207.83,$158.90,30.79,$247.85
MELI,Mercadolibre Inc.,0.105,7,$1697.39,5.10,$1752.61,$1495.00,17.23,$2548.50
DCH,Dauch Corp.,0.105,3,$5.42,3.97,$5.46,$4.92,10.98,$9.25
SYF,Synchrony Financial,0.105,3,$76.05,7.84,$72.94,$62.56,16.59,$87.67
CVX,Chevron Corp.,0.104,11,$165.76,4.67,$204.45,$142.51,43.46,$217.78
WTW,Willis Towers Watson plc,0.104,5,$261.37,3.44,$293.99,$239.74,22.63,$351.51
WEN,Wendy's Co.,0.104,4,$8.29,5.97,$6.55,$6.02,8.80,$9.51
DVN,Devon Energy Corp.,0.103,5,$41.32,4.49,$47.05,$30.69,53.31,$52.00
TFX,Teleflex,0.103,3,$126.76,4.91,$122.07,$99.39,22.82,$144.64
CGNX,Cognex Corp.,0.103,2,$72.42,7.60,$58.66,$34.45,70.28,$72.78
CPRT,Copart Inc.,0.102,6,$28.19,4.41,$27.59,$26.81,2.91,$45.89
AMD,Advanced Micro Devices,0.101,6,$580.91,5.12,$630.63,$157.05,301.55,$639.00
FCNCA,First Citizens Bancshares,0.101,3,$2080.78,5.32,$2090.36,$1617.01,29.27,$2294.10
VST,Vistra Corp.,0.101,3,$158.63,4.70,$138.46,$132.26,4.69,$215.85
CNX,CNX Resources Corp.,0.101,1,,8.25,$32.79,$31.47,4.19,$43.62
UPS,United Parcel Service,0.100,7,$107.50,2.95,$93.96,$76.95,22.11,$116.86
MDT,Medtronic plc,0.100,7,$78.23,2.76,$88.64,$72.06,23.01,$102.92
BCC,Boise Cascade Company,0.100,3,$77.63,7.47,$77.14,$64.38,19.82,$91.16
ABM,ABM Industries,0.099,5,$44.24,7.10,$49.78,$36.45,36.57,$51.29
ORLY,O'Reilly Automotive,0.099,4,$92.09,3.90,$86.12,$82.59,4.27,$108.72
CNQ,Canadian Natural Resources,0.098,3,$39.50,8.04,$47.41,$28.47,66.53,$51.85
ABG,Asbury Automotive Group Inc.,0.098,2,$201.08,7.91,$185.15,$172.01,7.64,$258.75
EWY,iShares MSCI South Korea ETF,0.097,2,$201.90,6.55,$187.18,$76.55,144.52,$220.89
CR,Crane Co,0.097,2,$223.07,7.82,$206.83,$159.16,29.95,$230.22
BMY,Bristol-Myers Squibb,0.096,8,$57.62,2.88,$62.86,$41.13,52.83,$68.64
MGM,MGM Resorts International,0.096,4,$47.81,4.91,$32.58,$29.19,11.61,$51.59
MLM,Martin Marietta,0.096,3,$576.70,4.56,$484.30,$477.38,1.45,$707.94
GPN,Global Payments Inc.,0.095,4,$72.56,2.49,$86.49,$60.75,42.37,$95.61
AEM,Agnico-Eagle Mines Ltd.,0.094,3,$155.15,6.22,$194.48,$134.08,45.05,$254.05
APG,APi Group Corp.,0.094,3,$42.35,5.00,$38.46,$33.52,14.74,$49.99
URBN,Urban Outfitters Inc.,0.094,1,,7.72,$75.35,$59.54,26.55,$85.43
AU,AngloGold Ashanti Ltd.,0.093,3,$80.90,6.81,$99.03,$59.78,65.66,$124.69
NOMD,Nomad Foods Ltd,0.093,1,,7.61,$10.63,$8.86,19.98,$12.69
HKHHF,Heineken Holding NV,0.093,1,,7.61,$75.80,$64.00,18.44,$84.80
AVTR,Avantor Inc.,0.091,5,$9.90,2.82,$15.25,$7.27,109.77,$16.05
KLAC,KLA Corp.,0.091,3,$301.71,5.78,$187.92,$97.57,92.60,$307.03
MAR,Marriott Int'l.,0.090,4,$370.59,7.02,$352.03,$254.64,38.25,$410.15
MEDP,Medpace Holdings Inc.,0.090,4,$529.59,4.52,$618.88,$373.00,65.92,$677.90
HUM,Humana Inc.,0.090,2,$397.22,5.13,$397.93,$161.90,145.79,$428.88
HUT,Hut 8 Corp,0.090,2,$115.44,4.07,$96.82,$31.67,205.72,$140.80
ARES,Ares Management LP,0.090,2,$111.31,6.45,$122.01,$92.59,31.77,$173.99
GTX,Garrett Motion Inc.,0.090,2,$36.23,7.28,$25.72,$12.09,112.74,$36.14
GWRE,Guidewire Software Inc.,0.089,1,,7.27,$145.56,$102.30,42.29,$255.89
BNY,Bank of New York Mellon Corp.,0.088,10,$144.61,2.21,$150.15,$101.34,48.16,$165.84
KMX,CarMax Inc.,0.088,5,$52.89,3.50,$57.21,$30.26,89.06,$65.28
ECL,Ecolab Inc.,0.088,4,$278.61,4.22,$279.49,$241.85,15.56,$306.79
Q,Qnity Electronics Inc.,0.088,3,$163.31,7.23,$124.69,$72.62,71.70,$177.16
SHOP,Shopify Inc.,0.088,3,$114.18,4.50,$142.25,$94.00,51.33,$182.19
DLTR,Dollar Tree Inc.,0.088,1,,7.25,$114.07,$84.71,34.66,$142.40
YNDX,Yandex N.V.,0.088,1,,7.19,$20.00,$14.09,41.94,$20.36
BL,BlackLine Inc.,0.088,1,,7.19,$27.99,$24.70,13.32,$59.57
GNRC,Generac Holdings Inc.,0.087,6,$292.81,2.91,$208.14,$134.80,54.41,$296.44
JEF,Jefferies Financial Group Inc.,0.087,4,$49.98,3.44,$47.68,$35.00,36.23,$67.88
FLR,Fluor Corp.,0.087,2,$52.39,6.24,$50.38,$39.33,28.10,$58.35
RUSHA,Rush Enterprises Inc.,0.087,2,$48.65,7.03,$47.97,$30.09,59.42,$55.58
XOM,ExxonMobil Holdings Corp.,0.086,11,$136.72,3.65,$160.59,$107.28,49.69,$174.09
STX,Seagate Technology,0.086,3,$965.00,5.90,$916.83,$207.78,341.25,$1143.27
ALLY,Ally Financial Inc.,0.085,4,$45.95,4.78,$38.79,$35.43,9.48,$46.96
TOST,Toast Inc.,0.085,2,$27.82,6.98,$30.60,$22.26,37.47,$39.73
GDS,GDS Holdings Ltd,0.085,2,$30.03,4.92,$32.77,$26.97,21.51,$48.61
CEG,Constellation Energy Corp.,0.085,2,$248.37,3.97,$263.27,$228.28,15.33,$410.41
ABT,Abbott Labs,0.084,7,$90.74,3.98,$101.29,$81.39,24.45,$132.39
RTX,RTX Corp.,0.084,7,$189.73,3.49,$189.40,$153.36,23.50,$226.41
PFGC,Performance Food Group,0.084,4,$111.79,4.00,$91.55,$80.82,13.28,$117.48
QXO,Qxo Inc,0.084,3,$17.28,4.10,$12.43,$11.14,11.58,$27.61
MGA,Magna International Inc.,0.084,3,$91.94,6.54,$65.00,$41.73,55.76,$73.22
CTSH,Cognizant Technology Solutions,0.083,6,$38.73,3.02,$57.33,$36.86,55.53,$85.48
GTN,Gray Television Inc.,0.083,1,,6.80,$4.58,$3.49,31.23,$6.20
KEYS,Keysight Technologies Inc.,0.082,5,$350.07,4.48,$362.15,$158.79,128.07,$374.96
APO,Apollo Global Management,0.082,3,$118.31,4.46,$121.69,$98.73,23.26,$151.39
JLL,Jones Lang Lasalle Inc.,0.081,5,$309.95,3.28,$321.91,$259.83,23.89,$393.84
INDV,Indivior Pharmaceuticals Inc.,0.081,1,,6.65,$35.82,$27.68,29.41,$42.81
CRS,Carpenter Technology,0.080,3,$616.84,3.63,$396.84,$233.24,70.14,$625.72
CSCO,Cisco Systems,0.079,7,$117.46,5.40,$106.70,$65.49,62.93,$129.88
GSK,GSK plc,0.079,6,$52.42,3.51,$49.24,$38.11,29.20,$60.12
IQV,IQVIA Holdings Inc.,0.079,4,$193.22,3.13,$270.37,$154.50,75.00,$277.40
BIIB,Biogen Inc.,0.079,3,$216.06,3.75,$227.60,$135.39,68.11,$229.19
EBAY,eBay Inc.,0.079,2,$111.75,4.74,$107.90,$77.32,39.55,$118.62
TEVA,Teva Pharmaceutical Industries Ltd.,0.079,2,$33.88,3.97,$39.19,$16.74,134.11,$40.79
RHI,Robert Half International,0.079,2,$30.70,5.93,$36.89,$21.08,75.00,$46.09
ADBE,Adobe Inc.,0.078,10,$205.01,2.57,$235.47,$190.12,23.85,$363.70
MANU,Manchester United plc,0.078,3,$22.93,2.41,$20.40,$14.85,37.37,$24.45
CME,CME Group,0.077,7,$220.83,2.52,$264.48,$217.29,21.72,$318.35
COP,ConocoPhillips,0.077,7,$103.96,2.10,$127.30,$82.95,53.47,$141.62
HTHT,H World Group Ltd ADR,0.077,3,$41.72,5.59,$42.00,$34.95,20.17,$54.14
ZTS,Zoetis Inc.,0.076,5,$71.86,3.03,$71.05,$69.52,2.20,$145.99
BP,BP plc,0.076,4,$36.95,3.65,$44.15,$31.12,41.87,$47.14
AMGN,Amgen,0.076,4,$362.12,3.21,$414.61,$262.49,57.95,$447.03
MCK,McKesson Corp.,0.076,2,$755.61,5.95,$866.64,$722.11,20.01,$996.84
VEEV,Veeva Systems Inc.,0.075,6,$177.47,1.93,$280.68,$148.05,89.58,$310.50
JCI,Johnson Controls Intl. plc,0.075,4,$146.11,4.27,$150.20,$103.24,45.49,$156.62
NSRGY,Nestle,0.075,1,,6.11,$93.88,$84.97,10.49,$107.17
AN,AutoNation Inc.,0.075,1,,6.17,$166.98,$161.95,3.11,$235.81
MSCI,MSCI Inc.,0.074,6,$560.04,3.24,$551.36,$495.54,11.26,$642.47
OLN,Olin Corp.,0.074,4,$19.82,4.83,$16.40,$16.09,1.93,$29.90
MDLZ,Mondelez International,0.074,4,$57.84,5.64,$60.25,$50.34,19.69,$66.65
NYT,New York Times CL A,0.074,3,$69.98,4.55,$63.83,$53.65,18.97,$86.83
MTZ,MasTec Inc.,0.074,2,$416.06,3.42,$212.85,$182.34,16.73,$441.43
ACI,Albertsons Co Inc.,0.074,1,,6.09,$11.67,$10.86,7.46,$19.18
DAL,Delta Air Lines Inc.,0.073,5,$93.66,2.16,$84.94,$54.60,55.57,$95.44
SBUX,Starbucks Corp.,0.073,5,$102.19,3.13,$94.86,$76.05,24.73,$109.88
FTV,Fortive Corp.,0.073,4,$61.09,3.47,$56.09,$47.50,18.08,$64.48
BRZE,Braze Inc A,0.073,2,$21.69,5.99,$24.37,$15.26,59.70,$37.33
VAL,Valaris plc,0.073,1,,5.99,$80.99,$46.70,73.43,$114.12
Z,Zillow Group Inc.,0.072,1,,5.89,$28.43,$27.64,2.86,$81.56
ENTG,Entegris Inc.,0.071,6,$179.86,2.70,$151.89,$67.81,123.99,$186.78
WCC,WESCO International Inc.,0.071,5,$345.38,4.23,$367.44,$206.05,78.33,$384.81
RYAAY,Ryanair Holdings PLC,0.071,3,$64.75,5.59,$55.30,$51.68,7.00,$73.13
HOG,Harley-Davidson,0.071,2,$24.46,5.79,$25.45,$16.84,51.13,$28.66
SPUU,Dir Dai S&P 500 Bu 2x ETF Us,0.071,1,,5.81,$227.29,$154.45,47.16,$232.12
PLGO,Pelagos Insurance Capital,0.071,1,,5.84,$23.96,$16.48,45.39,$26.18
FNF,Fidelity National Financial Inc.,0.070,3,$47.16,3.54,$41.42,$40.81,1.49,$56.47
FIVE,Five Below Inc.,0.070,2,$179.79,3.62,$222.60,$137.77,61.57,$263.88
XYZ,Block Inc.,0.070,2,$76.00,4.26,$76.42,$48.21,58.51,$86.92
OGN,Organon & Co.,0.070,1,,5.72,$13.73,$5.67,142.15,$13.79
NVST,Envista Holdings Corp.,0.069,5,$26.35,2.87,$23.95,$18.77,27.60,$30.42
MCHP,Microchip Technology,0.069,4,$91.20,5.37,$78.69,$47.28,66.43,$104.75
ODFL,Old Dominion Freight Line,0.069,3,$216.60,4.93,$173.30,$125.23,38.39,$251.64
DELL,Dell Technologies Inc.,0.069,3,$431.46,5.68,$562.89,$109.70,413.12,$595.51
MSA,MSA Safety Inc.,0.069,3,$174.58,4.68,$182.46,$149.32,22.19,$207.14
UAN,CVR Partners LP,0.069,1,,5.62,$122.70,$78.61,56.09,$136.82
NOV,Nov Inc.,0.068,4,$18.55,1.98,$19.86,$12.01,65.36,$21.84
WAB,WABTEC Corp.,0.068,3,$269.60,4.93,$288.00,$185.19,55.52,$306.32
MRP,Millrose Properties,0.068,2,$30.05,3.95,$27.19,$25.60,6.21,$32.17
BLMN,Bloomin Brands Inc.,0.068,1,,5.59,$7.88,$5.19,51.83,$12.63
GLD,SPDR Gold Trust,0.067,6,$1293.45,2.35,$393.41,$345.31,13.93,$509.70
CCC,CCC Intelligent Solutions Hldgs Inc.,0.067,2,$5.16,3.02,$6.90,$4.08,69.12,$9.55
UBS,UBS AG,0.066,4,$44.91,2.66,$49.67,$35.38,40.39,$55.99
LYB,LyondellBasell Industries,0.065,3,$52.65,2.87,$58.14,$39.12,48.62,$82.22
MBI,MBIA Inc.,0.065,2,$6.52,4.34,$4.39,$4.33,1.39,$7.87
CRGY,Crescent Energy Inc A,0.065,2,$9.82,4.86,$13.15,$7.46,76.27,$15.47
OZK,Bank OZK,0.065,2,$52.09,3.22,$46.89,$41.16,13.92,$53.18
RGLD,Royal Gold Inc.,0.065,2,$199.61,5.09,$252.49,$167.81,50.46,$304.97
CLF,Cleveland-Cliffs Inc.,0.065,2,$9.39,5.30,$12.18,$7.73,57.57,$16.70
PHYS,Sprott Physical Gold Trust,0.065,2,$30.17,5.29,$32.35,$28.81,12.29,$42.07
PRI,Primerica Inc.,0.065,1,,5.36,$275.59,$227.14,21.33,$325.96
TTMI,TTM Technologies Inc.,0.064,4,$187.02,3.13,$129.17,$53.36,142.07,$223.83
NSC,Norfolk Southern Corp.,0.064,4,$314.59,4.13,$313.00,$273.59,14.40,$357.18
FANG,Diamondback Energy Inc.,0.064,2,$175.78,3.02,$186.67,$133.81,39.50,$216.90
SGU,Star Gas Partners LP,0.064,1,,5.26,$12.83,$10.82,18.58,$13.33
CTRI,Centuri Holdings Inc,0.064,1,,5.25,$20.51,$19.03,7.78,$42.99
TRUP,Trupanion Inc.,0.064,1,,5.28,$23.16,$21.16,9.45,$46.98
SAP,SAP SE,0.063,7,$154.11,2.96,$210.68,$144.97,45.33,$276.56
BIO,Bio-Rad Laboratories Inc.,0.063,3,$293.61,2.39,$381.00,$236.73,60.94,$396.23
NXPI,NXP Semiconductors NV,0.063,3,$281.03,2.48,$238.08,$179.82,32.40,$337.28
UA,Under Armour CL C,0.063,1,,5.18,$4.37,$3.95,10.63,$7.91
BF.B,Brown-Forman Corp.,0.062,5,$26.65,3.33,$26.16,$22.23,17.68,$30.85
LPLA,LPL Financial Holdings Inc.,0.062,4,$281.68,2.10,$314.36,$259.94,20.94,$399.03
PLD,Prologis Inc.,0.062,3,$135.47,2.70,$133.05,$107.65,23.59,$152.14
TLN,Talen Energy Corp,0.062,3,$384.26,3.37,$304.42,$279.77,8.81,$451.28
LNC,Lincoln National,0.062,2,$35.35,5.04,$41.69,$31.40,32.77,$47.67
VGNT,Versigent Plc,0.062,2,$42.01,2.64,$46.73,$26.27,77.88,$50.75
MIR,Mirion Technologies Inc,0.062,2,$17.93,4.24,$15.59,$14.11,10.49,$30.28
AAL,American Airlines Group Inc.,0.062,2,$18.07,3.31,$13.87,$10.09,37.46,$18.79
GPGI,GPGI Inc.,0.062,1,,5.09,$11.61,$11.22,3.48,$26.77
QUAD,Quad/Graphics Inc.,0.062,1,,5.06,$9.43,$4.93,91.28,$11.03
PTLO,Portillo's Inc Cl A,0.062,1,,5.05,$3.50,$3.47,0.86,$6.83
XPO,XPO Logistics,0.060,4,$205.29,4.84,$173.17,$121.48,42.55,$232.05
LKQ,LKQ Corp.,0.060,4,$26.33,2.86,$23.29,$20.92,11.33,$35.92
MHK,Mohawk Industries,0.060,3,$121.33,2.37,$125.16,$92.99,34.60,$140.30
MET,MetLife Inc.,0.060,2,$84.61,2.76,$97.70,$66.41,47.12,$100.93
VZ,Verizon Communications,0.059,7,$42.34,1.76,$47.08,$36.55,28.81,$51.67
MS,Morgan Stanley,0.059,5,$209.04,3.54,$196.31,$148.47,32.22,$230.98
NEE,NextEra Energy Inc.,0.059,4,$87.77,3.10,$76.08,$72.55,4.87,$97.30
LEA,Lear Corp.,0.059,3,$134.06,2.61,$122.71,$93.67,31.00,$149.08
AME,Ametek Inc.,0.059,2,$241.94,4.87,$250.74,$178.15,40.75,$260.78
DJCO,Daily Journal Corp.,0.059,1,,4.80,$656.86,$348.63,88.41,$692.50
GS,Goldman Sachs Group,0.058,5,$1011.37,2.77,$935.45,$725.74,28.90,$1148.37
OKE,ONEOK Inc.,0.058,2,$86.94,3.08,$88.63,$87.74,1.01,$97.66
BRCC,BRC Inc.,0.058,1,,4.79,$9.22,$6.00,53.67,$18.55
MP,MP Materials Corp.,0.058,1,,4.74,$48.83,$37.81,29.15,$100.25
MNDY,monday.com Ltd.,0.058,1,,4.77,$83.66,$57.50,45.50,$210.49
LFUS,Littelfuse Inc.,0.057,7,$455.33,2.52,$429.22,$231.54,85.38,$499.60
ARW,Arrow Electronics,0.057,4,$213.41,4.35,$232.80,$101.79,128.71,$237.33
AVT,Avnet Inc.,0.057,3,$88.82,3.87,$103.08,$43.35,137.79,$104.58
CHD,Church & Dwight,0.057,2,$96.88,4.58,$96.38,$80.29,20.04,$105.37
CNR,Core Natural Resources Inc.,0.057,1,,4.67,$89.02,$74.41,19.63,$114.56
ALAB,Astera Labs Inc,0.057,1,,4.65,$364.62,$97.89,272.48,$499.48
PNC,PNC Financial Services,0.056,5,$246.22,3.78,$225.64,$172.82,30.56,$258.96
BHF,Brighthouse Financial Inc.,0.056,1,,4.60,$53.24,$44.51,19.61,$66.80
GLW,Corning Inc.,0.055,4,$255.43,4.26,$156.74,$76.98,103.61,$271.27
OC,Owens Corning,0.055,3,$158.94,2.86,$123.91,$95.63,29.57,$159.88
YUMC,Yum China Holdings Inc.,0.055,3,$40.87,4.25,$40.47,$39.90,1.43,$57.33
SEG,Seaport Entertainment Group,0.055,2,$26.60,3.86,$23.40,$17.74,31.91,$29.61
BGC,BGC Group Inc.,0.055,1,,4.48,$11.84,$8.20,44.39,$12.86
CNDT,Conduent Inc.,0.055,1,,4.48,$1.64,$1.15,42.61,$2.85
B,Barrick Mining Corp.,0.054,5,$36.73,3.12,$42.88,$29.73,44.23,$53.80
BX,Blackstone Group,0.054,4,$117.67,3.30,$118.42,$99.78,18.68,$171.34
KGC,Kinross Gold Corp.,0.054,3,$23.62,4.14,$25.05,$21.89,14.44,$38.96
AMRZ,Amrize Ltd,0.054,3,$53.30,2.13,$38.22,$36.87,3.66,$65.13
TER,Teradyne Inc.,0.054,2,$483.84,4.42,$398.38,$131.14,203.78,$487.72
LLYVK,Liberty Media Corp. Series C Live,0.054,2,$105.64,4.07,$99.36,$78.68,26.28,$109.75
FAST,Fastenal,0.054,2,$48.03,2.72,$50.43,$38.34,31.53,$52.92
NMIH,NMI Holdings,0.054,2,$41.09,4.39,$41.23,$34.84,18.34,$46.74
MAVF,Matrix Advisors Value ETF,0.054,1,,4.41,$140.10,$113.25,23.71,$142.84
TJX,TJX Companies Inc.,0.053,3,$151.50,2.52,$130.06,$122.78,5.93,$169.47
TMHC-OLD,Taylor Morrison Home Corp.,0.053,3,$71.74,3.30,$72.46,$54.15,33.81,$72.50
TDAY,Gannett Co.,0.053,2,$8.55,2.83,$6.42,$3.42,87.72,$9.21
SYY,Sysco Corp.,0.052,5,$83.44,1.81,$78.46,$67.23,16.70,$90.56
OMC,Omnicom Group,0.052,4,$72.83,2.53,$76.15,$64.32,18.39,$88.65
MPLX,MPLX LP,0.052,2,$56.33,3.90,$56.80,$44.22,28.45,$60.39
MSGE,Madison Square Garden Entertainment Corp.,0.052,1,,4.28,$79.09,$41.65,89.89,$90.41
VNOM,Viper Energy Inc.,0.052,1,,4.25,$40.93,$33.67,21.56,$49.62
MCD,McDonald's Corp.,0.051,7,$270.31,2.18,$236.50,$234.03,1.06,$335.18
RMNI,Rimini Street Inc.,0.051,2,$4.26,4.15,$4.22,$2.87,47.04,$5.68
OSW,OneSpaWorld Holdings Ltd,0.051,1,,4.19,$22.92,$18.94,21.01,$29.19
DEO,Diageo ADR,0.050,8,$80.38,1.60,$87.52,$71.73,22.01,$101.71
NKE,NIKE Inc.,0.050,7,$41.05,2.32,$35.75,$35.22,1.50,$74.51
ABBV,AbbVie Inc.,0.050,7,$251.64,3.09,$264.34,$189.40,39.57,$269.39
REZI,Resideo Technologies Inc.,0.050,5,$31.10,1.90,$18.27,$18.14,0.72,$32.01
PPG,PPG Industries,0.050,3,$121.29,2.78,$107.52,$91.35,17.70,$130.99
KDP,Keurig Dr Pepper Inc.,0.050,2,$32.73,4.04,$31.95,$24.43,30.78,$33.82
CRL,Charles River Labs,0.050,2,$226.79,3.41,$292.84,$145.32,101.51,$303.31
FTNT,Fortinet Inc.,0.050,1,,4.09,$173.46,$73.55,135.84,$181.37
NTRA,Natera Inc.,0.049,4,$271.45,3.32,$412.56,$157.43,162.06,$415.75
CRBG,Corebridge Financial Inc.,0.049,3,$28.63,2.84,$34.87,$21.74,60.40,$35.64
LBTYA,Liberty Global Ltd CL A,0.049,3,$11.37,2.57,$9.45,$9.28,1.83,$13.52
IEX,IDEX Corp.,0.049,2,$226.95,3.97,$230.08,$156.96,46.59,$243.80
CHTR,Charter Communications,0.048,6,$142.21,1.95,$112.91,$111.55,1.22,$285.82
FN,Fabrinet,0.047,4,$562.08,3.30,$417.39,$354.79,17.64,$748.89
LUV,Southwest Airlines,0.047,2,$51.42,3.87,$42.68,$28.75,48.45,$54.38
SEB,Seaboard Corp.,0.047,2,$4464.28,3.80,$3969.18,$3133.55,26.67,$5983.34
LUMN,Lumen Technologies Inc.,0.047,1,,3.87,$5.71,$5.65,1.06,$11.95
MAIR,Madison Air Solutions Corp A,0.047,1,,3.87,$25.16,$22.91,9.82,$44.50
WDAY,Workday Inc.,0.046,4,$122.42,1.78,$189.45,$110.36,71.67,$249.85
CNC,Centene Corp.,0.046,3,$64.19,2.71,$61.82,$31.63,95.45,$69.63
WULF,Terawulf Inc,0.046,2,$24.70,3.65,$15.74,$10.47,50.33,$29.84
DKS,Dick's Sporting Goods Inc.,0.046,2,$226.81,3.02,$136.43,$119.27,14.39,$242.09
CNA,CNA Financial Corp.,0.046,1,,3.77,$45.98,$40.34,13.98,$55.19
CG,Carlyle Group,0.045,4,$42.11,1.91,$40.03,$38.76,3.28,$65.91
FLEX,Flex Ltd.,0.045,3,$162.07,3.66,$114.68,$53.07,116.09,$166.86
SDHC,Smith Douglas Homes Corp,0.045,3,$15.54,3.67,$10.28,$9.75,5.44,$23.49
NVT,nVent Electric plc,0.045,3,$169.61,3.19,$164.41,$92.78,77.20,$184.40
NVR,NVR Inc.,0.045,3,$6813.41,3.03,$6297.60,$5501.01,14.48,$8200.00
STLA,Stellantis N.V.,0.045,2,$5.74,3.69,$4.60,$4.46,3.14,$12.22
TWLO,Twilio Inc.,0.045,2,$206.33,3.70,$275.80,$98.44,180.17,$304.75
DD,DuPont de Nemours Inc.,0.045,2,$135.65,3.71,$131.71,$86.86,51.63,$156.04
NRP,Natural Resource Partners,0.045,1,,3.69,$108.78,$94.82,14.72,$126.18
HSY,Hershey Co.,0.044,5,$175.44,2.08,$166.37,$156.70,6.17,$235.80
COHR,Coherent Corp.,0.044,4,$394.47,3.50,$295.83,$104.78,182.33,$440.00
ILMN,Illumina Inc.,0.044,2,$175.83,2.02,$270.00,$88.00,206.82,$277.95
USFD,US Foods Holding Corp.,0.044,2,$102.25,3.07,$93.33,$69.88,33.56,$111.42
SSNC,SS&C Technologies Holdings Inc.,0.044,2,$62.05,2.01,$78.61,$61.18,28.49,$88.93
ERFSF,Eurofins Scientific SE,0.044,1,,3.60,$87.03,$64.33,35.29,$92.97
PGEN,Precigen Inc.,0.044,1,,3.61,$7.75,$2.99,159.20,$8.27
PSX,Phillips 66,0.043,6,$169.05,2.96,$255.75,$123.09,107.77,$277.12
LBRDK-OLD,Liberty Broadband Corp. CL C,0.043,4,$33.26,1.94,$35.99,$26.25,37.10,$65.73
CORZ,Core Scientific Inc,0.043,3,$25.59,3.38,$17.34,$13.36,29.79,$30.46
AERO,Grupo Aeromexico Sab De Cv,0.043,2,$18.00,1.89,$15.82,$12.26,29.04,$23.05
BFH,Bread Financial Holdings Inc.,0.043,2,$108.35,3.40,$102.91,$53.23,93.33,$114.28
AFRM,Affirm Holdings Inc.,0.043,2,$81.55,3.51,$71.52,$42.10,69.88,$90.44
SA,Seabridge Gold Inc.,0.043,1,,3.52,$30.30,$21.47,41.13,$40.06
MSGS,Madison Square Garden Sports Corp.,0.042,4,$401.84,2.64,$402.84,$207.90,93.77,$438.93
ROIV,Roivant Sciences Ltd,0.042,4,$35.39,1.95,$35.80,$14.86,140.92,$42.50
CHYM,Chime Financial Inc Cl A,0.042,3,$20.48,2.78,$26.78,$15.88,68.64,$35.55
TAP,Molson Coors Beverage Co.,0.042,3,$38.94,2.94,$35.95,$35.67,0.78,$53.00
AMG,Affiliated Managers Group,0.042,3,$338.40,3.37,$373.69,$230.07,62.42,$392.91
FOX,Fox Corporation CL B,0.042,2,$46.84,3.27,$56.54,$43.86,28.91,$67.48
NRG,NRG Energy Inc.,0.042,1,,3.44,$100.37,$97.50,2.94,$188.71
ALV,Autoliv Inc.,0.041,2,$116.17,3.37,$117.52,$97.72,20.26,$131.23
INCY,Incyte Corp.,0.041,2,$113.36,2.64,$123.89,$81.78,51.49,$132.60
GFL,Gfl Environmental Inc Sub Vt,0.041,1,,3.39,$42.27,$33.32,26.86,$47.59
CPT,Camden Property Trust,0.040,3,$114.49,1.76,$98.12,$94.30,4.05,$119.81
UAL,United Airlines Holdings Inc.,0.040,2,$135.99,3.31,$113.99,$84.64,34.68,$138.77
WSC,WillScot Mobile Mini Hldgs Corp.,0.040,2,$28.86,3.28,$18.17,$14.72,23.44,$29.66
SSD,Simpson Manufacturing,0.040,2,$209.35,3.09,$176.55,$155.55,13.50,$213.18
PENN,Penn National Gaming Inc.,0.040,2,$21.36,3.20,$15.65,$11.65,34.33,$22.36
STZ,Constellation Brands,0.039,4,$139.09,1.58,$113.63,$113.34,0.26,$166.17
RS,Reliance Steel & Aluminum,0.039,2,$373.60,3.23,$387.28,$256.46,51.01,$432.62
CE,Celanese Corp.,0.039,2,$46.00,2.82,$47.09,$35.07,34.27,$70.65
IDT,IDT Corp. CL B,0.039,1,,3.23,$67.46,$45.54,48.13,$72.13
SWKS,Skyworks Solutions Inc.,0.039,1,,3.18,$89.34,$51.48,73.54,$92.80
STT,State Street Corp.,0.038,5,$169.60,1.93,$181.34,$102.75,76.49,$195.93
NVO,Novo Nordisk A S,0.038,4,$47.94,1.05,$38.80,$34.20,13.45,$61.21
EW,Edwards Lifesciences Corp.,0.038,2,$90.46,3.09,$86.29,$72.30,19.35,$96.29
IBP,Installed Building Products,0.038,2,$229.84,3.07,$200.23,$192.37,4.09,$344.87
PCG,PG&E Corp.,0.038,2,$16.82,2.85,$12.34,$12.02,2.66,$19.04
STRL,Sterling Construction Co. Inc.,0.038,1,,3.13,$512.29,$281.58,81.93,$1005.68
FPH,Five Point Holdings LLC,0.038,1,,3.11,$4.75,$4.55,4.40,$6.47
LMT,Lockheed Martin Corp.,0.037,5,$509.46,1.38,$519.56,$429.47,20.98,$683.27
AEP,American Electric Power,0.037,3,$136.81,1.72,$118.35,$104.89,12.83,$139.52
LH,Labcorp Holdings Inc.,0.037,3,$280.00,1.92,$309.64,$242.07,27.91,$341.06
FNV,Franco Nevada Corp.,0.037,2,$208.45,1.81,$257.87,$180.18,43.12,$284.12
FMX,Fomento Economico Mexicano,0.037,2,$127.90,2.74,$119.62,$84.80,41.06,$141.47
ALGN,Align Technology Inc.,0.037,1,,3.07,$146.78,$123.02,19.31,$200.44
RBLX,Roblox Corp.,0.037,1,,3.04,$46.44,$33.88,37.07,$142.00
MICC,Magnum Ice Cream Co NV,0.036,7,$16.98,0.91,$18.98,$12.94,46.68,$20.69
ONON,On Holding AG,0.036,4,$35.42,2.88,$29.96,$26.37,13.61,$51.08
CARR,Carrier Global Corp.,0.036,4,$73.35,1.74,$56.37,$49.67,13.49,$76.49
SNOW,Snowflake Inc.,0.036,3,$254.50,2.25,$335.94,$118.30,183.97,$384.56
YUM,Yum! Brands Inc.,0.036,3,$159.86,2.01,$138.63,$134.26,3.25,$169.29
EL,Estee Lauder Cos.,0.036,3,$78.94,2.87,$94.47,$65.74,43.70,$120.38
SPHR,Sphere Entertainment Co.,0.036,2,$173.03,2.87,$141.13,$57.01,147.55,$181.63
AWI,Armstrong World Industries Inc.,0.036,2,$160.42,1.50,$162.81,$150.00,8.54,$204.82
TPG,Tpg Inc,0.036,1,,2.92,$44.39,$36.07,23.07,$67.83
CPAY,Corpay Inc.,0.036,1,,2.99,$398.11,$252.84,57.46,$427.46
WMT,Walmart Inc.,0.035,6,$113.26,2.76,$107.98,$98.06,10.12,$134.83
BF.A,Brown-Forman Corp. CL A,0.035,3,$27.36,2.22,$26.69,$22.63,17.94,$30.62
TW,Tradeweb Markets Inc.,0.035,3,$99.66,1.63,$101.19,$91.30,10.83,$127.35
EMBJ,Embraer SA,0.035,3,$63.80,2.09,$78.63,$53.26,47.63,$80.29
BRO,Brown & Brown Inc.,0.035,3,$64.15,1.62,$60.82,$53.69,13.28,$95.63
TRGP,Targa Resources Corp.,0.035,2,$268.14,2.83,$277.84,$141.11,96.90,$307.94
RGEN,Repligen Corp.,0.035,2,$136.44,2.44,$189.68,$100.99,87.82,$192.49
CDNS,Cadence Design Systems,0.035,2,$375.32,2.81,$326.13,$262.75,24.12,$416.69
UNF,UniFirst Corp.,0.035,2,$264.46,2.03,$259.09,$146.76,76.54,$306.26
ULS,Ul Solutions Inc Class A,0.035,1,,2.91,$66.05,$63.17,4.56,$107.17
PRVA,Privia Health Group Inc.,0.035,1,,2.91,$19.71,$18.92,4.18,$28.82
VOO,Vanguard S&P 500 ETF,0.034,6,$686.82,1.77,$710.79,$576.78,23.23,$716.39
TCOM,Trip.com Group Ltd,0.034,3,$39.84,1.50,$39.43,$38.04,3.65,$78.99
CPB,Campbell's Co.,0.034,3,$22.27,2.60,$19.37,$19.23,0.73,$30.77
BR,Broadridge Financial Solutions,0.034,2,$136.95,1.49,$163.77,$133.01,23.13,$233.40
WSO,Watsco Inc.,0.034,2,$416.73,1.90,$317.23,$295.75,7.26,$455.09
IMO,Imperial Oil Ltd.,0.034,2,$112.17,2.51,$122.86,$82.02,49.79,$138.09
CBRS,Cerebras Systems Inc A,0.034,1,,2.76,$206.75,$160.81,28.57,$386.34
CMPR,Cimpress plc,0.034,1,,2.77,$79.79,$60.59,31.69,$106.58
MIDD,Middleby Corp.,0.034,1,,2.82,$107.66,$88.87,21.14,$148.55
EFA,iShares MSCI EAFE ETF,0.033,5,$103.87,2.39,$105.56,$88.19,19.70,$108.89
WY,Weyerhaeuser Co.,0.033,4,$23.94,2.02,$20.01,$19.91,0.50,$27.03
LOW,Lowe's Cos.,0.033,3,$220.49,1.43,$189.28,$187.15,1.14,$289.87
CTO,CTO Realty Growth Inc.,0.033,1,,2.74,$20.72,$13.94,48.64,$22.31
GPK,Graphic Packaging Hldg Co.,0.033,1,,2.69,$9.38,$8.59,9.20,$18.93
ATS,Ats Corp,0.033,1,,2.67,$19.10,$18.41,3.75,$35.82
FER,Ferrovial Se,0.033,1,,2.72,$55.83,$53.91,3.56,$74.07
KNSL,Kinsale Capital Group Inc.,0.033,1,,2.67,$330.49,$287.01,15.15,$483.75
VRSK,Verisk Analytics Inc.,0.032,5,$179.53,1.65,$169.21,$155.10,9.10,$250.83
HCA,HCA Healthcare Inc.,0.032,5,$389.89,2.12,$435.61,$353.34,23.28,$553.56
BSX,Boston Scientific,0.032,5,$42.68,2.29,$43.92,$42.20,4.08,$105.65
CSX,CSX Corp.,0.032,3,$47.53,2.15,$46.78,$33.15,41.12,$53.45
WMB,Williams Cos.,0.032,3,$74.34,2.57,$69.26,$54.53,27.01,$78.91
CASY,Casey's Gen'l Stores,0.032,3,$794.80,1.98,$598.46,$496.20,20.61,$927.15
VRTX,Vertex Pharmaceuticals,0.032,2,$496.73,1.51,$526.19,$379.72,38.57,$560.25
WPM,Wheaton Precious Metals Corp.,0.032,2,$112.32,2.63,$142.92,$92.01,55.33,$165.03
CLH,Clean Harbors Inc.,0.032,2,$298.75,2.59,$313.04,$201.34,55.48,$335.94
RDDT,Reddit Inc Cl A,0.032,2,$173.58,1.83,$149.84,$119.27,25.63,$263.50
LII,Lennox International,0.032,1,,2.60,$373.77,$350.22,6.72,$587.27
GGG,Graco Inc.,0.032,1,,2.63,$77.86,$72.23,7.79,$94.99
ITUB,ita Unibanco Holding S.A.,0.032,1,,2.59,$8.11,$6.06,33.83,$9.46
MTN,Vail Resorts Inc.,0.031,4,$136.15,2.23,$136.11,$116.69,16.64,$160.49
LEN.B,Lennar Corp. CL B,0.031,4,$88.71,2.12,$80.49,$74.44,8.13,$123.45
MAS,Masco Corp.,0.031,3,$81.37,1.33,$68.85,$57.51,19.72,$83.27
TME,Tencent Music Entertainment Grp,0.031,3,$8.35,1.49,$8.39,$7.70,8.96,$23.61
BAP,Credicorp Ltd.,0.031,3,$389.58,1.08,$386.16,$230.45,67.57,$413.25
A,Agilent Technologies,0.031,2,$132.83,2.53,$172.79,$108.14,59.78,$174.77
TTWO,Take-Two Interactive Software,0.031,2,$249.98,1.89,$201.44,$187.63,7.36,$265.94
JBS,Jbs Nv A,0.031,2,$11.85,2.54,$11.57,$11.21,3.21,$17.27
FIS,Fidelity National Information Services,0.031,2,$38.88,1.56,$35.41,$34.22,3.48,$66.59
RLI,RLI Corp.,0.031,2,$59.07,1.48,$55.69,$45.14,23.37,$66.81
WHK,Whitehawk Minerals Corp Cl A,0.031,1,,2.56,$26.26,$25.24,4.04,$29.07
JELD,JELD-WEN Holding Inc.,0.031,1,,2.53,$1.84,$0.93,97.85,$5.18
WFRD,Weatherford International plc,0.031,1,,2.51,$85.08,$60.12,41.52,$112.79
RMD,ResMed Inc.,0.031,1,,2.54,$222.00,$179.75,23.50,$281.89
IBM,International Business Machines,0.030,5,$281.21,2.36,$225.51,$197.77,14.03,$330.09
CL,Colgate-Palmolive,0.030,5,$91.68,1.24,$86.06,$73.21,17.55,$98.15
PAYX,Paychex Inc.,0.030,2,$98.33,2.35,$101.37,$83.50,21.40,$127.98
FOUR,Shift4 Payments Inc. CL A,0.030,2,$48.64,2.09,$38.45,$34.56,11.26,$80.98
SDRL,Seadrill Ltd,0.030,2,$37.82,2.45,$45.57,$28.10,62.17,$55.47
TRIP,TripAdvisor Inc.,0.030,2,$13.71,1.62,$8.41,$8.02,4.86,$17.82
BE,Bloom Energy Corp.,0.030,2,$302.69,2.36,$288.70,$66.62,333.35,$351.28
NWSA,News Corp.,0.030,2,$24.83,2.32,$28.49,$22.03,29.32,$31.55
ZBRA,Zebra Technologies Corp.,0.030,2,$263.26,2.42,$370.04,$199.05,85.90,$386.23
TTC,Toro Co.,0.030,2,$97.42,2.39,$97.15,$66.72,45.61,$104.28
PEG,Public Serv. Enterprise Inc.,0.030,2,$81.16,2.42,$67.02,$66.15,1.32,$85.40
LAZ,Lazard Inc.,0.030,2,$41.94,2.41,$36.72,$35.16,4.44,$57.45
CHRW,C.H. Robinson Worldwide,0.030,2,$188.34,1.33,$147.10,$121.78,20.79,$209.43
NXT,Nextracker Inc Cl A,0.030,1,,2.49,$80.85,$70.92,14.00,$163.13
ESRT,Empire State Realty Trust Inc.,0.030,1,,2.45,$4.11,$3.93,4.58,$7.83
OCSL,Oaktree Specialty Lending Corp,0.030,1,,2.49,$12.10,$10.07,20.16,$12.98
CSL,Carlisle Companies,0.029,4,$362.75,1.62,$326.37,$290.64,12.29,$428.80
DPC,Dpc Holdings Plc,0.029,4,$49.06,2.27,$41.03,$37.65,8.98,$57.25
BMRN,BioMarin Pharmaceutical Inc.,0.029,3,$57.22,1.24,$60.26,$49.26,22.33,$70.98
SUI,Sun Communities Inc.,0.029,3,$119.91,1.75,$112.26,$110.39,1.69,$135.36
CPRI,Capri Holdings Ltd,0.029,2,$18.57,2.29,$15.10,$12.40,21.77,$28.27
PTEN,Patterson-UTI Energy Inc.,0.029,1,,2.41,$10.91,$4.89,123.11,$13.39
VSEC,VSE Corp.,0.028,3,$228.50,2.18,$180.77,$154.36,17.11,$247.85
WST,West Pharmaceutical Services,0.028,2,$358.99,1.85,$370.44,$223.52,65.73,$385.75
PBH,Prestige Consumer Healthcare,0.028,2,$47.27,2.29,$46.61,$42.62,9.36,$71.07
AMLP,Alerian MLP ETF,0.028,1,,2.26,$53.05,$41.24,28.64,$56.43
MNST,Monster Beverage Corp.,0.028,1,,2.28,$43.11,$32.21,33.84,$50.17
FDXF,FedEx Freight Holding Co.,0.027,5,$151.00,1.02,$113.18,$113.12,0.05,$200.00
VEA,Vanguard FTSE Developed ETF,0.027,5,$71.25,1.63,$71.84,$57.35,25.27,$73.85
BLCO,Bausch + Lomb Corp,0.027,3,$16.56,1.51,$16.86,$13.77,22.44,$18.92
DINO,HF Sinclair Corp.,0.027,3,$69.65,1.99,$106.82,$44.66,139.18,$118.39
NESR,National Energy Services Reunited Corp.,0.027,3,$29.93,2.18,$32.13,$9.95,222.91,$36.94
GLIBK,GCI Liberty Inc. Series C,0.027,2,$21.56,2.18,$23.55,$19.30,22.02,$41.18
EXP,Eagle Materials Inc.,0.027,2,$225.00,2.21,$178.49,$171.56,4.04,$245.20
COIN,Coinbase Global Inc.,0.027,1,,2.24,$195.11,$139.11,40.26,$402.16
HLF,Herbalife Nutrition Ltd.,0.027,1,,2.25,$12.55,$7.56,66.01,$20.40
BOKF,BOK Financial Corp.,0.027,1,,2.25,$131.77,$100.84,30.67,$146.20
FAF,First Amer'n Corp.,0.027,1,,2.21,$66.27,$55.74,18.89,$79.87
CVSA,Covista Inc.,0.027,1,,2.20,$120.75,$86.97,38.84,$156.26
KSPI,Jsc Kaspi.kz ADR,0.026,7,$86.62,0.96,$95.67,$64.26,48.88,$107.58
TFC,Truist Financial Corp.,0.026,4,$49.82,2.06,$47.66,$39.11,21.86,$54.51
ITRN,Ituran Location & Control Ltd.,0.026,3,$61.01,1.93,$51.69,$32.97,56.78,$67.77
FOSL,Fossil Inc.,0.026,2,$4.14,2.10,$6.20,$1.70,264.71,$6.50
GNTX,Gentex Corp.,0.026,2,$25.27,2.09,$22.58,$20.26,11.45,$28.43
CDW,CDW Corp.,0.026,2,$140.64,1.09,$135.43,$96.09,40.94,$163.67
DOX,Amdocs Ltd.,0.026,2,$50.54,2.07,$57.71,$49.24,17.20,$83.39
BBIO,BridgeBio Pharma Inc.,0.026,2,$74.48,2.11,$65.57,$48.88,34.14,$93.42
AIG,American International Group,0.026,2,$74.53,2.02,$74.17,$69.90,6.11,$85.64
FLS,Flowserve Corp.,0.026,2,$74.16,2.10,$73.82,$48.14,53.34,$91.59
BKV,Bkv Corporation,0.026,1,,2.17,$21.81,$20.08,8.62,$32.81
DHT,DHT Holdings Inc.,0.026,1,,2.13,$21.78,$9.43,130.97,$23.56
DVA,DaVita HealthCare Partners,0.026,1,,2.15,$178.47,$101.00,76.70,$247.49
TECK,Teck Resources,0.026,1,,2.14,$66.05,$37.75,74.97,$72.46
VAC,Marriott Vacations Worldwide,0.026,1,,2.16,$102.82,$42.68,140.91,$130.30
NFG,National Fuel Gas,0.026,1,,2.15,$78.99,$74.64,5.83,$96.03
SPCX,Space Exploration Technologies Corp.,0.025,5,$170.86,0.67,$148.68,$104.83,41.83,$225.64
BUD,Anheuser-Busch InBev,0.025,4,$82.40,1.27,$78.00,$57.42,35.84,$86.60
VOYA,Voya Financial Inc.,0.025,3,$90.53,1.08,$97.27,$63.83,52.39,$105.64
KVUE,Kenvue Inc,0.025,3,$19.11,1.90,$17.80,$13.22,34.64,$19.67
VSNT,Versant Media Group Inc.,0.025,3,$36.01,1.77,$32.80,$26.61,23.26,$45.11
MAA,Mid-America Apt Communties,0.025,2,$138.94,2.00,$118.35,$116.67,1.44,$142.76
COTY,Coty Inc.,0.025,2,$2.16,2.00,$2.65,$1.82,45.60,$4.47
ATI,Allegheny Technologies Inc.,0.025,2,$197.10,1.39,$185.48,$76.78,141.57,$243.57
ISRG,Intuitive Surgical Inc.,0.025,2,$397.68,1.53,$405.18,$328.57,23.32,$603.88
EOG,EOG Resources,0.025,2,$129.73,1.99,$140.35,$99.12,41.60,$154.16
SJM,J.M. Smucker Co,0.025,2,$112.50,2.02,$121.00,$86.47,39.93,$135.89
INSM,Insmed Inc.,0.025,1,,2.07,$117.83,$90.39,30.36,$212.75
FBTC,Fidelity Wise Origin Bitcoin,0.025,1,,2.07,$73.05,$50.48,44.71,$110.25
KBR,KBR Inc.,0.025,1,,2.07,$34.54,$29.67,16.41,$47.49
SHEN,Shenandoah Telecommunications Co.,0.025,1,,2.06,$11.76,$9.67,21.61,$17.35
BIDU,Baidu Inc.,0.024,4,$114.29,1.98,$87.33,$86.69,0.74,$165.30
MTB,M&T Bank Corp.,0.024,3,$238.01,1.52,$221.19,$169.89,30.20,$254.31
WRBY,Warby Parker Inc.,0.024,3,$30.34,1.89,$26.71,$14.96,78.54,$31.00
AXTA,Axalta Coating Systems Ltd.,0.024,2,$34.22,1.18,$32.89,$24.94,31.88,$38.61
UHS,Universal Health Services Inc.,0.024,2,$148.69,1.12,$178.86,$139.92,27.83,$245.26
PR,Permian Resources Corp.,0.024,2,$18.41,1.97,$21.36,$11.52,85.42,$24.48
ANET,Arista Networks Inc.,0.024,2,$169.88,1.94,$206.55,$114.52,80.36,$214.89
ECPG,Encore Capital Group Inc.,0.024,1,,1.94,$98.41,$39.95,146.33,$104.98
COLD,Americold Realty Trust,0.024,1,,1.98,$14.74,$9.59,53.70,$16.88
JXN,Jackson Financial Inc.,0.024,1,,1.94,$133.12,$86.88,53.22,$140.33
FCX,Freeport-McMoran Inc.,0.024,1,,2.00,$72.31,$34.91,107.13,$80.24
SPB,Spectrum Brands Holdings Inc.,0.023,4,$85.75,1.23,$84.91,$48.72,74.28,$98.53
LAMR,Lamar Advertising Co.,0.023,3,$155.98,1.64,$143.98,$109.09,31.98,$164.46
CAG,Conagra Brands Inc.,0.023,3,$13.46,1.76,$14.32,$12.39,15.58,$19.59
ADPT,Adaptive Biotechnologies Corp.,0.023,2,$21.45,1.83,$29.43,$12.00,145.25,$29.96
BATRK,Atlanta Braves Holdings Inc. Series C,0.023,2,$51.90,1.64,$54.26,$37.76,43.70,$54.46
AGX,Argan Inc.,0.023,2,$798.55,1.80,$364.29,$254.39,43.20,$805.09
PANW,Palo Alto Networks,0.023,2,$341.02,1.88,$374.74,$139.57,168.50,$398.88
WEC,WEC Energy Group,0.023,1,,1.92,$101.45,$100.14,1.31,$118.87
SHC,Sotera Health Co,0.023,1,,1.88,$18.34,$13.09,40.11,$19.85
PDRDF,Pernod Ricard,0.023,1,,1.92,$67.25,$65.28,3.02,$100.83
SWK,Stanley Black & Decker Inc.,0.023,1,,1.92,$91.40,$59.35,54.00,$103.78
WTM,White Mountains Insurance,0.023,1,,1.85,$2028.62,$1647.25,23.15,$2333.00
BYD,Boyd Gaming Corp.,0.023,1,,1.92,$71.23,$69.90,1.90,$91.17
LNT,Alliant Energy,0.023,1,,1.86,$63.60,$62.41,1.91,$78.22
CHRD,Chord Energy,0.023,1,,1.87,$136.27,$80.76,68.73,$157.06
TRV,Travelers Companies Inc.,0.022,4,$330.13,0.71,$363.04,$248.46,46.12,$397.34
ABEV,Ambev S.A.,0.022,3,$3.14,1.81,$2.91,$2.07,40.58,$3.42
HSIC,Henry Schein Inc.,0.022,3,$83.52,1.54,$86.37,$61.95,39.42,$92.18
GILD,Gilead Sciences,0.022,3,$126.34,1.57,$150.93,$105.84,42.60,$154.51
IWF,iShares Russell 1000 Growth ETF,0.022,3,$124.17,1.08,$126.25,$102.05,23.71,$128.91
GHC,Graham Holdings Co.,0.022,2,$1141.45,1.74,$1154.89,$923.50,25.06,$1262.35
IR,Ingersoll Rand Inc.,0.022,2,$81.99,0.92,$76.08,$68.05,11.80,$100.89
ECHO,EchoStar Corp.,0.022,2,$101.50,1.73,$90.11,$65.76,37.03,$147.25
CTVA,Corteva Inc.,0.022,2,$84.69,1.84,$78.52,$59.97,30.93,$90.87
PRMB,Primo Brands Corp,0.022,2,$24.44,1.77,$19.50,$14.04,38.89,$26.08
KRC,Kilroy Realty Corp.,0.022,1,,1.83,$34.23,$26.89,27.30,$41.55
UMBF,UMB Financial Corp.,0.022,1,,1.79,$135.82,$101.90,33.29,$152.78
JD,JD.com Inc.,0.021,5,$25.48,1.17,$26.51,$23.66,12.05,$35.59
ROL,Rollins Inc.,0.021,4,$41.74,0.57,$30.03,$29.74,0.98,$65.40
NTRS,Northern Trust Corp.,0.021,3,$173.84,1.69,$175.73,$118.61,48.16,$194.86
TKR,Timken Co.,0.021,3,$145.31,1.72,$117.45,$69.62,68.70,$145.98
CMCO,Columbus McKinnon Corp.,0.021,2,$15.13,1.71,$16.83,$11.95,40.84,$24.13
WIX,Wix.com Ltd.,0.021,2,$44.27,0.90,$73.79,$40.16,83.74,$181.11
ROK,Rockwell Automation Inc.,0.021,2,$495.08,1.17,$434.15,$328.32,32.23,$495.83
PSKY,Paramount Skydance Corp.,0.021,2,$9.86,0.99,$9.96,$7.58,31.40,$19.72
INGR,Ingredion Inc.,0.021,1,,1.72,$96.72,$93.62,3.31,$121.53
LBTYK,Liberty Global Ltd CL C,0.021,1,,1.74,$9.26,$9.03,2.55,$13.12
VNT,Vontier Corp.,0.021,1,,1.70,$31.48,$27.21,15.69,$48.09
VRSN,Verisign Inc.,0.020,3,$251.56,0.76,$287.25,$206.93,38.82,$311.57
CMI,Cummins Inc.,0.020,3,$713.22,1.05,$525.06,$394.95,32.94,$735.02
XP,XP Inc.,0.020,2,$16.26,1.34,$20.51,$14.80,38.58,$22.83
SD,SandRidge Energy Inc.,0.020,2,$13.70,0.84,$13.87,$10.64,30.36,$17.78
ROG,Rogers Corp.,0.020,2,$163.73,1.61,$137.76,$75.14,83.34,$169.00
CLB,Core Laboratories Inc.,0.020,1,,1.63,$10.39,$9.78,6.24,$20.32
ACGL,Arch Capital Group Ltd.,0.020,1,,1.67,$94.66,$82.45,14.81,$107.09
TGT,Target Corp.,0.019,4,$130.61,1.21,$157.45,$81.20,93.90,$170.75
DEI,Douglas Emmett Inc.,0.019,3,$11.80,1.30,$9.82,$8.79,11.72,$15.00
HP,Helmerich & Payne,0.019,2,$32.75,1.46,$38.57,$21.04,83.32,$48.17
VYM,Vanguard High Dvd Yield ETF,0.019,2,$158.03,1.42,$157.68,$134.14,17.55,$166.68
LLYVA,Liberty Media Corp. Series A Live,0.019,2,$101.26,1.41,$96.32,$77.12,24.90,$106.06
ST,Sensata Technologies Holding,0.019,2,$47.74,1.27,$42.19,$27.92,51.11,$53.75
LILAK,Liberty LiLAC Group C,0.019,1,,1.56,$8.49,$4.76,78.36,$8.92
HAE,Haemonetics Corp.,0.019,1,,1.54,$105.30,$47.32,122.53,$110.45
DNOW,NOW Inc.,0.018,4,$12.97,0.67,$15.93,$10.94,45.61,$17.26
BNS,Bank of Nova Scotia,0.018,3,$86.81,1.18,$93.48,$61.04,53.15,$95.74
AR,Antero Resources,0.018,2,$35.14,1.42,$35.00,$29.10,20.27,$45.75
ADM,Archer-Daniels-Midland,0.018,2,$76.40,0.88,$81.12,$54.00,50.22,$88.75
VSAT,Viasat Inc.,0.018,2,$89.81,1.50,$73.02,$26.10,179.77,$93.03
AMH,American Homes 4 Rent,0.018,2,$33.52,1.40,$30.64,$26.66,14.93,$34.70
SKY,Skyline Champion Corp.,0.018,2,$88.12,1.42,$87.72,$63.69,37.73,$99.17
LHX,L3Harris Technologies Inc.,0.018,2,$290.59,1.49,$237.69,$236.79,0.38,$374.59
FG,F&G Annuities & Life Inc.,0.018,1,,1.44,$22.12,$19.95,10.88,$34.01
EQX,Equinox Gold Corp,0.018,1,,1.47,$11.94,$8.47,40.97,$18.88
SWX,Southwest Gas Holdings Inc.,0.018,1,,1.51,$82.44,$74.55,10.58,$93.81
CRWV,Coreweave Inc Cl A,0.018,1,,1.44,$87.59,$60.55,44.66,$153.20
PAYC,Paycom Software Inc.,0.017,3,$125.68,0.70,$220.46,$104.16,111.66,$244.98
FDS,FactSet Research Systems,0.017,3,$230.08,0.65,$273.08,$182.47,49.66,$320.48
BKD,Brookdale Senior Living Inc.,0.017,3,$16.09,1.27,$11.11,$7.97,39.40,$17.09
AMP,Ameriprise Financial Inc.,0.017,3,$458.73,0.90,$493.00,$419.52,17.52,$572.56
CTAS,Cintas Corp.,0.017,3,$170.08,1.38,$199.91,$160.31,24.70,$218.60
BXP,BXP Inc.,0.017,3,$66.31,1.04,$63.40,$48.54,30.61,$74.94
RRX,Regal Rexnord Corp.,0.017,2,$238.19,1.43,$156.18,$127.19,22.79,$247.80
ITIC,Investors Title Co.,0.017,2,$273.68,0.96,$286.06,$208.58,37.15,$309.07
MMYT,MakeMyTrip Ltd,0.017,2,$53.29,1.39,$46.75,$32.67,43.10,$98.01
NAMS,Newamsterdam Pharma Co Nv,0.017,2,$33.89,1.00,$22.58,$21.02,7.42,$42.21
PINS,Pinterest Inc.,0.017,2,$21.03,1.14,$18.90,$13.84,36.56,$35.42
MANE,Veradermics Inc,0.017,2,$122.94,0.88,$116.57,$32.00,264.28,$131.24
EXPE,Expedia Group Inc.,0.017,2,$255.88,1.43,$264.17,$184.28,43.35,$341.51
DGX,Quest Diagnostics,0.017,2,$212.00,1.42,$236.32,$168.97,39.86,$248.84
JBLU,JetBlue Airways Corp.,0.017,1,,1.43,$4.40,$3.87,13.70,$6.62
STUB,Stubhub Holdings Inc Class A,0.017,1,,1.39,$5.44,$5.23,4.02,$21.49
FSV,Firstservice Corp,0.017,1,,1.41,$128.62,$119.15,7.95,$191.44
MATW,Matthews Intl Corp. A,0.017,1,,1.37,$18.95,$18.94,0.05,$30.32
ALX,Alexander's Inc.,0.017,1,,1.42,$247.12,$190.65,29.62,$284.73
AKAM,Akamai Technologies Inc.,0.017,1,,1.40,$113.94,$70.82,60.89,$165.45
NTES,NetEase.com Inc.,0.016,3,$128.14,0.80,$115.41,$105.01,9.90,$152.74
POOL,Pool Corp.,0.016,2,$214.93,1.06,$164.91,$160.38,2.82,$306.05
RGA,Reinsurance Group of America Inc.,0.016,2,$212.65,1.33,$248.65,$175.13,41.98,$257.81
GSHD,Goosehead Insurance Inc.,0.016,2,$48.50,0.87,$45.23,$33.68,34.29,$79.85
FUL,H.B. Fuller Co.,0.016,2,$58.29,1.30,$50.06,$46.70,7.19,$68.05
PRM,Perimeter Solutions SA,0.016,2,$35.65,1.11,$29.11,$19.70,47.77,$38.17
SHAZ,Sharonai Holdings Inc,0.016,2,$84.66,0.65,$54.68,$1.90,2777.89,$178.00
NOC,Northrop Grumman Corp.,0.016,2,$509.32,1.24,$510.52,$476.85,7.06,$767.12
BAM,Brookfield Asset Management,0.016,2,$44.85,0.75,$44.59,$41.36,7.81,$57.07
UPBD,Upbound Group Inc.,0.016,1,,1.29,$16.09,$14.83,8.50,$23.10
OSG,Octave Specialty Group Inc.,0.016,1,,1.34,$4.19,$3.88,7.99,$10.38
ACIW,ACI Worldwide Inc.,0.016,1,,1.28,$49.51,$38.05,30.12,$61.08
SAM,Boston Beer Company,0.016,1,,1.35,$163.77,$158.68,3.21,$264.46
AZO,AutoZone Inc.,0.016,1,,1.34,$2872.16,$2764.88,3.88,$4332.68
NICE,Nice Ltd Spon ADR,0.016,1,,1.32,$112.81,$83.10,35.75,$149.29
NVS,Novartis AG,0.015,5,$156.73,0.84,$145.46,$118.00,23.27,$165.46
FITB,Fifth Third Bancorp,0.015,3,$56.37,0.65,$52.10,$39.08,33.32,$59.50
NTR,Nutrien Ltd.,0.015,2,$62.95,1.04,$72.23,$51.72,39.66,$83.98
WRB,W.R. Berkley Corp.,0.015,2,$70.53,1.21,$66.82,$62.22,7.39,$77.34
DLR,Digital Realty Trust Inc.,0.015,2,$179.58,1.18,$178.61,$143.30,24.64,$206.06
ARLP,Alliance Resource Partners LP,0.015,2,$23.98,1.06,$25.15,$20.88,20.45,$28.08
MKTX,MarketAxess Holdings Inc.,0.015,2,$113.50,1.25,$164.19,$108.23,51.70,$193.95
CALM,Cal-Maine Foods Inc.,0.015,2,$80.56,1.18,$67.43,$66.62,1.22,$98.94
MTH,Meritage Homes Corp.,0.015,1,,1.26,$64.98,$57.22,13.56,$84.75
CRK,Comstock Resources Inc.,0.015,1,,1.26,$13.12,$12.12,8.25,$28.10
PB,Prosperity Bancshares Inc.,0.015,1,,1.19,$67.77,$59.01,14.84,$75.23
OPCH,Option Care Health Inc.,0.015,1,,1.26,$23.07,$18.01,28.10,$36.80
YPF,YPF S.A.,0.015,1,,1.19,$52.10,$23.02,126.32,$57.87
CLW,Clearwater Paper Corp.,0.015,1,,1.26,$20.34,$11.73,73.40,$23.59
DOLE,Dole Food Company,0.015,1,,1.25,$12.98,$12.22,6.22,$16.27
HLN,Haleon Plc ADR,0.014,5,$9.33,0.73,$9.26,$8.59,7.80,$11.06
IVV,Ishares Core S&P 500 ETF,0.014,3,$748.90,0.86,$774.83,$628.63,23.26,$780.83
GD,General Dynamics,0.014,3,$354.24,1.05,$336.72,$305.43,10.24,$400.00
SBAC,SBA Communications Corp.,0.014,2,$176.46,1.14,$166.15,$160.33,3.63,$221.58
BCS,Barclays plc ADR,0.014,2,$26.86,1.16,$24.81,$18.86,31.55,$28.37
SUPN,Supernus Pharmaceuticals,0.014,1,,1.14,$42.66,$40.51,5.31,$59.68
VLO,Valero Energy,0.014,1,,1.12,$387.18,$152.07,154.61,$419.04
ICFI,ICF International Inc.,0.014,1,,1.15,$83.56,$58.62,42.55,$97.47
ALG,Alamo Group Inc.,0.014,1,,1.11,$159.45,$145.46,9.62,$219.00
ADT,ADT Inc.,0.014,1,,1.16,$6.40,$6.10,4.92,$8.61
JAZZ,Jazz Pharmaceuticals plc,0.013,2,$240.97,1.10,$237.95,$125.79,89.16,$266.38
TAC,TransAlta Corp.,0.013,2,$13.83,1.10,$11.53,$11.29,2.13,$17.62
AXS,Axis Capital Holdings Ltd.,0.013,2,$107.44,1.00,$94.45,$86.98,8.59,$119.99
FMS,Fresenius Medical Care AG & Co KCaG,0.013,2,$22.61,1.00,$22.69,$19.24,17.93,$26.57
ABR,Arbor Realty Trust Inc.,0.013,2,$5.42,0.78,$4.03,$4.02,0.25,$11.02
VMRK,Vivmark Residential,0.013,2,$67.93,1.07,$61.51,$56.30,9.25,$71.50
COMP,Compass Inc.,0.013,2,$12.33,0.66,$9.38,$6.37,47.25,$13.96
FOXA,Fox Corporation,0.013,2,$52.16,0.76,$63.07,$48.13,31.04,$75.68
CASH,Meta Financial Group Inc.,0.013,1,,1.10,$73.80,$65.71,12.31,$101.13
AGCO,AGCO Corp.,0.013,1,,1.06,$118.02,$98.22,20.16,$142.68
HWM,Howmet Aerospace Inc.,0.013,1,,1.06,$232.48,$183.45,26.73,$309.85
MNRO,Monro Inc.,0.013,1,,1.05,$13.74,$10.82,26.99,$22.69
RWAY,Runway Growth Finance Corp,0.013,1,,1.04,$6.78,$4.94,37.25,$8.68
CPRX-OLD,Catalyst Pharmaceuticals Inc.,0.013,1,,1.06,$31.50,$19.05,65.35,$32.56
MSTR,MicroStrategy Inc.,0.013,1,,1.03,$158.61,$81.81,93.88,$365.21
COLL,Collegium Pharmaceutical Inc.,0.013,1,,1.06,$22.53,$21.65,4.06,$50.79
MYRG,MYR Group Inc.,0.013,1,,1.05,$292.58,$190.14,53.88,$503.57
G,Genpact Ltd.,0.012,5,$27.50,0.44,$33.10,$26.71,23.92,$47.87
SNY,Sanofi Aventis,0.012,4,$42.66,0.63,$41.11,$40.66,1.11,$49.91
DOW,Dow Inc.,0.012,3,$27.36,1.00,$28.02,$19.68,42.38,$41.82
TREX,Trex Company Inc.,0.012,2,$50.04,0.91,$44.79,$29.77,50.45,$54.30
EXR,Extra Space Storage Inc.,0.012,2,$145.30,0.93,$133.35,$120.04,11.09,$157.03
BKR,Baker Hughes Co.,0.012,2,$55.50,1.01,$57.83,$43.24,33.74,$69.92
NE,Noble Corp.,0.012,2,$37.30,0.86,$42.82,$25.46,68.19,$53.83
DAR,Darling Ingredients Inc.,0.012,2,$54.62,0.96,$61.29,$29.15,110.26,$69.98
KALU,Kaiser Aluminum Corp.,0.012,2,$195.62,0.93,$152.55,$72.06,111.70,$199.89
CRDO,Credo Technology Group Holdi,0.012,2,$271.95,1.00,$210.97,$86.49,143.92,$308.67
KN,Knowles Corp.,0.012,2,$41.48,0.94,$37.53,$20.57,82.45,$42.93
UGI,UGI Corp.,0.012,2,$34.54,0.99,$36.51,$30.36,20.26,$40.08
GL,Globe Life Inc.,0.012,2,$178.68,0.71,$167.04,$127.06,31.47,$191.55
XMTR,Xometry Inc.,0.012,1,,0.95,$100.57,$35.86,180.45,$107.93
SMG,Scotts Miracle-Gro Co.,0.012,1,,0.96,$50.89,$49.95,1.88,$74.53
PBF,PBF Energy Inc.,0.012,1,,0.95,$73.69,$25.16,192.89,$82.61
FWONA,Liberty Media Corp Formula One Series A,0.012,1,,0.95,$86.46,$73.70,17.31,$99.52
WCN,Waste Connections,0.012,1,,0.99,$155.56,$146.58,6.13,$178.40
BBW,Build-A-Bear Workshop Inc.,0.012,1,,0.97,$25.77,$23.94,7.64,$72.46
BATRA,Atlanta Braves Holdings Inc. Series A,0.012,1,,1.01,$59.03,$41.50,42.24,$59.20
IVZ,Invesco Ltd,0.012,1,,1.01,$30.92,$20.03,54.37,$33.66
EDU,New Oriental Education & Technology,0.012,1,,0.99,$56.47,$44.25,27.62,$64.22
MDB,MongoDB Inc.,0.012,1,,0.99,$410.44,$215.68,90.30,$473.10
FOA,Finance Of America Companies Inc.,0.012,1,,1.00,$14.49,$13.73,5.54,$29.79
YMM,Full Truck Alliance Spn ADR,0.012,1,,0.96,$8.13,$7.38,10.16,$13.69
VTOL,Bristow Group Inc.,0.012,1,,0.95,$42.62,$34.73,22.72,$50.10
SU,Suncor Energy Inc.,0.011,4,$53.69,0.71,$68.19,$36.63,86.16,$72.06
HRL,Hormel Foods Corp.,0.011,3,$24.82,0.77,$19.71,$19.42,1.49,$26.43
ACMR,ACM Research Inc.,0.011,3,$126.89,0.92,$77.30,$28.46,171.61,$127.19
AUR,Aurora Innovation Inc.,0.011,3,$6.82,0.72,$6.04,$3.60,67.78,$8.57
SOFI,SoFi Technologies Inc.,0.011,2,$17.93,0.90,$16.58,$14.88,11.42,$32.73
PHG,Koninklijke Philips Electronics NV,0.011,2,$27.19,0.90,$24.96,$23.85,4.65,$32.18
AM,Antero Midstream Corp.,0.011,2,$22.75,0.90,$20.93,$16.41,27.54,$23.35
AAP,Advance Auto Parts,0.011,2,$62.22,0.80,$41.73,$37.33,11.79,$64.62
ELAN,Elanco Animal Health Inc.,0.011,2,$24.61,0.87,$22.31,$18.93,17.86,$27.98
W,Wayfair Inc.,0.011,2,$92.42,0.90,$98.15,$55.60,76.53,$119.98
LZAGY,Lonza Group Ag Unspon ADR,0.011,1,,0.92,$69.02,$57.99,19.02,$74.36
NWL,Newell Brands Inc.,0.011,1,,0.87,$5.43,$2.87,89.20,$7.05
CZR,Caesars Entertainment,0.011,1,,0.89,$29.59,$17.86,65.68,$30.88
KD,Kyndryl Holdings Inc,0.011,1,,0.87,$11.60,$10.10,14.85,$30.99
AAON,AAON Inc.,0.011,1,,0.87,$89.10,$72.95,22.14,$150.16
COST,Costco Co.,0.010,7,$935.41,0.35,$922.77,$840.35,9.81,$1094.76
SHEL,Shell plc,0.010,5,$77.54,0.59,$95.78,$66.79,43.40,$99.16
IJR,Ishares Core S&P Small Cap E,0.010,3,$148.32,0.84,$138.29,$110.57,25.07,$150.15
VBIL,Vanguard 0 3m T Bill ETF,0.010,2,$75.68,0.58,$75.70,$72.96,3.76,$75.71
LIND,Lindblad Expeditions Hldgs Inc.,0.010,2,$28.24,0.78,$28.45,$11.37,150.22,$35.00
DT,Dynatrace Inc.,0.010,2,$43.92,0.43,$57.95,$31.64,83.15,$59.41
GFI,Gold Fields Ltd.,0.010,2,$33.59,0.63,$40.38,$30.42,32.74,$58.66
KR,Kroger Co.,0.010,2,$55.53,0.72,$58.74,$53.78,9.22,$75.66
TEM,Tempus Ai Inc,0.010,2,$57.93,0.77,$85.01,$40.77,108.51,$104.32
BCO,Brink's Co.,0.010,1,,0.86,$106.82,$90.86,17.57,$135.75
SLDE,Slide Insurance Holdings Inc,0.010,1,,0.84,$23.10,$13.22,74.74,$26.75
EEFT,Euronet Worldwide Inc.,0.010,1,,0.81,$65.61,$62.50,4.98,$90.56
WAL,Western Alliance Bancorp,0.010,1,,0.81,$77.61,$65.11,19.20,$95.75
QLYS,Qualys Inc.,0.010,1,,0.86,$172.43,$74.51,131.42,$201.54
NDAQ,Nasdaq Inc.,0.010,1,,0.85,$93.55,$76.29,22.62,$100.76
VNO,Vornado Realty Trust,0.010,1,,0.83,$34.73,$24.57,41.35,$41.60
TIC,Acuren Corporation,0.010,1,,0.83,$8.89,$6.36,39.78,$14.94
PCVX,Vaxcyte Inc.,0.010,1,,0.85,$56.21,$31.89,76.26,$65.00
BRBR,BellRing Brands Inc. CL A,0.010,1,,0.84,$7.91,$7.59,4.22,$36.95
CFG,Citizens Financial Group Inc.,0.010,1,,0.82,$65.53,$46.55,40.77,$75.33
CET,Central Securities Corp.,0.010,1,,0.85,$56.39,$47.33,19.14,$57.39
DUSA,Davis Select Us Equity ETF,0.010,1,,0.82,$55.65,$46.06,20.82,$58.53
CIGI,Colliers International Group Inc.,0.009,4,$93.70,0.60,$90.42,$87.86,2.91,$171.06
IWR,Ishares Russell Mid Cap ETF,0.009,3,$110.27,0.53,$108.30,$90.51,19.66,$114.63
MLKN,MillerKnoll Inc.,0.009,3,$20.46,0.52,$20.06,$13.23,51.63,$24.51
RJF,Raymond James Financial Inc.,0.009,2,$152.03,0.75,$159.87,$138.33,15.57,$182.73
CFR,Cullen Frost Bankers,0.009,2,$154.52,0.71,$157.42,$115.60,36.18,$169.71
AVB-OLD,AvalonBay Communities,0.009,2,$188.69,0.72,$184.30,$157.12,17.30,$198.63
MPWR,Monolithic Power Systems,0.009,2,$1382.24,0.76,$1367.43,$828.85,64.98,$1711.48
HPQ,HP Inc.,0.009,2,$21.93,0.49,$31.30,$16.91,85.10,$36.23
OCFC,OceanFirst Financial Corp.,0.009,1,,0.77,$17.10,$16.44,4.01,$20.12
FR,First Industrial Realty Trust Inc.,0.009,1,,0.76,$61.17,$49.03,24.76,$69.88
EME,Emcor Group,0.009,1,,0.74,$762.21,$564.01,35.14,$951.47
PSUS,Pershing Square Usa Ltd,0.009,1,,0.77,$37.71,$35.71,5.60,$44.00
HAS,Hasbro Inc.,0.009,1,,0.73,$88.09,$67.33,30.83,$104.60
RIOT,Riot Blockchain Inc.,0.009,1,,0.70,$23.00,$11.50,100.00,$30.32
CTRN,Citi Trends Inc.,0.009,1,,0.74,$49.03,$29.60,65.64,$77.91
MMM,3M Co.,0.008,4,$161.92,0.52,$169.55,$138.02,22.84,$184.09
BMI,Badger Meter Inc.,0.008,3,$148.38,0.31,$129.48,$111.36,16.27,$201.67
TROW,T. Rowe Price Group,0.008,3,$113.63,0.30,$105.51,$83.17,26.86,$120.50
ITW,Illinois Tool Works,0.008,2,$270.47,0.67,$274.32,$234.38,17.04,$301.92
TTE,TotalEnergies SE,0.008,2,$77.76,0.69,$90.94,$56.15,61.96,$93.46
BTDR,Bitdeer Technologies Group A,0.008,2,$15.87,0.68,$11.51,$6.92,66.33,$27.80
RELX,RELX plc,0.008,2,$31.67,0.61,$33.52,$26.84,24.89,$46.71
KT,KT Corp.,0.008,2,$17.28,0.37,$19.70,$17.13,15.00,$24.58
LXU,LSB Industries Inc.,0.008,2,$10.81,0.66,$9.89,$7.71,28.27,$17.22
FIGR,Figure Technology Solut Cl A,0.008,1,,0.65,$31.90,$24.11,32.31,$78.00
AD,Array Digital Infrastructure Inc.,0.008,1,,0.67,$34.49,$28.86,19.51,$46.04
KRYS,Krystal Biotech Inc.,0.008,1,,0.67,$345.82,$159.24,117.17,$382.54
BXC,BlueLinx Holdings Inc.,0.008,1,,0.64,$76.35,$44.78,70.50,$93.80
TX,Ternium S.A.,0.008,1,,0.65,$55.36,$31.27,77.04,$58.73
SBSI,Southside Bancshares Inc.,0.008,1,,0.66,$31.09,$25.12,23.77,$35.79
DMAC,DiaMedica Therapeutics Inc.,0.008,1,,0.68,$7.94,$5.25,51.24,$10.42
AGO,Assured Guaranty Ltd.,0.008,1,,0.63,$69.49,$68.03,2.15,$91.07
KRSP,Rice Acquisition Corp 3 A,0.008,1,,0.67,$11.00,$10.21,7.74,$11.89
HKHGF,Hongkong Land Holdings Ltd,0.008,1,,0.63,$8.51,$5.51,54.45,$8.55
NWG,NatWest Group Plc,0.008,1,,0.67,$18.49,$13.15,40.61,$19.21
ZD,Ziff Davis Inc.,0.008,1,,0.63,$56.51,$22.45,151.71,$60.48
D,Dominion Energy Inc.,0.008,1,,0.65,$60.68,$54.17,12.02,$72.26
MMS,MAXIMUS Inc.,0.008,1,,0.64,$52.61,$51.68,1.80,$98.42
IPGP,IPG Photonics Corp.,0.008,1,,0.65,$78.12,$69.41,12.55,$155.82
CLX,Clorox Co.,0.007,5,$95.44,0.24,$83.80,$81.60,2.70,$125.83
BTI,British American Tobacco plc,0.007,3,$61.76,0.37,$55.63,$47.79,16.41,$66.38
TDY,Teledyne Technologies,0.007,3,$666.90,0.56,$614.15,$483.02,27.15,$697.67
MTD,Mettler-Toledo International Inc.,0.007,2,$1277.67,0.32,$1511.64,$1023.05,47.76,$1541.02
EQNR,Equinor ASA,0.007,2,$31.40,0.57,$42.19,$21.54,95.87,$45.84
ING,ING Group NV,0.007,2,$31.38,0.58,$36.55,$22.49,62.52,$37.52
BAH,Booz Allen Hamilton Hldg Corp.,0.007,2,$60.67,0.56,$72.95,$59.05,23.54,$106.66
TNC,Tennant Co.,0.007,2,$87.54,0.55,$67.74,$59.62,13.62,$91.52
AXSM,Axsome Therapeutics Inc.,0.007,2,$244.77,0.54,$195.09,$115.72,68.59,$260.19
SRTA,Strata Critical Medical Inc.,0.007,2,$5.27,0.58,$5.33,$3.95,34.94,$6.50
EPAM,EPAM Systems Inc.,0.007,1,,0.54,$108.23,$73.06,48.14,$222.53
EXPD,Expeditors Int'l,0.007,1,,0.54,$187.46,$111.78,67.70,$194.59
WVE,Wave Life Sciences Ltd.,0.007,1,,0.54,$3.78,$3.75,0.80,$21.73
ANDG,Andersen Group Inc A,0.007,1,,0.61,$52.96,$18.12,192.27,$57.62
AS,Amer Sports Inc,0.007,1,,0.57,$27.77,$26.10,6.40,$42.76
RAL,Ralliant Corp.,0.007,1,,0.54,$70.03,$37.17,88.40,$75.35
VYX,NCR Voyix Corp.,0.007,1,,0.56,$7.07,$6.02,17.44,$13.02
QMCO,Quantum Corp.,0.007,1,,0.59,$31.68,$4.19,656.09,$33.01
FSLR,First Solar Inc.,0.007,1,,0.57,$177.71,$170.80,4.05,$320.95
MMSI,Merit Medical Systems Inc.,0.007,1,,0.61,$87.50,$59.74,46.47,$94.75
TMUS,T-Mobile US Inc.,0.007,1,,0.56,$165.43,$161.14,2.66,$235.97
PAYP,Paypay Corp,0.007,1,,0.55,$16.51,$12.07,36.79,$24.89
GCMG,Gcm Grosvenor Inc Class A,0.007,1,,0.54,$13.04,$9.12,42.98,$14.74
WLTH,Wealthfront Corp,0.007,1,,0.57,$10.18,$7.20,41.39,$14.88
BLTE,Belite Bio Inc ADR,0.007,1,,0.55,$167.33,$68.35,144.81,$200.00
UL,Unilever PLC,0.006,5,$60.12,0.22,$62.54,$53.97,15.88,$73.09
TIGO,Millicom Intl Cellular S.a.,0.006,3,$90.76,0.39,$92.63,$42.68,117.03,$107.13
RNR,RenaissanceRe Holdings Ltd.,0.006,3,$316.90,0.32,$325.60,$229.91,41.62,$339.82
PBR.A,Petroleo Brasil Sp Pref ADR,0.006,2,$14.64,0.49,$18.52,$10.25,80.68,$19.70
PUK,Prudential Plc ADR,0.006,2,$26.81,0.49,$25.25,$24.45,3.27,$33.36
VLTO,Veralto Corp.,0.006,2,$88.68,0.48,$97.14,$79.91,21.56,$107.44
QRVO,Qorvo Inc.,0.006,2,$93.27,0.51,$117.97,$74.92,57.46,$121.09
CYD,China Yuchai Intl Ltd.,0.006,2,$47.42,0.51,$33.03,$28.09,17.59,$60.28
HWKN,Hawkins Inc.,0.006,2,$142.10,0.45,$129.03,$116.05,11.18,$185.12
CX,Cemex,0.006,2,$12.00,0.50,$9.71,$8.65,12.25,$13.60
BEKE,KE Holdings Inc.,0.006,2,$14.53,0.38,$16.33,$13.81,18.25,$20.27
KFY,Korn Ferry,0.006,2,$66.58,0.30,$71.73,$57.57,24.60,$86.88
GLOB,Globant S.A.,0.006,2,$28.94,0.33,$34.50,$27.56,25.18,$72.10
DTE,DTE Energy Co.,0.006,1,,0.53,$121.44,$120.24,1.00,$154.33
ZTO,ZTO Express,0.006,1,,0.48,$19.49,$17.83,9.31,$25.97
NGG,National Grid Plc Sp ADR,0.006,1,,0.53,$75.49,$68.25,10.61,$92.22
CART,Maplebear Inc,0.006,1,,0.51,$43.19,$32.73,31.96,$52.68
WEX,WEX Inc.,0.006,1,,0.47,$178.28,$125.29,42.29,$203.99
FND,Floor & Decor Holdings,0.006,1,,0.46,$47.06,$42.64,10.37,$77.78
NBIX,Neurocrine Biosciences Inc.,0.006,1,,0.49,$138.40,$122.14,13.31,$186.12
SNN,Smith & Nephew plc,0.006,1,,0.49,$26.91,$26.40,1.93,$36.95
MBC,Masterbrand Inc,0.006,1,,0.46,$7.23,$6.27,15.31,$13.96
AIT,Applied Industrial Tech.,0.006,1,,0.53,$333.39,$236.75,40.82,$374.27
BCE,BCE Inc.,0.006,1,,0.51,$20.97,$20.59,1.85,$25.77
PPL,PPL Corp.,0.006,1,,0.49,$32.03,$31.56,1.49,$39.46
IT,Gartner Inc.,0.006,1,,0.49,$187.90,$124.25,51.23,$265.85
AGL,Agilon Health Inc,0.006,1,,0.46,$80.73,$7.48,979.28,$133.04
DINT,Davis Select International,0.006,1,,0.48,$28.24,$25.77,9.58,$30.75
TWFG,Twfg Inc,0.006,1,,0.53,$24.15,$16.56,45.83,$31.30
THG,Hanover Insurance Group,0.006,1,,0.46,$217.44,$163.54,32.96,$235.06
CRAI,CRA International Inc.,0.006,1,,0.47,$162.07,$131.23,23.50,$224.94
T,AT&T Inc.,0.005,3,$20.70,0.40,$25.38,$19.63,29.29,$28.75
BIL,SPDR Bloomberg 1 3 Month T B,0.005,3,$91.64,0.27,$91.62,$88.38,3.67,$91.62
LPX,Louisiana-Pacific Corp.,0.005,3,$78.66,0.21,$66.70,$64.49,3.43,$99.15
DCI,Donaldson Co.,0.005,3,$89.77,0.38,$87.41,$78.40,11.49,$112.05
EMR,Emerson Electric,0.005,3,$143.16,0.26,$158.23,$121.73,29.98,$165.79
ARCO,Arcos Dorados Holdings Inc.,0.005,3,$8.06,0.26,$7.24,$6.32,14.56,$9.58
FRFHF,Fairfax Financial Holdings Ltd.,0.005,2,$1644.34,0.26,$1570.80,$1500.00,4.72,$1933.22
HALO,Halozyme Therapeutics,0.005,2,$78.26,0.45,$113.90,$61.23,86.02,$116.85
EQPT,Equipmentshare.com Inc A,0.005,2,$19.66,0.38,$17.35,$15.71,10.44,$35.50
IDA,IDACORP Inc. Hldg. Co.,0.005,2,$151.30,0.43,$129.78,$121.82,6.53,$153.97
BWXT,BWX Technologies Inc.,0.005,2,$194.65,0.37,$138.47,$136.50,1.44,$241.12
DFNL,Davis Select Financial ETF,0.005,1,,0.45,$49.11,$42.56,15.39,$53.09
SARO,Standardaero Inc,0.005,1,,0.41,$22.74,$21.99,3.41,$34.48
DWLD,Davis Select Worldwide ETF,0.005,1,,0.38,$45.24,$42.44,6.60,$49.48
MEOH,Methanex Corp.,0.005,1,,0.43,$58.86,$31.54,86.62,$66.34
PRG,PROG Holdings Inc.,0.005,1,,0.40,$32.68,$25.48,28.26,$47.57
SGRY,Surgery Partners Inc.,0.005,1,,0.38,$14.40,$11.41,26.21,$23.44
TAL,TAL Education Group,0.005,1,,0.43,$12.00,$8.88,35.14,$13.37
AQN,Algonquin Power & Utilities,0.005,1,,0.39,$5.00,$4.96,0.81,$6.95
CNO,CNO Financial Group Inc.,0.005,1,,0.37,$53.98,$37.63,43.45,$57.40
SION,Sionna Therapeutics Inc,0.005,1,,0.40,$5.23,$4.01,30.42,$54.97
SMPL,Simply Good Foods Co.,0.005,1,,0.42,$9.60,$9.38,2.35,$25.66
QURE,uniQure NV,0.005,1,,0.38,$38.23,$8.73,337.92,$71.50
FRPH,FRP Holdings Inc.,0.005,1,,0.43,$21.11,$20.53,2.83,$25.74
SMIN,Ishares Msci India Small Cap,0.005,1,,0.42,$70.17,$57.78,21.44,$74.41
SOPH,Sophia Genetics SA,0.005,1,,0.42,$8.34,$3.41,144.57,$8.98
WHR,Whirlpool Corp.,0.005,1,,0.38,$31.71,$31.52,0.60,$93.59
SNDX,Syndax Pharmaceuticals Inc.,0.005,1,,0.43,$18.20,$12.99,40.11,$25.59
ORKA,Oruka Therapeutics Inc,0.005,1,,0.41,$84.46,$15.00,463.07,$115.52
LKFT,Lakefront Biotherapeutics,0.005,1,,0.37,$29.38,$25.68,14.41,$37.78
SUN,Sunoco Inc.,0.005,1,,0.43,$74.76,$45.68,63.66,$80.22
WK,Workiva Inc.,0.005,1,,0.37,$69.64,$43.34,60.68,$97.10
PKG,Packaging Corp. of America,0.005,1,,0.45,$237.18,$186.77,26.99,$258.31
KGS,Kodiak Gas Services Inc,0.005,1,,0.39,$52.91,$31.78,66.49,$77.10
HAL,Halliburton Co.,0.005,1,,0.39,$32.76,$21.03,55.78,$43.20
MLCO,Melco Resorts & Entertainment,0.005,1,,0.44,$4.73,$4.54,4.19,$9.90
HDB,HDFC Bank Ltd.,0.004,5,$25.83,0.12,$23.01,$21.77,5.70,$36.79
VTI,Vanguard Total Stock Mkt ETF,0.004,5,$370.00,0.19,$379.77,$309.51,22.70,$385.12
CCK,Crown Holdings,0.004,4,$111.82,0.19,$108.06,$88.12,22.63,$122.91
ONB,Old National Bancorp,0.004,3,$25.90,0.22,$25.49,$18.93,34.65,$27.21
LBRDA-OLD,Liberty Broadband Corp. CL A,0.004,3,$33.28,0.29,$35.98,$26.14,37.64,$65.40
HPE,Hewlett Packard Enterprise,0.004,3,$45.11,0.34,$62.94,$19.57,221.61,$65.65
SMFG,Sumitomo Mitsui Spons ADR,0.004,2,$23.58,0.36,$26.61,$15.18,75.30,$27.62
HLI,Houlihan Lokey Inc.,0.004,2,$134.13,0.33,$129.07,$112.24,14.99,$205.20
NOVT,Novanta Inc.,0.004,2,$162.28,0.27,$143.93,$98.27,46.46,$176.38
MDY,SPDR S&P Midcap 400 ETF Trst,0.004,2,$703.33,0.34,$665.87,$562.03,18.48,$715.63
AFL,AFLAC Inc.,0.004,2,$117.24,0.28,$113.72,$103.27,10.12,$129.57
COO,Cooper Cos Inc,0.004,2,$71.72,0.25,$55.38,$51.01,8.57,$89.83
UHAL,U-Haul Holding Co.,0.004,2,$65.44,0.26,$60.97,$41.95,45.34,$76.45
VIST,"Vista Oil & Gas, S.A.B. de C.V.",0.004,2,$63.80,0.35,$67.43,$33.45,101.58,$81.44
FCN,FTI Consulting Inc.,0.004,1,,0.30,$134.29,$129.12,4.00,$189.30
GLPI,Gaming and Leisure Properties Inc.,0.004,1,,0.32,$38.79,$38.32,1.23,$47.34
ALNY,Alnylam Pharmaceuticals,0.004,1,,0.31,$255.96,$197.81,29.40,$495.55
PAGS,PagSeguro Digital Ltd.,0.004,1,,0.31,$9.05,$8.00,13.13,$11.68
COYA,Coya Therapeutics Inc,0.004,1,,0.35,$5.08,$3.71,36.93,$7.75
ZM,Zoom Video Communications Inc.,0.004,1,,0.32,$89.71,$70.70,26.89,$114.74
PCAR,PACCAR Inc.,0.004,1,,0.35,$111.31,$90.03,23.64,$138.87
PIPR,Piper Sandler Companies,0.004,1,,0.36,$72.34,$68.34,5.85,$92.80
SDGR,SCHRODINGER Inc.,0.004,1,,0.33,$28.85,$10.95,163.47,$31.59
CCU,Compania Cervecerias Unidas SA,0.004,1,,0.30,$11.00,$10.56,4.17,$15.15
TCHP,T Rowe Price Blue Chip Growth ETF,0.004,1,,0.31,$51.71,$42.26,22.36,$53.26
BTSG,Brightspring Health Services,0.004,1,,0.32,$56.59,$26.35,114.76,$73.75
MINE,Mayfair Gold Corp,0.004,1,,0.29,$2.74,$2.16,26.85,$4.88
INBX,Inhibrx,0.004,1,,0.30,$99.61,$28.16,253.73,$155.29
SLQT,Selectquote Inc.,0.004,1,,0.32,$0.40,$0.39,2.56,$2.22
AGI,Alamos Gold Inc.,0.004,1,,0.31,$34.50,$27.02,27.68,$55.24
PRDO,Perdoceo Education Corp.,0.004,1,,0.30,$30.49,$26.14,16.64,$38.13
INDA,iShares MSCI India ETF,0.004,1,,0.34,$47.86,$45.21,5.86,$55.50
PHVS,Pharvaris NV,0.004,1,,0.36,$32.02,$20.65,55.06,$43.25
ATKR,Atkore International Group Inc.,0.004,1,,0.30,$94.57,$53.32,77.36,$94.65
XEL,Xcel Energy Inc.,0.004,1,,0.29,$69.80,$68.72,1.57,$82.56
SFM,Sprouts Farmers Market Inc.,0.004,1,,0.35,$62.49,$62.49,0.00,$114.34
GNE,Genie Energy Ltd.,0.004,1,,0.35,$15.92,$12.56,26.75,$16.55
EVLV,Evolv Technologies Holdings,0.004,1,,0.34,$4.79,$4.76,0.63,$8.81
JGRW,Jensen Quality Growth ETF,0.004,1,,0.36,$27.64,$23.54,17.42,$28.94
SWIM,Latham Group Inc,0.004,1,,0.32,$6.25,$4.64,34.70,$8.97
VUG,Vanguard Growth ETF,0.003,6,$86.16,0.13,$90.94,$69.56,30.74,$91.43
SPY,SPDR S&P 500 ETF Trust,0.003,6,$746.85,0.06,$771.35,$626.11,23.20,$777.44
RSP,Invesco S&P 500 Equal Weight,0.003,4,$212.87,0.22,$211.11,$179.25,17.77,$222.60
SNPS,Synopsys Inc.,0.003,4,$446.14,0.16,$425.76,$362.55,17.43,$539.48
VWO,Vanguard FTSE Emerging Marke,0.003,4,$59.69,0.22,$60.16,$51.24,17.41,$61.42
IWM,iShares Russell 2000 ETF,0.003,3,$300.49,0.25,$281.97,$226.60,24.44,$304.38
VIG,Vanguard Dividend Apprec ETF,0.003,3,$236.65,0.21,$237.58,$209.12,13.61,$247.45
ALL,Allstate Corp.,0.003,3,$237.94,0.28,$227.60,$184.51,23.35,$276.07
BC,Brunswick Corp.,0.003,2,$84.24,0.21,$67.19,$57.26,17.34,$88.81
COLB,Columbia Banking System Inc.,0.003,2,$32.05,0.20,$29.64,$22.66,30.80,$33.27
ASB,Associated Banc-Corp,0.003,2,$30.77,0.18,$29.37,$23.04,27.47,$32.21
VO,Vanguard Mid Cap ETF,0.003,2,$80.57,0.25,$79.99,$68.69,16.45,$84.59
SEIC,SEI Investments,0.003,2,$87.74,0.12,$105.65,$74.64,41.55,$112.15
ALSN,Allison Transmission Holdings,0.003,2,$112.75,0.19,$113.86,$75.21,51.39,$136.97
AYI,Acuity Brands Inc.,0.003,2,$376.66,0.25,$319.42,$256.71,24.43,$379.43
CNXC,Concentrix Corp.,0.003,2,$22.41,0.22,$27.08,$18.81,43.97,$49.10
HAFN,Hafnia Ltd,0.003,2,$6.62,0.21,$8.92,$4.60,93.91,$10.12
THO,Thor Industries,0.003,2,$75.17,0.15,$72.15,$67.31,7.19,$121.16
BSY,Bentley Systems Inc Class B,0.003,1,,0.27,$31.44,$28.02,12.21,$56.82
VSTM,Verastem Inc.,0.003,1,,0.27,$7.74,$3.43,125.66,$10.82
FBAK,First National Bank Alaska,0.003,1,,0.25,$202.54,$165.01,22.74,$211.60
JKHY,Jack Henry & Associates Inc.,0.003,1,,0.26,$147.79,$120.60,22.55,$191.13
PS,Pershing Square Inc.,0.003,1,,0.24,$56.16,$21.93,156.09,$56.94
GIII,G-III Apparel Group,0.003,1,,0.22,$27.12,$24.36,11.33,$37.40
LEGH,Legacy Housing Corp.,0.003,1,,0.24,$29.30,$18.29,60.20,$31.34
LBRT,Liberty Oilfield Services Inc.,0.003,1,,0.21,$18.94,$11.35,66.87,$34.23
BMM,Blue Moon Metals Inc,0.003,1,,0.28,$5.16,$3.47,48.70,$8.63
NTB,Bank of N.T. Butterfield & Son Ltd,0.003,1,,0.26,$58.95,$39.10,50.77,$64.17
SMRT,SmartRent Inc.,0.003,1,,0.24,$1.19,$0.91,30.77,$2.20
GLDM,SPDR Gold Minishares Trust,0.003,1,,0.22,$84.89,$74.29,14.27,$109.74
OVV,Ovintiv Inc.,0.003,1,,0.21,$60.13,$34.67,73.44,$67.41
RUSHB,Rush Enterprises Inc. - CL B,0.003,1,,0.21,$55.19,$31.53,75.04,$57.38
CGAU,Centerra Gold Inc,0.003,1,,0.22,$22.56,$9.81,129.97,$24.52
RCL,Royal Caribbean Cruises Ltd.,0.003,1,,0.21,$242.70,$222.22,9.22,$350.59
L,Loews Corp.,0.003,1,,0.27,$104.82,$97.16,7.88,$120.94
PLOW,Douglas Dynamics,0.003,1,,0.22,$39.74,$27.69,43.52,$54.60
HGTY,Hagerty Inc.,0.003,1,,0.27,$13.59,$9.36,45.19,$14.17
OGC,Oceanagold Corp,0.003,1,,0.25,$28.13,$20.01,40.58,$42.96
LESL,Leslie's Inc.,0.003,1,,0.24,$0.29,$0.25,16.00,$12.53
MO,Altria Group Inc.,0.002,5,$71.95,0.12,$68.82,$52.17,31.91,$75.85
IWD,Ishares Russell 1000 Value E,0.002,4,$244.40,0.12,$251.93,$196.35,28.31,$259.24
NUE,Nucor Corp.,0.002,3,$222.78,0.14,$247.25,$130.11,90.03,$280.11
OEC,Orion SA,0.002,3,$6.63,0.09,$5.89,$4.28,37.62,$8.61
AIR,AAR Corp.,0.002,3,$142.94,0.11,$116.11,$76.10,52.58,$154.00
AEBI,Aebi Schmidt Holding Ag,0.002,3,$12.55,0.16,$11.00,$8.87,24.01,$15.87
AMT,American Tower Corp.,0.002,3,$163.57,0.09,$169.03,$160.06,5.60,$194.23
APLD,Applied Digital Corp,0.002,3,$37.30,0.14,$26.25,$19.01,38.09,$50.73
ACWI,iShares MSCI ACWI ETF,0.002,3,$156.97,0.16,$161.05,$132.79,21.28,$162.80
PAAS,Pan American Silver Corp.,0.002,2,$44.79,0.18,$48.04,$32.65,47.14,$69.34
SNA,Snap-On Inc.,0.002,2,$402.37,0.12,$369.20,$312.34,18.20,$420.41
HLT,Hilton Worldwide Holdings,0.002,2,$330.48,0.12,$313.96,$253.04,24.08,$357.84
HUN,Huntsman Corp.,0.002,2,$10.62,0.16,$8.90,$7.08,25.71,$15.93
SMHI,SEACOR Marine Holdings Inc.,0.002,2,$7.65,0.18,$8.73,$5.55,57.30,$10.00
TD,Toronto-Dominion Bank,0.002,2,$121.55,0.13,$120.65,$74.81,61.28,$125.47
CECO,CECO Environmental Corp.,0.002,2,$90.74,0.11,$73.50,$42.82,71.65,$101.24
PLXS,Plexus Corp.,0.002,2,$300.67,0.11,$263.09,$132.03,99.27,$307.06
ERO,Ero Copper Corp,0.002,2,$26.74,0.19,$37.87,$18.02,110.16,$40.83
RF,Regions Financial Corp.,0.002,2,$30.20,0.16,$27.62,$21.82,26.58,$32.14
IBN,ICICI Bank Ltd.,0.002,2,$29.03,0.14,$27.92,$24.87,12.26,$32.76
LPG,Dorian LPG Ltd,0.002,2,$34.79,0.11,$53.43,$22.18,140.89,$59.97
IWN,Ishares Russell 2000 Value E,0.002,2,$221.16,0.17,$213.49,$166.05,28.57,$226.94
NUVB,Nuvation Bio Inc.,0.002,2,$5.68,0.13,$5.74,$3.00,91.33,$9.75
MANH,Manhattan Associates,0.002,2,$139.25,0.18,$206.03,$119.06,73.05,$227.03
HONA,Honeywell Aerospace Inc,0.002,2,$221.08,0.20,$158.78,$149.19,6.43,$266.62
FIX,Comfort Systems USA Inc.,0.002,2,$1981.92,0.20,$1658.91,$768.90,115.75,$2072.10
VALE,Vale SA,0.002,2,$15.04,0.19,$13.61,$9.94,36.92,$17.45
VREX,Varex Imaging Corp.,0.002,2,$10.43,0.13,$18.45,$9.09,102.97,$18.63
MTDR,Matador Resources Co.,0.002,2,$49.79,0.14,$51.55,$35.98,43.27,$65.88
MX,MagnaChip Semiconductor Corp.,0.002,2,$4.73,0.19,$3.30,$2.18,51.38,$9.86
WB,Weibo Corp.,0.002,1,,0.18,$6.49,$6.47,0.31,$12.11
BULL,Webull Corp,0.002,1,,0.18,$7.19,$4.50,59.78,$16.04
GT,Goodyear Tire & Rubber,0.002,1,,0.13,$5.13,$4.91,4.48,$10.62
HXL,Hexcel Corp.,0.002,1,,0.14,$85.80,$60.32,42.24,$111.54
MOAT,Vaneck Morningstar Wide Moat,0.002,1,,0.14,$107.64,$94.07,14.43,$115.58
VSS,Vanguard FTSE All Wo X Us Sc,0.002,1,,0.14,$157.39,$132.47,18.81,$162.15
HR,Healthcare Realty Trust Inc.,0.002,1,,0.13,$18.05,$15.71,14.89,$21.77
NSSC,Napco Security Technologies Inc.,0.002,1,,0.17,$35.66,$33.75,5.66,$51.52
IVVD,Invivyd Inc.,0.002,1,,0.15,$0.93,$0.53,75.47,$3.07
EVTC,EVERTEC Inc.,0.002,1,,0.19,$28.18,$21.73,29.68,$34.51
DOCN,DigitalOcean Holdings Inc.,0.002,1,,0.14,$139.75,$33.69,314.81,$187.50
XLE,Energy Select Sector SPDR,0.002,1,,0.15,$62.04,$41.18,50.66,$65.78
LILA,Liberty LiLAC Group A,0.002,1,,0.17,$8.48,$4.73,79.28,$8.99
GDXJ,Vaneck Junior Gold Miners,0.002,1,,0.20,$121.11,$85.38,41.85,$157.49
RERE,AiHuiShou International Co. Ltd. ADS,0.002,1,,0.16,$3.94,$3.50,12.57,$6.32
WU,Western Union Co.,0.002,1,,0.16,$6.18,$5.94,4.04,$9.44
WSFS,WSFS Financial Corp.,0.002,1,,0.20,$77.76,$49.37,57.50,$82.74
FSM,Fortuna Mining Corp.,0.002,1,,0.19,$11.69,$7.69,52.02,$13.85
BNTX,Biontech Se ADR,0.002,1,,0.18,$98.52,$79.52,23.89,$124.00
SEDG,SolarEdge Technologies Inc.,0.002,1,,0.18,$32.68,$28.21,15.85,$81.25
NTNX,Nutanix Inc.,0.002,1,,0.20,$68.03,$34.01,100.03,$78.45
HTLD,Heartland Express,0.002,1,,0.16,$11.30,$6.94,62.82,$16.58
CLFD,Clearfield Inc.,0.002,1,,0.14,$31.07,$23.76,30.77,$52.73
BRKR,Bruker Corp.,0.002,1,,0.15,$64.18,$29.96,114.22,$65.26
AMTM,Amentum Holdings Inc.,0.002,1,,0.17,$19.19,$19.01,0.95,$38.11
MSM,MSC Industrial Direct,0.002,1,,0.13,$121.22,$76.68,58.09,$130.46
ADNT,Adient plc,0.002,1,,0.20,$17.63,$16.77,5.13,$27.32
WGO,Winnebago Industries Inc.,0.002,1,,0.16,$27.15,$26.27,3.35,$48.44
GENI,Genius Sports Ltd,0.002,1,,0.16,$6.44,$3.83,68.15,$13.53
PSLV,Sprott Physical Silver Trust,0.002,1,,0.15,$21.01,$15.06,39.51,$38.13
HTZ,Hertz Global Hldgs Inc.,0.002,1,,0.17,$1.74,$1.45,20.00,$8.18
KOP,Koppers Holdings Inc.,0.002,1,,0.14,$46.27,$24.77,86.80,$52.90
SHOE,Shoe Carnival Inc.,0.002,1,,0.13,$13.00,$10.20,27.45,$21.58
PFG,Principal Financial Group,0.002,1,,0.13,$114.77,$75.30,52.42,$121.18
MMI,Marcus & Millichap Inc.,0.002,1,,0.20,$29.75,$24.00,23.96,$33.28
SLV,iShares Silver Trust,0.002,1,,0.19,$58.14,$41.09,41.49,$109.83
MORN,Morningstar Inc.,0.002,1,,0.15,$195.98,$141.06,38.93,$235.60
ORIC,ORIC Pharmaceuticals Inc.,0.002,1,,0.16,$13.16,$7.23,82.02,$14.93
NOG,Northern Oil and Gas Inc.,0.002,1,,0.16,$23.29,$17.18,35.56,$29.99
SABR,Sabre Corp.,0.002,1,,0.14,$2.18,$0.81,169.14,$2.50
BUDFF,Anheuser Busch Inbev SA NV,0.002,1,,0.16,$77.24,$57.78,33.68,$86.78
LAB,Standard Biotools Inc,0.002,1,,0.14,$0.74,$0.63,17.46,$1.72
MBUU,Malibu Boats Inc.,0.002,1,,0.14,$24.09,$22.82,5.57,$34.97
TRP,TC Energy,0.002,1,,0.17,$58.78,$47.80,22.97,$70.90
SPRY,Ars Pharmaceuticals Inc,0.002,1,,0.18,$4.08,$4.02,1.49,$13.15
IDCC,InterDigital Inc.,0.002,1,,0.13,$334.21,$248.51,34.49,$409.73
SCSC,ScanSource Inc.,0.002,1,,0.17,$58.30,$33.76,72.69,$66.78
TRMLF,Tourmaline Oil Corp,0.002,1,,0.18,$43.74,$40.44,8.16,$50.38
RCI,Rogers Communications Inc.,0.002,1,,0.18,$31.91,$31.08,2.67,$39.99
EMBC,Embecta Corp,0.002,1,,0.17,$5.90,$2.76,113.77,$14.43
FNDF,Schwab Fndmn Intl Lrg Co ETF,0.002,1,,0.15,$54.86,$40.86,34.26,$56.48
CNP,CenterPoint Energy,0.002,1,,0.20,$36.84,$36.49,0.96,$44.99
ZIM,Zim Integrated Shipping Serv,0.002,1,,0.20,$29.19,$11.75,148.43,$30.96
DMRA,Damora Therapeutics Inc.,0.002,1,,0.17,$20.66,$3.50,490.29,$38.33
NOK,Nokia Corp.,0.002,1,,0.20,$10.39,$4.54,128.85,$17.36
BTE,Baytex Energy Corp.,0.002,1,,0.14,$4.53,$2.15,110.70,$5.32
AEG,Aegon Ltd,0.002,1,,0.20,$8.89,$6.39,39.12,$9.35
VT,Vanguard Tot World Stk ETF,0.001,4,$156.95,0.07,$160.03,$132.28,20.98,$162.29
HRI,HERC Holdings Inc.,0.001,3,$143.35,0.04,$135.36,$87.56,54.59,$185.59
CAH,Cardinal Health Inc.,0.001,3,$237.56,0.09,$220.22,$148.06,48.74,$258.30
APA,APA Corp.,0.001,3,$32.57,0.06,$42.74,$21.13,102.27,$47.44
XLK,Technology Select Sect SPDR,0.001,3,$190.45,0.04,$196.27,$126.38,55.30,$198.26
QQQ,Invesco Qqq Trust Series 1,0.001,3,$736.46,0.09,$744.50,$554.41,34.29,$748.35
CW,Curtiss-Wright Corp.,0.001,3,$758.31,0.05,$539.73,$519.69,3.86,$807.77
OTIS,Otis Worldwide Corp.,0.001,3,$71.61,0.07,$65.94,$65.87,0.11,$93.43
MPC,Marathon Petroleum Corp.,0.001,3,$255.59,0.08,$393.52,$160.07,145.84,$431.08
VECO,Veeco Instruments,0.001,3,$75.80,0.06,$49.67,$26.00,91.04,$86.63
JBTM,JBT Marel Corp.,0.001,3,$144.99,0.09,$110.09,$109.22,0.80,$169.81
AEIS,Advanced Energy Industries,0.001,3,$372.88,0.06,$279.68,$162.89,71.70,$397.18
SITM,SiTime Corp.,0.001,2,$745.53,0.04,$662.27,$243.68,171.78,$901.81
SIMO,Silicon Motion Technol ADR,0.001,2,$333.35,0.07,$276.23,$79.13,249.08,$354.28
UCTT,Ultra Clean Holdings Inc.,0.001,2,$142.59,0.08,$77.69,$21.49,261.52,$144.22
VPG,Vishay Precision Group,0.001,2,$149.92,0.04,$71.63,$29.08,146.32,$151.78
RXO,Rxo Inc,0.001,2,$27.60,0.06,$19.79,$10.43,89.74,$29.90
CM,Can Imperial Bk Of Commerce,0.001,2,$115.10,0.10,$113.60,$76.97,47.59,$124.86
WBS-OLD,Webster Financial Corp.,0.001,2,$76.34,0.05,$77.78,$51.49,51.06,$79.40
HOFT,Hooker Furniture Corp.,0.001,2,$17.83,0.08,$13.14,$8.31,58.12,$17.94
LASR,nLight Inc.,0.001,2,$69.62,0.08,$40.33,$27.79,45.12,$86.95
DLO,DLocal Ltd,0.001,2,$13.00,0.05,$14.08,$10.46,34.61,$16.50
GLBAV-OLD,GCI Liberty Inc. Series A,0.001,2,$21.90,0.08,,,,
LTH,Life Time Group Holdings Inc,0.001,2,$40.84,0.06,$39.97,$24.14,65.58,$47.24
TALO,Talos Energy Inc.,0.001,2,$12.91,0.05,$16.47,$8.97,83.61,$18.73
LEVI,Levi Strauss & Co.,0.001,2,$24.83,0.08,$19.73,$17.50,12.74,$25.70
RKLB,Rocket Lab Corp.,0.001,2,$101.58,0.07,$73.95,$37.57,96.83,$151.00
JOYY,JOYY Inc.,0.001,2,$65.99,0.08,$79.77,$51.36,55.32,$81.26
BTG,B2Gold Corp.,0.001,2,$3.75,0.06,$5.48,$3.56,53.93,$6.21
ZGN,Ermenegildo Zegna Nv,0.001,2,$13.02,0.04,$12.73,$8.55,48.89,$15.95
ONTO,Onto Innovation Inc.,0.001,2,$378.43,0.05,$287.64,$118.97,141.78,$386.46
WMG,Warner Music Group Corp. CL A,0.001,2,$27.07,0.06,$27.14,$23.04,17.80,$34.97
GHM,Graham Corp.,0.001,2,$123.78,0.04,$87.21,$51.36,69.80,$125.82
VICR,Vicor Corp.,0.001,2,$379.84,0.05,$281.96,$47.56,492.85,$382.65
FTK,Flotek Industries Inc.,0.001,2,$23.52,0.04,$29.53,$13.19,123.88,$39.67
DPZ,Dominos Pizza Inc.,0.001,2,$295.99,0.08,$292.14,$280.27,4.24,$434.73
CLS,Celestica Inc,0.001,2,$364.81,0.08,$365.44,$230.24,58.72,$474.03
BKH,Black Hills,0.001,2,$74.40,0.07,$70.46,$57.10,23.40,$77.21
BWA,BorgWarner Inc.,0.001,2,$66.40,0.04,$61.32,$40.02,53.22,$78.61
JHX,James Hardie Industries PLC,0.001,2,$26.18,0.06,$26.10,$16.46,58.57,$31.43
ROST,Ross Stores Inc.,0.001,2,$212.84,0.09,$236.12,$146.28,61.42,$256.50
MAMA,Mama's Creations Inc,0.001,2,$17.85,0.04,$13.35,$9.90,34.85,$21.00
BSM,Black Stone Minerals L.P.,0.001,2,$13.97,0.09,$14.42,$11.29,27.72,$15.20
EQIX,Equinix Inc.,0.001,2,$1042.41,0.09,$1008.08,$709.79,42.03,$1118.65
MRVI,Maravai LifeSciences Holdings Inc.,0.001,2,$6.24,0.07,$7.60,$2.55,198.04,$9.42
ASTE,Astec Industries,0.001,2,$61.20,0.03,$41.28,$39.72,3.93,$65.33
FFIV,F5 Networks,0.001,2,$415.93,0.08,$443.06,$223.76,98.01,$462.00
HL,Hecla Mining Co.,0.001,2,$15.41,0.06,$18.19,$11.47,58.59,$34.15
ATRO,Astronics Corp.,0.001,2,$81.26,0.03,$69.22,$41.50,66.80,$99.89
FTI,TechnipFMC plc,0.001,2,$66.26,0.05,$70.99,$35.18,101.79,$80.70
AMN,AMN Healthcare Services,0.001,2,$32.36,0.09,$34.56,$14.97,130.86,$37.22
SHG,Shinhan Financial Group Company,0.001,2,$63.25,0.12,$80.95,$47.05,72.05,$85.57
PLTR,Palantir Technologies Inc.,0.001,2,$116.72,0.04,$189.67,$106.37,78.31,$207.52
RDNT,RadNet Inc.,0.001,2,$61.67,0.08,$70.79,$50.82,39.30,$85.84
DOV,Dover Corp.,0.001,2,$224.29,0.05,$191.88,$157.36,21.94,$235.79
MTRN,Materion Corp.,0.001,1,,0.06,$264.96,$109.25,142.53,$304.40
H,Hyatt Hotels Corp.,0.001,1,,0.08,$158.48,$133.71,18.53,$206.69
HVT,Haverty Furniture,0.001,1,,0.12,$27.95,$18.81,48.59,$29.47
ASGN,ASGN Inc.,0.001,1,,0.12,,,,
EHC,Encompass Health Corp.,0.001,1,,0.10,$123.47,$92.41,33.61,$127.50
EAF,GrafTech International Ltd.,0.001,1,,0.08,$11.09,$4.92,125.41,$20.32
MINN,Mairs & Power Mn Muni Bond,0.001,1,,0.10,$20.80,$20.79,0.05,$22.78
BWLP,Bw Lpg Ltd,0.001,1,,0.09,$24.23,$10.17,138.25,$26.47
COHU,Cohu Inc.,0.001,1,,0.07,$67.00,$18.67,258.86,$74.60
TWST,Twist Bioscience Corp.,0.001,1,,0.05,$182.83,$23.30,684.68,$186.20
BELFB,Bel Fuse Inc. CL B,0.001,1,,0.09,$252.69,$129.82,94.65,$335.20
FROG,JFrog Ltd,0.001,1,,0.07,$89.18,$34.05,161.91,$105.76
HII,Huntington Ingalls Industries,0.001,1,,0.06,$264.02,$261.71,0.88,$455.90
PATK,Patrick Industries Inc.,0.001,1,,0.08,$68.49,$67.00,2.22,$146.40
FINV,Finvolution Group ADR,0.001,1,,0.12,$3.11,$3.10,0.32,$7.25
SEI,Solaris Energy Infrastructure Inc.,0.001,1,,0.06,$70.97,$37.98,86.86,$86.02
ADMA,ADMA Biologics Inc.,0.001,1,,0.10,$9.38,$7.21,30.10,$20.46
IEUR,iShares Core MSCI Europe ETF,0.001,1,,0.08,$75.28,$64.33,17.02,$78.90
HELE,Helen of Troy Ltd.,0.001,1,,0.06,$28.63,$13.85,106.71,$30.68
PEYUF,Peyto Exploration & Development Corp.,0.001,1,,0.08,$16.82,$12.33,36.42,$20.68
PLAY,Dave & Buster's Ent. Inc.,0.001,1,,0.08,$6.62,$6.45,2.64,$22.10
URA,Global X Uranium ETF,0.001,1,,0.05,$40.91,$37.18,10.03,$62.28
VRM,Vroom Inc,0.001,1,,0.11,$9.66,$6.80,42.06,$28.43
EWT,Ishares Msci Taiwan ETF,0.001,1,,0.05,$114.78,$58.01,97.86,$115.82
NSP,Insperity Inc.,0.001,1,,0.06,$47.83,$18.03,165.28,$55.25
DCO,Ducommun Inc.,0.001,1,,0.05,$172.15,$84.76,103.10,$210.39
ESGD,Ishares Trust Ishares Esg Aw,0.001,1,,0.05,$104.72,$87.40,19.82,$108.00
CCJ,Cameco Corp.,0.001,1,,0.06,$88.07,$77.49,13.65,$135.24
HTZWW,Hertz Global Hldgs Inc. WTS,0.001,1,,0.09,$0.86,$0.70,22.86,$3.90
WWD,Woodward Inc.,0.001,1,,0.05,$330.31,$243.49,35.66,$450.52
EWJ,iShares MSCI Japan ETF,0.001,1,,0.05,$97.93,$74.98,30.61,$99.01
XOP,SPDR S&P Oil & Gas Exploration & Production ETF,0.001,1,,0.09,$181.50,$119.67,51.67,$200.09
ABCB,Ameris Bancorp,0.001,1,,0.05,$82.29,$68.29,20.50,$93.22
BATL,Battalion Oil Corp.,0.001,1,,0.10,$1.05,$1.00,5.00,$29.70
VYMI,Vanguard Int High Dvd Yld In,0.001,1,,0.08,$103.01,$79.72,29.21,$106.45
CIFR,Cipher Mining Inc,0.001,1,,0.09,$17.73,$11.01,61.04,$30.14
PDLB,Ponce Financial Group Inc.,0.001,1,,0.05,$20.34,$13.91,46.23,$21.10
TBI,TrueBlue Inc.,0.001,1,,0.06,$9.44,$3.18,196.86,$11.03
ABVX,Abivax SA ADR,0.001,1,,0.05,$91.06,$69.81,30.44,$148.83
LINC,Lincoln Educational Services Corp.,0.001,1,,0.05,$22.46,$17.29,29.90,$56.34
POWL,Powell Industries,0.001,1,,0.07,$189.53,$92.47,104.96,$327.74
SPSM,Ss SPDR P S&P 600 Small Cap,0.001,1,,0.08,$53.77,$42.96,25.16,$58.36
BTAIQ,Bioxcel Therapeutics Inc,0.001,1,,0.05,$0.04,$0.02,100.00,$0.08
CDLX,Cardlytics Inc.,0.001,1,,0.11,$3.30,$3.21,2.80,$29.70
ENOV,Enovis Corp.,0.001,1,,0.05,$18.46,$17.30,6.71,$34.28
UVV,Universal Corp.,0.001,1,,0.06,$42.47,$41.96,1.22,$57.51
KEY,KeyCorp,0.001,1,,0.11,$20.61,$15.82,30.28,$23.84
IESC,IES Holdings Inc.,0.001,1,,0.05,$324.13,$170.07,90.59,$408.26
CBOE,CBOE Holdings Inc.,0.001,1,,0.08,$258.03,$226.52,13.91,$369.38
OBT,Orange County Bancorp Inc,0.001,1,,0.05,$37.82,$22.74,66.31,$39.91
LYG,Lloyds TSB Grp Plc ADR,0.001,1,,0.07,$5.77,$4.26,35.45,$6.25
REAL,RealReal Inc.,0.001,1,,0.05,$8.83,$8.05,9.69,$17.39
MYE,Myers Indus,0.001,1,,0.08,$31.36,$15.18,106.59,$37.29
LW,Lamb Weston Hldgs Inc.,0.001,1,,0.12,$43.58,$37.02,17.72,$65.06
GBCI,Glacier Bancorp,0.001,1,,0.05,$44.75,$39.06,14.57,$54.58
CEF,Sprott Physical Gold And Sil,0.001,1,,0.05,$43.51,$35.69,21.91,$61.38
SVC,Service Properties Trust,0.001,1,,0.09,$6.59,$5.58,18.10,$13.60
ALT,Altimmune Inc.,0.001,1,,0.06,$3.06,$2.56,19.53,$6.44
INFQ,Infleqtion Inc,0.001,1,,0.08,$14.51,$8.52,70.31,$21.28
BRX,Brixmor Property Group Inc.,0.001,1,,0.06,$28.07,$23.87,17.60,$32.86
WRLC,Windrock Ltd Co,0.001,1,,0.07,,,,
KSA,Ishrs Msci Saudi Arabia ETF,0.001,1,,0.07,$37.05,$35.27,5.05,$40.22
SDY,SPDR S&P Dividend ETF,0.001,1,,0.05,$148.59,$131.84,12.70,$159.32
QCRH,QCR Holdings Inc.,0.001,1,,0.08,$100.92,$66.35,52.10,$107.95
SPG,Simon Property Group Inc.,0.001,1,,0.05,$204.82,$164.57,24.46,$235.97
DOCS,Doximity Inc.,0.001,1,,0.10,$26.35,$17.15,53.64,$76.51
AMPX,Amprius Technologies Inc,0.001,1,,0.06,$9.75,$7.71,26.46,$24.23
DNA,Ginkgo Bioworks Holdings Inc.,0.001,1,,0.10,$10.66,$5.37,98.51,$17.58
STGW,Stagwell Inc.,0.001,1,,0.11,$8.32,$4.29,93.94,$9.55
RYCEY,Rolls Royce Holdings Sp ADR,0.001,1,,0.07,$19.74,$13.14,50.23,$21.22
TSCO,Tractor Supply,0.001,1,,0.07,$32.27,$28.17,14.55,$56.84
MGPI,MGP Ingredients Inc.,0.001,1,,0.11,$12.82,$12.66,1.26,$26.12
HUBG,Hub Group 'A',0.001,1,,0.05,$30.34,$29.92,1.40,$52.71
CIB,Grupo Cibest SA ADR,0.001,1,,0.12,$95.15,$48.20,97.41,$105.60
SCHB,Schwab Us Broad Market ETF,0.001,1,,0.07,$29.67,$24.15,22.86,$30.07
DIA,SPDR Djia Trust,0.001,1,,0.05,$517.49,$447.25,15.70,$545.04
BHE,Benchmark Electronics,0.001,1,,0.06,$82.52,$35.59,131.86,$100.41
ARTV,Artiva Biotherapeutics Inc,0.001,1,,0.07,$6.99,$2.71,157.93,$14.53
CDP,Copt Defense Properties,0.001,1,,0.05,$33.88,$26.26,29.02,$38.90
FPAG,Fpa Global Equity ETF New,0.001,1,,0.07,$41.52,$34.27,21.16,$43.47
INFY,Infosys Ltd.,0.001,1,,0.06,$10.50,$10.30,1.94,$29.37
LDOS,Leidos Holdings,0.001,1,,0.07,$123.61,$98.54,25.44,$203.41
GWW,W.W. Grainger Inc.,0.001,1,,0.09,$1243.07,$901.22,37.93,$1417.14
MOD,Modine Mfg.,0.001,1,,0.07,$198.07,$111.18,78.15,$323.25
NPO,EnPro Industries,0.001,1,,0.06,$311.43,$201.04,54.91,$389.99
SPYX,SPDR S&P 500 Fossil Fuel Res,0.001,1,,0.07,$63.23,$51.06,23.83,$63.82
PHIN,PHINIA Inc.,0.001,1,,0.09,$62.04,$49.91,24.30,$86.55
IMVT,Immunovant Inc.,0.001,1,,0.09,$33.30,$15.56,114.01,$45.42
CUZ,Cousins Properties,0.001,1,,0.07,$28.65,$20.52,39.62,$32.95
TRVI,Trevi Therapeutics Inc.,0.001,1,,0.08,$14.41,$8.24,74.88,$20.22
UVSP,Univest Financial Corp.,0.001,1,,0.11,$42.16,$27.34,54.21,$45.22
ALRS,Alerus Financial Corp.,0.001,1,,0.06,$32.17,$19.66,63.63,$34.17
SONY,Sony Group Corp.,0.001,1,,0.05,$23.55,$19.32,21.89,$30.34
RRC,Range Resources Corp.,0.001,1,,0.05,$38.61,$32.44,19.02,$48.07
USNA,USANA Health Sciences,0.001,1,,0.08,$14.50,$12.57,15.35,$28.56
FRVO,Fervo Energy Co A,0.001,1,,0.06,$15.18,$14.60,3.97,$42.65
ALGT,Allegiant Travel Company,0.001,1,,0.05,$79.09,$57.11,38.49,$123.63
RCKT,Rocket Pharmaceuticals Inc.,0.001,1,,0.12,$2.60,$2.53,2.77,$5.45
DRH,DiamondRock Hospitality Co.,0.001,1,,0.10,$12.49,$7.25,72.28,$13.79
VONG,Vanguard Russell 1000 Growth,0.001,1,,0.12,$129.95,$104.98,23.79,$132.62
GCO,Genesco Inc.,0.001,1,,0.11,$34.54,$21.93,57.50,$43.60
AMBA,Ambarella Inc.,0.001,1,,0.10,$72.68,$48.30,50.48,$96.69
VGK,Vanguard FTSE Europe ETF,0.001,1,,0.06,$88.63,$75.56,17.30,$93.06
PSA,Public Storage,0.001,1,,0.05,$287.97,$249.06,15.62,$332.14
ENB,Enbridge Inc.,0.001,1,,0.07,$46.74,$43.08,8.50,$57.66
QNT,Quantinuum Inc A,0.001,1,,0.07,$49.53,$46.54,6.42,$86.79
TPC,Tutor Perini Corp.,0.001,1,,0.05,$83.97,$57.70,45.53,$102.20
YOU,Clear Secure Inc.,0.001,1,,0.06,$39.60,$28.93,36.88,$68.83
NNBR,NN Inc.,0.001,1,,0.05,$3.67,$1.10,233.64,$4.48
EEM,Ishares Msci Emerging Market,0.001,1,,0.06,$67.98,$50.83,33.74,$71.57
KNF,Knife River Corp.,0.001,1,,0.10,$54.58,$50.67,7.72,$96.28
M,Macy's Inc.,0.001,1,,0.06,$22.64,$15.85,42.84,$26.36
AEHR,Aehr Test Systems,0.001,1,,0.05,$104.39,$18.70,458.24,$147.40
VSH,Vishay Intertechnology,0.001,1,,0.07,$32.55,$11.56,181.57,$69.25
RFL,Rafael Holdings Inc.,0.001,1,,0.08,$1.94,$1.12,73.21,$3.96
CRCL,Circle Internet Group Inc,0.001,1,,0.07,$89.00,$49.90,78.36,$159.47
WTFC,Wintrust Financial Corp.,0.001,1,,0.09,$146.11,$117.89,23.94,$166.65
DOC,Healthpeak Properties Inc.,0.001,1,,0.06,$20.31,$14.97,35.67,$22.72
BZH,Beazer Homes USA,0.001,1,,0.12,$33.37,$17.83,87.16,$34.54
UNFI,United Natural Foods,0.001,1,,0.05,$45.85,$30.02,52.73,$57.02
HNGE,Hinge Health Inc A,0.001,1,,0.06,$95.57,$30.08,217.72,$96.66
NG,NovaGold Resources,0.001,1,,0.07,$7.13,$5.08,40.35,$14.40
FPAS,Fpa Short Duration Govt ETF,0.001,1,,0.05,$23.86,$23.78,0.34,$24.91
SANM,Sanmina Corp.,0.000,3,$253.04,0.01,$224.77,$111.52,101.55,$288.68
VB,Vanguard Small Cap ETF,0.000,3,$302.93,0.03,$289.70,$238.70,21.37,$309.51
GIS,General Mills,0.000,3,$34.80,0.02,$33.64,$31.21,7.79,$48.26
OUT,Outfront Media Inc.,0.000,3,$32.76,0.02,$27.65,$16.24,70.26,$34.24
CPA,Copa Holdings SA,0.000,3,$155.53,0.03,$133.72,$104.75,27.66,$158.35
KB,Kb Financial Group Inc ADR,0.000,3,$104.97,0.03,$127.26,$77.44,64.33,$133.29
FORM,FormFactor Inc.,0.000,3,$159.91,0.03,$129.69,$35.00,270.54,$160.27
SNDK,SanDisk Corp.,0.000,2,$2273.04,0.01,$1777.80,$94.39,1783.46,$2354.39
CVLG,Covenant Transportation Group Inc. CL A,0.000,2,$44.18,0.03,$32.47,$17.83,82.11,$49.78
FTAI,FTAI Aviation Ltd.,0.000,2,,0.00,$175.06,$148.67,17.75,$321.70
ACLS,Axcelis Technologies,0.000,2,$189.45,0.02,$123.11,$73.60,67.27,$193.78
CAMT,Camtek Ltd,0.000,2,$163.15,0.01,$147.05,$91.91,59.99,$215.99
WOLF,Wolfspeed Inc.,0.000,2,$48.27,0.02,$27.57,$1.20,2197.50,$80.82
MT,ArcelorMittal,0.000,2,$60.21,0.01,$70.70,$35.23,100.68,$79.68
PH,Parker-Hannifin,0.000,2,,0.00,$978.33,$709.46,37.90,$1097.73
VV,Vanguard Large Cap ETF,0.000,2,$341.77,0.01,$356.76,$288.27,23.76,$359.22
MEC,Mayville Engineering Co. Inc.,0.000,2,$37.46,0.02,$17.16,$12.25,40.08,$38.76
AWK,American Water Works Inc.,0.000,2,$131.60,0.01,$130.91,$118.81,10.18,$142.37
KAR,KAR Auction Services,0.000,2,$41.24,0.02,$30.88,$17.08,80.80,$30.98
SCHD,Schwab Us Dvd Equity ETF,0.000,2,$31.66,0.02,$33.21,$25.43,30.59,$35.03
VEU,Vanguard FTSE All World ex US ETF,0.000,2,$83.76,0.01,$84.38,$68.31,23.53,$86.32
AXGN,AxoGen Inc.,0.000,2,$46.19,0.03,$43.39,$15.27,184.15,$52.91
LSCC,Lattice Semconductor,0.000,2,$152.94,0.01,$128.05,$60.50,111.65,$157.01
EGP,EastGroup Properties SBI,0.000,2,$202.54,0.04,$201.52,$160.57,25.50,$226.71
EXTR,Extreme Networks Inc.,0.000,2,$32.37,0.03,$21.52,$13.48,59.64,$33.73
VICI,VICI Properties Inc.,0.000,2,$26.55,0.02,$23.51,$23.18,1.42,$30.84
IVE,Ishares S&P 500 Value ETF,0.000,2,,0.00,$232.04,$199.18,16.50,$238.98
LITE,Lumentum Holdings Inc.,0.000,2,$858.53,0.01,$941.65,$147.81,537.07,$1085.68
LOCO,El Pollo Loco Holdings Inc.,0.000,2,$16.96,0.03,$14.09,$8.99,56.73,$17.40
VGT,Vanguard Info Tech ETF,0.000,2,$120.00,0.02,$126.17,$82.90,52.20,$126.62
CAKE,Cheesecake Factory,0.000,2,$79.54,0.02,$104.49,$42.54,145.63,$118.46
MTSI,MACOM Technology Solutions Hldg,0.000,2,$380.48,0.01,$285.57,$121.97,134.13,$418.90
ESI,Element Solutions Inc.,0.000,2,$47.76,0.03,$35.71,$22.64,57.73,$49.14
IWS,Ishares Russell Mid Cap Valu,0.000,2,,0.00,$163.25,$131.84,23.82,$172.90
UTZ,Utz Brands Inc.,0.000,2,$7.70,0.02,$14.24,$6.69,112.86,$14.27
MOS,Mosaic Co.,0.000,2,$21.19,0.03,$23.01,$19.63,17.22,$34.72
THC,Tenet Healthcare Corp.,0.000,2,,0.00,$259.71,$157.58,64.81,$283.05
DGII,Digi International,0.000,2,$74.95,0.03,$78.30,$34.41,127.55,$86.84
ADTN,ADTRAN Holdings Inc.,0.000,2,$13.90,0.03,$7.13,$6.84,4.24,$19.98
AAOI,Applied Optoelectronics Inc,0.000,2,$148.11,0.02,$101.40,$18.50,448.11,$233.67
BRC,Brady Corp.,0.000,2,$91.57,0.01,$84.02,$70.38,19.38,$99.25
CIEN,Ciena Corp.,0.000,2,$490.71,0.01,$356.91,$138.12,158.41,$637.51
SKYT-OLD,Skywater Technology Inc,0.000,2,,0.00,$32.49,$8.49,282.69,$39.93
HZO,MarineMax Inc.,0.000,2,$36.62,0.02,$52.44,$21.42,144.82,$52.56
ACWX,iShares MSCI ACWI EX U.S. ETF,0.000,2,$76.11,0.02,$76.87,$62.22,23.55,$78.78
SMTC,Semtech Corp.,0.000,2,$161.84,0.02,$182.30,$60.28,202.42,$190.64
IAU,iShares Gold Trust,0.000,2,,0.00,$80.66,$70.71,14.07,$104.40
IJH,Ishares Core S&P Midcap ETF,0.000,2,$77.11,0.03,$72.99,$61.43,18.82,$78.47
METCB,Ramaco Resources Inc B,0.000,1,,0.01,$4.50,$4.45,1.12,$20.70
REG,Regency Centers Corp.,0.000,1,,0.04,$73.23,$64.44,13.64,$82.82
WYFI,Whitefiber Inc,0.000,1,,0.01,$19.62,$10.51,86.68,$46.87
J,Jacobs Solutions Inc.,0.000,1,,0.01,$138.37,$105.09,31.67,$166.66
STM,Stmicroelectronics Nv Ny Shs,0.000,1,,0.01,$51.93,$20.92,148.23,$81.19
BLZE,Backblaze Inc A,0.000,1,,0.00,$13.19,$3.26,304.60,$23.99
STRW,Strawberry Fields Reit Inc,0.000,1,,0.01,$13.40,$10.58,26.65,$14.57
FLUT,Flutter Entertainment Plc,0.000,1,,0.03,$83.23,$78.90,5.49,$284.87
DNTH,Dianthus Therapeutics Inc,0.000,1,,0.01,$88.55,$32.22,174.83,$117.88
TTAM,Titan America SA,0.000,1,,0.01,$13.85,$13.28,4.29,$19.57
DOUG,Douglas Elliman Inc,0.000,1,,0.00,$1.57,$1.48,6.08,$3.10
AFYA,Afya Ltd,0.000,1,,0.00,$13.00,$12.45,4.42,$16.16
GKOS,Glaukos Corp.,0.000,1,,0.01,$154.43,$73.16,111.09,$191.62
VCTR,Victory Capital Holdings,0.000,1,,0.02,$108.75,$55.62,95.52,$123.00
EVER,EverQuote Inc. CL A,0.000,1,,0.01,$18.64,$13.88,34.29,$28.73
RNG,RingCentral Inc.,0.000,1,,0.01,$76.16,$24.01,217.20,$81.90
TAK,Takeda Pharmaceutical Co. Ltd,0.000,1,,0.00,$18.86,$12.99,45.19,$19.10
EPC,Edgewell Personal Care Co.,0.000,1,,0.03,$27.82,$15.53,79.14,$29.79
UTI,Universal Technical Institute,0.000,1,,0.04,$20.30,$19.52,4.00,$51.34
ITRI,Itron Inc.,0.000,1,,0.02,$89.75,$77.77,15.40,$142.00
EROC,Erock Inc A,0.000,1,,0.03,$12.60,$8.88,41.89,$20.70
NPKI,NPK International Inc.,0.000,1,,0.02,$11.72,$10.73,9.23,$16.50
AVNW,Aviat Networks Inc.,0.000,1,,0.01,$20.09,$13.92,44.32,$27.02
STKL-OLD,SunOpta Inc.,0.000,1,,0.01,$6.50,$3.32,95.78,$6.94
CBT,Cabot Corp.,0.000,1,,0.03,$78.76,$56.94,38.32,$94.00
FBLA,Fb Bancorp Inc,0.000,1,,0.01,$16.47,$11.66,41.25,$16.48
PBFS,Pioneer Bancorp Inc.,0.000,1,,0.04,$17.67,$12.64,39.79,$19.91
CNS,Cohen & Steers Inc.,0.000,1,,0.00,$74.20,$56.80,30.63,$86.56
PACK,Ranpak Holdings Corp. CL A,0.000,1,,0.01,$4.39,$3.22,36.34,$7.81
REXR,Rexford Industrial Realty Inc.,0.000,1,,0.03,$37.47,$31.48,19.03,$42.76
RTLLF,Rational Ag,0.000,1,,0.02,$650.00,$650.00,0.00,$859.22
SLF,Sun Life Financial Inc.,0.000,1,,0.00,$79.91,$55.24,44.66,$83.64
NTAP,NetApp Inc.,0.000,1,,0.01,$201.15,$92.93,116.45,$209.06
COUR,Coursera Inc,0.000,1,,0.01,$5.05,$4.96,1.81,$12.32
CATH,Global X S&P 500 Catholic Values ETF,0.000,1,,0.01,$91.60,$75.37,21.53,$93.05
XGN,Exagen Inc.,0.000,1,,0.00,$8.72,$2.59,236.68,$12.23
BBY,Best Buy Co. Inc.,0.000,1,,0.00,$90.51,$53.81,68.20,$96.53
FVR,Frontview Reit Inc,0.000,1,,0.02,$17.86,$12.39,44.15,$22.29
AIRJ,Airjoule Technologies Corp,0.000,1,,0.01,$4.09,$2.22,84.23,$6.75
ESS,Essex Property Trust,0.000,1,,0.04,$271.61,$233.85,16.15,$303.35
SLP,Simulations Plus Inc.,0.000,1,,0.03,$18.46,$11.09,66.46,$21.01
UMH,UMH Properties Inc.,0.000,1,,0.02,$15.40,$13.17,16.93,$16.77
ARM,Arvinmeritor Inc.,0.000,1,,0.01,$310.32,$100.02,210.26,$452.70
TRS,TriMas Corp.,0.000,1,,0.02,$39.15,$30.34,29.04,$45.38
JOUT,Johnson Outdoors Inc.,0.000,1,,0.01,$44.43,$34.91,27.27,$53.16
LRN,Stride Inc.,0.000,1,,0.02,$78.56,$60.61,29.62,$155.06
STNG,Scorpio Tankers Inc.,0.000,1,,0.03,$81.49,$48.08,69.49,$90.06
COPX,Global X Copper Miners ETF,0.000,1,,0.00,$86.73,$54.54,59.02,$99.65
MATV,Mativ Holdings Inc.,0.000,1,,0.00,$11.92,$7.01,70.04,$15.02
TWI,Titan International Inc.,0.000,1,,0.01,$7.07,$6.37,10.99,$11.70
AMBQ,Ambiq Micro Inc,0.000,1,,0.04,$69.79,$22.12,215.51,$91.61
HOMB,Home Bancshares Inc.,0.000,1,,0.02,$29.19,$25.28,15.47,$31.54
AVBH,Avidbank Holdings Inc,0.000,1,,0.02,$31.41,$24.03,30.71,$34.18
DVDCF,Davide Campari-Milano S.p.A.,0.000,1,,0.01,$6.88,$6.07,13.34,$7.78
CDRE,Cadre Holdings Inc,0.000,1,,0.01,$26.39,$25.65,2.88,$48.44
BG,Bunge Global SA,0.000,1,,0.04,$109.00,$77.14,41.30,$134.02
FULT,Fulton Financial Corp.,0.000,1,,0.01,$23.23,$16.16,43.75,$25.23
SSPPF,Ssp Group Plc,0.000,1,,0.02,$2.54,$1.67,52.10,$2.55
BIRK,Birkenstock Holding Plc,0.000,1,,0.01,$33.60,$29.93,12.26,$50.73
JJSF,J & J Snack Foods,0.000,1,,0.03,$77.51,$67.51,14.81,$95.74
BLLN,Billiontoone Inc Cl A,0.000,1,,0.02,$123.08,$61.96,98.64,$150.44
FMC,FMC Corp.,0.000,1,,0.04,$9.58,$9.46,1.27,$33.06
JOBY,Joby Aviation Inc.,0.000,1,,0.03,$6.32,$5.93,6.58,$19.98
GPRK,Geopark Ltd,0.000,1,,0.00,$11.20,$5.68,97.18,$13.13
SBGI,Sinclair Broadcast Group Inc.,0.000,1,,0.00,$12.78,$11.82,8.12,$16.69
ATAT,Atour Lifestyle Holdings ADR,0.000,1,,0.00,$32.23,$30.78,4.71,$42.49
GH,Guardant Health Inc.,0.000,1,,0.04,$177.25,$59.03,200.27,$183.51
EXEL,Exelixis Inc.,0.000,1,,0.00,$58.16,$33.76,72.27,$59.72
PIFYF,Pine Cliff Energy Ltd,0.000,1,,0.03,$0.39,$0.35,11.43,$0.65
AKTS,Aktis Oncology Inc,0.000,1,,0.02,$19.43,$14.72,32.00,$34.19
UFCS,United Fire Group Inc.,0.000,1,,0.00,$53.33,$29.21,82.57,$56.74
BFLY,Butterfly Network Inc,0.000,1,,0.03,$9.39,$1.87,402.14,$10.05
JBHT,J.B. Hunt Transport Services Inc.,0.000,1,,0.00,$225.46,$129.06,74.69,$299.26
PRGO,Perrigo Co.,0.000,1,,0.04,$15.42,$8.81,75.03,$20.70
ASX,Ase Technology Holding ADR,0.000,1,,0.01,$44.31,$10.82,309.52,$45.27
TRN,Trinity Industries,0.000,1,,0.03,$27.91,$24.06,16.00,$38.31
KVHI,KVH Industries Inc.,0.000,1,,0.00,$7.39,$5.09,45.19,$13.00
FLYX.WS,Eg Acquisition Corp A WTS28,0.000,1,,0.00,,,,
SYNA,Synaptics Inc.,0.000,1,,0.02,$102.72,$58.28,76.25,$149.11
SBCF,Seacoast Banking Corp. of Florida,0.000,1,,0.04,$33.03,$27.91,18.34,$36.07
SIL,Global X Silver Miners ETF,0.000,1,,0.00,$91.56,$61.06,49.95,$119.08
OIS,Oil States International Inc.,0.000,1,,0.03,$8.28,$5.50,50.55,$14.50
MTRX,Matrix Service Co.,0.000,1,,0.02,$9.74,$9.61,1.35,$15.97
TITN,Titan Machinery Inc.,0.000,1,,0.03,$23.49,$13.21,77.82,$26.90
XLF,Financial Select Sector SPDR,0.000,1,,0.00,$54.84,$47.34,15.84,$58.39
AMRC,Ameresco Inc. CL A,0.000,1,,0.03,$21.48,$18.38,16.87,$44.93
VNQ,Vanguard Real Estate ETF,0.000,1,,0.00,$90.99,$84.66,7.48,$100.93
TEO,Telecom Argentina S.A.,0.000,1,,0.04,$13.02,$6.78,92.04,$16.34
DLG.MI,De'Longhi SPA,0.000,1,,0.02,,,,
CAE,CAE Inc.,0.000,1,,0.04,$24.86,$22.76,9.23,$34.24
RRBI,Red River Bancshares Inc,0.000,1,,0.02,$101.00,$60.98,65.63,$104.87
WT,WisdomTree Investments,0.000,1,,0.02,$24.33,$10.64,128.67,$25.91
HYBB,Ishares Bb Rated Corp Bond,0.000,1,,0.00,$45.47,$44.28,2.69,$46.46
TFII,Tfi International Inc,0.000,1,,0.02,$121.10,$79.64,52.06,$167.14
QQQM,Invesco Nasdaq 100 ETF,0.000,1,,0.02,$306.54,$228.24,34.31,$308.13
HSBC,HSBC Holdings plc,0.000,1,,0.01,$100.95,$61.80,63.35,$107.43
JBL,Jabil Inc.,0.000,1,,0.01,$316.74,$189.46,67.18,$428.84
NVMI,Nova Ltd,0.000,1,,0.01,$368.23,$266.43,38.21,$615.99
KOD,Kodiak Sciences Inc.,0.000,1,,0.01,$32.35,$10.94,195.70,$47.84
CCRN-OLD,Cross Country Healthcare,0.000,1,,0.02,$13.25,$7.43,78.33,$14.99
ASR,Grupo Aeroportuario Sure SA de CV,0.000,1,,0.00,$243.21,$235.79,3.15,$374.42
EIKN,Eikon Therapeutics Inc,0.000,1,,0.00,$7.92,$7.72,2.59,$17.40
PNR,Pentair plc,0.000,1,,0.04,$53.66,$52.64,1.94,$112.57
FIP,Ftai Infrastructure Inc,0.000,1,,0.02,$3.13,$2.77,13.00,$6.56
ALH,Alliance Laundry Holdings In,0.000,1,,0.00,$21.86,$18.64,17.27,$28.23
CALY,Callaway Golf Co.,0.000,1,,0.02,$14.44,$8.39,72.11,$20.28
SMBK,SmartFinancial Inc.,0.000,1,,0.02,$50.32,$32.74,53.70,$54.14
TRVG,Trivago Nv ADR,0.000,1,,0.00,$5.44,$2.59,110.04,$6.80
LNTH,Lantheus Holdings Inc.,0.000,1,,0.00,$99.74,$49.67,100.81,$111.86
FLYX,Flyexclusive Inc,0.000,1,,0.04,$1.27,$1.05,20.95,$8.88
TALK-OLD,Talkspace Inc.,0.000,1,,0.01,$5.25,$2.49,110.84,$5.25
ORI,Old Republic International,0.000,1,,0.02,$37.74,$35.16,7.34,$44.32
