Symbol,Stock,%▼,"Ownership
count",Hold Price*,Max %,"Current
Price","52 Week
Low","% Above
52 Week
Low","52 Week
High"
AMZN,Amazon.com Inc.,2.917,34,$238.34,32.21,$251.62,$196.00,28.38,$287.20
GOOG,Alphabet Inc. CL C,2.582,34,$353.33,23.39,$330.13,$235.96,39.91,$403.96
BRK.B,Berkshire Hathaway CL B,2.416,26,$500.39,33.89,$505.22,$464.01,8.88,$537.74
GOOGL,Alphabet Inc.,2.084,36,$357.37,24.55,$332.50,$235.23,41.35,$408.10
MSFT,Microsoft Corp.,1.779,37,$373.02,20.54,$490.76,$348.54,40.80,$549.20
BRK.A,Berkshire Hathaway CL A,1.758,17,$748851.77,42.42,$758742.00,$698000.00,8.70,$806102.81
V,Visa Inc.,1.713,30,$343.09,19.83,$366.64,$292.74,25.24,$385.57
META,Meta Platforms Inc.,1.580,31,$563.30,20.45,$644.63,$519.78,24.02,$788.22
CVNA,Carvana Co.,1.483,7,$65.82,78.85,$70.41,$54.46,29.29,$97.38
MA,Mastercard Inc.,1.419,22,$513.60,20.01,$564.10,$463.74,21.64,$601.23
AAPL,Apple Inc.,1.224,22,$289.36,41.05,$325.53,$225.12,44.60,$344.27
TSM,Taiwan Semiconductor S.A.,0.986,24,$477.55,10.55,$429.10,$254.98,68.29,$479.00
GE,GE Aerospace,0.968,10,$373.73,35.61,$322.79,$268.58,20.18,$388.84
MCO,Moody's Corp.,0.948,17,$452.92,19.14,$468.06,$399.61,17.13,$543.25
JOE,St. Joe Co.,0.932,1,,76.43,$63.80,$45.92,38.94,$73.02
TDG,TransDigm Group Inc.,0.751,6,$1332.04,27.51,$1125.79,$1123.61,0.19,$1463.03
BN,Brookfield Corp.,0.736,9,$42.59,16.29,$37.91,$37.87,0.11,$49.40
SPGI,S&P Global Inc.,0.730,15,$407.26,19.92,$411.05,$360.09,14.15,$521.12
ASML,ASML Holding NV,0.722,9,$1989.38,21.11,$1697.20,$785.83,115.98,$1997.36
NVDA,NVIDIA Corp.,0.720,18,$200.09,9.34,$218.17,$163.90,33.11,$236.00
IBKR,Interactive Brokers Group Inc.,0.706,6,$87.04,33.42,$89.44,$58.70,52.37,$98.66
IEP,Icahn Enterprises,0.658,1,,53.95,$6.85,$5.82,17.70,$7.44
FICO,Fair Isaac Corp.,0.581,8,$1194.78,25.77,$958.32,$870.01,10.15,$1998.01
HCC,Warrior Met Coal Inc.,0.580,3,$81.16,43.32,$102.61,$57.32,79.01,$111.42
LOAR,Loar Holdings Inc,0.575,1,,47.15,$65.25,$53.15,22.77,$83.43
MOH,Molina Healthcare Inc.,0.567,3,$193.75,43.49,$199.95,$121.06,65.17,$244.89
GPI,Group 1 Automotive,0.566,2,$291.17,46.41,$280.50,$249.03,12.64,$485.12
PDD,Pinduoduo Inc.,0.545,4,$76.28,22.17,$77.77,$71.94,8.10,$139.41
UBER,Uber Technologies Inc.,0.521,11,$72.16,12.72,$72.51,$65.41,10.85,$101.99
AMAT,Applied Materials,0.516,12,$723.00,19.48,$455.85,$161.66,181.98,$738.88
C,Citigroup Inc.,0.484,8,$139.96,18.50,$137.99,$91.72,50.45,$147.21
COF,Capital One Financial,0.470,16,$200.62,7.13,$206.43,$173.62,18.90,$256.63
AXP,American Express,0.464,16,$338.24,17.14,$320.17,$289.26,10.69,$384.36
SUNB,Sunbelt Rentals Holdings Inc,0.464,12,$75.05,10.59,$72.77,$60.40,20.48,$85.78
ELV,Elevance Health Inc.,0.457,12,$386.73,9.11,$419.79,$270.87,54.98,$434.35
SNX,SYNNEX Corp.,0.456,4,$267.34,26.38,$257.23,$141.15,82.24,$295.89
CROX,Crocs Inc.,0.443,6,$120.64,27.20,$108.67,$73.21,48.44,$141.28
DIS,Walt Disney Co.,0.432,20,$96.25,9.55,$104.84,$91.48,14.60,$115.83
LULU,Lululemon Athletica Inc.,0.403,4,$176.58,32.35,$95.93,$95.93,0.00,$225.98
CVS,CVS Health Corp.,0.396,10,$103.45,10.63,$95.26,$68.48,39.11,$110.00
EQH,Equitable Holdings Inc.,0.395,5,$43.88,30.38,$52.32,$34.72,50.69,$53.71
SLM,SLM Corp.,0.387,3,$27.27,24.16,$25.49,$17.46,45.99,$30.52
JHG-OLD,Janus Henderson Group,0.385,1,,31.53,$51.98,$37.96,36.93,$53.76
RIG,Transocean Ltd.,0.373,2,$4.89,30.53,$5.76,$3.03,90.10,$7.66
AVGO,Broadcom Inc.,0.368,13,$377.75,10.61,$361.40,$289.50,24.84,$494.22
ICLR,ICON plc,0.358,6,$173.71,11.94,$164.93,$66.57,147.75,$203.91
FERG,Ferguson Enterprises Inc.,0.339,11,$237.33,6.88,$220.72,$203.74,8.33,$268.59
SCHW,Charles Schwab Corp.,0.338,11,$92.27,6.56,$106.96,$83.72,27.76,$114.53
ADI,Analog Devices,0.319,11,$397.17,7.97,$361.16,$220.71,63.64,$444.56
AMR,Alpha Metallurgical Resources Inc.,0.318,1,,26.11,$218.29,$133.64,63.34,$253.82
MKL,Markel Group Inc.,0.309,5,$1953.01,10.89,$1771.83,$1719.41,3.05,$2207.59
UNH,United Health Group Inc.,0.302,17,$415.63,6.05,$389.73,$254.51,53.13,$461.62
TMO,Thermo Fisher Scientific,0.301,11,$501.36,9.81,$603.65,$434.83,38.82,$647.00
KHC,Kraft Heinz Co.,0.299,9,$23.61,12.80,$24.39,$20.34,19.91,$27.65
PYPL,PayPal Holdings Inc.,0.294,8,$43.18,10.61,$53.08,$38.12,39.24,$78.34
RKT,Rocket Companies Inc.,0.290,5,$15.75,11.65,$13.01,$12.17,6.90,$24.36
CVI,CVR Energy Inc.,0.289,1,,23.73,$49.07,$19.50,151.64,$49.65
VFC,V.F. Corp.,0.287,2,$16.68,23.36,$12.48,$12.48,0.00,$22.00
BABA,Alibaba Group Holdings,0.281,9,$95.98,16.92,$108.64,$91.99,18.10,$190.92
CAT,Caterpillar Inc.,0.275,6,$1064.90,19.65,$803.26,$415.76,93.20,$1071.47
CNH,CNH Industrial NV,0.271,5,$11.23,17.11,$13.44,$8.91,50.84,$14.46
WM,Waste Management Inc.,0.267,3,$222.88,17.30,$214.39,$191.77,11.80,$247.15
ORLA-OLD,Orla Mining Ltd,0.264,3,$9.73,21.55,$9.45,$8.43,12.10,$21.95
CP,Canadian Pacific Kansas City,0.261,7,$86.65,7.44,$88.79,$67.98,30.61,$96.90
LYV,Live Nation Inc.,0.257,8,$183.11,7.69,$168.91,$125.34,34.76,$189.25
APP,Applovin Corp.,0.257,4,$515.25,14.50,$316.28,$297.50,6.31,$745.61
ASH,Ashland Global Holdings Inc.,0.256,2,$65.89,17.47,$71.03,$45.04,57.70,$77.80
GM,General Motors,0.255,7,$77.08,11.46,$85.80,$53.87,59.27,$91.66
LEN,Lennar Corp.,0.255,4,$90.49,11.82,$77.59,$77.08,0.66,$137.93
BKNG,Booking Holdings Inc.,0.252,6,$178.24,8.46,$174.46,$149.76,16.49,$223.49
RPRX,Royalty Pharma plc,0.250,3,$56.07,8.82,$59.28,$33.97,74.51,$64.38
VRT,Vertiv Holdings Co.,0.250,3,$334.82,20.37,$247.46,$132.58,86.65,$379.86
NFLX,Netflix Inc.,0.248,11,$71.40,5.41,$75.78,$65.08,16.44,$126.70
CNI,Canadian Natl Railway Co.,0.247,6,$119.24,17.95,$120.77,$88.62,36.28,$130.84
DHR,Danaher Corp.,0.245,12,$190.48,7.64,$201.46,$160.60,25.44,$241.78
BAC,Bank of America Corp.,0.244,15,$56.98,9.20,$62.41,$45.64,36.74,$64.89
BDX,Becton Dickinson,0.238,7,$151.33,9.93,$175.79,$124.46,41.24,$191.94
QSR,Restaurant Brands International,0.238,3,$72.51,9.62,$76.38,$59.25,28.91,$81.88
GRBK,Green Brick Partners,0.237,2,$80.04,19.39,$67.12,$60.44,11.05,$83.18
CRM,Salesforce.com,0.235,10,$156.66,8.33,$243.61,$146.32,66.49,$268.27
AZN,AstraZeneca PLC,0.233,3,$187.18,19.03,$160.01,$90.90,76.03,$209.12
KKR,KKR & Co. L.P.,0.231,7,$91.78,8.95,$100.41,$82.35,21.93,$151.00
WFC,Wells Fargo,0.225,14,$82.64,3.11,$88.79,$72.36,22.71,$96.18
YETI,YETI Holdings Inc.,0.224,2,$49.56,18.33,$39.34,$31.66,24.26,$53.99
SGOV,Ishares 0 3 Month Treasury B,0.220,4,$100.67,10.59,$100.50,$96.84,3.78,$100.50
CACC,Credit Acceptance Corp.,0.220,2,$636.74,18.01,$601.39,$401.90,49.64,$668.86
RACE,Ferrari NV,0.216,4,$370.77,7.71,$407.80,$308.95,32.00,$498.75
PM,Philip Morris Intl.,0.212,10,$180.91,9.18,$189.58,$138.43,36.95,$207.76
SOLV,Solventum Corp,0.210,4,$77.15,15.02,$87.86,$62.38,40.85,$94.16
WBD,Warner Bros. Discovery Inc.,0.209,5,$26.66,11.68,$28.05,$12.00,133.75,$30.00
LAD,Lithia Motors Inc.,0.207,6,$290.49,13.20,$361.82,$238.86,51.48,$438.67
TXN,Texas Instruments,0.206,14,$298.07,3.93,$258.16,$150.20,71.88,$332.33
OMF,OneMain Holdings,0.200,4,$60.97,10.08,$62.04,$44.20,40.36,$68.16
EGO,Eldorado Gold Corp.,0.197,1,,16.18,$42.75,$24.30,75.93,$50.88
CPNG,Coupang Inc.,0.196,8,$17.37,6.89,$14.62,$14.48,0.97,$34.08
TKO,TKO Group Holdings Inc.,0.196,1,,16.07,$188.05,$173.96,8.10,$225.15
IFF,International Flavors & Fragrances Inc.,0.194,5,$79.22,5.43,$84.19,$58.13,44.83,$89.32
OXY,Occidental Petroleum,0.192,4,$48.57,7.02,$60.88,$38.26,59.12,$66.83
AON,Aon Plc,0.191,10,$331.69,4.91,$305.35,$303.10,0.74,$381.47
FWONK,Liberty Media Corp Formula One Series C,0.191,3,$95.14,7.73,$95.64,$80.15,19.33,$109.36
GXO,Gxo Logistics Inc.,0.189,1,,15.46,$45.42,$45.00,0.93,$66.85
EPD,Enterprise Products Partners LP,0.188,6,$36.76,13.46,$39.38,$28.18,39.74,$39.70
APTV,Aptiv PLC,0.187,2,$61.38,14.51,$45.15,$44.43,1.62,$78.49
AER,AerCap Holdings N.V.,0.185,3,$145.78,7.16,$140.35,$117.73,19.21,$158.38
ALC,Alcon Inc.,0.185,2,$67.33,15.19,$66.82,$61.84,8.05,$87.22
PEP,PepsiCo Inc.,0.184,12,$135.40,5.27,$136.82,$131.99,3.66,$166.41
MU,Micron Technology Inc.,0.184,5,$1154.29,15.06,$980.39,$138.12,609.81,$1254.81
CMCSA,Comcast Corp.,0.183,14,$24.55,3.15,$25.16,$21.28,18.23,$32.04
LLY,Eli Lilly & Co.,0.183,7,$1199.42,6.89,$1124.80,$707.59,58.96,$1292.65
KO,Coca Cola Co.,0.182,9,$81.27,10.86,$88.08,$64.04,37.54,$92.49
BLK,BlackRock Inc.,0.181,6,$961.57,9.93,$1064.12,$907.59,17.25,$1194.41
DASH,DoorDash Inc.,0.181,4,$184.53,7.46,$200.82,$143.30,40.14,$285.50
PVH,PVH Corp.,0.179,4,$74.26,9.92,$68.39,$59.55,14.84,$100.69
HGV,Hilton Grand Vacations Inc.,0.177,2,$52.37,14.48,$39.30,$36.79,6.82,$55.40
SIRI,SiriusXM Holdings Inc,0.175,5,$29.54,5.59,$28.83,$19.15,50.55,$32.37
ICE,Intercontinental Exchange Inc.,0.174,6,$123.11,4.90,$155.77,$121.79,27.90,$174.83
BAYRY,Bayer Ag Sponsored ADR,0.172,1,,14.12,$14.31,$7.46,91.82,$15.23
ACN,Accenture,0.170,12,$124.44,4.86,$177.81,$116.75,52.30,$285.21
BAX,Baxter International Inc.,0.170,7,$21.32,4.09,$24.06,$15.72,53.05,$29.99
CCL,Carnival Corp.,0.170,2,$28.57,12.78,$22.37,$22.34,0.13,$33.49
TOL,Toll Brothers,0.169,4,$164.75,10.71,$132.14,$122.93,7.49,$167.75
TRMD,Torm Plc,0.169,2,$25.79,13.87,$34.53,$16.70,106.77,$34.57
OKTA,Okta Inc.,0.168,1,,13.80,$172.09,$62.66,174.64,$179.31
TSLA,Tesla Inc.,0.167,6,$420.60,7.44,$364.22,$297.38,22.48,$498.83
DG,Dollar General,0.167,5,$115.11,8.66,$122.48,$93.78,30.60,$156.68
IONS,Ionis Pharmaceuticals Inc.,0.167,1,,13.70,$55.21,$50.01,10.40,$86.74
ROP,Roper Technologies Inc.,0.165,4,$338.39,7.80,$388.80,$305.19,27.40,$517.59
ORCL,Oracle Corp.,0.164,14,$146.55,4.51,$154.74,$114.50,35.14,$341.82
APH,Amphenol Corp.,0.164,7,$88.16,8.29,$80.16,$57.93,38.37,$89.26
SPOT,Spotify Technology S.A.,0.163,7,$459.13,4.96,$522.51,$405.00,29.01,$745.00
KEX,Kirby Corp.,0.161,1,,13.22,$138.80,$79.52,74.55,$157.69
PG,Procter & Gamble,0.160,9,$146.64,4.38,$143.13,$134.62,6.32,$164.77
GIL,Gildan Activewear Inc.,0.160,1,,13.10,$48.92,$46.35,5.54,$72.73
AJG,Arthur J. Gallagher & Co.,0.159,6,$229.57,6.43,$243.22,$189.61,28.27,$309.90
XRAY,DENTSPLY SIRONA Inc.,0.159,3,$10.61,12.18,$10.50,$9.41,11.58,$14.76
PFE,Pfizer Inc.,0.158,10,$24.08,3.07,$27.52,$22.03,24.92,$29.21
USB,U.S. Bancorp,0.157,6,$60.41,5.56,$62.12,$43.76,41.96,$66.08
ADP,Automatic Data Processing Inc.,0.157,6,$223.95,4.93,$266.98,$186.74,42.97,$291.13
VMC,Vulcan Materials,0.157,6,$295.01,5.62,$249.96,$248.54,0.57,$329.20
MDLN,Medline Inc Cl A,0.157,4,$39.44,6.28,$32.62,$32.49,0.40,$50.88
INTU,Intuit Inc.,0.156,8,$261.00,6.62,$312.52,$251.72,24.15,$697.25
SHW,Sherwin-Williams,0.155,7,$344.32,4.50,$316.82,$289.19,9.55,$375.09
NEM,Newmont Corp.,0.155,4,$93.40,6.25,$126.32,$75.34,67.67,$135.01
SGI,Somnigroup International Inc.,0.155,2,$78.40,8.30,$65.43,$60.08,8.90,$97.86
EXE,Expand Energy Corp.,0.154,1,,12.64,$97.16,$84.48,15.01,$124.43
HD,Home Depot,0.153,10,$352.68,5.61,$304.42,$284.85,6.87,$415.00
GEHC,GE HealthCare Technologies Inc.,0.153,8,$64.01,4.67,$64.64,$58.72,10.08,$89.64
EG,Everest Group Ltd,0.153,4,$357.23,11.28,$369.91,$295.27,25.28,$398.90
DE,Deere & Co.,0.152,7,$634.33,6.56,$676.58,$429.14,57.66,$705.88
CRH,CRH plc,0.152,5,$107.00,5.14,$87.14,$87.14,0.00,$130.09
UHAL.B,U Haul Holding Co Non Voting,0.152,4,$57.70,4.42,$55.97,$39.58,41.41,$66.90
ALK,Alaska Air Group,0.151,2,$52.20,10.58,$39.89,$33.03,20.77,$65.88
WAT,Waters Corp.,0.150,8,$375.04,6.25,$401.48,$282.77,41.98,$426.22
MSI,Motorola Solutions Inc.,0.148,8,$415.29,5.63,$462.67,$357.34,29.48,$494.85
TRU,TransUnion,0.148,3,$72.14,5.94,$76.69,$63.28,21.19,$94.90
INTC,Intel Corp.,0.147,7,$139.63,4.62,$100.95,$24.05,319.75,$142.35
JPM,JPMorgan Chase & Co.,0.146,15,$327.33,3.54,$352.33,$276.43,27.46,$366.50
HEI.A,HEICO Corp. CL A,0.146,4,$257.91,6.38,$230.95,$199.25,15.91,$279.52
UNP,Union Pacific,0.145,11,$272.00,5.95,$285.14,$206.49,38.09,$314.53
SW,Smurfit Westrock Plc,0.143,3,$46.26,7.56,$42.18,$31.79,32.68,$51.52
PPLI,People Inc.,0.143,3,$46.16,7.54,$37.23,$29.56,25.95,$48.32
FBIN,Fortune Brands Innovations Inc.,0.141,5,$54.90,4.83,$39.50,$31.92,23.75,$63.70
RBC,RBC Bearings Inc.,0.141,2,$644.06,10.70,$474.50,$364.50,30.18,$667.69
PGR,Progressive Corp.,0.140,7,$218.45,4.79,$215.64,$187.79,14.83,$239.38
OSK,Oshkosh Corp.,0.140,5,$153.48,6.69,$147.28,$115.83,27.15,$178.55
ET,Energy Transfer LP,0.140,4,$19.12,7.18,$21.72,$15.10,43.84,$21.80
SN,Sharkninja Inc,0.139,5,$152.27,10.67,$163.69,$83.12,96.93,$194.54
SYK,Stryker Corp.,0.139,4,$314.84,6.72,$270.66,$270.66,0.00,$389.48
KOF,Coca-Cola FEMSA S A CV,0.138,3,$106.25,9.34,$110.48,$76.77,43.91,$117.09
EQT,EQT Corp.,0.137,3,$53.17,6.19,$55.07,$47.79,15.23,$67.84
LRCX,Lam Research,0.136,7,$433.33,5.72,$299.37,$104.03,187.77,$438.50
BA,Boeing Co.,0.136,6,$216.47,3.38,$204.70,$176.77,15.80,$254.35
JNJ,Johnson & Johnson,0.135,12,$253.97,3.96,$266.72,$169.51,57.35,$281.07
DB,Deutsche Bank AG,0.135,4,$33.86,10.80,$40.28,$27.13,48.47,$41.62
MAT,Mattel Inc.,0.135,2,$13.88,8.92,$13.67,$12.73,7.38,$22.48
BLDR,Builders FirstSource Inc.,0.134,6,$89.48,5.60,$58.49,$58.49,0.00,$148.91
UAA,Under Armour Inc.,0.134,1,,10.98,$4.87,$4.13,17.92,$8.15
TEL,TE Connectivity plc,0.133,8,$201.61,3.93,$204.22,$189.53,7.75,$250.61
QCOM,QUALCOMM Inc.,0.133,7,$184.79,3.66,$178.32,$120.88,47.52,$257.56
SLB,Schlumberger Ltd.,0.132,8,$46.49,4.36,$56.21,$30.88,82.03,$60.15
DHI,D.R. Horton,0.132,4,$162.88,6.59,$135.15,$130.96,3.20,$179.32
BFAM,Bright Horizons Family Solutions Inc.,0.132,2,$70.88,8.28,$63.88,$57.63,10.85,$115.32
CB,Chubb Limited,0.131,6,$340.74,4.79,$338.21,$262.86,28.67,$365.91
PHM,PulteGroup Inc.,0.131,3,$137.21,8.64,$115.65,$108.26,6.83,$143.88
FISV,Fiserv Inc.,0.130,9,$49.05,2.79,$49.11,$47.04,4.40,$136.60
CBRE,CBRE Group,0.130,7,$134.69,3.67,$137.78,$121.69,13.22,$174.27
RYN,Rayonier Inc.,0.129,1,,10.54,$20.05,$19.25,4.16,$24.84
AIIR,Air Holdings Ltd,0.129,1,,10.61,$7.66,$5.29,44.80,$13.37
TSN,Tyson Foods,0.128,6,$57.25,3.11,$52.79,$48.84,8.09,$68.27
NCLH,Norwegian Cruise Line Hlgs Ltd.,0.128,3,$21.11,4.23,$14.48,$14.48,0.00,$27.18
FLG,Flagstar Financial Inc.,0.127,2,$14.94,9.62,$13.23,$10.54,25.52,$15.43
GEV,Ge Vernova Inc,0.126,10,$1174.86,3.91,$923.20,$529.18,74.46,$1195.94
TDS,Telephone & Data Systems,0.125,2,$37.01,5.17,$37.44,$31.51,18.82,$49.07
HHH,Howard Hughes Holdings Inc.,0.125,1,,10.23,$61.45,$61.01,0.72,$91.07
SE,Sea Ltd,0.124,8,$95.83,5.02,$108.05,$77.05,40.23,$199.30
TDW,Tidewater Inc.,0.124,3,$66.63,9.95,$92.11,$46.65,97.45,$101.58
ZS,Zscaler Inc.,0.124,1,,10.18,$163.56,$114.63,42.69,$336.99
NOW,ServiceNow Inc.,0.123,6,$99.28,4.59,$131.42,$81.24,61.77,$194.73
CI,Cigna Group,0.122,7,$275.68,2.67,$279.99,$234.20,19.55,$308.48
EFX,Equifax Inc.,0.121,9,$158.73,2.27,$166.69,$150.31,10.90,$268.77
FDX,FedEx Corp.,0.120,7,$313.13,3.18,$311.62,$175.76,77.30,$344.07
APD,Air Products & Chemicals,0.118,7,$293.18,3.96,$293.73,$224.64,30.76,$314.87
CSGP,CoStar Group Inc.,0.118,4,$28.32,6.49,$29.68,$25.89,14.64,$90.72
EWBC,East West Bancorp,0.118,1,,9.68,$128.61,$90.34,42.36,$137.47
URI,United Rentals,0.116,6,$1132.89,5.14,$981.41,$698.94,40.41,$1177.15
ABNB,Airbnb Inc.,0.116,5,$143.10,3.59,$167.60,$110.81,51.25,$193.45
RYAN,Ryan Specialty Holdings Inc,0.116,2,$37.76,9.09,$38.64,$29.07,32.92,$58.44
MRK,Merck & Co.,0.115,10,$128.49,4.43,$144.88,$75.81,91.11,$156.92
MRSH,Marsh,0.115,6,$166.67,3.98,$176.90,$155.72,13.60,$204.56
TECH,Bio-Techne Corp.,0.115,5,$70.65,3.68,$72.24,$43.07,67.73,$72.58
ACHC,Acadia Healthcare Co.,0.114,2,$29.53,6.00,$28.46,$11.43,148.99,$35.83
EVH,Evolent Health Inc.,0.114,1,,9.34,$4.13,$2.10,96.67,$10.06
GPC,Genuine Parts,0.110,6,$117.98,6.13,$133.80,$89.11,50.15,$147.43
IDXX,IDEXX Laboratories,0.110,6,$526.44,3.93,$508.18,$507.80,0.07,$769.98
REGN,Regeneron Pharmaceuticals,0.110,3,$623.54,4.95,$797.92,$538.24,48.25,$859.34
VTRS,Viatris Inc.,0.110,3,$15.88,5.13,$16.35,$9.10,79.67,$18.25
NU,Nu Holdings Ltd,0.108,5,$13.36,4.29,$15.00,$11.20,33.93,$18.98
NBR,Nabors Industries Ltd.,0.108,1,,8.85,$90.45,$36.62,147.00,$112.90
FRPT,Freshpet Inc.,0.108,1,,8.87,$66.01,$46.45,42.11,$86.00
ZBH,Zimmer Biomet Holdings,0.107,7,$86.09,3.36,$91.77,$78.91,16.30,$106.03
DECK,Deckers Outdoor,0.107,2,$99.29,7.52,$79.49,$78.91,0.74,$122.29
LIN,Linde plc,0.106,7,$518.94,4.94,$461.22,$384.00,20.11,$546.40
CFRHF,Compagnie Financiere Richemont SA,0.106,1,,8.67,$215.66,$163.00,32.31,$254.24
MELI,Mercadolibre Inc.,0.105,7,$1697.39,5.10,$1912.55,$1495.00,27.93,$2548.50
DCH,Dauch Corp.,0.105,3,$5.42,3.97,$6.50,$4.92,32.11,$9.25
SYF,Synchrony Financial,0.105,3,$76.05,7.84,$75.49,$62.56,20.67,$87.67
CVX,Chevron Corp.,0.104,11,$165.76,4.67,$212.97,$142.51,49.44,$217.12
WTW,Willis Towers Watson plc,0.104,5,$261.37,3.44,$315.65,$239.74,31.66,$351.51
WEN,Wendy's Co.,0.104,4,$8.29,5.97,$7.48,$6.02,24.25,$9.51
DVN,Devon Energy Corp.,0.103,5,$41.32,4.49,$49.87,$30.89,61.44,$52.34
TFX,Teleflex,0.103,3,$126.76,4.91,$131.58,$99.39,32.39,$144.64
CGNX,Cognex Corp.,0.103,2,$72.42,7.60,$61.50,$34.45,78.52,$72.78
CPRT,Copart Inc.,0.102,6,$28.19,4.41,$31.19,$26.81,16.34,$49.05
AMD,Advanced Micro Devices,0.101,6,$580.91,5.12,$504.88,$149.85,236.92,$584.73
FCNCA,First Citizens Bancshares,0.101,3,$2080.78,5.32,$2153.57,$1617.01,33.18,$2294.10
VST,Vistra Corp.,0.101,3,$158.63,4.70,$148.29,$132.47,11.94,$218.91
CNX,CNX Resources Corp.,0.101,1,,8.25,$36.87,$28.82,27.93,$43.62
UPS,United Parcel Service,0.100,7,$107.50,2.95,$99.92,$76.95,29.85,$116.86
MDT,Medtronic plc,0.100,7,$78.23,2.76,$91.59,$72.65,26.07,$103.76
BCC,Boise Cascade Company,0.100,3,$77.63,7.47,$74.36,$64.38,15.50,$91.16
ABM,ABM Industries,0.099,5,$44.24,7.10,$48.74,$36.45,33.72,$50.95
ORLY,O'Reilly Automotive,0.099,4,$92.09,3.90,$85.26,$82.59,3.23,$108.72
CNQ,Canadian Natural Resources,0.098,3,$39.50,8.04,$50.94,$28.73,77.31,$52.45
ABG,Asbury Automotive Group Inc.,0.098,2,$201.08,7.91,$207.48,$172.01,20.62,$258.75
EWY,iShares MSCI South Korea ETF,0.097,2,$201.90,6.55,$182.86,$74.65,144.96,$220.89
CR,Crane Co,0.097,2,$223.07,7.82,$197.45,$159.16,24.06,$230.22
BMY,Bristol-Myers Squibb,0.096,8,$57.62,2.88,$63.94,$41.13,55.46,$68.64
MGM,MGM Resorts International,0.096,4,$47.81,4.91,$40.70,$29.19,39.43,$51.59
MLM,Martin Marietta,0.096,3,$576.70,4.56,$498.64,$495.52,0.63,$707.94
GPN,Global Payments Inc.,0.095,4,$72.56,2.49,$88.56,$60.93,45.35,$95.88
AEM,Agnico-Eagle Mines Ltd.,0.094,3,$155.15,6.22,$196.90,$134.08,46.85,$254.05
APG,APi Group Corp.,0.094,3,$42.35,5.00,$37.58,$33.40,12.51,$49.99
URBN,Urban Outfitters Inc.,0.094,1,,7.72,$75.21,$59.54,26.32,$85.43
AU,AngloGold Ashanti Ltd.,0.093,3,$80.90,6.81,$104.05,$59.78,74.05,$124.69
NOMD,Nomad Foods Ltd,0.093,1,,7.61,$11.07,$8.86,24.94,$13.49
HKHHF,Heineken Holding NV,0.093,1,,7.61,$77.94,,,
AVTR,Avantor Inc.,0.091,5,$9.90,2.82,$14.79,$7.27,103.44,$15.93
KLAC,KLA Corp.,0.091,3,$301.71,5.78,$177.40,$91.00,94.95,$307.03
MAR,Marriott Int'l.,0.090,4,$370.59,7.02,$329.25,$254.64,29.30,$410.15
MEDP,Medpace Holdings Inc.,0.090,4,$529.59,4.52,$584.72,$373.00,56.76,$677.90
HUM,Humana Inc.,0.090,2,$397.22,5.13,$401.69,$161.90,148.11,$428.88
HUT,Hut 8 Corp,0.090,2,$115.44,4.07,$90.96,$29.75,205.75,$140.80
ARES,Ares Management LP,0.090,2,$111.31,6.45,$130.87,$93.57,39.86,$181.32
GTX,Garrett Motion Inc.,0.090,2,$36.23,7.28,$27.02,$12.09,123.49,$36.14
GWRE,Guidewire Software Inc.,0.089,1,,7.27,$140.51,$102.30,37.35,$259.00
BNY,Bank of New York Mellon Corp.,0.088,10,$144.61,2.21,$162.51,$100.87,61.11,$165.84
KMX,CarMax Inc.,0.088,5,$52.89,3.50,$60.53,$30.26,100.03,$65.28
ECL,Ecolab Inc.,0.088,4,$278.61,4.22,$271.59,$242.49,12.00,$307.61
Q,Qnity Electronics Inc.,0.088,3,$163.31,7.23,$123.71,$72.62,70.35,$177.16
SHOP,Shopify Inc.,0.088,3,$114.18,4.50,$126.36,$94.00,34.43,$182.19
DLTR,Dollar Tree Inc.,0.088,1,,7.25,$118.27,$84.71,39.62,$142.40
YNDX,Yandex N.V.,0.088,1,,7.19,$20.00,$14.09,41.94,$20.36
BL,BlackLine Inc.,0.088,1,,7.19,$29.05,$24.70,17.61,$59.57
GNRC,Generac Holdings Inc.,0.087,6,$292.81,2.91,$181.30,$134.80,34.50,$296.44
JEF,Jefferies Financial Group Inc.,0.087,4,$49.98,3.44,$53.74,$35.00,53.54,$68.96
FLR,Fluor Corp.,0.087,2,$52.39,6.24,$53.39,$39.33,35.75,$58.35
RUSHA,Rush Enterprises Inc.,0.087,2,$48.65,7.03,$48.06,$30.09,59.72,$55.58
XOM,ExxonMobil Holdings Corp.,0.086,11,$136.72,3.65,$165.49,$107.28,54.26,$174.09
STX,Seagate Technology,0.086,3,$965.00,5.90,$870.79,$188.34,362.35,$1144.18
ALLY,Ally Financial Inc.,0.085,4,$45.95,4.78,$41.97,$35.43,18.46,$46.96
TOST,Toast Inc.,0.085,2,$27.82,6.98,$31.87,$22.26,43.17,$42.15
GDS,GDS Holdings Ltd,0.085,2,$30.03,4.92,$31.03,$26.97,15.05,$48.61
CEG,Constellation Energy Corp.,0.085,2,$248.37,3.97,$288.41,$228.28,26.34,$410.41
ABT,Abbott Labs,0.084,7,$90.74,3.98,$103.48,$81.39,27.14,$134.38
RTX,RTX Corp.,0.084,7,$189.73,3.49,$197.04,$149.43,31.86,$226.41
PFGC,Performance Food Group,0.084,4,$111.79,4.00,$93.52,$80.82,15.71,$117.48
QXO,Qxo Inc,0.084,3,$17.28,4.10,$12.35,$12.35,0.00,$27.61
MGA,Magna International Inc.,0.084,3,$91.94,6.54,$65.03,$41.73,55.84,$73.22
CTSH,Cognizant Technology Solutions,0.083,6,$38.73,3.02,$58.33,$36.86,58.25,$85.48
GTN,Gray Television Inc.,0.083,1,,6.80,$4.77,$3.55,34.37,$6.30
KEYS,Keysight Technologies Inc.,0.082,5,$350.07,4.48,$327.28,$158.79,106.11,$374.96
APO,Apollo Global Management,0.082,3,$118.31,4.46,$128.74,$98.73,30.40,$151.39
JLL,Jones Lang Lasalle Inc.,0.081,5,$309.95,3.28,$342.22,$259.83,31.71,$393.84
INDV,Indivior Pharmaceuticals Inc.,0.081,1,,6.65,$34.29,$27.68,23.88,$42.81
CRS,Carpenter Technology,0.080,3,$616.84,3.63,$447.35,$227.48,96.65,$625.72
CSCO,Cisco Systems,0.079,7,$117.46,5.40,$108.05,$64.79,66.77,$129.88
GSK,GSK plc,0.079,6,$52.42,3.51,$48.12,$37.94,26.83,$60.12
IQV,IQVIA Holdings Inc.,0.079,4,$193.22,3.13,$257.49,$154.50,66.66,$271.80
BIIB,Biogen Inc.,0.079,3,$216.06,3.75,$216.06,$135.39,59.58,$225.80
EBAY,eBay Inc.,0.079,2,$111.75,4.74,$104.52,$77.32,35.18,$118.62
TEVA,Teva Pharmaceutical Industries Ltd.,0.079,2,$33.88,3.97,$36.12,$18.21,98.35,$38.37
RHI,Robert Half International,0.079,2,$30.70,5.93,$37.77,$21.08,79.17,$46.09
ADBE,Adobe Inc.,0.078,10,$205.01,2.57,$250.46,$190.12,31.74,$370.86
MANU,Manchester United plc,0.078,3,$22.93,2.41,$19.94,$14.59,36.67,$24.45
CME,CME Group,0.077,7,$220.83,2.52,$274.63,$217.29,26.39,$318.35
COP,ConocoPhillips,0.077,7,$103.96,2.10,$137.38,$82.95,65.62,$139.30
HTHT,H World Group Ltd ADR,0.077,3,$41.72,5.59,$43.18,$34.87,23.83,$54.14
ZTS,Zoetis Inc.,0.076,5,$71.86,3.03,$73.32,$70.98,3.30,$149.14
BP,BP plc,0.076,4,$36.95,3.65,$46.01,$31.12,47.85,$47.14
AMGN,Amgen,0.076,4,$362.12,3.21,$382.86,$262.49,45.86,$447.03
MCK,McKesson Corp.,0.076,2,$755.61,5.95,$882.18,$684.98,28.79,$996.84
VEEV,Veeva Systems Inc.,0.075,6,$177.47,1.93,$263.09,$148.05,77.70,$310.50
JCI,Johnson Controls Intl. plc,0.075,4,$146.11,4.27,$142.66,$103.53,37.80,$157.06
NSRGY,Nestle,0.075,1,,6.11,$95.76,$84.97,12.70,$107.17
AN,AutoNation Inc.,0.075,1,,6.17,$205.44,$176.62,16.32,$235.81
MSCI,MSCI Inc.,0.074,6,$560.04,3.24,$545.83,$495.54,10.15,$642.47
OLN,Olin Corp.,0.074,4,$19.82,4.83,$17.12,$16.73,2.33,$29.90
MDLZ,Mondelez International,0.074,4,$57.84,5.64,$62.05,$50.34,23.26,$66.65
NYT,New York Times CL A,0.074,3,$69.98,4.55,$66.59,$53.65,24.12,$86.83
MTZ,MasTec Inc.,0.074,2,$416.06,3.42,$230.53,$176.31,30.75,$441.43
ACI,Albertsons Co Inc.,0.074,1,,6.09,$11.68,$10.86,7.55,$19.18
DAL,Delta Air Lines Inc.,0.073,5,$93.66,2.16,$78.16,$54.60,43.15,$95.44
SBUX,Starbucks Corp.,0.073,5,$102.19,3.13,$98.95,$76.05,30.11,$109.88
FTV,Fortive Corp.,0.073,4,$61.09,3.47,$54.28,$47.10,15.24,$64.48
BRZE,Braze Inc A,0.073,2,$21.69,5.99,$24.41,$15.26,59.96,$37.33
VAL,Valaris plc,0.073,1,,5.99,$85.61,$46.70,83.32,$114.12
Z,Zillow Group Inc.,0.072,1,,5.89,$31.32,$29.23,7.15,$93.88
ENTG,Entegris Inc.,0.071,6,$179.86,2.70,$137.37,$67.81,102.58,$186.78
WCC,WESCO International Inc.,0.071,5,$345.38,4.23,$345.87,$202.38,70.90,$385.37
RYAAY,Ryanair Holdings PLC,0.071,3,$64.75,5.59,$52.93,$52.93,0.00,$73.75
HOG,Harley-Davidson,0.071,2,$24.46,5.79,$26.61,$16.96,56.90,$30.44
SPUU,Dir Dai S&P 500 Bu 2x ETF Us,0.071,1,,5.81,$218.78,$154.62,41.50,$232.39
PLGO,Pelagos Insurance Capital,0.071,1,,5.84,$24.93,$16.48,51.27,$26.34
FNF,Fidelity National Financial Inc.,0.070,3,$47.16,3.54,$43.64,$42.32,3.12,$57.15
FIVE,Five Below Inc.,0.070,2,$179.79,3.62,$243.70,$137.77,76.89,$263.88
XYZ,Block Inc.,0.070,2,$76.00,4.26,$78.89,$48.21,63.64,$86.92
OGN,Organon & Co.,0.070,1,,5.72,$13.65,$5.67,140.74,$13.79
NVST,Envista Holdings Corp.,0.069,5,$26.35,2.87,$25.83,$18.77,37.61,$30.42
MCHP,Microchip Technology,0.069,4,$91.20,5.37,$71.74,$47.28,51.73,$104.75
ODFL,Old Dominion Freight Line,0.069,3,$216.60,4.93,$180.63,$125.23,44.24,$251.64
DELL,Dell Technologies Inc.,0.069,3,$431.46,5.68,$515.59,$109.70,370.00,$562.99
MSA,MSA Safety Inc.,0.069,3,$174.58,4.68,$181.52,$149.32,21.56,$207.14
UAN,CVR Partners LP,0.069,1,,5.62,$135.93,$74.15,83.32,$136.32
NOV,Nov Inc.,0.068,4,$18.55,1.98,$21.43,$12.06,77.69,$21.93
WAB,WABTEC Corp.,0.068,3,$269.60,4.93,$279.38,$183.40,52.33,$306.32
MRP,Millrose Properties,0.068,2,$30.05,3.95,$29.54,$25.60,15.39,$32.17
BLMN,Bloomin Brands Inc.,0.068,1,,5.59,$8.65,$5.19,66.67,$12.63
GLD,SPDR Gold Trust,0.067,6,$1293.45,2.35,$396.35,$326.19,21.51,$509.70
CCC,CCC Intelligent Solutions Hldgs Inc.,0.067,2,$5.16,3.02,$6.88,$4.08,68.63,$9.90
UBS,UBS AG,0.066,4,$44.91,2.66,$53.78,$35.38,52.01,$55.99
LYB,LyondellBasell Industries,0.065,3,$52.65,2.87,$64.46,$39.12,64.78,$82.22
CRGY,Crescent Energy Inc A,0.065,2,$9.82,4.86,$14.53,$7.46,94.77,$14.58
MBI,MBIA Inc.,0.065,2,$6.52,4.34,$4.57,$4.53,0.88,$8.17
OZK,Bank OZK,0.065,2,$52.09,3.22,$48.54,$41.16,17.93,$53.18
RGLD,Royal Gold Inc.,0.065,2,$199.61,5.09,$255.02,$167.81,51.97,$304.97
CLF,Cleveland-Cliffs Inc.,0.065,2,$9.39,5.30,$11.77,$7.73,52.26,$16.70
PHYS,Sprott Physical Gold Trust,0.065,2,$30.17,5.29,$32.64,$27.85,17.20,$42.07
PRI,Primerica Inc.,0.065,1,,5.36,$289.03,$227.14,27.25,$325.96
TTMI,TTM Technologies Inc.,0.064,4,$187.02,3.13,$122.65,$46.01,166.57,$223.83
NSC,Norfolk Southern Corp.,0.064,4,$314.59,4.13,$322.59,$263.58,22.39,$357.18
FANG,Diamondback Energy Inc.,0.064,2,$175.78,3.02,$204.71,$131.14,56.10,$216.90
SGU,Star Gas Partners LP,0.064,1,,5.26,$12.84,$10.70,20.00,$13.33
CTRI,Centuri Holdings Inc,0.064,1,,5.25,$20.05,$19.04,5.30,$42.99
TRUP,Trupanion Inc.,0.064,1,,5.28,$25.00,$21.16,18.15,$46.98
SAP,SAP SE,0.063,7,$154.11,2.96,$205.85,$144.97,41.99,$276.56
BIO,Bio-Rad Laboratories Inc.,0.063,3,$293.61,2.39,$370.89,$236.73,56.67,$396.23
NXPI,NXP Semiconductors NV,0.063,3,$281.03,2.48,$226.01,$180.63,25.12,$338.80
UA,Under Armour CL C,0.063,1,,5.18,$4.75,$3.95,20.25,$7.91
BF.B,Brown-Forman Corp.,0.062,5,$26.65,3.33,$26.56,$22.23,19.48,$30.85
LPLA,LPL Financial Holdings Inc.,0.062,4,$281.68,2.10,$348.27,$259.94,33.98,$399.03
PLD,Prologis Inc.,0.062,3,$135.47,2.70,$134.71,$107.13,25.74,$153.35
TLN,Talen Energy Corp,0.062,3,$384.26,3.37,$314.37,$288.58,8.94,$451.28
LNC,Lincoln National,0.062,2,$35.35,5.04,$43.56,$31.40,38.73,$47.67
VGNT,Versigent Plc,0.062,2,$42.01,2.64,$46.45,$26.27,76.82,$50.75
MIR,Mirion Technologies Inc,0.062,2,$17.93,4.24,$15.84,$14.11,12.26,$30.28
AAL,American Airlines Group Inc.,0.062,2,$18.07,3.31,$12.82,$10.09,27.06,$18.79
GPGI,GPGI Inc.,0.062,1,,5.09,$13.02,$11.22,16.04,$26.77
QUAD,Quad/Graphics Inc.,0.062,1,,5.06,$10.12,$4.93,105.27,$11.03
PTLO,Portillo's Inc Cl A,0.062,1,,5.05,$4.12,$3.78,8.99,$6.83
XPO,XPO Logistics,0.060,4,$205.29,4.84,$182.02,$121.48,49.84,$232.05
LKQ,LKQ Corp.,0.060,4,$26.33,2.86,$23.78,$20.92,13.67,$35.92
MHK,Mohawk Industries,0.060,3,$121.33,2.37,$123.38,$92.99,32.68,$140.30
MET,MetLife Inc.,0.060,2,$84.61,2.76,$96.46,$66.41,45.25,$100.93
VZ,Verizon Communications,0.059,7,$42.34,1.76,$49.84,$36.55,36.36,$50.93
MS,Morgan Stanley,0.059,5,$209.04,3.54,$213.09,$148.06,43.92,$230.98
NEE,NextEra Energy Inc.,0.059,4,$87.77,3.10,$82.61,$67.43,22.51,$97.30
LEA,Lear Corp.,0.059,3,$134.06,2.61,$127.27,$93.67,35.87,$149.08
AME,Ametek Inc.,0.059,2,$241.94,4.87,$233.37,$178.41,30.81,$261.16
DJCO,Daily Journal Corp.,0.059,1,,4.80,$647.08,$348.63,85.61,$674.75
GS,Goldman Sachs Group,0.058,5,$1011.37,2.77,$1016.12,$725.74,40.01,$1148.37
OKE,ONEOK Inc.,0.058,2,$86.94,3.08,$95.55,$61.67,54.94,$99.85
BRCC,BRC Inc.,0.058,1,,4.79,$8.32,$6.00,38.67,$18.55
MP,MP Materials Corp.,0.058,1,,4.74,$51.28,$37.81,35.63,$100.25
MNDY,monday.com Ltd.,0.058,1,,4.77,$84.02,$57.50,46.12,$220.80
LFUS,Littelfuse Inc.,0.057,7,$455.33,2.52,$416.04,$231.54,79.68,$499.60
ARW,Arrow Electronics,0.057,4,$213.41,4.35,$214.39,$101.79,110.62,$237.33
AVT,Avnet Inc.,0.057,3,$88.82,3.87,$93.26,$43.35,115.13,$99.60
CHD,Church & Dwight,0.057,2,$96.88,4.58,$94.25,$80.29,17.39,$105.37
CNR,Core Natural Resources Inc.,0.057,1,,4.67,$98.97,$71.50,38.42,$114.56
ALAB,Astera Labs Inc,0.057,1,,4.65,$286.83,$97.89,193.01,$499.48
PNC,PNC Financial Services,0.056,5,$246.22,3.78,$241.74,$172.82,39.88,$258.96
BHF,Brighthouse Financial Inc.,0.056,1,,4.60,$51.28,$44.51,15.21,$66.80
GLW,Corning Inc.,0.055,4,$255.43,4.26,$164.29,$72.09,127.90,$271.27
OC,Owens Corning,0.055,3,$158.94,2.86,$126.07,$95.63,31.83,$159.88
YUMC,Yum China Holdings Inc.,0.055,3,$40.87,4.25,$42.29,$39.90,5.99,$57.33
SEG,Seaport Entertainment Group,0.055,2,$26.60,3.86,$25.84,$17.74,45.66,$29.61
BGC,BGC Group Inc.,0.055,1,,4.48,$12.21,$8.20,48.90,$12.86
CNDT,Conduent Inc.,0.055,1,,4.48,$1.57,$1.15,36.52,$2.98
B,Barrick Mining Corp.,0.054,5,$36.73,3.12,$43.54,$27.80,56.62,$53.80
BX,Blackstone Group,0.054,4,$117.67,3.30,$125.34,$99.78,25.62,$182.67
AMRZ,Amrize Ltd,0.054,3,$53.30,2.13,$39.89,$39.89,0.00,$65.13
KGC,Kinross Gold Corp.,0.054,3,$23.62,4.14,$28.98,$21.82,32.81,$38.96
TER,Teradyne Inc.,0.054,2,$483.84,4.42,$371.07,$109.35,239.34,$487.72
LLYVK,Liberty Media Corp. Series C Live,0.054,2,$105.64,4.07,$96.51,$78.68,22.66,$109.75
NMIH,NMI Holdings,0.054,2,$41.09,4.39,$43.90,$34.84,26.00,$46.74
FAST,Fastenal,0.054,2,$48.03,2.72,$48.84,$38.34,27.39,$52.92
MAVF,Matrix Advisors Value ETF,0.054,1,,4.41,$137.63,$113.25,21.53,$142.84
TJX,TJX Companies Inc.,0.053,3,$151.50,2.52,$126.30,$125.81,0.39,$169.47
TMHC-OLD,Taylor Morrison Home Corp.,0.053,3,$71.74,3.30,$72.46,$54.15,33.81,$72.50
TDAY,Gannett Co.,0.053,2,$8.55,2.83,$6.29,$3.42,83.92,$9.21
SYY,Sysco Corp.,0.052,5,$83.44,1.81,$81.57,$67.23,21.33,$90.56
OMC,Omnicom Group,0.052,4,$72.83,2.53,$79.49,$64.98,22.33,$89.57
MPLX,MPLX LP,0.052,2,$56.33,3.90,$59.46,$44.22,34.46,$60.40
MSGE,Madison Square Garden Entertainment Corp.,0.052,1,,4.28,$75.99,$41.02,85.25,$90.41
VNOM,Viper Energy Inc.,0.052,1,,4.25,$44.85,$33.67,33.20,$49.62
MCD,McDonald's Corp.,0.051,7,$270.31,2.18,$252.97,$252.97,0.00,$335.18
RMNI,Rimini Street Inc.,0.051,2,$4.26,4.15,$4.59,$2.87,59.93,$5.68
OSW,OneSpaWorld Holdings Ltd,0.051,1,,4.19,$22.11,$18.94,16.74,$29.19
DEO,Diageo ADR,0.050,8,$80.38,1.60,$86.32,$71.73,20.34,$101.71
NKE,NIKE Inc.,0.050,7,$41.05,2.32,$36.61,$36.61,0.00,$74.51
ABBV,AbbVie Inc.,0.050,7,$251.64,3.09,$253.58,$189.40,33.89,$267.47
REZI,Resideo Technologies Inc.,0.050,5,$31.10,1.90,$18.96,$18.75,1.12,$32.01
PPG,PPG Industries,0.050,3,$121.29,2.78,$104.64,$91.35,14.55,$130.99
KDP,Keurig Dr Pepper Inc.,0.050,2,$32.73,4.04,$31.59,$24.43,29.31,$33.82
CRL,Charles River Labs,0.050,2,$226.79,3.41,$273.08,$144.26,89.30,$303.31
FTNT,Fortinet Inc.,0.050,1,,4.09,$158.96,$73.55,116.13,$173.89
NTRA,Natera Inc.,0.049,4,$271.45,3.32,$325.61,$157.43,106.83,$343.18
CRBG,Corebridge Financial Inc.,0.049,3,$28.63,2.84,$33.97,$21.90,55.11,$34.82
LBTYA,Liberty Global Ltd CL A,0.049,3,$11.37,2.57,$10.65,$9.43,12.94,$13.52
IEX,IDEX Corp.,0.049,2,$226.95,3.97,$220.30,$155.87,41.34,$243.80
CHTR,Charter Communications,0.048,6,$142.21,1.95,$139.61,$111.55,25.15,$285.82
FN,Fabrinet,0.047,4,$562.08,3.30,$403.62,$348.01,15.98,$748.89
LUV,Southwest Airlines,0.047,2,$51.42,3.87,$38.49,$28.75,33.88,$54.38
SEB,Seaboard Corp.,0.047,2,$4464.28,3.80,$4293.68,$3133.55,37.02,$5983.34
LUMN,Lumen Technologies Inc.,0.047,1,,3.87,$6.80,$5.45,24.77,$11.95
MAIR,Madison Air Solutions Corp A,0.047,1,,3.87,$24.73,$24.56,0.69,$44.50
WDAY,Workday Inc.,0.046,4,$122.42,1.78,$184.62,$110.36,67.29,$249.85
CNC,Centene Corp.,0.046,3,$64.19,2.71,$65.61,$29.98,118.85,$69.36
WULF,Terawulf Inc,0.046,2,$24.70,3.65,$16.28,$10.04,62.15,$29.84
DKS,Dick's Sporting Goods Inc.,0.046,2,$226.81,3.02,$132.31,$120.40,9.89,$244.38
CNA,CNA Financial Corp.,0.046,1,,3.77,$47.25,$40.34,17.13,$55.19
CG,Carlyle Group,0.045,4,$42.11,1.91,$43.12,$39.32,9.66,$67.95
FLEX,Flex Ltd.,0.045,3,$162.07,3.66,$108.65,$53.07,104.73,$166.86
SDHC,Smith Douglas Homes Corp,0.045,3,$15.54,3.67,$10.29,$10.14,1.48,$23.49
NVT,nVent Electric plc,0.045,3,$169.61,3.19,$155.41,$92.78,67.50,$184.40
NVR,NVR Inc.,0.045,3,$6813.41,3.03,$6069.83,$5501.01,10.34,$8563.79
STLA,Stellantis N.V.,0.045,2,$5.74,3.69,$5.26,$5.05,4.16,$12.22
TWLO,Twilio Inc.,0.045,2,$206.33,3.70,$232.29,$98.44,135.97,$258.35
DD,DuPont de Nemours Inc.,0.045,2,$135.65,3.71,$127.29,$86.86,46.55,$156.04
NRP,Natural Resource Partners,0.045,1,,3.69,$110.72,$94.82,16.77,$126.18
HSY,Hershey Co.,0.044,5,$175.44,2.08,$173.42,$156.70,10.67,$235.80
COHR,Coherent Corp.,0.044,4,$394.47,3.50,$295.34,$100.63,193.49,$440.00
ILMN,Illumina Inc.,0.044,2,$175.83,2.02,$203.19,$88.00,130.90,$231.81
USFD,US Foods Holding Corp.,0.044,2,$102.25,3.07,$96.23,$69.88,37.71,$111.42
SSNC,SS&C Technologies Holdings Inc.,0.044,2,$62.05,2.01,$79.07,$61.18,29.24,$88.97
ERFSF,Eurofins Scientific SE,0.044,1,,3.60,$83.89,$64.33,30.41,$87.51
PGEN,Precigen Inc.,0.044,1,,3.61,$6.64,$2.99,122.07,$7.72
PSX,Phillips 66,0.043,6,$169.05,2.96,$261.24,$123.09,112.23,$264.50
LBRDK-OLD,Liberty Broadband Corp. CL C,0.043,4,$33.26,1.94,$35.99,$26.25,37.10,$65.73
CORZ,Core Scientific Inc,0.043,3,$25.59,3.38,$17.43,$13.36,30.46,$30.46
AERO,Grupo Aeromexico Sab De Cv,0.043,2,$18.00,1.89,$15.30,$12.26,24.80,$23.05
BFH,Bread Financial Holdings Inc.,0.043,2,$108.35,3.40,$106.60,$53.23,100.26,$114.28
AFRM,Affirm Holdings Inc.,0.043,2,$81.55,3.51,$67.77,$42.10,60.97,$92.56
SA,Seabridge Gold Inc.,0.043,1,,3.52,$30.81,$17.28,78.30,$40.06
MSGS,Madison Square Garden Sports Corp.,0.042,4,$401.84,2.64,$392.35,$204.29,92.06,$438.93
ROIV,Roivant Sciences Ltd,0.042,4,$35.39,1.95,$40.57,$13.40,202.76,$42.50
CHYM,Chime Financial Inc Cl A,0.042,3,$20.48,2.78,$32.64,$15.88,105.54,$35.55
TAP,Molson Coors Beverage Co.,0.042,3,$38.94,2.94,$38.42,$37.60,2.18,$53.00
AMG,Affiliated Managers Group,0.042,3,$338.40,3.37,$355.87,$230.07,54.68,$392.91
FOX,Fox Corporation CL B,0.042,2,$46.84,3.27,$57.83,$43.86,31.85,$67.48
NRG,NRG Energy Inc.,0.042,1,,3.44,$111.84,$108.34,3.23,$188.71
ALV,Autoliv Inc.,0.041,2,$116.17,3.37,$120.18,$97.72,22.98,$131.23
INCY,Incyte Corp.,0.041,2,$113.36,2.64,$123.68,$81.09,52.52,$132.60
GFL,Gfl Environmental Inc Sub Vt,0.041,1,,3.39,$41.51,$33.32,24.58,$48.21
CPT,Camden Property Trust,0.040,3,$114.49,1.76,$102.25,$94.30,8.43,$119.81
UAL,United Airlines Holdings Inc.,0.040,2,$135.99,3.31,$106.57,$84.64,25.91,$138.77
WSC,WillScot Mobile Mini Hldgs Corp.,0.040,2,$28.86,3.28,$18.64,$14.72,26.63,$29.66
SSD,Simpson Manufacturing,0.040,2,$209.35,3.09,$172.30,$155.55,10.77,$213.18
PENN,Penn National Gaming Inc.,0.040,2,$21.36,3.20,$16.96,$11.65,45.58,$22.36
STZ,Constellation Brands,0.039,4,$139.09,1.58,$124.14,$120.25,3.23,$166.17
RS,Reliance Steel & Aluminum,0.039,2,$373.60,3.23,$390.40,$256.46,52.23,$432.62
CE,Celanese Corp.,0.039,2,$46.00,2.82,$45.99,$35.07,31.14,$70.65
IDT,IDT Corp. CL B,0.039,1,,3.23,$69.36,$45.54,52.31,$70.00
SWKS,Skyworks Solutions Inc.,0.039,1,,3.18,$85.40,$51.48,65.89,$88.05
STT,State Street Corp.,0.038,5,$169.60,1.93,$191.60,$102.75,86.47,$195.93
NVO,Novo Nordisk A S,0.038,4,$47.94,1.05,$44.20,$34.20,29.24,$61.21
EW,Edwards Lifesciences Corp.,0.038,2,$90.46,3.09,$86.38,$72.30,19.47,$96.29
IBP,Installed Building Products,0.038,2,$229.84,3.07,$199.71,$192.75,3.61,$345.54
PCG,PG&E Corp.,0.038,2,$16.82,2.85,$13.90,$12.59,10.41,$19.04
STRL,Sterling Construction Co. Inc.,0.038,1,,3.13,$481.11,$281.58,70.86,$1005.68
FPH,Five Point Holdings LLC,0.038,1,,3.11,$4.98,$4.60,8.26,$6.64
LMT,Lockheed Martin Corp.,0.037,5,$509.46,1.38,$527.91,$429.47,22.92,$683.27
AEP,American Electric Power,0.037,3,$136.81,1.72,$123.72,$102.52,20.68,$139.52
LH,Labcorp Holdings Inc.,0.037,3,$280.00,1.92,$307.50,$242.07,27.03,$341.06
FNV,Franco Nevada Corp.,0.037,2,$208.45,1.81,$260.58,$180.18,44.62,$284.12
FMX,Fomento Economico Mexicano,0.037,2,$127.90,2.74,$117.24,$80.29,46.02,$141.47
ALGN,Align Technology Inc.,0.037,1,,3.07,$150.41,$122.00,23.29,$200.44
RBLX,Roblox Corp.,0.037,1,,3.04,$44.70,$33.88,31.94,$142.00
MICC,Magnum Ice Cream Co NV,0.036,7,$16.98,0.91,$19.48,$12.94,50.54,$20.69
ONON,On Holding AG,0.036,4,$35.42,2.88,$26.64,$26.64,0.00,$51.08
CARR,Carrier Global Corp.,0.036,4,$73.35,1.74,$56.24,$49.67,13.23,$76.49
SNOW,Snowflake Inc.,0.036,3,$254.50,2.25,$331.92,$118.30,180.57,$384.56
YUM,Yum! Brands Inc.,0.036,3,$159.86,2.01,$145.25,$134.71,7.82,$169.29
EL,Estee Lauder Cos.,0.036,3,$78.94,2.87,$96.75,$65.74,47.17,$120.38
SPHR,Sphere Entertainment Co.,0.036,2,$173.03,2.87,$140.81,$51.35,174.22,$181.63
AWI,Armstrong World Industries Inc.,0.036,2,$160.42,1.50,$161.96,$150.00,7.97,$204.82
TPG,Tpg Inc,0.036,1,,2.92,$47.15,$36.07,30.72,$67.83
CPAY,Corpay Inc.,0.036,1,,2.99,$409.79,$252.84,62.07,$427.46
WMT,Walmart Inc.,0.035,6,$113.26,2.76,$105.71,$98.06,7.80,$134.83
TW,Tradeweb Markets Inc.,0.035,3,$99.66,1.63,$102.31,$91.30,12.06,$127.35
BF.A,Brown-Forman Corp. CL A,0.035,3,$27.36,2.22,$26.91,$22.63,18.91,$30.62
EMBJ,Embraer SA,0.035,3,$63.80,2.09,$74.55,$53.37,39.69,$80.46
BRO,Brown & Brown Inc.,0.035,3,$64.15,1.62,$66.24,$53.69,23.37,$95.63
TRGP,Targa Resources Corp.,0.035,2,$268.14,2.83,$291.94,$141.11,106.89,$307.94
RGEN,Repligen Corp.,0.035,2,$136.44,2.44,$163.61,$100.99,62.01,$188.73
CDNS,Cadence Design Systems,0.035,2,$375.32,2.81,$284.24,$262.75,8.18,$416.69
UNF,UniFirst Corp.,0.035,2,$264.46,2.03,$271.92,$146.76,85.28,$306.26
ULS,Ul Solutions Inc Class A,0.035,1,,2.91,$71.12,$64.36,10.50,$107.17
PRVA,Privia Health Group Inc.,0.035,1,,2.91,$20.30,$19.53,3.94,$28.82
VOO,Vanguard S&P 500 ETF,0.034,6,$686.82,1.77,$696.36,$576.78,20.73,$716.39
TCOM,Trip.com Group Ltd,0.034,3,$39.84,1.50,$38.81,$38.04,2.02,$78.99
CPB,Campbell's Co.,0.034,3,$22.27,2.60,$20.86,$19.23,8.48,$32.13
BR,Broadridge Financial Solutions,0.034,2,$136.95,1.49,$167.59,$133.01,26.00,$250.02
WSO,Watsco Inc.,0.034,2,$416.73,1.90,$309.98,$295.75,4.81,$455.09
IMO,Imperial Oil Ltd.,0.034,2,$112.17,2.51,$131.17,$82.02,59.92,$138.09
CBRS,Cerebras Systems Inc A,0.034,1,,2.76,$190.35,$160.81,18.37,$386.34
CMPR,Cimpress plc,0.034,1,,2.77,$83.55,$56.34,48.30,$106.58
MIDD,Middleby Corp.,0.034,1,,2.82,$105.81,$88.87,19.06,$148.55
EFA,iShares MSCI EAFE ETF,0.033,5,$103.87,2.39,$105.53,$88.19,19.66,$108.89
WY,Weyerhaeuser Co.,0.033,4,$23.94,2.02,$21.85,$20.41,7.06,$27.03
LOW,Lowe's Cos.,0.033,3,$220.49,1.43,$195.82,$195.82,0.00,$289.87
CTO,CTO Realty Growth Inc.,0.033,1,,2.74,$20.80,$13.94,49.21,$22.31
GPK,Graphic Packaging Hldg Co.,0.033,1,,2.69,$9.33,$8.69,7.36,$20.53
ATS,Ats Corp,0.033,1,,2.67,$19.01,$18.41,3.26,$35.82
KNSL,Kinsale Capital Group Inc.,0.033,1,,2.67,$360.88,$287.01,25.74,$483.75
FER,Ferrovial Se,0.033,1,,2.72,$55.31,$54.60,1.30,$74.07
VRSK,Verisk Analytics Inc.,0.032,5,$179.53,1.65,$174.41,$155.52,12.15,$265.77
HCA,HCA Healthcare Inc.,0.032,5,$389.89,2.12,$420.31,$353.99,18.73,$554.58
BSX,Boston Scientific,0.032,5,$42.68,2.29,$42.99,$42.20,1.87,$108.07
CSX,CSX Corp.,0.032,3,$47.53,2.15,$48.74,$31.40,55.22,$53.45
WMB,Williams Cos.,0.032,3,$74.34,2.57,$72.77,$54.93,32.48,$79.49
CASY,Casey's Gen'l Stores,0.032,3,$794.80,1.98,$633.98,$496.20,27.77,$927.15
VRTX,Vertex Pharmaceuticals,0.032,2,$496.73,1.51,$517.39,$374.17,38.28,$560.25
WPM,Wheaton Precious Metals Corp.,0.032,2,$112.32,2.63,$151.12,$92.01,64.24,$165.03
CLH,Clean Harbors Inc.,0.032,2,$298.75,2.59,$320.13,$201.34,59.00,$335.94
RDDT,Reddit Inc Cl A,0.032,2,$173.58,1.83,$156.03,$119.27,30.82,$282.95
LII,Lennox International,0.032,1,,2.60,$371.43,$368.11,0.90,$587.27
GGG,Graco Inc.,0.032,1,,2.63,$75.43,$72.23,4.43,$94.99
ITUB,ita Unibanco Holding S.A.,0.032,1,,2.59,$8.30,$6.06,36.96,$9.46
MTN,Vail Resorts Inc.,0.031,4,$136.15,2.23,$134.33,$116.69,15.12,$160.49
LEN.B,Lennar Corp. CL B,0.031,4,$88.71,2.12,$76.12,$75.75,0.49,$131.70
MAS,Masco Corp.,0.031,3,$81.37,1.33,$67.59,$57.51,17.53,$83.27
TME,Tencent Music Entertainment Grp,0.031,3,$8.35,1.49,$7.88,$7.86,0.25,$26.00
BAP,Credicorp Ltd.,0.031,3,$389.58,1.08,$377.69,$230.45,63.89,$413.25
TTWO,Take-Two Interactive Software,0.031,2,$249.98,1.89,$216.31,$187.63,15.29,$265.94
A,Agilent Technologies,0.031,2,$132.83,2.53,$142.99,$108.14,32.23,$163.75
FIS,Fidelity National Information Services,0.031,2,$38.88,1.56,$38.45,$37.42,2.75,$67.36
JBS,Jbs Nv A,0.031,2,$11.85,2.54,$12.63,$11.45,10.31,$17.27
RLI,RLI Corp.,0.031,2,$59.07,1.48,$60.19,$45.14,33.34,$66.81
WHK,Whitehawk Minerals Corp Cl A,0.031,1,,2.56,$28.23,$25.24,11.85,$28.59
JELD,JELD-WEN Holding Inc.,0.031,1,,2.53,$2.03,$0.93,118.28,$6.66
WFRD,Weatherford International plc,0.031,1,,2.51,$90.25,$60.12,50.12,$112.79
RMD,ResMed Inc.,0.031,1,,2.54,$220.05,$179.75,22.42,$281.89
IBM,International Business Machines,0.030,5,$281.21,2.36,$233.54,$197.77,18.09,$330.09
CL,Colgate-Palmolive,0.030,5,$91.68,1.24,$88.03,$73.21,20.24,$98.15
PAYX,Paychex Inc.,0.030,2,$98.33,2.35,$114.97,$83.50,37.69,$130.23
TRIP,TripAdvisor Inc.,0.030,2,$13.71,1.62,$8.77,$8.60,1.98,$20.16
BE,Bloom Energy Corp.,0.030,2,$302.69,2.36,$259.65,$60.00,332.75,$351.28
FOUR,Shift4 Payments Inc. CL A,0.030,2,$48.64,2.09,$42.95,$34.56,24.28,$88.51
SDRL,Seadrill Ltd,0.030,2,$37.82,2.45,$48.22,$28.10,71.60,$55.47
NWSA,News Corp.,0.030,2,$24.83,2.32,$29.16,$22.03,32.36,$31.55
TTC,Toro Co.,0.030,2,$97.42,2.39,$92.91,$66.72,39.25,$104.28
ZBRA,Zebra Technologies Corp.,0.030,2,$263.26,2.42,$344.74,$199.05,73.19,$386.23
PEG,Public Serv. Enterprise Inc.,0.030,2,$81.16,2.42,$72.66,$71.88,1.09,$85.40
LAZ,Lazard Inc.,0.030,2,$41.94,2.41,$42.08,$37.82,11.26,$57.45
CHRW,C.H. Robinson Worldwide,0.030,2,$188.34,1.33,$152.05,$121.78,24.86,$209.43
NXT,Nextracker Inc Cl A,0.030,1,,2.49,$81.08,$64.30,26.10,$163.13
ESRT,Empire State Realty Trust Inc.,0.030,1,,2.45,$4.23,$4.13,2.42,$7.90
OCSL,Oaktree Specialty Lending Corp,0.030,1,,2.49,$12.53,$10.33,21.30,$13.33
CSL,Carlisle Companies,0.029,4,$362.75,1.62,$328.32,$290.64,12.96,$428.80
DPC,Dpc Holdings Plc,0.029,4,$49.06,2.27,$42.36,$37.65,12.51,$57.25
BMRN,BioMarin Pharmaceutical Inc.,0.029,3,$57.22,1.24,$65.31,$49.26,32.58,$70.98
SUI,Sun Communities Inc.,0.029,3,$119.91,1.75,$114.71,$113.81,0.79,$135.36
CPRI,Capri Holdings Ltd,0.029,2,$18.57,2.29,$12.87,$12.57,2.39,$28.27
PTEN,Patterson-UTI Energy Inc.,0.029,1,,2.41,$12.88,$4.89,163.39,$13.31
VSEC,VSE Corp.,0.028,3,$228.50,2.18,$191.78,$154.36,24.24,$247.85
WST,West Pharmaceutical Services,0.028,2,$358.99,1.85,$343.88,$223.52,53.85,$385.75
PBH,Prestige Consumer Healthcare,0.028,2,$47.27,2.29,$47.74,$42.62,12.01,$71.07
AMLP,Alerian MLP ETF,0.028,1,,2.26,$55.85,$41.24,35.43,$56.56
MNST,Monster Beverage Corp.,0.028,1,,2.28,$43.19,$31.25,38.21,$50.17
VEA,Vanguard FTSE Developed ETF,0.027,5,$71.25,1.63,$71.85,$57.44,25.09,$74.04
FDXF,FedEx Freight Holding Co.,0.027,5,$151.00,1.02,$124.05,$123.24,0.66,$200.00
BLCO,Bausch + Lomb Corp,0.027,3,$16.56,1.51,$17.66,$13.77,28.25,$18.92
DINO,HF Sinclair Corp.,0.027,3,$69.65,1.99,$109.65,$44.66,145.52,$110.16
NESR,National Energy Services Reunited Corp.,0.027,3,$29.93,2.18,$33.91,$9.51,256.57,$36.94
GLIBK,GCI Liberty Inc. Series C,0.027,2,$21.56,2.18,$25.82,$19.30,33.78,$41.18
EXP,Eagle Materials Inc.,0.027,2,$225.00,2.21,$182.67,$171.79,6.33,$245.53
COIN,Coinbase Global Inc.,0.027,1,,2.24,$173.34,$139.11,24.61,$402.16
HLF,Herbalife Nutrition Ltd.,0.027,1,,2.25,$12.21,$7.56,61.51,$20.40
BOKF,BOK Financial Corp.,0.027,1,,2.25,$134.59,$100.84,33.47,$146.20
FAF,First Amer'n Corp.,0.027,1,,2.21,$70.98,$55.74,27.34,$79.87
CVSA,Covista Inc.,0.027,1,,2.20,$123.81,$86.97,42.36,$156.26
KSPI,Jsc Kaspi.kz ADR,0.026,7,$86.62,0.96,$97.34,$64.26,51.48,$107.58
TFC,Truist Financial Corp.,0.026,4,$49.82,2.06,$50.08,$39.11,28.05,$54.51
ITRN,Ituran Location & Control Ltd.,0.026,3,$61.01,1.93,$51.69,$31.80,62.55,$67.77
FOSL,Fossil Inc.,0.026,2,$4.14,2.10,$4.45,$1.70,161.76,$6.25
GNTX,Gentex Corp.,0.026,2,$25.27,2.09,$22.55,$20.26,11.30,$28.80
CDW,CDW Corp.,0.026,2,$140.64,1.09,$143.15,$96.09,48.97,$168.13
DOX,Amdocs Ltd.,0.026,2,$50.54,2.07,$60.09,$49.24,22.03,$83.39
BBIO,BridgeBio Pharma Inc.,0.026,2,$74.48,2.11,$72.56,$48.78,48.75,$93.42
AIG,American International Group,0.026,2,$74.53,2.02,$74.81,$70.36,6.32,$86.21
FLS,Flowserve Corp.,0.026,2,$74.16,2.10,$72.56,$48.28,50.29,$91.86
BKV,Bkv Corporation,0.026,1,,2.17,$24.92,$20.08,24.10,$32.81
DVA,DaVita HealthCare Partners,0.026,1,,2.15,$181.28,$101.00,79.49,$247.49
DHT,DHT Holdings Inc.,0.026,1,,2.13,$21.38,$9.43,126.72,$21.49
TECK,Teck Resources,0.026,1,,2.14,$65.68,$37.80,73.76,$72.56
VAC,Marriott Vacations Worldwide,0.026,1,,2.16,$101.68,$43.02,136.36,$131.34
NFG,National Fuel Gas,0.026,1,,2.15,$82.35,$74.64,10.33,$96.03
SPCX,Space Exploration Technologies Corp.,0.025,5,$170.86,0.67,$147.56,$104.83,40.76,$225.64
BUD,Anheuser-Busch InBev,0.025,4,$82.40,1.27,$77.70,$56.78,36.84,$86.60
VOYA,Voya Financial Inc.,0.025,3,$90.53,1.08,$103.13,$63.83,61.57,$105.64
KVUE,Kenvue Inc,0.025,3,$19.11,1.90,$17.80,$13.38,33.03,$19.91
VSNT,Versant Media Group Inc.,0.025,3,$36.01,1.77,$37.43,$26.61,40.66,$45.11
MAA,Mid-America Apt Communties,0.025,2,$138.94,2.00,$124.31,$117.48,5.81,$142.76
COTY,Coty Inc.,0.025,2,$2.16,2.00,$2.65,$1.82,45.60,$4.56
ATI,Allegheny Technologies Inc.,0.025,2,$197.10,1.39,$196.91,$75.02,162.48,$243.57
ISRG,Intuitive Surgical Inc.,0.025,2,$397.68,1.53,$360.99,$328.57,9.87,$603.88
EOG,EOG Resources,0.025,2,$129.73,1.99,$147.77,$99.12,49.08,$153.67
SJM,J.M. Smucker Co,0.025,2,$112.50,2.02,$121.90,$86.47,40.97,$135.89
INSM,Insmed Inc.,0.025,1,,2.07,$126.96,$90.39,40.46,$212.75
FBTC,Fidelity Wise Origin Bitcoin,0.025,1,,2.07,$67.05,$50.48,32.82,$110.25
KBR,KBR Inc.,0.025,1,,2.07,$36.35,$29.80,21.98,$51.56
SHEN,Shenandoah Telecommunications Co.,0.025,1,,2.06,$11.92,$9.67,23.27,$17.35
BIDU,Baidu Inc.,0.024,4,$114.29,1.98,$90.64,$89.60,1.16,$165.30
MTB,M&T Bank Corp.,0.024,3,$238.01,1.52,$238.22,$169.89,40.22,$254.31
WRBY,Warby Parker Inc.,0.024,3,$30.34,1.89,$24.21,$14.96,61.83,$31.00
AXTA,Axalta Coating Systems Ltd.,0.024,2,$34.22,1.18,$33.95,$24.94,36.13,$38.61
UHS,Universal Health Services Inc.,0.024,2,$148.69,1.12,$172.50,$139.92,23.28,$245.26
PR,Permian Resources Corp.,0.024,2,$18.41,1.97,$23.83,$11.60,105.43,$24.24
ANET,Arista Networks Inc.,0.024,2,$169.88,1.94,$189.84,$114.52,65.77,$214.89
ECPG,Encore Capital Group Inc.,0.024,1,,1.94,$97.84,$39.95,144.91,$104.98
COLD,Americold Realty Trust,0.024,1,,1.98,$14.03,$9.59,46.30,$16.88
JXN,Jackson Financial Inc.,0.024,1,,1.94,$137.82,$87.44,57.62,$140.88
FCX,Freeport-McMoran Inc.,0.024,1,,2.00,$71.34,$34.78,105.12,$80.24
SPB,Spectrum Brands Holdings Inc.,0.023,4,$85.75,1.23,$85.75,$48.72,76.01,$98.53
LAMR,Lamar Advertising Co.,0.023,3,$155.98,1.64,$147.37,$110.33,33.57,$166.33
CAG,Conagra Brands Inc.,0.023,3,$13.46,1.76,$14.68,$12.39,18.48,$19.59
ADPT,Adaptive Biotechnologies Corp.,0.023,2,$21.45,1.83,$24.16,$12.00,101.33,$26.87
BATRK,Atlanta Braves Holdings Inc. Series C,0.023,2,$51.90,1.64,$49.49,$37.76,31.06,$54.46
AGX,Argan Inc.,0.023,2,$798.55,1.80,$397.46,$218.01,82.31,$805.09
PANW,Palo Alto Networks,0.023,2,$341.02,1.88,$338.18,$139.57,142.30,$398.88
WEC,WEC Energy Group,0.023,1,,1.92,$105.37,$100.35,5.00,$118.87
SHC,Sotera Health Co,0.023,1,,1.88,$18.31,$13.09,39.88,$19.85
PDRDF,Pernod Ricard,0.023,1,,1.92,$69.17,$65.28,5.96,$104.93
SWK,Stanley Black & Decker Inc.,0.023,1,,1.92,$88.39,$59.35,48.93,$103.78
WTM,White Mountains Insurance,0.023,1,,1.85,$2071.29,$1647.25,25.74,$2333.00
BYD,Boyd Gaming Corp.,0.023,1,,1.92,$76.02,$74.80,1.63,$91.41
LNT,Alliant Energy,0.023,1,,1.86,$67.22,$61.37,9.53,$78.22
CHRD,Chord Energy,0.023,1,,1.87,$152.21,$80.76,88.47,$153.00
TRV,Travelers Companies Inc.,0.022,4,$330.13,0.71,$366.64,$248.46,47.57,$397.34
HSIC,Henry Schein Inc.,0.022,3,$83.52,1.54,$87.19,$61.95,40.74,$92.18
ABEV,Ambev S.A.,0.022,3,$3.14,1.81,$3.04,$2.08,46.15,$3.44
GILD,Gilead Sciences,0.022,3,$126.34,1.57,$144.72,$106.44,35.96,$155.38
IWF,iShares Russell 1000 Growth ETF,0.022,3,$124.17,1.08,$121.28,$102.14,18.74,$129.03
GHC,Graham Holdings Co.,0.022,2,$1141.45,1.74,$1130.52,$923.50,22.42,$1262.35
ECHO,EchoStar Corp.,0.022,2,$101.50,1.73,$91.74,$65.76,39.51,$147.25
IR,Ingersoll Rand Inc.,0.022,2,$81.99,0.92,$72.02,$68.05,5.83,$100.89
CTVA,Corteva Inc.,0.022,2,$84.69,1.84,$84.67,$59.97,41.19,$90.87
PRMB,Primo Brands Corp,0.022,2,$24.44,1.77,$20.61,$14.04,46.79,$26.08
KRC,Kilroy Realty Corp.,0.022,1,,1.83,$34.68,$26.89,28.97,$42.39
UMBF,UMB Financial Corp.,0.022,1,,1.79,$138.82,$101.90,36.23,$152.78
JD,JD.com Inc.,0.021,5,$25.48,1.17,$26.96,$23.66,13.95,$35.59
ROL,Rollins Inc.,0.021,4,$41.74,0.57,$34.61,$34.35,0.76,$65.40
NTRS,Northern Trust Corp.,0.021,3,$173.84,1.69,$187.03,$118.61,57.68,$194.86
TKR,Timken Co.,0.021,3,$145.31,1.72,$118.05,$69.62,69.56,$145.98
CMCO,Columbus McKinnon Corp.,0.021,2,$15.13,1.71,$17.04,$11.95,42.59,$24.13
WIX,Wix.com Ltd.,0.021,2,$44.27,0.90,$75.85,$40.16,88.87,$190.93
ROK,Rockwell Automation Inc.,0.021,2,$495.08,1.17,$419.83,$328.32,27.87,$495.83
PSKY,Paramount Skydance Corp.,0.021,2,$9.86,0.99,$10.37,$7.62,36.09,$20.57
INGR,Ingredion Inc.,0.021,1,,1.72,$100.82,$93.62,7.69,$123.71
LBTYK,Liberty Global Ltd CL C,0.021,1,,1.74,$10.41,$9.30,11.94,$13.12
VNT,Vontier Corp.,0.021,1,,1.70,$31.29,$27.21,14.99,$48.09
VRSN,Verisign Inc.,0.020,3,$251.56,0.76,$287.91,$206.93,39.13,$311.57
CMI,Cummins Inc.,0.020,3,$713.22,1.05,$547.93,$390.16,40.44,$735.02
XP,XP Inc.,0.020,2,$16.26,1.34,$20.00,$14.80,35.14,$22.83
SD,SandRidge Energy Inc.,0.020,2,$13.70,0.84,$14.85,$10.60,40.09,$17.78
ROG,Rogers Corp.,0.020,2,$163.73,1.61,$131.49,$75.14,74.99,$169.00
CLB,Core Laboratories Inc.,0.020,1,,1.63,$12.51,$9.78,27.91,$20.32
ACGL,Arch Capital Group Ltd.,0.020,1,,1.67,$96.01,$82.45,16.45,$107.09
TGT,Target Corp.,0.019,4,$130.61,1.21,$155.87,$81.20,91.96,$170.75
DEI,Douglas Emmett Inc.,0.019,3,$11.80,1.30,$10.65,$8.79,21.16,$15.90
HP,Helmerich & Payne,0.019,2,$32.75,1.46,$44.37,$19.35,129.30,$48.17
VYM,Vanguard High Dvd Yield ETF,0.019,2,$158.03,1.42,$161.75,$134.88,19.92,$167.61
LLYVA,Liberty Media Corp. Series A Live,0.019,2,$101.26,1.41,$93.00,$77.12,20.59,$106.06
ST,Sensata Technologies Holding,0.019,2,$47.74,1.27,$41.96,$27.92,50.29,$53.75
LILAK,Liberty LiLAC Group C,0.019,1,,1.56,$8.70,$4.76,82.77,$8.84
HAE,Haemonetics Corp.,0.019,1,,1.54,$101.00,$47.32,113.44,$109.57
DNOW,NOW Inc.,0.018,4,$12.97,0.67,$15.44,$10.94,41.13,$17.26
BNS,Bank of Nova Scotia,0.018,3,$86.81,1.18,$92.60,$60.51,53.03,$95.34
AR,Antero Resources,0.018,2,$35.14,1.42,$39.26,$29.10,34.91,$45.75
ADM,Archer-Daniels-Midland,0.018,2,$76.40,0.88,$87.03,$54.00,61.17,$87.90
VSAT,Viasat Inc.,0.018,2,$89.81,1.50,$73.66,$26.10,182.22,$93.03
AMH,American Homes 4 Rent,0.018,2,$33.52,1.40,$31.47,$26.95,16.77,$35.07
SKY,Skyline Champion Corp.,0.018,2,$88.12,1.42,$81.04,$63.69,27.24,$99.17
LHX,L3Harris Technologies Inc.,0.018,2,$290.59,1.49,$247.62,$247.62,0.00,$374.59
FG,F&G Annuities & Life Inc.,0.018,1,,1.44,$23.54,$20.16,16.77,$34.38
EQX,Equinox Gold Corp,0.018,1,,1.47,$12.23,$8.47,44.39,$18.88
CRWV,Coreweave Inc Cl A,0.018,1,,1.44,$89.27,$60.55,47.43,$153.20
SWX,Southwest Gas Holdings Inc.,0.018,1,,1.51,$87.03,$74.55,16.74,$93.81
PAYC,Paycom Software Inc.,0.017,3,$125.68,0.70,$217.97,$104.16,109.26,$244.98
BKD,Brookdale Senior Living Inc.,0.017,3,$16.09,1.27,$12.22,$7.29,67.63,$17.09
FDS,FactSet Research Systems,0.017,3,$230.08,0.65,$264.16,$182.47,44.77,$364.99
AMP,Ameriprise Financial Inc.,0.017,3,$458.73,0.90,$553.63,$419.52,31.97,$572.56
CTAS,Cintas Corp.,0.017,3,$170.08,1.38,$199.13,$160.31,24.22,$218.60
BXP,BXP Inc.,0.017,3,$66.31,1.04,$63.27,$48.54,30.35,$75.95
RRX,Regal Rexnord Corp.,0.017,2,$238.19,1.43,$156.40,$127.19,22.97,$247.80
ITIC,Investors Title Co.,0.017,2,$273.68,0.96,$300.73,$208.58,44.18,$309.07
MMYT,MakeMyTrip Ltd,0.017,2,$53.29,1.39,$49.26,$32.67,50.78,$103.24
NAMS,Newamsterdam Pharma Co Nv,0.017,2,$33.89,1.00,$22.10,$22.10,0.00,$42.21
PINS,Pinterest Inc.,0.017,2,$21.03,1.14,$18.70,$13.84,35.12,$37.05
EXPE,Expedia Group Inc.,0.017,2,$255.88,1.43,$278.62,$184.28,51.19,$341.51
MANE,Veradermics Inc,0.017,2,$122.94,0.88,$98.46,$32.00,207.69,$131.24
DGX,Quest Diagnostics,0.017,2,$212.00,1.42,$230.56,$168.97,36.45,$247.19
JBLU,JetBlue Airways Corp.,0.017,1,,1.43,$4.41,$3.87,13.95,$6.62
STUB,Stubhub Holdings Inc Class A,0.017,1,,1.39,$5.87,$5.74,2.26,$27.89
FSV,Firstservice Corp,0.017,1,,1.41,$135.31,$119.15,13.56,$208.07
MATW,Matthews Intl Corp. A,0.017,1,,1.37,$20.10,$20.10,0.00,$30.32
ALX,Alexander's Inc.,0.017,1,,1.42,$256.51,$190.65,34.54,$284.73
AKAM,Akamai Technologies Inc.,0.017,1,,1.40,$107.20,$70.82,51.37,$165.45
NTES,NetEase.com Inc.,0.016,3,$128.14,0.80,$115.70,$105.01,10.18,$155.78
POOL,Pool Corp.,0.016,2,$214.93,1.06,$174.75,$171.55,1.87,$327.90
FUL,H.B. Fuller Co.,0.016,2,$58.29,1.30,$51.47,$48.30,6.56,$68.05
RGA,Reinsurance Group of America Inc.,0.016,2,$212.65,1.33,$245.39,$175.13,40.12,$257.81
GSHD,Goosehead Insurance Inc.,0.016,2,$48.50,0.87,$56.33,$33.68,67.25,$84.36
PRM,Perimeter Solutions SA,0.016,2,$35.65,1.11,$30.67,$19.70,55.69,$38.17
SHAZ,Sharonai Holdings Inc,0.016,2,$84.66,0.65,$58.07,$1.90,2956.32,$178.00
NOC,Northrop Grumman Corp.,0.016,2,$509.32,1.24,$518.88,$476.85,8.81,$767.12
BAM,Brookfield Asset Management,0.016,2,$44.85,0.75,$47.18,$41.36,14.07,$60.19
UPBD,Upbound Group Inc.,0.016,1,,1.29,$18.22,$14.83,22.86,$25.85
OSG,Octave Specialty Group Inc.,0.016,1,,1.34,$4.89,$3.88,26.03,$10.38
ACIW,ACI Worldwide Inc.,0.016,1,,1.28,$51.64,$38.05,35.72,$61.08
SAM,Boston Beer Company,0.016,1,,1.35,$172.34,$158.68,8.61,$264.46
AZO,AutoZone Inc.,0.016,1,,1.34,$2885.24,$2881.51,0.13,$4388.11
NICE,Nice Ltd Spon ADR,0.016,1,,1.32,$98.37,$83.10,18.38,$153.68
NVS,Novartis AG,0.015,5,$156.73,0.84,$137.87,$118.00,16.84,$165.46
FITB,Fifth Third Bancorp,0.015,3,$56.37,0.65,$54.12,$39.08,38.49,$59.50
NTR,Nutrien Ltd.,0.015,2,$62.95,1.04,$79.17,$51.72,53.07,$83.98
WRB,W.R. Berkley Corp.,0.015,2,$70.53,1.21,$69.54,$62.31,11.60,$77.45
DLR,Digital Realty Trust Inc.,0.015,2,$179.58,1.18,$186.08,$144.28,28.97,$207.47
ARLP,Alliance Resource Partners LP,0.015,2,$23.98,1.06,$26.85,$20.15,33.25,$28.08
MKTX,MarketAxess Holdings Inc.,0.015,2,$113.50,1.25,$163.20,$108.23,50.79,$193.95
CALM,Cal-Maine Foods Inc.,0.015,2,$80.56,1.18,$74.75,$70.97,5.33,$108.56
CRK,Comstock Resources Inc.,0.015,1,,1.26,$15.25,$12.12,25.83,$28.10
MTH,Meritage Homes Corp.,0.015,1,,1.26,$61.80,$57.65,7.20,$85.38
PB,Prosperity Bancshares Inc.,0.015,1,,1.19,$71.01,$59.51,19.32,$75.87
OPCH,Option Care Health Inc.,0.015,1,,1.26,$23.77,$18.01,31.98,$36.80
YPF,YPF S.A.,0.015,1,,1.19,$56.75,$22.82,148.69,$57.49
CLW,Clearwater Paper Corp.,0.015,1,,1.26,$19.52,$11.73,66.41,$23.59
DOLE,Dole Food Company,0.015,1,,1.25,$13.55,$12.30,10.16,$16.38
HLN,Haleon Plc ADR,0.014,5,$9.33,0.73,$9.19,$8.54,7.61,$11.06
IVV,Ishares Core S&P 500 ETF,0.014,3,$748.90,0.86,$761.10,$630.45,20.72,$783.09
GD,General Dynamics,0.014,3,$354.24,1.05,$353.55,$305.43,15.75,$400.00
BCS,Barclays plc ADR,0.014,2,$26.86,1.16,$26.08,$18.86,38.28,$28.37
SBAC,SBA Communications Corp.,0.014,2,$176.46,1.14,$181.10,$160.33,12.95,$221.58
SUPN,Supernus Pharmaceuticals,0.014,1,,1.14,$41.40,$41.40,0.00,$59.68
VLO,Valero Energy,0.014,1,,1.12,$390.28,$150.41,159.48,$393.10
ICFI,ICF International Inc.,0.014,1,,1.15,$86.31,$58.62,47.24,$100.76
ALG,Alamo Group Inc.,0.014,1,,1.11,$167.80,$145.46,15.36,$219.00
ADT,ADT Inc.,0.014,1,,1.16,$6.99,$6.10,14.59,$8.66
JAZZ,Jazz Pharmaceuticals plc,0.013,2,$240.97,1.10,$241.24,$123.88,94.74,$266.38
AXS,Axis Capital Holdings Ltd.,0.013,2,$107.44,1.00,$98.68,$86.98,13.45,$119.99
TAC,TransAlta Corp.,0.013,2,$13.83,1.10,$12.21,$11.29,8.15,$17.62
ABR,Arbor Realty Trust Inc.,0.013,2,$5.42,0.78,$4.82,$4.58,5.24,$11.02
FMS,Fresenius Medical Care AG & Co KCaG,0.013,2,$22.61,1.00,$22.28,$19.24,15.80,$26.57
VMRK,Vivmark Residential,0.013,2,$67.93,1.07,$64.84,$56.30,15.17,$71.50
COMP,Compass Inc.,0.013,2,$12.33,0.66,$10.11,$6.37,58.71,$13.96
FOXA,Fox Corporation,0.013,2,$52.16,0.76,$64.91,$48.13,34.86,$75.68
CASH,Meta Financial Group Inc.,0.013,1,,1.10,$78.78,$65.71,19.89,$101.13
HWM,Howmet Aerospace Inc.,0.013,1,,1.06,$228.15,$179.25,27.28,$309.85
AGCO,AGCO Corp.,0.013,1,,1.06,$121.68,$98.22,23.89,$142.68
MNRO,Monro Inc.,0.013,1,,1.05,$12.47,$10.82,15.25,$22.69
RWAY,Runway Growth Finance Corp,0.013,1,,1.04,$6.54,$4.94,32.39,$8.96
CPRX-OLD,Catalyst Pharmaceuticals Inc.,0.013,1,,1.06,$31.50,$19.05,65.35,$32.56
MSTR,MicroStrategy Inc.,0.013,1,,1.03,$129.41,$81.81,58.18,$365.21
COLL,Collegium Pharmaceutical Inc.,0.013,1,,1.06,$22.78,$22.78,0.00,$50.79
MYRG,MYR Group Inc.,0.013,1,,1.05,$281.10,$171.51,63.90,$503.57
G,Genpact Ltd.,0.012,5,$27.50,0.44,$34.45,$26.71,28.98,$47.87
SNY,Sanofi Aventis,0.012,4,$42.66,0.63,$42.74,$40.89,4.52,$49.91
DOW,Dow Inc.,0.012,3,$27.36,1.00,$29.70,$19.68,50.91,$41.82
TREX,Trex Company Inc.,0.012,2,$50.04,0.91,$43.31,$29.77,45.48,$62.45
EXR,Extra Space Storage Inc.,0.012,2,$145.30,0.93,$135.65,$121.45,11.69,$158.88
BKR,Baker Hughes Co.,0.012,2,$55.50,1.01,$59.39,$43.24,37.35,$69.92
NE,Noble Corp.,0.012,2,$37.30,0.86,$45.68,$25.46,79.42,$53.83
DAR,Darling Ingredients Inc.,0.012,2,$54.62,0.96,$66.85,$29.15,129.33,$69.98
CRDO,Credo Technology Group Holdi,0.012,2,$271.95,1.00,$162.12,$86.49,87.44,$308.67
KN,Knowles Corp.,0.012,2,$41.48,0.94,$35.56,$20.57,72.87,$42.93
KALU,Kaiser Aluminum Corp.,0.012,2,$195.62,0.93,$157.76,$71.41,120.92,$199.89
UGI,UGI Corp.,0.012,2,$34.54,0.99,$38.01,$30.66,23.97,$40.48
GL,Globe Life Inc.,0.012,2,$178.68,0.71,$170.85,$127.06,34.46,$191.55
XMTR,Xometry Inc.,0.012,1,,0.95,$84.70,$35.86,136.20,$106.08
SMG,Scotts Miracle-Gro Co.,0.012,1,,0.96,$56.06,$49.95,12.23,$74.53
PBF,PBF Energy Inc.,0.012,1,,0.95,$78.03,$25.16,210.14,$78.10
FWONA,Liberty Media Corp Formula One Series A,0.012,1,,0.95,$87.06,$73.70,18.13,$99.52
WCN,Waste Connections,0.012,1,,0.99,$159.00,$146.58,8.47,$178.40
BBW,Build-A-Bear Workshop Inc.,0.012,1,,0.97,$28.24,$27.50,2.69,$74.33
BATRA,Atlanta Braves Holdings Inc. Series A,0.012,1,,1.01,$54.87,$41.50,32.22,$58.37
IVZ,Invesco Ltd,0.012,1,,1.01,$32.13,$20.03,60.41,$33.66
MDB,MongoDB Inc.,0.012,1,,0.99,$373.59,$215.68,73.21,$473.10
EDU,New Oriental Education & Technology,0.012,1,,0.99,$54.67,$44.25,23.55,$64.22
FOA,Finance Of America Companies Inc.,0.012,1,,1.00,$15.78,$15.73,0.32,$29.79
YMM,Full Truck Alliance Spn ADR,0.012,1,,0.96,$8.12,$7.38,10.03,$13.69
VTOL,Bristow Group Inc.,0.012,1,,0.95,$42.53,$34.73,22.46,$50.10
SU,Suncor Energy Inc.,0.011,4,$53.69,0.71,$68.84,$36.63,87.93,$70.28
HRL,Hormel Foods Corp.,0.011,3,$24.82,0.77,$20.87,$19.47,7.19,$26.43
ACMR,ACM Research Inc.,0.011,3,$126.89,0.92,$72.68,$27.70,162.38,$127.19
AUR,Aurora Innovation Inc.,0.011,3,$6.82,0.72,$6.35,$3.60,76.39,$8.57
SOFI,SoFi Technologies Inc.,0.011,2,$17.93,0.90,$17.22,$14.88,15.73,$32.73
PHG,Koninklijke Philips Electronics NV,0.011,2,$27.19,0.90,$24.62,$23.85,3.23,$32.18
AM,Antero Midstream Corp.,0.011,2,$22.75,0.90,$22.32,$16.41,36.01,$23.35
AAP,Advance Auto Parts,0.011,2,$62.22,0.80,$43.01,$37.33,15.22,$64.62
W,Wayfair Inc.,0.011,2,$92.42,0.90,$97.29,$55.60,74.98,$119.98
ELAN,Elanco Animal Health Inc.,0.011,2,$24.61,0.87,$23.06,$18.22,26.56,$27.98
LZAGY,Lonza Group Ag Unspon ADR,0.011,1,,0.92,$66.41,$57.99,14.52,$74.36
NWL,Newell Brands Inc.,0.011,1,,0.87,$5.89,$2.87,105.23,$7.05
CZR,Caesars Entertainment,0.011,1,,0.89,$29.66,$17.86,66.07,$30.88
KD,Kyndryl Holdings Inc,0.011,1,,0.87,$12.60,$10.10,24.75,$33.90
AAON,AAON Inc.,0.011,1,,0.87,$76.50,$72.95,4.87,$150.16
COST,Costco Co.,0.010,7,$935.41,0.35,$900.85,$840.35,7.20,$1094.76
SHEL,Shell plc,0.010,5,$77.54,0.59,$95.99,$66.79,43.72,$96.77
IJR,Ishares Core S&P Small Cap E,0.010,3,$148.32,0.84,$141.18,$110.97,27.22,$150.69
LIND,Lindblad Expeditions Hldgs Inc.,0.010,2,$28.24,0.78,$25.07,$11.37,120.49,$35.00
VBIL,Vanguard 0 3m T Bill ETF,0.010,2,$75.68,0.58,$75.57,$72.83,3.76,$75.57
DT,Dynatrace Inc.,0.010,2,$43.92,0.43,$51.29,$31.64,62.10,$54.84
GFI,Gold Fields Ltd.,0.010,2,$33.59,0.63,$45.85,$31.11,47.38,$59.90
KR,Kroger Co.,0.010,2,$55.53,0.72,$56.63,$53.78,5.30,$75.66
TEM,Tempus Ai Inc,0.010,2,$57.93,0.77,$59.11,$40.77,44.98,$104.32
BCO,Brink's Co.,0.010,1,,0.86,$109.67,$90.86,20.70,$135.75
SLDE,Slide Insurance Holdings Inc,0.010,1,,0.84,$24.39,$12.49,95.28,$25.09
EEFT,Euronet Worldwide Inc.,0.010,1,,0.81,$70.93,$62.50,13.49,$91.58
WAL,Western Alliance Bancorp,0.010,1,,0.81,$78.73,$65.11,20.92,$95.75
NDAQ,Nasdaq Inc.,0.010,1,,0.85,$92.48,$76.55,20.81,$101.10
QLYS,Qualys Inc.,0.010,1,,0.86,$163.70,$74.51,119.70,$201.54
VNO,Vornado Realty Trust,0.010,1,,0.83,$34.16,$24.57,39.03,$42.43
TIC,Acuren Corporation,0.010,1,,0.83,$9.21,$6.36,44.81,$14.94
PCVX,Vaxcyte Inc.,0.010,1,,0.85,$58.62,$30.81,90.26,$65.00
CFG,Citizens Financial Group Inc.,0.010,1,,0.82,$69.25,$46.55,48.76,$75.33
CET,Central Securities Corp.,0.010,1,,0.85,$55.42,$47.33,17.09,$55.99
BRBR,BellRing Brands Inc. CL A,0.010,1,,0.84,$9.20,$7.82,17.65,$38.77
DUSA,Davis Select Us Equity ETF,0.010,1,,0.82,$56.52,$46.06,22.71,$58.53
CIGI,Colliers International Group Inc.,0.009,4,$93.70,0.60,$91.42,$88.24,3.60,$171.06
IWR,Ishares Russell Mid Cap ETF,0.009,3,$110.27,0.53,$108.93,$90.78,19.99,$114.97
MLKN,MillerKnoll Inc.,0.009,3,$20.46,0.52,$20.90,$13.23,57.97,$24.51
RJF,Raymond James Financial Inc.,0.009,2,$152.03,0.75,$173.97,$138.33,25.76,$182.73
CFR,Cullen Frost Bankers,0.009,2,$154.52,0.71,$162.19,$115.60,40.30,$169.71
AVB-OLD,AvalonBay Communities,0.009,2,$188.69,0.72,$184.30,$157.12,17.30,$198.63
MPWR,Monolithic Power Systems,0.009,2,$1382.24,0.76,$1190.74,$824.23,44.47,$1711.48
HPQ,HP Inc.,0.009,2,$21.93,0.49,$33.02,$16.91,95.27,$33.02
OCFC,OceanFirst Financial Corp.,0.009,1,,0.77,$18.68,$16.44,13.63,$20.12
FR,First Industrial Realty Trust Inc.,0.009,1,,0.76,$60.71,$49.03,23.82,$69.88
EME,Emcor Group,0.009,1,,0.74,$745.60,$564.01,32.20,$951.47
PSUS,Pershing Square Usa Ltd,0.009,1,,0.77,$38.07,$35.71,6.61,$44.00
HAS,Hasbro Inc.,0.009,1,,0.73,$89.51,$67.33,32.94,$104.60
RIOT,Riot Blockchain Inc.,0.009,1,,0.70,$21.08,$11.50,83.30,$30.32
CTRN,Citi Trends Inc.,0.009,1,,0.74,$64.43,$29.60,117.67,$77.91
MMM,3M Co.,0.008,4,$161.92,0.52,$162.48,$138.02,17.72,$184.09
BMI,Badger Meter Inc.,0.008,3,$148.38,0.31,$124.26,$111.36,11.58,$201.67
TROW,T. Rowe Price Group,0.008,3,$113.63,0.30,$107.54,$84.21,27.70,$122.00
ITW,Illinois Tool Works,0.008,2,$270.47,0.67,$263.95,$234.38,12.62,$301.92
TTE,TotalEnergies SE,0.008,2,$77.76,0.69,$91.64,$56.15,63.21,$93.00
BTDR,Bitdeer Technologies Group A,0.008,2,$15.87,0.68,$11.60,$6.92,67.63,$27.80
RELX,RELX plc,0.008,2,$31.67,0.61,$33.77,$26.84,25.82,$47.13
KT,KT Corp.,0.008,2,$17.28,0.37,$19.52,$17.13,13.95,$24.58
LXU,LSB Industries Inc.,0.008,2,$10.81,0.66,$11.59,$7.71,50.32,$17.22
FIGR,Figure Technology Solut Cl A,0.008,1,,0.65,$36.63,$24.11,51.93,$78.00
KRYS,Krystal Biotech Inc.,0.008,1,,0.67,$347.07,$136.73,153.84,$382.54
AD,Array Digital Infrastructure Inc.,0.008,1,,0.67,$38.23,$28.86,32.47,$46.04
TX,Ternium S.A.,0.008,1,,0.65,$57.14,$31.27,82.73,$58.73
BXC,BlueLinx Holdings Inc.,0.008,1,,0.64,$78.08,$44.78,74.36,$93.80
SBSI,Southside Bancshares Inc.,0.008,1,,0.66,$31.89,$25.12,26.95,$35.79
DMAC,DiaMedica Therapeutics Inc.,0.008,1,,0.68,$6.37,$5.25,21.33,$10.42
AGO,Assured Guaranty Ltd.,0.008,1,,0.63,$73.07,$72.13,1.30,$91.07
KRSP,Rice Acquisition Corp 3 A,0.008,1,,0.67,$10.55,$10.21,3.33,$11.89
HKHGF,Hongkong Land Holdings Ltd,0.008,1,,0.63,$8.56,$5.56,53.96,$8.63
NWG,NatWest Group Plc,0.008,1,,0.67,$18.35,$12.79,43.47,$19.21
ZD,Ziff Davis Inc.,0.008,1,,0.63,$55.63,$22.45,147.80,$58.06
D,Dominion Energy Inc.,0.008,1,,0.65,$65.13,$54.17,20.23,$72.26
MMS,MAXIMUS Inc.,0.008,1,,0.64,$56.43,$52.42,7.65,$98.42
IPGP,IPG Photonics Corp.,0.008,1,,0.65,$78.34,$69.41,12.87,$155.82
CLX,Clorox Co.,0.007,5,$95.44,0.24,$88.61,$83.72,5.84,$125.83
BTI,British American Tobacco plc,0.007,3,$61.76,0.37,$54.96,$47.79,15.00,$66.38
VTV,Vanguard Value ETF,0.007,3,$217.93,0.60,$222.20,$179.36,23.88,$228.57
TDY,Teledyne Technologies,0.007,3,$666.90,0.56,$597.43,$483.02,23.69,$697.67
MTD,Mettler-Toledo International Inc.,0.007,2,$1277.67,0.32,$1281.42,$1023.05,25.25,$1525.17
EQNR,Equinor ASA,0.007,2,$31.40,0.57,$45.18,$21.54,109.75,$45.59
ING,ING Group NV,0.007,2,$31.38,0.58,$36.58,$22.49,62.65,$37.52
TNC,Tennant Co.,0.007,2,$87.54,0.55,$69.43,$59.62,16.45,$91.52
BAH,Booz Allen Hamilton Hldg Corp.,0.007,2,$60.67,0.56,$75.50,$59.05,27.86,$106.66
AXSM,Axsome Therapeutics Inc.,0.007,2,$244.77,0.54,$209.41,$112.90,85.48,$260.19
SRTA,Strata Critical Medical Inc.,0.007,2,$5.27,0.58,$5.15,$3.89,32.39,$6.50
EPAM,EPAM Systems Inc.,0.007,1,,0.54,$114.63,$73.06,56.90,$222.53
EXPD,Expeditors Int'l,0.007,1,,0.54,$189.02,$111.78,69.10,$192.28
WVE,Wave Life Sciences Ltd.,0.007,1,,0.54,$4.70,$4.65,1.08,$21.73
AS,Amer Sports Inc,0.007,1,,0.57,$27.26,$27.26,0.00,$42.76
ANDG,Andersen Group Inc A,0.007,1,,0.61,$53.43,$18.12,194.87,$57.62
RAL,Ralliant Corp.,0.007,1,,0.54,$64.65,$37.17,73.93,$75.35
VYX,NCR Voyix Corp.,0.007,1,,0.56,$8.19,$6.02,36.05,$13.50
QMCO,Quantum Corp.,0.007,1,,0.59,$23.62,$4.19,463.72,$27.80
MMSI,Merit Medical Systems Inc.,0.007,1,,0.61,$86.32,$59.74,44.49,$94.75
TMUS,T-Mobile US Inc.,0.007,1,,0.56,$175.99,$164.71,6.85,$239.19
FSLR,First Solar Inc.,0.007,1,,0.57,$205.98,$182.99,12.56,$320.95
PAYP,Paypay Corp,0.007,1,,0.55,$18.13,$12.07,50.21,$24.89
BLTE,Belite Bio Inc ADR,0.007,1,,0.55,$173.41,$64.80,167.61,$200.00
WLTH,Wealthfront Corp,0.007,1,,0.57,$10.76,$7.20,49.44,$14.88
GCMG,Gcm Grosvenor Inc Class A,0.007,1,,0.54,$12.75,$9.12,39.80,$14.74
UL,Unilever PLC,0.006,5,$60.12,0.22,$61.65,$53.97,14.23,$73.09
TIGO,Millicom Intl Cellular S.a.,0.006,3,$90.76,0.39,$96.45,$42.37,127.64,$107.13
RNR,RenaissanceRe Holdings Ltd.,0.006,3,$316.90,0.32,$324.54,$230.19,40.99,$340.24
PBR.A,Petroleo Brasil Sp Pref ADR,0.006,2,$14.64,0.49,$19.33,$10.25,88.59,$19.44
PUK,Prudential Plc ADR,0.006,2,$26.81,0.49,$26.67,$24.61,8.37,$33.59
VLTO,Veralto Corp.,0.006,2,$88.68,0.48,$93.53,$79.91,17.04,$109.28
QRVO,Qorvo Inc.,0.006,2,$93.27,0.51,$113.78,$74.92,51.87,$113.78
CYD,China Yuchai Intl Ltd.,0.006,2,$47.42,0.51,$35.71,$28.09,27.13,$60.28
HWKN,Hawkins Inc.,0.006,2,$142.10,0.45,$121.24,$116.05,4.47,$185.12
CX,Cemex,0.006,2,$12.00,0.50,$10.61,$8.67,22.38,$13.64
BEKE,KE Holdings Inc.,0.006,2,$14.53,0.38,$16.76,$13.81,21.36,$20.60
KFY,Korn Ferry,0.006,2,$66.58,0.30,$78.04,$57.98,34.60,$87.51
GLOB,Globant S.A.,0.006,2,$28.94,0.33,$36.66,$27.56,33.02,$72.10
DTE,DTE Energy Co.,0.006,1,,0.53,$134.60,$124.26,8.32,$155.75
ZTO,ZTO Express,0.006,1,,0.48,$20.76,$17.83,16.43,$25.97
NGG,National Grid Plc Sp ADR,0.006,1,,0.53,$76.50,$67.23,13.79,$92.22
CART,Maplebear Inc,0.006,1,,0.51,$47.00,$32.73,43.60,$52.68
WEX,WEX Inc.,0.006,1,,0.47,$190.30,$125.29,51.89,$203.99
FND,Floor & Decor Holdings,0.006,1,,0.46,$46.58,$42.64,9.24,$92.41
NBIX,Neurocrine Biosciences Inc.,0.006,1,,0.49,$156.35,$122.14,28.01,$186.12
SNN,Smith & Nephew plc,0.006,1,,0.49,$27.59,$27.56,0.11,$37.70
MBC,Masterbrand Inc,0.006,1,,0.46,$7.31,$6.61,10.59,$14.22
AIT,Applied Industrial Tech.,0.006,1,,0.53,$316.94,$236.75,33.87,$374.27
BCE,BCE Inc.,0.006,1,,0.51,$23.28,$20.87,11.55,$26.12
PPL,PPL Corp.,0.006,1,,0.49,$34.29,$32.39,5.87,$39.46
IT,Gartner Inc.,0.006,1,,0.49,$171.15,$124.25,37.75,$265.85
AGL,Agilon Health Inc,0.006,1,,0.46,$93.12,$7.48,1144.92,$133.04
TWFG,Twfg Inc,0.006,1,,0.53,$26.73,$16.56,61.41,$31.30
DINT,Davis Select International,0.006,1,,0.48,$29.15,$25.77,13.12,$30.75
CRAI,CRA International Inc.,0.006,1,,0.47,$163.89,$131.23,24.89,$224.94
THG,Hanover Insurance Group,0.006,1,,0.46,$224.67,$164.23,36.80,$236.07
T,AT&T Inc.,0.005,3,$20.70,0.40,$25.58,$19.63,30.31,$28.75
BIL,SPDR Bloomberg 1 3 Month T B,0.005,3,$91.64,0.27,$91.47,$88.21,3.70,$91.48
LPX,Louisiana-Pacific Corp.,0.005,3,$78.66,0.21,$65.48,$65.48,0.00,$99.15
DCI,Donaldson Co.,0.005,3,$89.77,0.38,$88.16,$78.40,12.45,$112.05
EMR,Emerson Electric,0.005,3,$143.16,0.26,$147.31,$121.73,21.01,$165.79
ARCO,Arcos Dorados Holdings Inc.,0.005,3,$8.06,0.26,$7.95,$6.38,24.61,$9.67
FRFHF,Fairfax Financial Holdings Ltd.,0.005,2,$1644.34,0.26,$1595.23,$1500.00,6.35,$1933.22
HALO,Halozyme Therapeutics,0.005,2,$78.26,0.45,$106.87,$61.23,74.54,$111.15
EQPT,Equipmentshare.com Inc A,0.005,2,$19.66,0.38,$17.72,$15.71,12.79,$35.50
IDA,IDACORP Inc. Hldg. Co.,0.005,2,$151.30,0.43,$135.82,$119.22,13.92,$153.97
BWXT,BWX Technologies Inc.,0.005,2,$194.65,0.37,$152.59,$147.74,3.28,$241.12
DFNL,Davis Select Financial ETF,0.005,1,,0.45,$51.19,$42.56,20.28,$53.09
SARO,Standardaero Inc,0.005,1,,0.41,$23.55,$23.55,0.00,$34.48
DWLD,Davis Select Worldwide ETF,0.005,1,,0.38,$46.31,$42.44,9.12,$49.48
PRG,PROG Holdings Inc.,0.005,1,,0.40,$37.23,$25.48,46.11,$47.57
MEOH,Methanex Corp.,0.005,1,,0.43,$62.68,$31.63,98.17,$66.53
SGRY,Surgery Partners Inc.,0.005,1,,0.38,$13.79,$11.41,20.86,$23.44
TAL,TAL Education Group,0.005,1,,0.43,$11.48,$8.88,29.28,$13.37
AQN,Algonquin Power & Utilities,0.005,1,,0.39,$5.43,$5.13,5.85,$6.95
SMPL,Simply Good Foods Co.,0.005,1,,0.42,$10.17,$9.88,2.94,$27.95
SION,Sionna Therapeutics Inc,0.005,1,,0.40,$7.41,$4.01,84.79,$54.97
CNO,CNO Financial Group Inc.,0.005,1,,0.37,$54.77,$37.63,45.55,$57.40
QURE,uniQure NV,0.005,1,,0.38,$45.05,$8.73,416.04,$71.50
FRPH,FRP Holdings Inc.,0.005,1,,0.43,$22.14,$20.53,7.84,$25.74
WHR,Whirlpool Corp.,0.005,1,,0.38,$35.88,$35.45,1.21,$93.59
SMIN,Ishares Msci India Small Cap,0.005,1,,0.42,$70.94,$57.78,22.78,$74.41
SOPH,Sophia Genetics SA,0.005,1,,0.42,$7.64,$3.10,146.45,$8.98
ORKA,Oruka Therapeutics Inc,0.005,1,,0.41,$91.53,$14.67,523.93,$115.52
SNDX,Syndax Pharmaceuticals Inc.,0.005,1,,0.43,$18.71,$12.99,44.03,$25.59
LKFT,Lakefront Biotherapeutics,0.005,1,,0.37,$26.85,$25.68,4.56,$37.78
SUN,Sunoco Inc.,0.005,1,,0.43,$76.66,$45.10,69.98,$78.00
WK,Workiva Inc.,0.005,1,,0.37,$71.34,$43.34,64.61,$97.10
PKG,Packaging Corp. of America,0.005,1,,0.45,$231.03,$187.98,22.90,$259.98
KGS,Kodiak Gas Services Inc,0.005,1,,0.39,$62.87,$31.37,100.41,$77.10
HAL,Halliburton Co.,0.005,1,,0.39,$36.26,$21.03,72.42,$43.20
MLCO,Melco Resorts & Entertainment,0.005,1,,0.44,$5.01,$4.98,0.60,$9.98
HDB,HDFC Bank Ltd.,0.004,5,$25.83,0.12,$21.83,$21.80,0.14,$36.79
VTI,Vanguard Total Stock Mkt ETF,0.004,5,$370.00,0.19,$373.00,$309.51,20.51,$385.12
CCK,Crown Holdings,0.004,4,$111.82,0.19,$112.14,$88.12,27.26,$122.91
ONB,Old National Bancorp,0.004,3,$25.90,0.22,$25.39,$18.93,34.13,$27.21
LBRDA-OLD,Liberty Broadband Corp. CL A,0.004,3,$33.28,0.29,$35.98,$26.14,37.64,$65.40
HPE,Hewlett Packard Enterprise,0.004,3,$45.11,0.34,$55.45,$19.62,182.62,$64.06
SMFG,Sumitomo Mitsui Spons ADR,0.004,2,$23.58,0.36,$26.55,$15.18,74.90,$27.62
NOVT,Novanta Inc.,0.004,2,$162.28,0.27,$143.88,$98.27,46.41,$176.38
HLI,Houlihan Lokey Inc.,0.004,2,$134.13,0.33,$136.54,$112.24,21.65,$208.14
AFL,AFLAC Inc.,0.004,2,$117.24,0.28,$114.13,$103.27,10.52,$129.57
COO,Cooper Cos Inc,0.004,2,$71.72,0.25,$54.95,$51.75,6.18,$89.83
UHAL,U-Haul Holding Co.,0.004,2,$65.44,0.26,$62.93,$41.95,50.01,$76.45
VIST,"Vista Oil & Gas, S.A.B. de C.V.",0.004,2,$63.80,0.35,$79.31,$33.37,137.67,$81.44
FCN,FTI Consulting Inc.,0.004,1,,0.30,$150.11,$137.65,9.05,$189.30
GLPI,Gaming and Leisure Properties Inc.,0.004,1,,0.32,$40.86,$39.81,2.64,$48.30
ALNY,Alnylam Pharmaceuticals,0.004,1,,0.31,$247.74,$197.81,25.24,$495.55
PAGS,PagSeguro Digital Ltd.,0.004,1,,0.31,$10.11,$8.24,22.69,$12.03
COYA,Coya Therapeutics Inc,0.004,1,,0.35,$4.49,$3.71,21.02,$7.75
ZM,Zoom Video Communications Inc.,0.004,1,,0.32,$96.23,$70.70,36.11,$114.74
PCAR,PACCAR Inc.,0.004,1,,0.35,$122.06,$90.03,35.58,$138.87
PIPR,Piper Sandler Companies,0.004,1,,0.36,$75.69,$68.34,10.76,$92.80
TCHP,T Rowe Price Blue Chip Growth ETF,0.004,1,,0.31,$49.86,$42.26,17.98,$53.26
CCU,Compania Cervecerias Unidas SA,0.004,1,,0.30,$11.66,$10.56,10.42,$15.15
SDGR,SCHRODINGER Inc.,0.004,1,,0.33,$18.80,$10.95,71.69,$23.02
INBX,Inhibrx,0.004,1,,0.30,$109.46,$26.19,317.95,$155.29
BTSG,Brightspring Health Services,0.004,1,,0.32,$58.55,$25.92,125.89,$73.75
MINE,Mayfair Gold Corp,0.004,1,,0.29,$2.99,$2.16,38.43,$4.88
SLQT,Selectquote Inc.,0.004,1,,0.32,$0.52,$0.48,8.33,$2.22
AGI,Alamos Gold Inc.,0.004,1,,0.31,$35.71,$27.02,32.16,$55.24
PRDO,Perdoceo Education Corp.,0.004,1,,0.30,$32.79,$26.14,25.44,$38.13
INDA,iShares MSCI India ETF,0.004,1,,0.34,$48.10,$45.21,6.39,$55.50
XEL,Xcel Energy Inc.,0.004,1,,0.29,$75.47,$69.60,8.43,$83.22
PHVS,Pharvaris NV,0.004,1,,0.36,$37.69,$20.65,82.52,$43.25
ATKR,Atkore International Group Inc.,0.004,1,,0.30,$94.27,$53.32,76.80,$94.30
SFM,Sprouts Farmers Market Inc.,0.004,1,,0.35,$72.20,$64.75,11.51,$139.71
EVLV,Evolv Technologies Holdings,0.004,1,,0.34,$4.97,$4.86,2.26,$8.81
GNE,Genie Energy Ltd.,0.004,1,,0.35,$15.78,$12.56,25.64,$15.95
JGRW,Jensen Quality Growth ETF,0.004,1,,0.36,$27.29,$23.56,15.83,$28.96
SWIM,Latham Group Inc,0.004,1,,0.32,$6.27,$4.64,35.13,$8.97
VUG,Vanguard Growth ETF,0.003,6,$86.16,0.13,$87.21,$69.56,25.37,$90.50
SPY,SPDR S&P 500 ETF Trust,0.003,6,$746.85,0.06,$757.50,$627.66,20.69,$779.37
RSP,Invesco S&P 500 Equal Weight,0.003,4,$212.87,0.22,$213.10,$179.92,18.44,$223.44
SNPS,Synopsys Inc.,0.003,4,$446.14,0.16,$395.12,$366.00,7.96,$539.48
VWO,Vanguard FTSE Emerging Marke,0.003,4,$59.69,0.22,$59.91,$51.34,16.69,$61.54
VIG,Vanguard Dividend Apprec ETF,0.003,3,$236.65,0.21,$237.61,$209.12,13.62,$247.45
IWM,iShares Russell 2000 ETF,0.003,3,$300.49,0.25,$287.29,$227.19,26.45,$305.18
ALL,Allstate Corp.,0.003,3,$237.94,0.28,$252.22,$184.51,36.70,$276.07
BC,Brunswick Corp.,0.003,2,$84.24,0.21,$69.38,$57.26,21.17,$88.81
COLB,Columbia Banking System Inc.,0.003,2,$32.05,0.20,$29.83,$22.66,31.64,$33.27
VO,Vanguard Mid Cap ETF,0.003,2,$80.57,0.25,$80.43,$68.69,17.09,$84.59
ASB,Associated Banc-Corp,0.003,2,$30.77,0.18,$30.15,$23.04,30.86,$32.21
SEIC,SEI Investments,0.003,2,$87.74,0.12,$107.22,$74.64,43.65,$112.15
ALSN,Allison Transmission Holdings,0.003,2,$112.75,0.19,$126.62,$75.21,68.36,$136.97
AYI,Acuity Brands Inc.,0.003,2,$376.66,0.25,$317.02,$256.71,23.49,$379.43
CNXC,Concentrix Corp.,0.003,2,$22.41,0.22,$26.62,$18.81,41.52,$55.22
HAFN,Hafnia Ltd,0.003,2,$6.62,0.21,$9.40,$4.60,104.35,$9.40
THO,Thor Industries,0.003,2,$75.17,0.15,$71.26,$69.23,2.93,$121.16
BSY,Bentley Systems Inc Class B,0.003,1,,0.27,$30.99,$28.08,10.36,$56.94
VSTM,Verastem Inc.,0.003,1,,0.27,$7.49,$3.43,118.37,$10.82
FBAK,First National Bank Alaska,0.003,1,,0.25,$202.54,$165.01,22.74,$211.60
JKHY,Jack Henry & Associates Inc.,0.003,1,,0.26,$160.87,$120.60,33.39,$191.13
PS,Pershing Square Inc.,0.003,1,,0.24,$36.72,$21.93,67.44,$54.75
GIII,G-III Apparel Group,0.003,1,,0.22,$27.62,$24.45,12.97,$37.54
LEGH,Legacy Housing Corp.,0.003,1,,0.24,$27.03,$18.29,47.79,$31.34
LBRT,Liberty Oilfield Services Inc.,0.003,1,,0.21,$20.82,$9.84,111.59,$34.23
NTB,Bank of N.T. Butterfield & Son Ltd,0.003,1,,0.26,$59.52,$39.10,52.23,$64.17
BMM,Blue Moon Metals Inc,0.003,1,,0.28,$5.39,$3.47,55.33,$8.63
SMRT,SmartRent Inc.,0.003,1,,0.24,$1.16,$0.91,27.47,$2.20
GLDM,SPDR Gold Minishares Trust,0.003,1,,0.22,$85.52,$71.63,19.39,$109.74
RUSHB,Rush Enterprises Inc. - CL B,0.003,1,,0.21,$49.17,$31.53,55.95,$54.20
OVV,Ovintiv Inc.,0.003,1,,0.21,$64.22,$34.83,84.38,$67.51
CGAU,Centerra Gold Inc,0.003,1,,0.22,$22.58,$8.51,165.33,$24.52
L,Loews Corp.,0.003,1,,0.27,$108.65,$95.07,14.28,$120.94
RCL,Royal Caribbean Cruises Ltd.,0.003,1,,0.21,$257.71,$230.90,11.61,$352.67
PLOW,Douglas Dynamics,0.003,1,,0.22,$40.47,$27.89,45.11,$55.00
HGTY,Hagerty Inc.,0.003,1,,0.27,$13.25,$9.36,41.56,$14.00
LESL,Leslie's Inc.,0.003,1,,0.24,$0.52,$0.50,4.00,$12.53
OGC,Oceanagold Corp,0.003,1,,0.25,$30.08,$19.14,57.16,$42.96
MO,Altria Group Inc.,0.002,5,$71.95,0.12,$68.59,$53.01,29.39,$77.06
IWD,Ishares Russell 1000 Value E,0.002,4,$244.40,0.12,$253.08,$197.07,28.42,$260.19
NUE,Nucor Corp.,0.002,3,$222.78,0.14,$253.59,$130.11,94.90,$280.11
OEC,Orion SA,0.002,3,$6.63,0.09,$5.73,$4.28,33.88,$10.42
AIR,AAR Corp.,0.002,3,$142.94,0.11,$123.37,$73.26,68.40,$154.00
AEBI,Aebi Schmidt Holding Ag,0.002,3,$12.55,0.16,$11.97,$8.87,34.95,$15.87
AMT,American Tower Corp.,0.002,3,$163.57,0.09,$172.27,$160.06,7.63,$194.23
APLD,Applied Digital Corp,0.002,3,$37.30,0.14,$25.95,$15.42,68.29,$50.73
ACWI,iShares MSCI ACWI ETF,0.002,3,$156.97,0.16,$158.74,$132.79,19.54,$162.80
SNA,Snap-On Inc.,0.002,2,$402.37,0.12,$373.90,$312.34,19.71,$420.41
PAAS,Pan American Silver Corp.,0.002,2,$44.79,0.18,$50.84,$32.65,55.71,$69.34
HLT,Hilton Worldwide Holdings,0.002,2,$330.48,0.12,$306.11,$253.04,20.97,$357.84
SMHI,SEACOR Marine Holdings Inc.,0.002,2,$7.65,0.18,$9.63,$5.55,73.51,$10.00
HUN,Huntsman Corp.,0.002,2,$10.62,0.16,$9.48,$7.15,32.59,$16.09
TD,Toronto-Dominion Bank,0.002,2,$121.55,0.13,$119.46,$73.09,63.44,$125.47
CECO,CECO Environmental Corp.,0.002,2,$90.74,0.11,$75.61,$42.82,76.58,$101.24
PLXS,Plexus Corp.,0.002,2,$300.67,0.11,$246.35,$132.03,86.59,$307.06
ERO,Ero Copper Corp,0.002,2,$26.74,0.19,$34.90,$15.76,121.45,$40.83
RF,Regions Financial Corp.,0.002,2,$30.20,0.16,$29.79,$21.82,36.53,$32.14
IBN,ICICI Bank Ltd.,0.002,2,$29.03,0.14,$28.86,$24.87,16.04,$32.76
HONA,Honeywell Aerospace Inc,0.002,2,$221.08,0.20,$151.93,$150.03,1.27,$266.62
IWN,Ishares Russell 2000 Value E,0.002,2,$221.16,0.17,$218.40,$166.72,31.00,$227.86
NUVB,Nuvation Bio Inc.,0.002,2,$5.68,0.13,$6.19,$2.99,107.02,$9.75
MANH,Manhattan Associates,0.002,2,$139.25,0.18,$205.70,$119.06,72.77,$227.03
LPG,Dorian LPG Ltd,0.002,2,$34.79,0.11,$54.18,$22.18,144.27,$55.28
FIX,Comfort Systems USA Inc.,0.002,2,$1981.92,0.20,$1583.24,$720.39,119.78,$2072.10
VALE,Vale SA,0.002,2,$15.04,0.19,$15.23,$9.80,55.41,$17.45
VREX,Varex Imaging Corp.,0.002,2,$10.43,0.13,$18.50,$9.09,103.52,$18.63
MX,MagnaChip Semiconductor Corp.,0.002,2,$4.73,0.19,$3.01,$2.18,38.07,$9.86
MTDR,Matador Resources Co.,0.002,2,$49.79,0.14,$61.79,$35.98,71.73,$65.88
BULL,Webull Corp,0.002,1,,0.18,$9.26,$4.50,105.78,$16.04
GT,Goodyear Tire & Rubber,0.002,1,,0.13,$5.51,$5.43,1.47,$10.62
HXL,Hexcel Corp.,0.002,1,,0.14,$88.98,$59.77,48.87,$111.54
MOAT,Vaneck Morningstar Wide Moat,0.002,1,,0.14,$108.22,$94.07,15.04,$115.58
WB,Weibo Corp.,0.002,1,,0.18,$6.61,$6.61,0.00,$12.11
NSSC,Napco Security Technologies Inc.,0.002,1,,0.17,$35.93,$33.91,5.96,$51.77
HR,Healthcare Realty Trust Inc.,0.002,1,,0.13,$18.83,$15.71,19.86,$21.77
IVVD,Invivyd Inc.,0.002,1,,0.15,$0.79,$0.53,49.06,$3.07
EVTC,EVERTEC Inc.,0.002,1,,0.19,$28.85,$21.73,32.77,$34.51
DOCN,DigitalOcean Holdings Inc.,0.002,1,,0.14,$129.63,$33.69,284.77,$187.50
XLE,Energy Select Sector SPDR,0.002,1,,0.15,$65.13,$41.42,57.24,$66.34
LILA,Liberty LiLAC Group A,0.002,1,,0.17,$8.73,$4.73,84.57,$8.90
GDXJ,Vaneck Junior Gold Miners,0.002,1,,0.20,$124.61,$83.67,48.93,$157.49
VSS,Vanguard FTSE All Wo X Us Sc,0.002,1,,0.14,$157.18,$132.72,18.43,$162.46
RERE,AiHuiShou International Co. Ltd. ADS,0.002,1,,0.16,$3.98,$3.50,13.71,$6.32
WU,Western Union Co.,0.002,1,,0.16,$6.90,$6.27,10.05,$9.78
FSM,Fortuna Mining Corp.,0.002,1,,0.19,$12.03,$7.69,56.44,$13.85
BNTX,Biontech Se ADR,0.002,1,,0.18,$95.84,$79.52,20.52,$124.00
WSFS,WSFS Financial Corp.,0.002,1,,0.20,$79.50,$49.37,61.03,$82.74
SEDG,SolarEdge Technologies Inc.,0.002,1,,0.18,$35.73,$28.21,26.66,$81.25
NTNX,Nutanix Inc.,0.002,1,,0.20,$65.83,$34.01,93.56,$82.42
HTLD,Heartland Express,0.002,1,,0.16,$12.20,$6.96,75.29,$16.61
CLFD,Clearfield Inc.,0.002,1,,0.14,$28.54,$23.76,20.12,$52.73
BRKR,Bruker Corp.,0.002,1,,0.15,$53.46,$29.99,78.26,$65.30
AMTM,Amentum Holdings Inc.,0.002,1,,0.17,$19.59,$19.28,1.61,$38.11
MSM,MSC Industrial Direct,0.002,1,,0.13,$119.44,$76.68,55.76,$130.46
ADNT,Adient plc,0.002,1,,0.20,$18.56,$17.68,4.98,$27.32
WGO,Winnebago Industries Inc.,0.002,1,,0.16,$28.00,$26.48,5.74,$48.44
GENI,Genius Sports Ltd,0.002,1,,0.16,$6.76,$3.83,76.50,$13.69
PSLV,Sprott Physical Silver Trust,0.002,1,,0.15,$20.87,$13.92,49.93,$38.13
HTZ,Hertz Global Hldgs Inc.,0.002,1,,0.17,$2.07,$1.45,42.76,$8.18
KOP,Koppers Holdings Inc.,0.002,1,,0.14,$46.11,$24.77,86.15,$52.90
SHOE,Shoe Carnival Inc.,0.002,1,,0.13,$12.24,$10.21,19.88,$23.34
MMI,Marcus & Millichap Inc.,0.002,1,,0.20,$30.83,$24.20,27.40,$33.55
PFG,Principal Financial Group,0.002,1,,0.13,$114.84,$75.30,52.51,$121.18
ORIC,ORIC Pharmaceuticals Inc.,0.002,1,,0.16,$12.16,$7.23,68.19,$14.93
MORN,Morningstar Inc.,0.002,1,,0.15,$192.79,$141.06,36.67,$258.69
NOG,Northern Oil and Gas Inc.,0.002,1,,0.16,$26.62,$17.18,54.95,$29.99
SLV,iShares Silver Trust,0.002,1,,0.19,$57.53,$37.24,54.48,$109.83
SABR,Sabre Corp.,0.002,1,,0.14,$2.20,$0.81,171.60,$2.30
BUDFF,Anheuser Busch Inbev SA NV,0.002,1,,0.16,$79.32,$57.09,38.94,$86.78
LAB,Standard Biotools Inc,0.002,1,,0.14,$0.68,$0.63,7.94,$1.72
MBUU,Malibu Boats Inc.,0.002,1,,0.14,$24.99,$23.84,4.82,$35.06
TRP,TC Energy,0.002,1,,0.17,$61.84,$47.80,29.37,$70.90
SPRY,Ars Pharmaceuticals Inc,0.002,1,,0.18,$5.06,$4.91,3.05,$13.15
IDCC,InterDigital Inc.,0.002,1,,0.13,$346.77,$248.51,39.54,$409.73
SCSC,ScanSource Inc.,0.002,1,,0.17,$55.29,$33.76,63.77,$66.78
RCI,Rogers Communications Inc.,0.002,1,,0.18,$36.10,$31.08,16.15,$39.99
TRMLF,Tourmaline Oil Corp,0.002,1,,0.18,$45.18,$40.23,12.30,$50.79
CNP,CenterPoint Energy,0.002,1,,0.20,$39.11,$36.59,6.89,$44.99
FNDF,Schwab Fndmn Intl Lrg Co ETF,0.002,1,,0.15,$55.21,$40.86,35.12,$56.48
EMBC,Embecta Corp,0.002,1,,0.17,$4.88,$2.76,76.81,$15.05
DMRA,Damora Therapeutics Inc.,0.002,1,,0.17,$26.89,$2.53,962.85,$38.33
NOK,Nokia Corp.,0.002,1,,0.20,$10.66,$4.39,142.82,$17.36
BTE,Baytex Energy Corp.,0.002,1,,0.14,$5.04,$2.16,133.33,$5.34
ZIM,Zim Integrated Shipping Serv,0.002,1,,0.20,$29.34,$11.75,149.70,$30.40
AEG,Aegon Ltd,0.002,1,,0.20,$9.02,$6.39,41.16,$9.35
VT,Vanguard Tot World Stk ETF,0.001,4,$156.95,0.07,$158.43,$132.62,19.46,$162.71
HRI,HERC Holdings Inc.,0.001,3,$143.35,0.04,$142.64,$87.56,62.91,$185.59
CAH,Cardinal Health Inc.,0.001,3,$237.56,0.09,$236.46,$144.37,63.79,$258.30
XLK,Technology Select Sect SPDR,0.001,3,$190.45,0.04,$185.43,$126.53,46.55,$198.49
APA,APA Corp.,0.001,3,$32.57,0.06,$44.97,$20.84,115.79,$45.96
CW,Curtiss-Wright Corp.,0.001,3,$758.31,0.05,$558.46,$480.94,16.12,$808.16
QQQ,Invesco Qqq Trust Series 1,0.001,3,$736.46,0.09,$708.82,$554.99,27.72,$747.83
OTIS,Otis Worldwide Corp.,0.001,3,$71.61,0.07,$67.73,$67.73,0.00,$93.43
VECO,Veeco Instruments,0.001,3,$75.80,0.06,$44.07,$24.52,79.73,$86.63
MPC,Marathon Petroleum Corp.,0.001,3,$255.59,0.08,$398.32,$160.07,148.84,$406.89
JBTM,JBT Marel Corp.,0.001,3,$144.99,0.09,$111.92,$110.84,0.97,$169.81
AEIS,Advanced Energy Industries,0.001,3,$372.88,0.06,$274.15,$154.54,77.40,$397.18
SITM,SiTime Corp.,0.001,2,$745.53,0.04,$610.42,$243.68,150.50,$901.81
SIMO,Silicon Motion Technol ADR,0.001,2,$333.35,0.07,$266.49,$79.13,236.77,$354.28
UCTT,Ultra Clean Holdings Inc.,0.001,2,$142.59,0.08,$71.01,$21.49,230.43,$144.22
VPG,Vishay Precision Group,0.001,2,$149.92,0.04,$62.10,$28.71,116.30,$151.78
RXO,Rxo Inc,0.001,2,$27.60,0.06,$19.57,$10.43,87.63,$29.90
CM,Can Imperial Bk Of Commerce,0.001,2,$115.10,0.10,$114.03,$75.70,50.63,$124.86
WBS-OLD,Webster Financial Corp.,0.001,2,$76.34,0.05,$77.78,$51.49,51.06,$79.40
HOFT,Hooker Furniture Corp.,0.001,2,$17.83,0.08,$12.58,$8.38,50.12,$18.09
LASR,nLight Inc.,0.001,2,$69.62,0.08,$39.71,$27.22,45.89,$86.95
DLO,DLocal Ltd,0.001,2,$13.00,0.05,$14.96,$10.46,43.02,$16.50
GLBAV-OLD,GCI Liberty Inc. Series A,0.001,2,$21.90,0.08,,,,
LTH,Life Time Group Holdings Inc,0.001,2,$40.84,0.06,$41.25,$24.14,70.88,$47.24
TALO,Talos Energy Inc.,0.001,2,$12.91,0.05,$17.67,$8.87,99.21,$18.44
LEVI,Levi Strauss & Co.,0.001,2,$24.83,0.08,$20.03,$17.50,14.46,$25.70
RKLB,Rocket Lab Corp.,0.001,2,$101.58,0.07,$62.03,$37.57,65.11,$151.00
JOYY,JOYY Inc.,0.001,2,$65.99,0.08,$74.82,$51.36,45.68,$80.90
ZGN,Ermenegildo Zegna Nv,0.001,2,$13.02,0.04,$11.61,$8.55,35.79,$15.95
ONTO,Onto Innovation Inc.,0.001,2,$378.43,0.05,$269.46,$104.64,157.51,$386.46
BTG,B2Gold Corp.,0.001,2,$3.75,0.06,$5.34,$3.56,50.00,$6.21
GHM,Graham Corp.,0.001,2,$123.78,0.04,$85.38,$46.87,82.16,$125.82
WMG,Warner Music Group Corp. CL A,0.001,2,$27.07,0.06,$27.77,$23.04,20.53,$34.97
VICR,Vicor Corp.,0.001,2,$379.84,0.05,$178.23,$47.56,274.75,$382.65
FTK,Flotek Industries Inc.,0.001,2,$23.52,0.04,$26.95,$11.09,143.01,$39.67
DPZ,Dominos Pizza Inc.,0.001,2,$295.99,0.08,$317.06,$282.00,12.43,$450.22
CLS,Celestica Inc,0.001,2,$364.81,0.08,$324.79,$227.00,43.08,$474.03
ROST,Ross Stores Inc.,0.001,2,$212.84,0.09,$224.50,$142.21,57.87,$256.50
MAMA,Mama's Creations Inc,0.001,2,$17.85,0.04,$15.20,$9.19,65.40,$21.00
BWA,BorgWarner Inc.,0.001,2,$66.40,0.04,$65.47,$40.02,63.59,$78.61
BKH,Black Hills,0.001,2,$74.40,0.07,$72.58,$55.92,29.79,$77.21
JHX,James Hardie Industries PLC,0.001,2,$26.18,0.06,$28.24,$16.46,71.57,$31.43
EQIX,Equinix Inc.,0.001,2,$1042.41,0.09,$1025.62,$709.79,44.50,$1118.65
BSM,Black Stone Minerals L.P.,0.001,2,$13.97,0.09,$14.97,$11.08,35.11,$15.10
MRVI,Maravai LifeSciences Holdings Inc.,0.001,2,$6.24,0.07,$6.75,$2.55,164.71,$9.42
ASTE,Astec Industries,0.001,2,$61.20,0.03,$41.29,$40.16,2.81,$65.33
FFIV,F5 Networks,0.001,2,$415.93,0.08,$399.39,$223.76,78.49,$435.00
FTI,TechnipFMC plc,0.001,2,$66.26,0.05,$75.80,$35.18,115.46,$80.70
HL,Hecla Mining Co.,0.001,2,$15.41,0.06,$20.29,$10.25,97.95,$34.15
ATRO,Astronics Corp.,0.001,2,$81.26,0.03,$72.69,$39.14,85.72,$99.89
AMN,AMN Healthcare Services,0.001,2,$32.36,0.09,$33.04,$14.97,120.71,$37.22
SHG,Shinhan Financial Group Company,0.001,2,$63.25,0.12,$81.23,$47.05,72.65,$85.57
PLTR,Palantir Technologies Inc.,0.001,2,$116.72,0.04,$166.22,$106.37,56.27,$207.52
DOV,Dover Corp.,0.001,2,$224.29,0.05,$186.56,$157.36,18.56,$235.79
RDNT,RadNet Inc.,0.001,2,$61.67,0.08,$74.71,$50.82,47.01,$85.84
H,Hyatt Hotels Corp.,0.001,1,,0.08,$161.81,$133.71,21.02,$206.69
EHC,Encompass Health Corp.,0.001,1,,0.10,$120.78,$92.41,30.70,$127.50
MTRN,Materion Corp.,0.001,1,,0.06,$250.84,$108.88,130.38,$304.40
HVT,Haverty Furniture,0.001,1,,0.12,$27.20,$18.81,44.60,$29.47
ASGN,ASGN Inc.,0.001,1,,0.12,,,,
TWST,Twist Bioscience Corp.,0.001,1,,0.05,$127.40,$23.30,446.78,$155.44
MINN,Mairs & Power Mn Muni Bond,0.001,1,,0.10,$21.18,$21.18,0.00,$22.85
HII,Huntington Ingalls Industries,0.001,1,,0.06,$280.96,$262.40,7.07,$455.90
BWLP,Bw Lpg Ltd,0.001,1,,0.09,$24.98,$10.17,145.62,$24.98
EAF,GrafTech International Ltd.,0.001,1,,0.08,$6.18,$4.92,25.61,$20.32
COHU,Cohu Inc.,0.001,1,,0.07,$54.40,$18.67,191.38,$74.60
BELFB,Bel Fuse Inc. CL B,0.001,1,,0.09,$243.09,$129.82,87.25,$335.20
FROG,JFrog Ltd,0.001,1,,0.07,$88.40,$34.05,159.62,$105.76
PATK,Patrick Industries Inc.,0.001,1,,0.08,$73.96,$73.96,0.00,$146.40
IEUR,iShares Core MSCI Europe ETF,0.001,1,,0.08,$75.56,$64.30,17.51,$78.90
FINV,Finvolution Group ADR,0.001,1,,0.12,$3.38,$3.22,4.97,$7.57
SEI,Solaris Energy Infrastructure Inc.,0.001,1,,0.06,$65.19,$25.93,151.41,$86.19
ADMA,ADMA Biologics Inc.,0.001,1,,0.10,$9.43,$7.21,30.79,$20.46
HELE,Helen of Troy Ltd.,0.001,1,,0.06,$26.34,$13.85,90.18,$30.68
VRM,Vroom Inc,0.001,1,,0.11,$10.07,$6.80,48.09,$30.00
DCO,Ducommun Inc.,0.001,1,,0.05,$166.79,$84.76,96.78,$210.39
PEYUF,Peyto Exploration & Development Corp.,0.001,1,,0.08,$17.92,$12.27,46.05,$20.68
PLAY,Dave & Buster's Ent. Inc.,0.001,1,,0.08,$8.18,$8.05,1.61,$24.99
NSP,Insperity Inc.,0.001,1,,0.06,$49.70,$18.03,175.65,$55.25
URA,Global X Uranium ETF,0.001,1,,0.05,$44.93,$37.18,20.84,$62.28
EWT,Ishares Msci Taiwan ETF,0.001,1,,0.05,$108.76,$58.01,87.48,$112.78
TBI,TrueBlue Inc.,0.001,1,,0.06,$9.19,$3.18,188.99,$11.03
CCJ,Cameco Corp.,0.001,1,,0.06,$97.47,$77.31,26.08,$135.24
HTZWW,Hertz Global Hldgs Inc. WTS,0.001,1,,0.09,$0.96,$0.70,37.14,$4.13
EWJ,iShares MSCI Japan ETF,0.001,1,,0.05,$96.30,$74.98,28.43,$98.79
XOP,SPDR S&P Oil & Gas Exploration & Production ETF,0.001,1,,0.09,$196.55,$120.15,63.59,$198.20
ABCB,Ameris Bancorp,0.001,1,,0.05,$84.29,$68.29,23.43,$93.22
BATL,Battalion Oil Corp.,0.001,1,,0.10,$1.34,$1.00,34.00,$29.70
VYMI,Vanguard Int High Dvd Yld In,0.001,1,,0.08,$104.64,$80.34,30.25,$107.29
ESGD,Ishares Trust Ishares Esg Aw,0.001,1,,0.05,$104.58,$87.40,19.66,$108.00
WWD,Woodward Inc.,0.001,1,,0.05,$332.26,$232.45,42.94,$450.52
CIFR,Cipher Mining Inc,0.001,1,,0.09,$15.99,$9.25,72.86,$30.14
PDLB,Ponce Financial Group Inc.,0.001,1,,0.05,$20.37,$13.91,46.44,$21.10
ENOV,Enovis Corp.,0.001,1,,0.05,$18.39,$18.36,0.16,$34.28
IESC,IES Holdings Inc.,0.001,1,,0.05,$324.06,$170.07,90.55,$408.26
UVV,Universal Corp.,0.001,1,,0.06,$45.31,$43.36,4.50,$57.51
ABVX,Abivax SA ADR,0.001,1,,0.05,$114.77,$69.81,64.40,$148.83
LINC,Lincoln Educational Services Corp.,0.001,1,,0.05,$24.16,$17.29,39.73,$56.34
SPSM,Ss SPDR P S&P 600 Small Cap,0.001,1,,0.08,$54.91,$43.14,27.28,$58.60
BTAIQ,Bioxcel Therapeutics Inc,0.001,1,,0.05,$0.05,$0.02,150.00,$0.06
CDLX,Cardlytics Inc.,0.001,1,,0.11,$4.18,$3.49,19.77,$32.80
POWL,Powell Industries,0.001,1,,0.07,$176.42,$91.95,91.87,$327.74
KEY,KeyCorp,0.001,1,,0.11,$21.65,$15.82,36.85,$23.84
REAL,RealReal Inc.,0.001,1,,0.05,$9.49,$8.05,17.89,$17.39
GBCI,Glacier Bancorp,0.001,1,,0.05,$45.54,$39.06,16.59,$54.58
CBOE,CBOE Holdings Inc.,0.001,1,,0.08,$286.76,$226.52,26.59,$369.38
OBT,Orange County Bancorp Inc,0.001,1,,0.05,$37.79,$22.74,66.18,$39.91
LYG,Lloyds TSB Grp Plc ADR,0.001,1,,0.07,$5.87,$4.20,39.76,$6.25
MYE,Myers Indus,0.001,1,,0.08,$30.15,$15.25,97.70,$37.45
LW,Lamb Weston Hldgs Inc.,0.001,1,,0.12,$47.41,$37.02,28.07,$65.06
KSA,Ishrs Msci Saudi Arabia ETF,0.001,1,,0.07,$38.22,$35.27,8.36,$40.39
CEF,Sprott Physical Gold And Sil,0.001,1,,0.05,$43.84,$33.70,30.09,$61.38
SDY,SPDR S&P Dividend ETF,0.001,1,,0.05,$152.23,$132.64,14.77,$160.29
SVC,Service Properties Trust,0.001,1,,0.09,$6.94,$5.58,24.37,$14.73
ALT,Altimmune Inc.,0.001,1,,0.06,$3.28,$2.56,28.13,$6.44
INFQ,Infleqtion Inc,0.001,1,,0.08,$12.99,$8.52,52.46,$21.28
BRX,Brixmor Property Group Inc.,0.001,1,,0.06,$28.70,$23.87,20.23,$32.86
WRLC,Windrock Ltd Co,0.001,1,,0.07,,,,
HUBG,Hub Group 'A',0.001,1,,0.05,$35.64,$32.65,9.16,$52.92
QCRH,QCR Holdings Inc.,0.001,1,,0.08,$101.62,$66.45,52.93,$108.11
SPG,Simon Property Group Inc.,0.001,1,,0.05,$204.93,$164.57,24.52,$235.97
MGPI,MGP Ingredients Inc.,0.001,1,,0.11,$15.08,$14.99,0.60,$27.76
DNA,Ginkgo Bioworks Holdings Inc.,0.001,1,,0.10,$6.78,$5.37,26.26,$17.58
DOCS,Doximity Inc.,0.001,1,,0.10,$24.81,$17.15,44.66,$76.51
STGW,Stagwell Inc.,0.001,1,,0.11,$8.55,$4.29,99.30,$9.55
RYCEY,Rolls Royce Holdings Sp ADR,0.001,1,,0.07,$19.56,$13.14,48.86,$21.22
AMPX,Amprius Technologies Inc,0.001,1,,0.06,$9.60,$7.37,30.26,$24.23
TSCO,Tractor Supply,0.001,1,,0.07,$33.59,$28.17,19.24,$59.42
NPO,EnPro Industries,0.001,1,,0.06,$292.92,$201.04,45.70,$389.99
PHIN,PHINIA Inc.,0.001,1,,0.09,$66.24,$49.91,32.72,$86.55
SCHB,Schwab Us Broad Market ETF,0.001,1,,0.07,$29.21,$24.22,20.60,$30.15
INFY,Infosys Ltd.,0.001,1,,0.06,$10.92,$10.30,6.02,$29.37
DIA,SPDR Djia Trust,0.001,1,,0.05,$520.10,$447.85,16.13,$546.30
SPYX,SPDR S&P 500 Fossil Fuel Res,0.001,1,,0.07,$62.01,$51.17,21.18,$63.96
BHE,Benchmark Electronics,0.001,1,,0.06,$73.73,$35.59,107.16,$100.41
CIB,Grupo Cibest SA ADR,0.001,1,,0.12,$101.70,$48.20,111.00,$101.82
ARTV,Artiva Biotherapeutics Inc,0.001,1,,0.07,$10.45,$2.22,370.72,$14.53
CDP,Copt Defense Properties,0.001,1,,0.05,$35.23,$26.26,34.16,$38.90
FPAG,Fpa Global Equity ETF New,0.001,1,,0.07,$41.47,$34.34,20.76,$43.56
LDOS,Leidos Holdings,0.001,1,,0.07,$129.66,$98.86,31.16,$204.08
GWW,W.W. Grainger Inc.,0.001,1,,0.09,$1269.39,$901.22,40.85,$1417.14
MOD,Modine Mfg.,0.001,1,,0.07,$179.11,$111.18,61.10,$323.25
UVSP,Univest Financial Corp.,0.001,1,,0.11,$42.34,$27.34,54.86,$45.22
USNA,USANA Health Sciences,0.001,1,,0.08,$14.84,$12.57,18.06,$31.15
SONY,Sony Group Corp.,0.001,1,,0.05,$23.48,$19.32,21.53,$30.34
CUZ,Cousins Properties,0.001,1,,0.07,$27.80,$20.52,35.48,$32.95
TRVI,Trevi Therapeutics Inc.,0.001,1,,0.08,$15.73,$7.65,105.62,$20.22
ALRS,Alerus Financial Corp.,0.001,1,,0.06,$32.82,$19.80,65.76,$34.40
IMVT,Immunovant Inc.,0.001,1,,0.09,$37.88,$14.58,159.81,$45.42
FRVO,Fervo Energy Co A,0.001,1,,0.06,$16.13,$14.60,10.48,$42.65
ALGT,Allegiant Travel Company,0.001,1,,0.05,$75.14,$57.11,31.57,$123.63
RCKT,Rocket Pharmaceuticals Inc.,0.001,1,,0.12,$3.49,$2.53,37.94,$5.45
VONG,Vanguard Russell 1000 Growth,0.001,1,,0.12,$124.86,$105.09,18.81,$132.77
DRH,DiamondRock Hospitality Co.,0.001,1,,0.10,$12.09,$7.25,66.76,$13.79
VGK,Vanguard FTSE Europe ETF,0.001,1,,0.06,$89.40,$75.70,18.10,$93.29
GCO,Genesco Inc.,0.001,1,,0.11,$33.11,$21.93,50.98,$43.60
AMBA,Ambarella Inc.,0.001,1,,0.10,$67.76,$48.30,40.29,$96.69
QNT,Quantinuum Inc A,0.001,1,,0.07,$48.70,$46.54,4.64,$86.79
TPC,Tutor Perini Corp.,0.001,1,,0.05,$86.11,$57.70,49.24,$102.20
NNBR,NN Inc.,0.001,1,,0.05,$3.54,$1.10,221.82,$4.48
PSA,Public Storage,0.001,1,,0.05,$292.86,$251.62,16.39,$335.55
ENB,Enbridge Inc.,0.001,1,,0.07,$48.23,$43.08,11.95,$57.66
YOU,Clear Secure Inc.,0.001,1,,0.06,$42.96,$28.93,48.50,$68.83
EEM,Ishares Msci Emerging Market,0.001,1,,0.06,$66.99,$50.51,32.63,$71.57
KNF,Knife River Corp.,0.001,1,,0.10,$57.20,$57.20,0.00,$96.28
RFL,Rafael Holdings Inc.,0.001,1,,0.08,$2.43,$1.12,116.96,$3.96
M,Macy's Inc.,0.001,1,,0.06,$20.59,$15.98,28.85,$26.59
AEHR,Aehr Test Systems,0.001,1,,0.05,$95.97,$18.70,413.21,$147.40
VSH,Vishay Intertechnology,0.001,1,,0.07,$31.10,$11.56,169.03,$69.25
CRCL,Circle Internet Group Inc,0.001,1,,0.07,$91.07,$49.90,82.51,$159.47
NG,NovaGold Resources,0.001,1,,0.07,$7.66,$5.08,50.79,$14.40
DOC,Healthpeak Properties Inc.,0.001,1,,0.06,$20.33,$15.04,35.17,$22.84
UNFI,United Natural Foods,0.001,1,,0.05,$43.88,$27.97,56.88,$57.02
FPAS,Fpa Short Duration Govt ETF,0.001,1,,0.05,$24.19,$24.14,0.21,$25.00
BZH,Beazer Homes USA,0.001,1,,0.12,$33.27,$17.83,86.60,$34.54
WTFC,Wintrust Financial Corp.,0.001,1,,0.09,$149.66,$117.89,26.95,$166.65
HNGE,Hinge Health Inc A,0.001,1,,0.06,$88.93,$30.08,195.64,$95.57
SANM,Sanmina Corp.,0.000,3,$253.04,0.01,$205.33,$110.44,85.92,$288.68
VB,Vanguard Small Cap ETF,0.000,3,$302.93,0.03,$290.78,$238.70,21.82,$309.51
OUT,Outfront Media Inc.,0.000,3,$32.76,0.02,$28.34,$16.24,74.51,$34.24
GIS,General Mills,0.000,3,$34.80,0.02,$35.82,$31.21,14.77,$48.32
KB,Kb Financial Group Inc ADR,0.000,3,$104.97,0.03,$126.49,$77.44,63.34,$133.08
CPA,Copa Holdings SA,0.000,3,$155.53,0.03,$128.29,$104.75,22.47,$158.35
FORM,FormFactor Inc.,0.000,3,$159.91,0.03,$112.56,$29.21,285.35,$160.27
SNDK,SanDisk Corp.,0.000,2,$2273.04,0.01,$1703.67,$72.03,2265.22,$2354.39
ACLS,Axcelis Technologies,0.000,2,$189.45,0.02,$114.24,$73.60,55.22,$193.78
CAMT,Camtek Ltd,0.000,2,$163.15,0.01,$144.99,$80.61,79.87,$215.99
CVLG,Covenant Transportation Group Inc. CL A,0.000,2,$44.18,0.03,$35.00,$17.83,96.30,$49.78
FTAI,FTAI Aviation Ltd.,0.000,2,,0.00,$179.00,$148.67,20.40,$321.70
MT,ArcelorMittal,0.000,2,$60.21,0.01,$74.64,$33.69,121.55,$79.68
MEC,Mayville Engineering Co. Inc.,0.000,2,$37.46,0.02,$18.66,$12.25,52.33,$38.76
AWK,American Water Works Inc.,0.000,2,$131.60,0.01,$139.97,$118.81,17.81,$142.27
PH,Parker-Hannifin,0.000,2,,0.00,$930.91,$709.46,31.21,$1097.73
WOLF,Wolfspeed Inc.,0.000,2,$48.27,0.02,$25.34,$1.20,2011.67,$80.82
VV,Vanguard Large Cap ETF,0.000,2,$341.77,0.01,$349.32,$288.27,21.18,$359.22
AXGN,AxoGen Inc.,0.000,2,$46.19,0.03,$42.02,$15.27,175.18,$52.91
KAR,KAR Auction Services,0.000,2,$41.24,0.02,$30.88,$17.08,80.80,$30.98
SCHD,Schwab Us Dvd Equity ETF,0.000,2,$31.66,0.02,$33.99,$25.63,32.62,$35.31
VEU,Vanguard FTSE All World ex US ETF,0.000,2,$83.76,0.01,$84.24,$68.45,23.07,$86.52
LSCC,Lattice Semconductor,0.000,2,$152.94,0.01,$114.67,$60.50,89.54,$157.01
EGP,EastGroup Properties SBI,0.000,2,$202.54,0.04,$195.94,$157.68,24.26,$226.71
EXTR,Extreme Networks Inc.,0.000,2,$32.37,0.03,$21.40,$13.48,58.75,$33.73
VICI,VICI Properties Inc.,0.000,2,$26.55,0.02,$24.69,$24.69,0.00,$31.43
IVE,Ishares S&P 500 Value ETF,0.000,2,,0.00,$233.19,$197.92,17.82,$239.93
LITE,Lumentum Holdings Inc.,0.000,2,$858.53,0.01,$940.91,$144.52,551.06,$1085.68
LOCO,El Pollo Loco Holdings Inc.,0.000,2,$16.96,0.03,$15.07,$8.99,67.63,$17.40
VGT,Vanguard Info Tech ETF,0.000,2,$120.00,0.02,$119.69,$82.99,44.22,$125.85
CAKE,Cheesecake Factory,0.000,2,$79.54,0.02,$100.66,$42.54,136.62,$118.46
IWS,Ishares Russell Mid Cap Valu,0.000,2,,0.00,$165.66,$132.31,25.21,$173.52
MTSI,MACOM Technology Solutions Hldg,0.000,2,$380.48,0.01,$272.23,$121.97,123.19,$418.90
ESI,Element Solutions Inc.,0.000,2,$47.76,0.03,$34.05,$22.64,50.40,$49.14
UTZ,Utz Brands Inc.,0.000,2,$7.70,0.02,$14.24,$6.72,111.90,$14.27
MOS,Mosaic Co.,0.000,2,$21.19,0.03,$25.64,$19.63,30.62,$35.68
THC,Tenet Healthcare Corp.,0.000,2,,0.00,$264.06,$157.58,67.57,$283.05
DGII,Digi International,0.000,2,$74.95,0.03,$68.83,$33.74,104.00,$86.84
ADTN,ADTRAN Holdings Inc.,0.000,2,$13.90,0.03,$7.32,$7.04,3.98,$19.98
AAOI,Applied Optoelectronics Inc,0.000,2,$148.11,0.02,$103.27,$18.50,458.22,$233.67
CIEN,Ciena Corp.,0.000,2,$490.71,0.01,$336.79,$123.65,172.37,$637.51
BRC,Brady Corp.,0.000,2,$91.57,0.01,$85.70,$70.38,21.77,$99.25
HZO,MarineMax Inc.,0.000,2,$36.62,0.02,$52.20,$21.42,143.70,$52.46
SKYT-OLD,Skywater Technology Inc,0.000,2,,0.00,$32.49,$8.49,282.69,$39.93
ACWX,iShares MSCI ACWI EX U.S. ETF,0.000,2,$76.11,0.02,$76.55,$62.01,23.45,$78.78
IAU,iShares Gold Trust,0.000,2,,0.00,$81.26,$68.17,19.20,$104.40
SMTC,Semtech Corp.,0.000,2,$161.84,0.02,$158.85,$57.50,176.26,$177.35
IJH,Ishares Core S&P Midcap ETF,0.000,2,$77.11,0.03,$73.78,$61.62,19.73,$78.71
J,Jacobs Solutions Inc.,0.000,1,,0.01,$140.35,$105.09,33.55,$166.66
EPC,Edgewell Personal Care Co.,0.000,1,,0.03,$26.53,$15.53,70.83,$29.79
UTI,Universal Technical Institute,0.000,1,,0.04,$20.64,$20.33,1.52,$51.34
ITRI,Itron Inc.,0.000,1,,0.02,$92.70,$77.77,19.20,$142.00
EROC,Erock Inc A,0.000,1,,0.03,$12.00,$8.88,35.14,$20.70
NPKI,NPK International Inc.,0.000,1,,0.02,$13.14,$10.35,26.96,$16.50
STRW,Strawberry Fields Reit Inc,0.000,1,,0.01,$14.14,$10.71,32.03,$14.75
AVNW,Aviat Networks Inc.,0.000,1,,0.01,$20.07,$13.92,44.18,$27.02
STKL-OLD,SunOpta Inc.,0.000,1,,0.01,$6.50,$3.32,95.78,$6.94
TTAM,Titan America SA,0.000,1,,0.01,$14.63,$13.83,5.78,$19.57
CBT,Cabot Corp.,0.000,1,,0.03,$78.37,$56.94,37.64,$94.00
VCTR,Victory Capital Holdings,0.000,1,,0.02,$110.75,$55.62,99.12,$123.00
RNG,RingCentral Inc.,0.000,1,,0.01,$69.33,$24.01,188.75,$77.95
PBFS,Pioneer Bancorp Inc.,0.000,1,,0.04,$17.98,$12.64,42.25,$19.42
CNS,Cohen & Steers Inc.,0.000,1,,0.00,$76.54,$56.80,34.75,$86.56
TAK,Takeda Pharmaceutical Co. Ltd,0.000,1,,0.00,$18.13,$12.99,39.57,$18.90
METCB,Ramaco Resources Inc B,0.000,1,,0.01,$6.31,$5.80,8.79,$21.24
FBLA,Fb Bancorp Inc,0.000,1,,0.01,$15.89,$11.66,36.28,$16.03
OTEX,Open Text Corp.,0.000,1,,0.01,$22.50,$19.54,15.15,$38.26
REG,Regency Centers Corp.,0.000,1,,0.04,$75.00,$65.10,15.21,$83.66
XCEM,Columbia Em Core Ex China,0.000,1,,0.01,$51.30,$34.21,49.96,$55.43
WYFI,Whitefiber Inc,0.000,1,,0.01,$18.70,$10.51,77.93,$46.87
PARR,Par Pacific Holdings,0.000,1,,0.02,$84.71,$32.24,162.75,$87.03
STM,Stmicroelectronics Nv Ny Shs,0.000,1,,0.01,$50.71,$20.95,142.05,$81.33
ETN,Eaton Corp.,0.000,1,,0.03,$408.25,$309.33,31.98,$478.00
BLZE,Backblaze Inc A,0.000,1,,0.00,$12.33,$3.26,278.22,$23.99
CATH,Global X S&P 500 Catholic Values ETF,0.000,1,,0.01,$90.08,$75.37,19.52,$93.05
XGN,Exagen Inc.,0.000,1,,0.00,$7.01,$2.59,170.66,$12.23
BBY,Best Buy Co. Inc.,0.000,1,,0.00,$88.56,$54.38,62.85,$91.27
FVR,Frontview Reit Inc,0.000,1,,0.02,$18.58,$12.39,49.96,$22.29
AIRJ,Airjoule Technologies Corp,0.000,1,,0.01,$4.26,$2.22,91.89,$6.75
ESS,Essex Property Trust,0.000,1,,0.04,$270.58,$233.85,15.71,$303.35
SLP,Simulations Plus Inc.,0.000,1,,0.03,$18.42,$11.09,66.10,$21.01
UMH,UMH Properties Inc.,0.000,1,,0.02,$15.46,$13.17,17.39,$16.77
ARM,Arvinmeritor Inc.,0.000,1,,0.01,$254.85,$100.02,154.80,$452.70
TRS,TriMas Corp.,0.000,1,,0.02,$38.05,$30.34,25.41,$45.38
JOUT,Johnson Outdoors Inc.,0.000,1,,0.01,$44.28,$34.91,26.84,$53.16
LRN,Stride Inc.,0.000,1,,0.02,$81.50,$60.61,34.47,$166.93
STNG,Scorpio Tankers Inc.,0.000,1,,0.03,$84.59,$48.08,75.94,$86.37
COPX,Global X Copper Miners ETF,0.000,1,,0.00,$88.32,$50.17,76.04,$99.65
MATV,Mativ Holdings Inc.,0.000,1,,0.00,$12.18,$7.01,73.75,$15.02
TWI,Titan International Inc.,0.000,1,,0.01,$7.38,$6.37,15.86,$11.70
AMBQ,Ambiq Micro Inc,0.000,1,,0.04,$61.38,$22.12,177.49,$91.61
HOMB,Home Bancshares Inc.,0.000,1,,0.02,$29.60,$25.28,17.09,$31.54
AVBH,Avidbank Holdings Inc,0.000,1,,0.02,$31.66,$24.03,31.75,$34.18
DVDCF,Davide Campari-Milano S.p.A.,0.000,1,,0.01,$6.55,$6.07,7.91,$7.80
CDRE,Cadre Holdings Inc,0.000,1,,0.01,$28.66,$25.65,11.73,$48.44
BG,Bunge Global SA,0.000,1,,0.04,$125.28,$74.11,69.05,$134.02
FULT,Fulton Financial Corp.,0.000,1,,0.01,$23.42,$16.16,44.93,$25.23
PACK,Ranpak Holdings Corp. CL A,0.000,1,,0.01,$3.98,$3.22,23.60,$7.81
REXR,Rexford Industrial Realty Inc.,0.000,1,,0.03,$36.88,$31.48,17.15,$42.76
RTLLF,Rational Ag,0.000,1,,0.02,$695.20,$673.93,3.16,$859.22
SLF,Sun Life Financial Inc.,0.000,1,,0.00,$79.45,$55.24,43.83,$83.64
NTAP,NetApp Inc.,0.000,1,,0.01,$185.30,$92.93,99.40,$209.06
COUR,Coursera Inc,0.000,1,,0.01,$5.26,$5.00,5.20,$12.32
GPRK,Geopark Ltd,0.000,1,,0.00,$12.00,$5.68,111.27,$13.13
SBGI,Sinclair Broadcast Group Inc.,0.000,1,,0.00,$13.71,$11.82,15.99,$16.69
ATAT,Atour Lifestyle Holdings ADR,0.000,1,,0.00,$32.88,$30.78,6.82,$42.49
GH,Guardant Health Inc.,0.000,1,,0.04,$158.25,$53.40,196.35,$176.58
EXEL,Exelixis Inc.,0.000,1,,0.00,$57.59,$33.76,70.59,$59.72
PIFYF,Pine Cliff Energy Ltd,0.000,1,,0.03,$0.38,$0.35,8.57,$0.65
AKTS,Aktis Oncology Inc,0.000,1,,0.02,$24.00,$14.72,63.04,$34.19
UFCS,United Fire Group Inc.,0.000,1,,0.00,$54.69,$29.21,87.23,$56.54
BFLY,Butterfly Network Inc,0.000,1,,0.03,$7.09,$1.47,382.31,$10.05
JBHT,J.B. Hunt Transport Services Inc.,0.000,1,,0.00,$267.08,$129.06,106.94,$299.26
PRGO,Perrigo Co.,0.000,1,,0.04,$13.67,$8.81,55.16,$20.70
ASX,Ase Technology Holding ADR,0.000,1,,0.01,$39.92,$10.82,268.95,$45.27
TRN,Trinity Industries,0.000,1,,0.03,$28.09,$24.06,16.75,$38.31
KVHI,KVH Industries Inc.,0.000,1,,0.00,$7.13,$5.09,40.08,$13.00
FLYX.WS,Eg Acquisition Corp A WTS28,0.000,1,,0.00,,,,
SYNA,Synaptics Inc.,0.000,1,,0.02,$93.46,$58.28,60.36,$149.11
SBCF,Seacoast Banking Corp. of Florida,0.000,1,,0.04,$33.81,$28.07,20.45,$36.27
SIL,Global X Silver Miners ETF,0.000,1,,0.00,$96.30,$61.06,57.71,$119.08
OIS,Oil States International Inc.,0.000,1,,0.03,$8.62,$5.49,57.01,$14.50
MTRX,Matrix Service Co.,0.000,1,,0.02,$10.33,$9.70,6.49,$15.97
TITN,Titan Machinery Inc.,0.000,1,,0.03,$23.71,$13.21,79.49,$26.90
XLF,Financial Select Sector SPDR,0.000,1,,0.00,$56.76,$47.50,19.49,$58.60
AMRC,Ameresco Inc. CL A,0.000,1,,0.03,$22.71,$18.38,23.56,$44.93
VNQ,Vanguard Real Estate ETF,0.000,1,,0.00,$93.95,$85.39,10.02,$101.80
TEO,Telecom Argentina S.A.,0.000,1,,0.04,$13.43,$6.29,113.51,$16.34
DLG.MI,De'Longhi SPA,0.000,1,,0.02,,,,
CAE,CAE Inc.,0.000,1,,0.04,$23.71,$22.76,4.17,$34.24
SSPPF,Ssp Group Plc,0.000,1,,0.02,$2.54,$1.67,52.10,$2.55
BIRK,Birkenstock Holding Plc,0.000,1,,0.01,$30.28,$30.28,0.00,$50.73
JJSF,J & J Snack Foods,0.000,1,,0.03,$82.81,$68.16,21.49,$104.68
BLLN,Billiontoone Inc Cl A,0.000,1,,0.02,$98.25,$61.96,58.57,$150.44
FMC,FMC Corp.,0.000,1,,0.04,$12.05,$9.95,21.11,$37.35
JOBY,Joby Aviation Inc.,0.000,1,,0.03,$6.36,$6.29,1.11,$19.98
ASR,Grupo Aeroportuario Sure SA de CV,0.000,1,,0.00,$250.24,$249.58,0.26,$374.42
EIKN,Eikon Therapeutics Inc,0.000,1,,0.00,$9.52,$7.90,20.51,$17.40
PNR,Pentair plc,0.000,1,,0.04,$56.73,$56.69,0.07,$112.57
FIP,Ftai Infrastructure Inc,0.000,1,,0.02,$3.30,$3.03,8.91,$6.56
ALH,Alliance Laundry Holdings In,0.000,1,,0.00,$20.96,$18.64,12.45,$28.23
CALY,Callaway Golf Co.,0.000,1,,0.02,$15.16,$8.39,80.69,$20.28
SMBK,SmartFinancial Inc.,0.000,1,,0.02,$51.54,$32.74,57.42,$54.14
TRVG,Trivago Nv ADR,0.000,1,,0.00,$5.67,$2.59,118.92,$6.49
LNTH,Lantheus Holdings Inc.,0.000,1,,0.00,$100.57,$49.67,102.48,$111.86
FLYX,Flyexclusive Inc,0.000,1,,0.04,$1.10,$1.05,4.76,$8.88
TALK-OLD,Talkspace Inc.,0.000,1,,0.01,$5.25,$2.49,110.84,$5.25
ORI,Old Republic International,0.000,1,,0.02,$40.78,$35.16,15.98,$44.32
EWC,iShares MSCI Canada ETF,0.000,1,,0.02,$60.23,$48.63,23.85,$62.71
TDUP,ThredUp Inc.,0.000,1,,0.00,$2.56,$2.48,3.23,$11.16
XES,Ss SPDR S&P Og Eqp & Serv,0.000,1,,0.00,$121.75,$67.42,80.58,$134.99
OOMA,Ooma Inc.,0.000,1,,0.00,$22.93,$9.79,134.22,$26.19
VBR,Vanguard Small Cap Value ETF,0.000,1,,0.00,$239.87,$195.77,22.53,$251.85
WILLF,Demant A s,0.000,1,,0.02,$44.03,$28.08,56.80,$45.00
SRRK,Scholar Rock Holding Corp.,0.000,1,,0.02,$55.39,$27.07,104.62,$61.76
RRBI,Red River Bancshares Inc,0.000,1,,0.02,$102.79,$60.98,68.56,$104.65
WT,WisdomTree Investments,0.000,1,,0.02,$24.55,$10.64,130.73,$25.91
HYBB,Ishares Bb Rated Corp Bond,0.000,1,,0.00,$46.01,$44.28,3.91,$46.46
