Symbol,Stock,%▼,"Ownership
count",Hold Price*,Max %,"Current
Price","52 Week
Low","% Above
52 Week
Low","52 Week
High"
AMZN,Amazon.com Inc.,2.917,34,$238.34,32.21,$260.18,$196.00,32.74,$287.20
GOOG,Alphabet Inc. CL C,2.582,34,$353.33,23.39,$342.69,$205.36,66.87,$404.23
BRK.B,Berkshire Hathaway CL B,2.416,26,$500.39,33.89,$504.37,$464.01,8.70,$537.74
GOOGL,Alphabet Inc.,2.084,36,$357.37,24.55,$345.98,$204.70,69.02,$408.37
MSFT,Microsoft Corp.,1.779,37,$373.02,20.54,$489.73,$348.54,40.51,$549.20
BRK.A,Berkshire Hathaway CL A,1.758,17,$748851.77,42.42,$756137.88,$698000.00,8.33,$806102.81
V,Visa Inc.,1.713,30,$343.09,19.83,$382.85,$292.74,30.78,$383.43
META,Meta Platforms Inc.,1.580,31,$563.30,20.45,$565.02,$519.78,8.70,$788.22
CVNA,Carvana Co.,1.483,7,$65.82,78.85,$75.73,$54.46,39.06,$97.38
MA,Mastercard Inc.,1.419,22,$513.60,20.01,$599.00,$463.74,29.17,$599.99
AAPL,Apple Inc.,1.224,22,$289.36,41.05,$309.65,$223.86,38.32,$344.27
TSM,Taiwan Semiconductor S.A.,0.986,24,$477.55,10.55,$415.46,$223.20,86.14,$479.00
GE,GE Aerospace,0.968,10,$373.73,35.61,$347.50,$265.21,31.03,$388.84
MCO,Moody's Corp.,0.948,17,$452.92,19.14,$511.57,$399.61,28.02,$543.25
JOE,St. Joe Co.,0.932,1,,76.43,$69.39,$45.92,51.11,$73.02
TDG,TransDigm Group Inc.,0.751,6,$1332.04,27.51,$1192.91,$1123.61,6.17,$1463.03
BN,Brookfield Corp.,0.736,9,$42.59,16.29,$42.13,$37.87,11.25,$49.40
SPGI,S&P Global Inc.,0.730,15,$407.26,19.92,$431.81,$360.90,19.65,$524.89
ASML,ASML Holding NV,0.722,9,$1989.38,21.11,$1745.50,$711.50,145.33,$1997.36
NVDA,NVIDIA Corp.,0.720,18,$200.09,9.34,$212.13,$163.85,29.47,$236.26
IBKR,Interactive Brokers Group Inc.,0.706,6,$87.04,33.42,$96.75,$58.76,64.65,$97.84
IEP,Icahn Enterprises,0.658,1,,53.95,$6.65,$5.82,14.26,$7.44
FICO,Fair Isaac Corp.,0.581,8,$1194.78,25.77,$1142.81,$870.01,31.36,$1998.01
HCC,Warrior Met Coal Inc.,0.580,3,$81.16,43.32,$103.21,$54.46,89.52,$111.20
LOAR,Loar Holdings Inc,0.575,1,,47.15,$73.05,$53.15,37.44,$83.43
MOH,Molina Healthcare Inc.,0.567,3,$193.75,43.49,$199.16,$121.06,64.51,$244.89
GPI,Group 1 Automotive,0.566,2,$291.17,46.41,$262.82,$249.54,5.32,$486.11
PDD,Pinduoduo Inc.,0.545,4,$76.28,22.17,$87.50,$71.94,21.63,$139.41
UBER,Uber Technologies Inc.,0.521,11,$72.16,12.72,$79.83,$65.41,22.05,$101.99
AMAT,Applied Materials,0.516,12,$723.00,19.48,$477.71,$153.62,210.97,$738.88
C,Citigroup Inc.,0.484,8,$139.96,18.50,$133.06,$91.03,46.17,$147.21
COF,Capital One Financial,0.470,16,$200.62,7.13,$216.97,$173.62,24.97,$256.63
AXP,American Express,0.464,16,$338.24,17.14,$337.42,$289.26,16.65,$384.36
SUNB,Sunbelt Rentals Holdings Inc,0.464,12,$75.05,10.59,$75.72,$60.40,25.36,$85.78
ELV,Elevance Health Inc.,0.457,12,$386.73,9.11,$399.91,$272.05,47.00,$436.24
SNX,SYNNEX Corp.,0.456,4,$267.34,26.38,$249.81,$141.15,76.98,$295.89
CROX,Crocs Inc.,0.443,6,$120.64,27.20,$122.35,$73.21,67.12,$141.28
DIS,Walt Disney Co.,0.432,20,$96.25,9.55,$111.28,$91.48,21.64,$118.07
LULU,Lululemon Athletica Inc.,0.403,4,$176.58,32.35,$118.22,$104.44,13.19,$225.98
CVS,CVS Health Corp.,0.396,10,$103.45,10.63,$93.06,$67.46,37.95,$110.00
EQH,Equitable Holdings Inc.,0.395,5,$43.88,30.38,$48.99,$34.72,41.10,$53.71
SLM,SLM Corp.,0.387,3,$27.27,24.16,$26.45,$17.55,50.71,$31.48
JHG-OLD,Janus Henderson Group,0.385,1,,31.53,$51.98,$37.96,36.93,$53.76
RIG,Transocean Ltd.,0.373,2,$4.89,30.53,$5.74,$2.93,95.90,$7.66
AVGO,Broadcom Inc.,0.368,13,$377.75,10.61,$356.71,$285.08,25.13,$494.22
ICLR,ICON plc,0.358,6,$173.71,11.94,$168.77,$66.57,153.52,$203.91
FERG,Ferguson Enterprises Inc.,0.339,11,$237.33,6.88,$234.97,$203.74,15.33,$268.59
SCHW,Charles Schwab Corp.,0.338,11,$92.27,6.56,$112.57,$83.72,34.46,$114.53
ADI,Analog Devices,0.319,11,$397.17,7.97,$373.60,$221.38,68.76,$445.91
AMR,Alpha Metallurgical Resources Inc.,0.318,1,,26.11,$207.61,$133.64,55.35,$253.82
MKL,Markel Group Inc.,0.309,5,$1953.01,10.89,$1816.44,$1719.41,5.64,$2207.59
UNH,United Health Group Inc.,0.302,17,$415.63,6.05,$397.75,$254.51,56.28,$461.62
TMO,Thermo Fisher Scientific,0.301,11,$501.36,9.81,$627.02,$434.83,44.20,$642.71
KHC,Kraft Heinz Co.,0.299,9,$23.61,12.80,$25.35,$20.66,22.70,$28.09
PYPL,PayPal Holdings Inc.,0.294,8,$43.18,10.61,$62.05,$38.22,62.35,$78.53
RKT,Rocket Companies Inc.,0.290,5,$15.75,11.65,$14.15,$12.17,16.27,$24.36
CVI,CVR Energy Inc.,0.289,1,,23.73,$38.04,$19.50,95.08,$41.41
VFC,V.F. Corp.,0.287,2,$16.68,23.36,$13.88,$12.81,8.35,$22.15
BABA,Alibaba Group Holdings,0.281,9,$95.98,16.92,$119.00,$91.99,29.36,$190.92
CAT,Caterpillar Inc.,0.275,6,$1064.90,19.65,$811.52,$406.85,99.46,$1071.47
CNH,CNH Industrial NV,0.271,5,$11.23,17.11,$11.55,$8.91,29.63,$13.18
WM,Waste Management Inc.,0.267,3,$222.88,17.30,$223.39,$191.77,16.49,$247.15
ORLA-OLD,Orla Mining Ltd,0.264,3,$9.73,21.55,$9.45,$8.43,12.10,$21.95
CP,Canadian Pacific Kansas City,0.261,7,$86.65,7.44,$94.65,$67.98,39.23,$96.90
LYV,Live Nation Inc.,0.257,8,$183.11,7.69,$185.35,$125.34,47.88,$189.25
APP,Applovin Corp.,0.257,4,$515.25,14.50,$305.45,$297.50,2.67,$745.61
ASH,Ashland Global Holdings Inc.,0.256,2,$65.89,17.47,$73.56,$45.29,62.42,$78.25
GM,General Motors,0.255,7,$77.08,11.46,$86.77,$53.98,60.74,$91.85
LEN,Lennar Corp.,0.255,4,$90.49,11.82,$88.20,$79.83,10.48,$141.39
BKNG,Booking Holdings Inc.,0.252,6,$178.24,8.46,$213.69,$149.76,42.69,$229.04
RPRX,Royalty Pharma plc,0.250,3,$56.07,8.82,$62.41,$33.43,86.69,$62.41
VRT,Vertiv Holdings Co.,0.250,3,$334.82,20.37,$256.15,$118.57,116.03,$379.86
NFLX,Netflix Inc.,0.248,11,$71.40,5.41,$81.99,$65.08,25.98,$126.71
CNI,Canadian Natl Railway Co.,0.247,6,$119.24,17.95,$127.49,$89.10,43.09,$131.55
DHR,Danaher Corp.,0.245,12,$190.48,7.64,$214.89,$160.60,33.80,$241.78
BAC,Bank of America Corp.,0.244,15,$56.98,9.20,$62.43,$45.88,36.07,$65.23
BDX,Becton Dickinson,0.238,7,$151.33,9.93,$189.78,$125.19,51.59,$193.07
QSR,Restaurant Brands International,0.238,3,$72.51,9.62,$81.47,$59.14,37.76,$81.88
GRBK,Green Brick Partners,0.237,2,$80.04,19.39,$72.82,$60.44,20.48,$83.18
CRM,Salesforce.com,0.235,10,$156.66,8.33,$205.77,$146.32,40.63,$267.75
AZN,AstraZeneca PLC,0.233,3,$187.18,19.03,$169.50,$90.90,86.47,$209.12
KKR,KKR & Co. L.P.,0.231,7,$91.78,8.95,$107.31,$82.35,30.31,$151.00
WFC,Wells Fargo,0.225,14,$82.64,3.11,$84.45,$72.36,16.71,$96.18
YETI,YETI Holdings Inc.,0.224,2,$49.56,18.33,$43.06,$31.66,36.01,$53.99
SGOV,Ishares 0 3 Month Treasury B,0.220,4,$100.67,10.59,$100.64,$96.95,3.81,$100.65
CACC,Credit Acceptance Corp.,0.220,2,$636.74,18.01,$607.33,$401.90,51.11,$668.86
RACE,Ferrari NV,0.216,4,$370.77,7.71,$423.68,$308.95,37.14,$498.75
PM,Philip Morris Intl.,0.212,10,$180.91,9.18,$192.71,$138.43,39.21,$207.76
SOLV,Solventum Corp,0.210,4,$77.15,15.02,$91.81,$62.38,47.18,$91.81
WBD,Warner Bros. Discovery Inc.,0.209,5,$26.66,11.68,$28.84,$11.25,156.36,$30.00
LAD,Lithia Motors Inc.,0.207,6,$290.49,13.20,$372.48,$238.86,55.94,$438.67
TXN,Texas Instruments,0.206,14,$298.07,3.93,$259.87,$150.20,73.02,$332.33
OMF,OneMain Holdings,0.200,4,$60.97,10.08,$63.07,$44.20,42.69,$68.16
EGO,Eldorado Gold Corp.,0.197,1,,16.18,$48.17,$23.24,107.27,$50.96
CPNG,Coupang Inc.,0.196,8,$17.37,6.89,$16.53,$14.92,10.79,$34.08
TKO,TKO Group Holdings Inc.,0.196,1,,16.07,$192.12,$173.96,10.44,$225.15
IFF,International Flavors & Fragrances Inc.,0.194,5,$79.22,5.43,$86.44,$58.13,48.70,$89.32
OXY,Occidental Petroleum,0.192,4,$48.57,7.02,$59.04,$38.44,53.59,$67.14
AON,Aon Plc,0.191,10,$331.69,4.91,$355.79,$303.10,17.38,$381.47
FWONK,Liberty Media Corp Formula One Series C,0.191,3,$95.14,7.73,$104.13,$80.15,29.92,$109.36
GXO,Gxo Logistics Inc.,0.189,1,,15.46,$47.25,$45.00,5.00,$66.85
EPD,Enterprise Products Partners LP,0.188,6,$36.76,13.46,$38.34,$28.18,36.05,$39.58
APTV,Aptiv PLC,0.187,2,$61.38,14.51,$46.42,$46.13,0.63,$78.49
AER,AerCap Holdings N.V.,0.185,3,$145.78,7.16,$147.91,$117.73,25.63,$158.38
ALC,Alcon Inc.,0.185,2,$67.33,15.19,$73.34,$61.84,18.60,$87.22
PEP,PepsiCo Inc.,0.184,12,$135.40,5.27,$142.76,$133.40,7.02,$168.19
MU,Micron Technology Inc.,0.184,5,$1154.29,15.06,$922.39,$114.07,708.62,$1254.81
CMCSA,Comcast Corp.,0.183,14,$24.55,3.15,$27.12,$21.28,27.44,$32.04
LLY,Eli Lilly & Co.,0.183,7,$1199.42,6.89,$1248.79,$689.88,81.02,$1292.65
KO,Coca Cola Co.,0.182,9,$81.27,10.86,$91.80,$64.04,43.35,$92.49
BLK,BlackRock Inc.,0.181,6,$961.57,9.93,$1177.37,$912.25,29.06,$1200.54
DASH,DoorDash Inc.,0.181,4,$184.53,7.46,$232.10,$143.30,61.97,$285.50
PVH,PVH Corp.,0.179,4,$74.26,9.92,$74.68,$59.58,25.34,$100.75
HGV,Hilton Grand Vacations Inc.,0.177,2,$52.37,14.48,$44.91,$36.79,22.07,$55.40
SIRI,SiriusXM Holdings Inc,0.175,5,$29.54,5.59,$29.06,$19.15,51.75,$32.37
ICE,Intercontinental Exchange Inc.,0.174,6,$123.11,4.90,$162.31,$121.79,33.27,$179.36
BAYRY,Bayer Ag Sponsored ADR,0.172,1,,14.12,$14.06,$7.46,88.47,$15.23
ACN,Accenture,0.170,12,$124.44,4.86,$186.49,$116.75,59.73,$285.21
BAX,Baxter International Inc.,0.170,7,$21.32,4.09,$26.38,$15.72,67.81,$30.00
CCL,Carnival Corp.,0.170,2,$28.57,12.78,$25.84,$23.21,11.33,$33.49
TOL,Toll Brothers,0.169,4,$164.75,10.71,$149.57,$122.93,21.67,$167.75
TRMD,Torm Plc,0.169,2,$25.79,13.87,$31.70,$17.91,77.00,$34.50
OKTA,Okta Inc.,0.168,1,,13.80,$129.97,$62.66,107.42,$157.00
TSLA,Tesla Inc.,0.167,6,$420.60,7.44,$352.36,$297.38,18.49,$498.83
DG,Dollar General,0.167,5,$115.11,8.66,$123.31,$93.78,31.49,$156.68
IONS,Ionis Pharmaceuticals Inc.,0.167,1,,13.70,$63.55,$41.71,52.36,$86.74
ROP,Roper Technologies Inc.,0.165,4,$338.39,7.80,$412.98,$305.19,35.32,$531.89
ORCL,Oracle Corp.,0.164,14,$146.55,4.51,$144.55,$114.50,26.24,$341.82
APH,Amphenol Corp.,0.164,7,$176.32,8.29,$158.28,$104.74,51.12,$178.52
SPOT,Spotify Technology S.A.,0.163,7,$459.13,4.96,$549.07,$405.00,35.57,$745.00
KEX,Kirby Corp.,0.161,1,,13.22,$138.45,$79.52,74.11,$157.69
PG,Procter & Gamble,0.160,9,$146.64,4.38,$145.42,$134.62,8.02,$164.77
GIL,Gildan Activewear Inc.,0.160,1,,13.10,$54.47,$46.35,17.52,$72.73
AJG,Arthur J. Gallagher & Co.,0.159,6,$229.57,6.43,$268.27,$190.12,41.11,$310.73
XRAY,DENTSPLY SIRONA Inc.,0.159,3,$10.61,12.18,$10.82,$9.41,14.98,$14.76
PFE,Pfizer Inc.,0.158,10,$24.08,3.07,$28.42,$22.03,29.01,$28.47
USB,U.S. Bancorp,0.157,6,$60.41,5.56,$62.30,$43.76,42.37,$66.08
ADP,Automatic Data Processing Inc.,0.157,6,$223.95,4.93,$281.50,$186.74,50.74,$299.48
VMC,Vulcan Materials,0.157,6,$295.01,5.62,$275.18,$251.38,9.47,$329.20
MDLN,Medline Inc Cl A,0.157,4,$39.44,6.28,$35.59,$32.49,9.54,$50.88
INTU,Intuit Inc.,0.156,8,$261.00,6.62,$359.71,$251.72,42.90,$697.25
SHW,Sherwin-Williams,0.155,7,$344.32,4.50,$349.64,$289.19,20.90,$375.09
NEM,Newmont Corp.,0.155,4,$93.40,6.25,$133.90,$70.13,90.93,$134.29
SGI,Somnigroup International Inc.,0.155,2,$78.40,8.30,$64.00,$60.08,6.52,$97.86
EXE,Expand Energy Corp.,0.154,1,,12.64,$95.25,$84.48,12.75,$124.43
HD,Home Depot,0.153,10,$352.68,5.61,$336.61,$286.95,17.31,$418.06
GEHC,GE HealthCare Technologies Inc.,0.153,8,$64.01,4.67,$74.30,$58.72,26.53,$89.64
EG,Everest Group Ltd,0.153,4,$357.23,11.28,$375.93,$296.87,26.63,$401.07
DE,Deere & Co.,0.152,7,$634.33,6.56,$629.36,$429.14,46.66,$670.49
CRH,CRH plc,0.152,5,$107.00,5.14,$96.17,$92.52,3.95,$130.09
UHAL.B,U Haul Holding Co Non Voting,0.152,4,$57.70,4.42,$61.94,$39.58,56.49,$66.90
ALK,Alaska Air Group,0.151,2,$52.20,10.58,$42.89,$33.03,29.85,$65.88
WAT,Waters Corp.,0.150,8,$375.04,6.25,$413.75,$282.77,46.32,$421.74
MSI,Motorola Solutions Inc.,0.148,8,$415.29,5.63,$485.72,$357.34,35.93,$493.57
TRU,TransUnion,0.148,3,$72.14,5.94,$84.78,$63.28,33.98,$94.90
INTC,Intel Corp.,0.147,7,$139.63,4.62,$87.65,$23.68,270.14,$142.35
JPM,JPMorgan Chase & Co.,0.146,15,$327.33,3.54,$356.17,$276.43,28.85,$366.50
HEI.A,HEICO Corp. CL A,0.146,4,$257.91,6.38,$259.22,$199.25,30.10,$279.52
UNP,Union Pacific,0.145,11,$272.00,5.95,$310.18,$207.45,49.52,$315.99
SW,Smurfit Westrock Plc,0.143,3,$46.26,7.56,$49.54,$31.79,55.84,$51.52
PPLI,People Inc.,0.143,3,$46.16,7.54,$39.64,$29.56,34.10,$48.32
FBIN,Fortune Brands Innovations Inc.,0.141,5,$54.90,4.83,$45.78,$31.92,43.42,$63.70
RBC,RBC Bearings Inc.,0.141,2,$644.06,10.70,$496.90,$364.50,36.32,$667.69
PGR,Progressive Corp.,0.140,7,$218.45,4.79,$221.70,$187.79,18.06,$239.38
OSK,Oshkosh Corp.,0.140,5,$153.48,6.69,$155.25,$115.83,34.03,$178.55
ET,Energy Transfer LP,0.140,4,$19.12,7.18,$21.13,$15.10,39.93,$21.64
SN,Sharkninja Inc,0.139,5,$152.27,10.67,$183.23,$83.12,120.44,$191.22
SYK,Stryker Corp.,0.139,4,$314.84,6.72,$331.03,$280.25,18.12,$392.86
KOF,Coca-Cola FEMSA S A CV,0.138,3,$106.25,9.34,$116.40,$76.77,51.62,$116.40
EQT,EQT Corp.,0.137,3,$53.17,6.19,$54.13,$47.79,13.27,$67.84
LRCX,Lam Research,0.136,7,$433.33,5.72,$313.13,$93.59,234.58,$438.50
BA,Boeing Co.,0.136,6,$216.47,3.38,$210.81,$176.77,19.26,$254.35
JNJ,Johnson & Johnson,0.135,12,$253.97,3.96,$273.24,$170.35,60.40,$276.47
DB,Deutsche Bank AG,0.135,4,$33.86,10.80,$38.86,$27.13,43.24,$39.01
MAT,Mattel Inc.,0.135,2,$13.88,8.92,$15.21,$12.73,19.48,$22.48
BLDR,Builders FirstSource Inc.,0.134,6,$89.48,5.60,$69.44,$65.10,6.67,$151.03
UAA,Under Armour Inc.,0.134,1,,10.98,$5.17,$4.13,25.18,$8.15
TEL,TE Connectivity plc,0.133,8,$201.61,3.93,$200.75,$189.53,5.92,$250.61
QCOM,QUALCOMM Inc.,0.133,7,$184.79,3.66,$159.44,$121.54,31.18,$258.96
SLB,Schlumberger Ltd.,0.132,8,$46.49,4.36,$53.36,$31.05,71.85,$58.51
DHI,D.R. Horton,0.132,4,$162.88,6.59,$149.75,$130.96,14.35,$182.36
BFAM,Bright Horizons Family Solutions Inc.,0.132,2,$70.88,8.28,$73.74,$57.63,27.95,$123.77
CB,Chubb Limited,0.131,6,$340.74,4.79,$342.35,$262.86,30.24,$365.91
PHM,PulteGroup Inc.,0.131,3,$137.21,8.64,$129.96,$108.26,20.04,$143.88
FISV,Fiserv Inc.,0.130,9,$49.05,2.79,$52.66,$47.04,11.95,$139.94
CBRE,CBRE Group,0.130,7,$134.69,3.67,$151.94,$121.69,24.86,$174.27
RYN,Rayonier Inc.,0.129,1,,10.54,$21.25,$19.25,10.39,$24.84
AIIR,Air Holdings Ltd,0.129,1,,10.61,$6.72,$5.29,27.03,$13.37
TSN,Tyson Foods,0.128,6,$57.25,3.11,$57.29,$49.30,16.21,$68.90
NCLH,Norwegian Cruise Line Hlgs Ltd.,0.128,3,$21.11,4.23,$17.15,$14.53,18.03,$27.18
FLG,Flagstar Financial Inc.,0.127,2,$14.94,9.62,$13.36,$10.55,26.64,$15.44
GEV,Ge Vernova Inc,0.126,10,$1174.86,3.91,$930.51,$529.18,75.84,$1195.94
TDS,Telephone & Data Systems,0.125,2,$37.01,5.17,$33.51,$31.51,6.35,$49.07
HHH,Howard Hughes Holdings Inc.,0.125,1,,10.23,$66.98,$61.01,9.79,$91.07
SE,Sea Ltd,0.124,8,$95.83,5.02,$121.80,$77.05,58.08,$199.30
TDW,Tidewater Inc.,0.124,3,$66.63,9.95,$92.41,$46.65,98.09,$97.50
ZS,Zscaler Inc.,0.124,1,,10.18,$167.80,$114.63,46.38,$336.99
NOW,ServiceNow Inc.,0.123,6,$99.28,4.59,$126.86,$81.24,56.15,$194.73
CI,Cigna Group,0.122,7,$275.68,2.67,$278.14,$235.50,18.11,$310.19
EFX,Equifax Inc.,0.121,9,$158.73,2.27,$192.85,$150.75,27.93,$269.54
FDX,FedEx Corp.,0.120,7,$313.13,3.18,$330.56,$173.85,90.14,$344.07
APD,Air Products & Chemicals,0.118,7,$293.18,3.96,$303.10,$224.64,34.93,$314.87
CSGP,CoStar Group Inc.,0.118,4,$28.32,6.49,$32.72,$25.89,26.38,$91.89
EWBC,East West Bancorp,0.118,1,,9.68,$129.01,$90.34,42.80,$137.47
URI,United Rentals,0.116,6,$1132.89,5.14,$1059.54,$698.94,51.59,$1177.15
ABNB,Airbnb Inc.,0.116,5,$143.10,3.59,$189.60,$110.81,71.10,$193.45
RYAN,Ryan Specialty Holdings Inc,0.116,2,$37.76,9.09,$43.84,$29.07,50.81,$58.44
MRK,Merck & Co.,0.115,10,$128.49,4.43,$156.26,$75.81,106.12,$156.26
MRSH,Marsh,0.115,6,$166.67,3.98,$194.23,$155.72,24.73,$207.03
TECH,Bio-Techne Corp.,0.115,5,$70.65,3.68,$72.34,$43.07,67.96,$72.54
ACHC,Acadia Healthcare Co.,0.114,2,$29.53,6.00,$29.34,$11.43,156.69,$35.83
EVH,Evolent Health Inc.,0.114,1,,9.34,$4.84,$2.10,130.48,$10.08
GPC,Genuine Parts,0.110,6,$117.98,6.13,$137.29,$89.80,52.88,$148.58
IDXX,IDEXX Laboratories,0.110,6,$526.44,3.93,$553.39,$518.55,6.72,$769.98
VTRS,Viatris Inc.,0.110,3,$15.88,5.13,$16.64,$9.10,82.86,$18.25
REGN,Regeneron Pharmaceuticals,0.110,3,$623.54,4.95,$835.14,$538.24,55.16,$847.00
NU,Nu Holdings Ltd,0.108,5,$13.36,4.29,$14.82,$11.20,32.32,$18.98
NBR,Nabors Industries Ltd.,0.108,1,,8.85,$87.45,$34.40,154.22,$112.90
FRPT,Freshpet Inc.,0.108,1,,8.87,$75.27,$46.45,62.05,$86.00
ZBH,Zimmer Biomet Holdings,0.107,7,$86.09,3.36,$100.75,$78.91,27.68,$107.16
DECK,Deckers Outdoor,0.107,2,$99.29,7.52,$89.01,$78.91,12.80,$125.45
LIN,Linde plc,0.106,7,$518.94,4.94,$486.47,$385.26,26.27,$548.20
CFRHF,Compagnie Financiere Richemont SA,0.106,1,,8.67,$227.93,$162.47,40.29,$254.24
MELI,Mercadolibre Inc.,0.105,7,$1697.39,5.10,$1994.85,$1495.00,33.43,$2548.50
DCH,Dauch Corp.,0.105,3,$5.42,3.97,$6.40,$4.92,30.08,$9.25
SYF,Synchrony Financial,0.105,3,$76.05,7.84,$80.53,$62.56,28.72,$87.67
CVX,Chevron Corp.,0.104,11,$165.76,4.67,$200.53,$142.51,40.71,$210.92
WTW,Willis Towers Watson plc,0.104,5,$261.37,3.44,$346.87,$239.74,44.69,$351.17
WEN,Wendy's Co.,0.104,4,$8.29,5.97,$9.09,$6.07,49.75,$9.93
DVN,Devon Energy Corp.,0.103,5,$41.32,4.49,$47.25,$30.89,52.96,$52.34
TFX,Teleflex,0.103,3,$126.76,4.91,$139.56,$99.39,40.42,$144.64
CGNX,Cognex Corp.,0.103,2,$72.42,7.60,$60.01,$34.45,74.19,$72.78
CPRT,Copart Inc.,0.102,6,$28.19,4.41,$33.24,$26.81,23.98,$50.11
AMD,Advanced Micro Devices,0.101,6,$580.91,5.12,$478.32,$149.22,220.55,$584.73
FCNCA,First Citizens Bancshares,0.101,3,$2080.78,5.32,$2165.71,$1618.56,33.80,$2296.30
VST,Vistra Corp.,0.101,3,$158.63,4.70,$139.35,$132.47,5.19,$218.91
CNX,CNX Resources Corp.,0.101,1,,8.25,$35.95,$28.57,25.83,$43.62
UPS,United Parcel Service,0.100,7,$107.50,2.95,$104.55,$76.95,35.87,$116.86
MDT,Medtronic plc,0.100,7,$78.23,2.76,$91.87,$72.65,26.46,$103.76
BCC,Boise Cascade Company,0.100,3,$77.63,7.47,$80.86,$64.57,25.23,$91.43
ABM,ABM Industries,0.099,5,$44.24,7.10,$46.40,$36.45,27.30,$49.80
ORLY,O'Reilly Automotive,0.099,4,$92.09,3.90,$90.79,$82.59,9.93,$108.72
CNQ,Canadian Natural Resources,0.098,3,$39.50,8.04,$50.05,$28.73,74.21,$51.48
ABG,Asbury Automotive Group Inc.,0.098,2,$201.08,7.91,$212.92,$172.01,23.78,$263.38
EWY,iShares MSCI South Korea ETF,0.097,2,$201.90,6.55,$179.32,$69.82,156.83,$220.89
CR,Crane Co,0.097,2,$223.07,7.82,$206.00,$159.36,29.27,$230.50
BMY,Bristol-Myers Squibb,0.096,8,$57.62,2.88,$67.82,$41.13,64.89,$68.64
MGM,MGM Resorts International,0.096,4,$47.81,4.91,$43.57,$29.19,49.26,$51.59
MLM,Martin Marietta,0.096,3,$576.70,4.56,$535.00,$522.19,2.45,$709.08
GPN,Global Payments Inc.,0.095,4,$72.56,2.49,$94.07,$60.93,54.39,$95.88
AEM,Agnico-Eagle Mines Ltd.,0.094,3,$155.15,6.22,$222.81,$134.38,65.81,$254.61
APG,APi Group Corp.,0.094,3,$42.35,5.00,$40.33,$33.40,20.75,$49.99
URBN,Urban Outfitters Inc.,0.094,1,,7.72,$75.91,$59.54,27.49,$84.35
AU,AngloGold Ashanti Ltd.,0.093,3,$80.90,6.81,$122.05,$51.55,136.76,$124.69
NOMD,Nomad Foods Ltd,0.093,1,,7.61,$11.81,$8.86,33.30,$14.98
HKHHF,Heineken Holding NV,0.093,1,,7.61,$78.93,$64.00,23.33,$84.80
AVTR,Avantor Inc.,0.091,5,$9.90,2.82,$14.41,$7.27,98.21,$15.93
KLAC,KLA Corp.,0.091,3,$301.71,5.78,$182.92,$82.78,120.97,$307.03
MAR,Marriott Int'l.,0.090,4,$370.59,7.02,$359.44,$254.64,41.16,$410.15
MEDP,Medpace Holdings Inc.,0.090,4,$529.59,4.52,$609.03,$373.00,63.28,$677.90
HUM,Humana Inc.,0.090,2,$397.22,5.13,$388.21,$161.90,139.78,$428.88
ARES,Ares Management LP,0.090,2,$111.31,6.45,$142.15,$93.57,51.92,$181.32
HUT,Hut 8 Corp,0.090,2,$115.44,4.07,$84.82,$21.89,287.48,$140.80
GTX,Garrett Motion Inc.,0.090,2,$36.23,7.28,$26.15,$12.13,115.58,$36.25
GWRE,Guidewire Software Inc.,0.089,1,,7.27,$187.55,$102.30,83.33,$272.60
BNY,Bank of New York Mellon Corp.,0.088,10,$144.61,2.21,$163.31,$99.97,63.36,$165.69
KMX,CarMax Inc.,0.088,5,$52.89,3.50,$64.10,$30.26,111.83,$64.31
ECL,Ecolab Inc.,0.088,4,$278.61,4.22,$286.10,$242.49,17.98,$307.61
Q,Qnity Electronics Inc.,0.088,3,$163.31,7.23,$126.61,$72.67,74.23,$177.28
SHOP,Shopify Inc.,0.088,3,$114.18,4.50,$153.06,$94.00,62.83,$182.19
DLTR,Dollar Tree Inc.,0.088,1,,7.25,$133.43,$84.71,57.51,$142.40
YNDX,Yandex N.V.,0.088,1,,7.19,$20.00,$14.09,41.94,$20.36
BL,BlackLine Inc.,0.088,1,,7.19,$31.53,$24.70,27.65,$59.57
GNRC,Generac Holdings Inc.,0.087,6,$292.81,2.91,$202.14,$134.80,49.96,$296.44
JEF,Jefferies Financial Group Inc.,0.087,4,$49.98,3.44,$52.49,$35.00,49.97,$68.96
FLR,Fluor Corp.,0.087,2,$52.39,6.24,$50.98,$39.33,29.62,$57.93
RUSHA,Rush Enterprises Inc.,0.087,2,$72.98,7.03,$76.75,$45.26,69.58,$83.61
XOM,ExxonMobil Holdings Corp.,0.086,11,$136.72,3.65,$161.18,$105.30,53.07,$174.09
STX,Seagate Technology,0.086,3,$965.00,5.90,$816.71,$157.38,418.94,$1144.18
ALLY,Ally Financial Inc.,0.085,4,$45.95,4.78,$42.57,$35.43,20.15,$46.96
TOST,Toast Inc.,0.085,2,$27.82,6.98,$36.58,$22.26,64.33,$45.64
GDS,GDS Holdings Ltd,0.085,2,$30.03,4.92,$32.67,$26.97,21.13,$48.61
CEG,Constellation Energy Corp.,0.085,2,$248.37,3.97,$277.55,$228.28,21.58,$410.41
ABT,Abbott Labs,0.084,7,$90.74,3.98,$115.69,$81.39,42.14,$134.38
RTX,RTX Corp.,0.084,7,$189.73,3.49,$209.74,$148.41,41.32,$226.41
PFGC,Performance Food Group,0.084,4,$111.79,4.00,$104.75,$80.82,29.61,$117.48
QXO,Qxo Inc,0.084,3,$17.28,4.10,$13.82,$13.15,5.10,$27.61
MGA,Magna International Inc.,0.084,3,$91.94,6.54,$66.76,$41.73,59.98,$73.22
CTSH,Cognizant Technology Solutions,0.083,6,$38.73,3.02,$62.95,$36.86,70.78,$85.48
GTN,Gray Television Inc.,0.083,1,,6.80,$5.01,$3.55,41.13,$6.30
KEYS,Keysight Technologies Inc.,0.082,5,$350.07,4.48,$318.35,$158.79,100.48,$374.96
APO,Apollo Global Management,0.082,3,$118.31,4.46,$132.75,$98.73,34.46,$151.39
JLL,Jones Lang Lasalle Inc.,0.081,5,$309.95,3.28,$389.99,$259.83,50.09,$393.84
INDV,Indivior Pharmaceuticals Inc.,0.081,1,,6.65,$36.08,$27.68,30.35,$42.81
CRS,Carpenter Technology,0.080,3,$616.84,3.63,$482.02,$227.57,111.81,$625.99
CSCO,Cisco Systems,0.079,7,$117.46,5.40,$110.93,$64.79,71.21,$129.88
GSK,GSK plc,0.079,6,$52.42,3.51,$52.03,$37.31,39.45,$60.12
IQV,IQVIA Holdings Inc.,0.079,4,$193.22,3.13,$258.77,$154.50,67.49,$261.88
BIIB,Biogen Inc.,0.079,3,$216.06,3.75,$221.48,$131.52,68.40,$222.15
EBAY,eBay Inc.,0.079,2,$111.75,4.74,$106.04,$77.56,36.72,$118.98
TEVA,Teva Pharmaceutical Industries Ltd.,0.079,2,$33.88,3.97,$37.71,$17.82,111.62,$37.83
RHI,Robert Half International,0.079,2,$30.70,5.93,$44.35,$21.36,107.63,$46.70
ADBE,Adobe Inc.,0.078,10,$205.01,2.57,$272.30,$190.12,43.23,$370.86
MANU,Manchester United plc,0.078,3,$22.93,2.41,$23.72,$14.59,62.58,$24.45
CME,CME Group,0.077,7,$220.83,2.52,$277.93,$218.31,27.31,$319.84
COP,ConocoPhillips,0.077,7,$103.96,2.10,$132.54,$82.95,59.78,$135.88
HTHT,H World Group Ltd ADR,0.077,3,$41.72,5.59,$49.34,$33.72,46.32,$55.19
ZTS,Zoetis Inc.,0.076,5,$71.86,3.03,$77.11,$70.98,8.64,$154.25
BP,BP plc,0.076,4,$36.95,3.65,$43.13,$31.12,38.59,$47.14
AMGN,Amgen,0.076,4,$362.12,3.21,$444.70,$262.49,69.42,$446.13
MCK,McKesson Corp.,0.076,2,$755.61,5.95,$898.50,$670.65,33.97,$997.90
VEEV,Veeva Systems Inc.,0.075,6,$177.47,1.93,$244.34,$148.05,65.04,$310.50
JCI,Johnson Controls Intl. plc,0.075,4,$146.11,4.27,$141.72,$102.49,38.28,$157.06
NSRGY,Nestle,0.075,1,,6.11,$99.58,$84.97,17.19,$107.17
AN,AutoNation Inc.,0.075,1,,6.17,$195.75,$176.62,10.83,$235.81
MSCI,MSCI Inc.,0.074,6,$560.04,3.24,$566.16,$495.54,14.25,$642.47
OLN,Olin Corp.,0.074,4,$19.82,4.83,$17.29,$17.26,0.17,$30.25
MDLZ,Mondelez International,0.074,4,$57.84,5.64,$63.31,$50.34,25.76,$66.65
NYT,New York Times CL A,0.074,3,$69.98,4.55,$68.65,$53.65,27.96,$86.83
MTZ,MasTec Inc.,0.074,2,$416.06,3.42,$245.55,$171.05,43.55,$441.43
ACI,Albertsons Co Inc.,0.074,1,,6.09,$12.49,$10.86,15.01,$19.18
DAL,Delta Air Lines Inc.,0.073,5,$93.66,2.16,$83.06,$54.60,52.12,$95.44
SBUX,Starbucks Corp.,0.073,5,$102.19,3.13,$106.09,$76.05,39.50,$109.88
FTV,Fortive Corp.,0.073,4,$61.09,3.47,$59.55,$46.33,28.53,$64.56
BRZE,Braze Inc A,0.073,2,$21.69,5.99,$30.70,$15.26,101.18,$37.33
VAL,Valaris plc,0.073,1,,5.99,$85.46,$46.70,83.00,$114.12
Z,Zillow Group Inc.,0.072,1,,5.89,$36.32,$29.23,24.26,$93.88
ENTG,Entegris Inc.,0.071,6,$179.86,2.70,$139.21,$67.81,105.29,$186.78
WCC,WESCO International Inc.,0.071,5,$345.38,4.23,$340.09,$202.38,68.05,$385.37
RYAAY,Ryanair Holdings PLC,0.071,3,$64.75,5.59,$57.08,$53.14,7.41,$73.75
HOG,Harley-Davidson,0.071,2,$24.46,5.79,$27.64,$16.96,62.97,$30.44
SPUU,Dir Dai S&P 500 Bu 2x ETF Us,0.071,1,,5.81,$223.51,$154.62,44.55,$232.39
PLGO,Pelagos Insurance Capital,0.071,1,,5.84,$24.22,$16.25,49.05,$26.34
FNF,Fidelity National Financial Inc.,0.070,3,$47.16,3.54,$47.10,$42.32,11.29,$57.15
FIVE,Five Below Inc.,0.070,2,$179.79,3.62,$256.99,$137.77,86.54,$263.88
XYZ,Block Inc.,0.070,2,$76.00,4.26,$82.13,$48.21,70.36,$86.75
OGN,Organon & Co.,0.070,1,,5.72,$13.75,$5.67,142.50,$13.76
NVST,Envista Holdings Corp.,0.069,5,$26.35,2.87,$27.42,$18.77,46.08,$30.42
MCHP,Microchip Technology,0.069,4,$91.20,5.37,$73.67,$47.28,55.82,$104.75
ODFL,Old Dominion Freight Line,0.069,3,$216.60,4.93,$198.84,$125.43,58.53,$252.03
DELL,Dell Technologies Inc.,0.069,3,$431.46,5.68,$448.57,$109.70,308.91,$514.00
MSA,MSA Safety Inc.,0.069,3,$174.58,4.68,$187.55,$149.32,25.60,$207.14
UAN,CVR Partners LP,0.069,1,,5.62,$127.15,$74.15,71.48,$128.59
NOV,Nov Inc.,0.068,4,$18.55,1.98,$19.88,$12.06,64.84,$21.67
WAB,WABTEC Corp.,0.068,3,$269.60,4.93,$296.07,$183.40,61.43,$306.32
MRP,Millrose Properties,0.068,2,$30.05,3.95,$30.64,$25.60,19.69,$32.54
BLMN,Bloomin Brands Inc.,0.068,1,,5.59,$10.83,$5.19,108.67,$12.63
GLD,SPDR Gold Trust,0.067,6,$1293.45,2.35,$426.33,$309.67,37.67,$509.70
CCC,CCC Intelligent Solutions Hldgs Inc.,0.067,2,$5.16,3.02,$7.44,$4.08,82.35,$10.14
UBS,UBS AG,0.066,4,$44.91,2.66,$54.05,$35.38,52.77,$55.15
LYB,LyondellBasell Industries,0.065,3,$52.65,2.87,$63.08,$39.12,61.25,$82.22
MBI,MBIA Inc.,0.065,2,$6.52,4.34,$4.88,$4.72,3.39,$8.26
CRGY,Crescent Energy Inc A,0.065,2,$9.82,4.86,$13.49,$7.46,80.83,$14.12
OZK,Bank OZK,0.065,2,$52.09,3.22,$49.10,$41.16,19.29,$53.18
RGLD,Royal Gold Inc.,0.065,2,$199.61,5.09,$266.08,$167.81,58.56,$304.97
CLF,Cleveland-Cliffs Inc.,0.065,2,$9.39,5.30,$11.49,$7.73,48.64,$16.70
PHYS,Sprott Physical Gold Trust,0.065,2,$30.17,5.29,$35.31,$25.82,36.75,$42.07
PRI,Primerica Inc.,0.065,1,,5.36,$297.97,$227.14,31.18,$325.96
TTMI,TTM Technologies Inc.,0.064,4,$187.02,3.13,$112.30,$42.69,163.06,$223.83
NSC,Norfolk Southern Corp.,0.064,4,$314.59,4.13,$352.86,$263.58,33.87,$357.18
FANG,Diamondback Energy Inc.,0.064,2,$175.78,3.02,$201.53,$131.14,53.68,$216.90
SGU,Star Gas Partners LP,0.064,1,,5.26,$12.65,$10.70,18.22,$13.33
CTRI,Centuri Holdings Inc,0.064,1,,5.25,$20.71,$19.04,8.77,$42.99
TRUP,Trupanion Inc.,0.064,1,,5.28,$31.88,$21.16,50.66,$47.03
SAP,SAP SE,0.063,7,$154.11,2.96,$216.14,$144.97,49.09,$276.56
BIO,Bio-Rad Laboratories Inc.,0.063,3,$293.61,2.39,$389.56,$236.73,64.56,$389.56
NXPI,NXP Semiconductors NV,0.063,3,$281.03,2.48,$224.30,$180.63,24.18,$338.80
UA,Under Armour CL C,0.063,1,,5.18,$5.05,$3.95,27.85,$7.91
BF.B,Brown-Forman Corp.,0.062,5,$26.65,3.33,$28.16,$22.41,25.66,$31.11
LPLA,LPL Financial Holdings Inc.,0.062,4,$281.68,2.10,$361.09,$259.94,38.91,$399.03
PLD,Prologis Inc.,0.062,3,$135.47,2.70,$143.38,$107.04,33.95,$153.35
TLN,Talen Energy Corp,0.062,3,$384.26,3.37,$307.40,$301.45,1.97,$451.28
LNC,Lincoln National,0.062,2,$35.35,5.04,$42.50,$31.40,35.35,$47.67
VGNT,Versigent Plc,0.062,2,$42.01,2.64,$46.91,$26.34,78.09,$50.89
MIR,Mirion Technologies Inc,0.062,2,$17.93,4.24,$14.57,$14.11,3.26,$30.28
AAL,American Airlines Group Inc.,0.062,2,$18.07,3.31,$13.79,$10.09,36.67,$18.79
GPGI,GPGI Inc.,0.062,1,,5.09,$13.52,$11.22,20.50,$26.77
QUAD,Quad/Graphics Inc.,0.062,1,,5.06,$10.04,$4.93,103.65,$11.03
PTLO,Portillo's Inc Cl A,0.062,1,,5.05,$4.86,$3.78,28.57,$7.30
XPO,XPO Logistics,0.060,4,$205.29,4.84,$193.20,$121.48,59.04,$232.05
LKQ,LKQ Corp.,0.060,4,$26.33,2.86,$25.71,$20.92,22.90,$35.92
MHK,Mohawk Industries,0.060,3,$121.33,2.37,$133.95,$92.99,44.05,$143.13
MET,MetLife Inc.,0.060,2,$84.61,2.76,$95.69,$66.41,44.09,$100.93
VZ,Verizon Communications,0.059,7,$42.34,1.76,$50.10,$36.55,37.07,$50.28
MS,Morgan Stanley,0.059,5,$209.04,3.54,$215.73,$142.43,51.46,$230.98
NEE,NextEra Energy Inc.,0.059,4,$87.77,3.10,$84.31,$67.81,24.33,$98.03
LEA,Lear Corp.,0.059,3,$134.06,2.61,$123.98,$94.25,31.54,$150.00
AME,Ametek Inc.,0.059,2,$241.94,4.87,$241.81,$178.41,35.54,$261.16
DJCO,Daily Journal Corp.,0.059,1,,4.80,$606.56,$348.63,73.98,$674.75
GS,Goldman Sachs Group,0.058,5,$1011.37,2.77,$1055.90,$710.71,48.57,$1153.99
OKE,ONEOK Inc.,0.058,2,$86.94,3.08,$92.34,$61.67,49.73,$97.90
BRCC,BRC Inc.,0.058,1,,4.79,$8.41,$6.00,40.17,$18.55
MP,MP Materials Corp.,0.058,1,,4.74,$59.83,$37.81,58.24,$100.25
MNDY,monday.com Ltd.,0.058,1,,4.77,$93.34,$57.50,62.33,$220.80
LFUS,Littelfuse Inc.,0.057,7,$455.33,2.52,$406.05,$231.54,75.37,$499.60
ARW,Arrow Electronics,0.057,4,$213.41,4.35,$201.74,$101.79,98.19,$237.33
AVT,Avnet Inc.,0.057,3,$88.82,3.87,$86.46,$43.52,98.67,$100.00
CHD,Church & Dwight,0.057,2,$96.88,4.58,$102.25,$80.29,27.35,$105.37
CNR,Core Natural Resources Inc.,0.057,1,,4.67,$95.64,$70.11,36.41,$114.68
ALAB,Astera Labs Inc,0.057,1,,4.65,$281.23,$97.89,187.29,$499.48
PNC,PNC Financial Services,0.056,5,$246.22,3.78,$244.37,$172.82,41.40,$258.96
BHF,Brighthouse Financial Inc.,0.056,1,,4.60,$52.40,$42.07,24.55,$66.80
GLW,Corning Inc.,0.055,4,$255.43,4.26,$146.53,$65.04,125.29,$271.78
OC,Owens Corning,0.055,3,$158.94,2.86,$146.00,$95.63,52.67,$159.88
YUMC,Yum China Holdings Inc.,0.055,3,$40.87,4.25,$48.22,$40.15,20.10,$57.69
SEG,Seaport Entertainment Group,0.055,2,$26.60,3.86,$27.25,$17.74,53.61,$29.61
BGC,BGC Group Inc.,0.055,1,,4.48,$11.89,$8.20,45.00,$12.86
CNDT,Conduent Inc.,0.055,1,,4.48,$1.63,$1.15,41.74,$2.98
B,Barrick Mining Corp.,0.054,5,$36.73,3.12,$48.46,$25.56,89.59,$54.01
BX,Blackstone Group,0.054,4,$117.67,3.30,$142.94,$99.78,43.26,$182.67
KGC,Kinross Gold Corp.,0.054,3,$23.62,4.14,$33.17,$19.52,69.93,$38.96
AMRZ,Amrize Ltd,0.054,3,$53.30,2.13,$44.14,$43.82,0.73,$65.13
TER,Teradyne Inc.,0.054,2,$483.84,4.42,$366.28,$109.39,234.84,$487.91
LLYVK,Liberty Media Corp. Series C Live,0.054,2,$105.64,4.07,$106.59,$78.68,35.47,$109.75
NMIH,NMI Holdings,0.054,2,$41.09,4.39,$45.23,$34.84,29.82,$46.74
FAST,Fastenal,0.054,2,$48.03,2.72,$50.61,$38.34,32.00,$52.92
MAVF,Matrix Advisors Value ETF,0.054,1,,4.41,$140.33,$112.77,24.44,$142.84
TJX,TJX Companies Inc.,0.053,3,$151.50,2.52,$140.34,$133.12,5.42,$169.47
TMHC-OLD,Taylor Morrison Home Corp.,0.053,3,$71.74,3.30,$72.46,$54.15,33.81,$72.50
TDAY,Gannett Co.,0.053,2,$8.55,2.83,$6.44,$3.42,88.30,$9.21
SYY,Sysco Corp.,0.052,5,$83.44,1.81,$83.50,$67.23,24.20,$90.56
OMC,Omnicom Group,0.052,4,$72.83,2.53,$88.45,$64.98,36.12,$89.57
MPLX,MPLX LP,0.052,2,$56.33,3.90,$58.49,$44.22,32.27,$60.16
MSGE,Madison Square Garden Entertainment Corp.,0.052,1,,4.28,$79.91,$38.79,106.01,$90.41
VNOM,Viper Energy Inc.,0.052,1,,4.25,$44.27,$33.67,31.48,$49.62
MCD,McDonald's Corp.,0.051,7,$270.31,2.18,$268.81,$260.96,3.01,$337.56
RMNI,Rimini Street Inc.,0.051,2,$4.26,4.15,$5.21,$2.87,81.53,$5.28
OSW,OneSpaWorld Holdings Ltd,0.051,1,,4.19,$26.10,$18.94,37.80,$29.19
DEO,Diageo ADR,0.050,8,$80.38,1.60,$95.02,$71.73,32.47,$110.73
NKE,NIKE Inc.,0.050,7,$41.05,2.32,$39.49,$38.86,1.62,$78.02
ABBV,AbbVie Inc.,0.050,7,$251.64,3.09,$266.18,$189.40,40.54,$267.47
REZI,Resideo Technologies Inc.,0.050,5,$31.10,1.90,$19.61,$18.88,3.87,$32.01
PPG,PPG Industries,0.050,3,$121.29,2.78,$113.08,$91.35,23.79,$130.99
KDP,Keurig Dr Pepper Inc.,0.050,2,$32.73,4.04,$31.98,$24.43,30.90,$33.82
CRL,Charles River Labs,0.050,2,$226.79,3.41,$298.75,$144.26,107.09,$299.32
FTNT,Fortinet Inc.,0.050,1,,4.09,$153.23,$73.55,108.33,$172.09
NTRA,Natera Inc.,0.049,4,$271.45,3.32,$333.44,$157.43,111.80,$334.10
CRBG,Corebridge Financial Inc.,0.049,3,$28.63,2.84,$31.88,$21.90,45.57,$34.81
LBTYA,Liberty Global Ltd CL A,0.049,3,$11.37,2.57,$10.73,$9.43,13.79,$13.52
IEX,IDEX Corp.,0.049,2,$226.95,3.97,$230.09,$155.87,47.62,$243.80
CHTR,Charter Communications,0.048,6,$142.21,1.95,$155.17,$111.55,39.10,$285.82
FN,Fabrinet,0.047,4,$562.08,3.30,$426.58,$303.10,40.74,$748.89
LUV,Southwest Airlines,0.047,2,$51.42,3.87,$40.79,$28.88,41.24,$54.63
SEB,Seaboard Corp.,0.047,2,$4464.28,3.80,$4210.82,$3133.55,34.38,$5983.34
LUMN,Lumen Technologies Inc.,0.047,1,,3.87,$5.78,$4.57,26.48,$11.95
MAIR,Madison Air Solutions Corp A,0.047,1,,3.87,$27.33,$24.75,10.42,$44.50
WDAY,Workday Inc.,0.046,4,$122.42,1.78,$194.75,$110.36,76.47,$249.85
CNC,Centene Corp.,0.046,3,$64.19,2.71,$65.34,$28.24,131.37,$69.36
WULF,Terawulf Inc,0.046,2,$24.70,3.65,$16.27,$8.60,89.19,$29.84
DKS,Dick's Sporting Goods Inc.,0.046,2,$226.81,3.02,$126.46,$126.46,0.00,$244.38
CNA,CNA Financial Corp.,0.046,1,,3.77,$49.28,$40.34,22.16,$55.19
CG,Carlyle Group,0.045,4,$42.11,1.91,$48.72,$39.32,23.91,$67.95
FLEX,Flex Ltd.,0.045,3,$162.07,3.66,$107.97,$51.76,108.60,$166.86
SDHC,Smith Douglas Homes Corp,0.045,3,$15.54,3.67,$12.42,$10.72,15.86,$23.49
NVT,nVent Electric plc,0.045,3,$169.61,3.19,$151.72,$86.58,75.24,$184.40
NVR,NVR Inc.,0.045,3,$6813.41,3.03,$6401.65,$5501.01,16.37,$8618.28
STLA,Stellantis N.V.,0.045,2,$5.74,3.69,$5.28,$5.05,4.55,$12.22
TWLO,Twilio Inc.,0.045,2,$206.33,3.70,$222.10,$98.44,125.62,$258.35
DD,DuPont de Nemours Inc.,0.045,2,$135.65,3.71,$136.12,$87.24,56.03,$156.73
NRP,Natural Resource Partners,0.045,1,,3.69,$108.38,$94.82,14.30,$126.18
HSY,Hershey Co.,0.044,5,$175.44,2.08,$186.77,$156.70,19.19,$235.80
COHR,Coherent Corp.,0.044,4,$394.47,3.50,$282.38,$85.94,228.58,$440.00
ILMN,Illumina Inc.,0.044,2,$175.83,2.02,$225.90,$88.00,156.70,$226.22
USFD,US Foods Holding Corp.,0.044,2,$102.25,3.07,$109.03,$69.88,56.02,$111.42
SSNC,SS&C Technologies Holdings Inc.,0.044,2,$62.05,2.01,$82.87,$61.40,34.97,$89.57
ERFSF,Eurofins Scientific SE,0.044,1,,3.60,$86.61,$64.33,34.63,$87.51
PGEN,Precigen Inc.,0.044,1,,3.61,$7.39,$2.99,147.16,$7.50
PSX,Phillips 66,0.043,6,$169.05,2.96,$240.46,$123.09,95.35,$246.95
LBRDK-OLD,Liberty Broadband Corp. CL C,0.043,4,$33.26,1.94,$35.99,$26.25,37.10,$65.73
CORZ,Core Scientific Inc,0.043,3,$25.59,3.38,$18.03,$13.14,37.21,$30.46
AERO,Grupo Aeromexico Sab De Cv,0.043,2,$18.00,1.89,$14.96,$12.26,22.02,$23.05
BFH,Bread Financial Holdings Inc.,0.043,2,$108.35,3.40,$107.42,$53.34,101.39,$114.53
AFRM,Affirm Holdings Inc.,0.043,2,$81.55,3.51,$77.37,$42.10,83.78,$100.00
SA,Seabridge Gold Inc.,0.043,1,,3.52,$34.78,$16.32,113.11,$40.06
MSGS,Madison Square Garden Sports Corp.,0.042,4,$401.84,2.64,$405.71,$193.87,109.27,$438.93
ROIV,Roivant Sciences Ltd,0.042,4,$35.39,1.95,$36.36,$11.60,213.45,$37.97
CHYM,Chime Financial Inc Cl A,0.042,3,$20.48,2.78,$32.84,$15.88,106.80,$33.75
TAP,Molson Coors Beverage Co.,0.042,3,$38.94,2.94,$42.19,$38.04,10.91,$53.62
AMG,Affiliated Managers Group,0.042,3,$338.40,3.37,$364.69,$223.41,63.24,$392.91
FOX,Fox Corporation CL B,0.042,2,$46.84,3.27,$61.70,$44.08,39.97,$67.81
NRG,NRG Energy Inc.,0.042,1,,3.44,$113.91,$111.30,2.35,$188.71
ALV,Autoliv Inc.,0.041,2,$116.17,3.37,$124.59,$98.41,26.60,$132.17
INCY,Incyte Corp.,0.041,2,$113.36,2.64,$130.79,$81.09,61.29,$132.60
GFL,Gfl Environmental Inc Sub Vt,0.041,1,,3.39,$41.24,$33.32,23.77,$51.10
CPT,Camden Property Trust,0.040,3,$114.49,1.76,$108.68,$94.30,15.25,$119.81
UAL,United Airlines Holdings Inc.,0.040,2,$135.99,3.31,$115.17,$84.64,36.07,$138.77
WSC,WillScot Mobile Mini Hldgs Corp.,0.040,2,$28.86,3.28,$21.56,$14.77,45.97,$29.77
SSD,Simpson Manufacturing,0.040,2,$209.35,3.09,$186.05,$155.55,19.61,$213.18
PENN,Penn National Gaming Inc.,0.040,2,$21.36,3.20,$18.13,$11.65,55.62,$22.36
STZ,Constellation Brands,0.039,4,$139.09,1.58,$134.77,$123.82,8.84,$166.17
RS,Reliance Steel & Aluminum,0.039,2,$373.60,3.23,$384.56,$256.46,49.95,$432.62
CE,Celanese Corp.,0.039,2,$46.00,2.82,$44.64,$35.07,27.29,$70.65
IDT,IDT Corp. CL B,0.039,1,,3.23,$68.64,$45.54,50.72,$69.05
SWKS,Skyworks Solutions Inc.,0.039,1,,3.18,$65.16,$51.48,26.57,$88.05
STT,State Street Corp.,0.038,5,$169.60,1.93,$192.30,$102.75,87.15,$195.18
NVO,Novo Nordisk A S,0.038,4,$47.94,1.05,$48.26,$34.20,41.11,$61.21
EW,Edwards Lifesciences Corp.,0.038,2,$90.46,3.09,$90.75,$72.30,25.52,$96.29
IBP,Installed Building Products,0.038,2,$229.84,3.07,$245.79,$192.75,27.52,$345.54
PCG,PG&E Corp.,0.038,2,$16.82,2.85,$18.17,$14.18,28.14,$19.04
STRL,Sterling Construction Co. Inc.,0.038,1,,3.13,$481.13,$266.13,80.79,$1005.68
FPH,Five Point Holdings LLC,0.038,1,,3.11,$5.08,$4.60,10.43,$6.64
LMT,Lockheed Martin Corp.,0.037,5,$509.46,1.38,$557.77,$432.13,29.07,$687.50
AEP,American Electric Power,0.037,3,$136.81,1.72,$122.83,$102.52,19.81,$139.52
LH,Labcorp Holdings Inc.,0.037,3,$280.00,1.92,$334.95,$242.59,38.07,$339.76
FNV,Franco Nevada Corp.,0.037,2,$208.45,1.81,$271.51,$180.48,50.44,$284.60
FMX,Fomento Economico Mexicano,0.037,2,$127.90,2.74,$123.98,$77.56,59.85,$141.47
ALGN,Align Technology Inc.,0.037,1,,3.07,$160.51,$122.00,31.57,$200.44
RBLX,Roblox Corp.,0.037,1,,3.04,$38.53,$33.88,13.72,$142.00
MICC,Magnum Ice Cream Co NV,0.036,7,$16.98,0.91,$20.23,$12.94,56.34,$20.49
ONON,On Holding AG,0.036,4,$35.42,2.88,$28.93,$28.67,0.91,$51.08
CARR,Carrier Global Corp.,0.036,4,$73.35,1.74,$58.68,$49.67,18.14,$76.49
SNOW,Snowflake Inc.,0.036,3,$254.50,2.25,$312.04,$118.30,163.77,$341.95
YUM,Yum! Brands Inc.,0.036,3,$159.86,2.01,$157.15,$135.39,16.07,$170.14
EL,Estee Lauder Cos.,0.036,3,$78.94,2.87,$103.81,$65.96,57.38,$120.79
SPHR,Sphere Entertainment Co.,0.036,2,$173.03,2.87,$159.98,$42.40,277.31,$181.63
AWI,Armstrong World Industries Inc.,0.036,2,$160.42,1.50,$179.59,$150.00,19.73,$204.82
TPG,Tpg Inc,0.036,1,,2.92,$52.73,$36.07,46.19,$67.83
CPAY,Corpay Inc.,0.036,1,,2.99,$413.31,$252.84,63.47,$425.95
WMT,Walmart Inc.,0.035,6,$113.26,2.76,$105.67,$94.62,11.68,$134.83
BF.A,Brown-Forman Corp. CL A,0.035,3,$27.36,2.22,$28.86,$22.81,26.52,$30.87
TW,Tradeweb Markets Inc.,0.035,3,$99.66,1.63,$107.77,$91.42,17.88,$128.12
EMBJ,Embraer SA,0.035,3,$63.80,2.09,$74.78,$53.37,40.12,$80.46
BRO,Brown & Brown Inc.,0.035,3,$64.15,1.62,$73.30,$53.69,36.52,$96.79
TRGP,Targa Resources Corp.,0.035,2,$268.14,2.83,$289.69,$141.11,105.29,$307.94
RGEN,Repligen Corp.,0.035,2,$136.44,2.44,$182.13,$100.99,80.34,$188.73
CDNS,Cadence Design Systems,0.035,2,$375.32,2.81,$329.63,$262.75,25.45,$416.69
UNF,UniFirst Corp.,0.035,2,$264.46,2.03,$289.86,$146.95,97.25,$306.67
ULS,Ul Solutions Inc Class A,0.035,1,,2.91,$73.63,$61.36,20.00,$107.38
PRVA,Privia Health Group Inc.,0.035,1,,2.91,$20.87,$19.53,6.86,$28.82
VOO,Vanguard S&P 500 ETF,0.034,6,$686.82,1.77,$703.14,$576.78,21.91,$716.39
TCOM,Trip.com Group Ltd,0.034,3,$39.84,1.50,$45.93,$38.04,20.74,$78.99
CPB,Campbell's Co.,0.034,3,$22.27,2.60,$23.50,$19.23,22.20,$32.13
BR,Broadridge Financial Solutions,0.034,2,$136.95,1.49,$184.99,$133.83,38.23,$257.70
WSO,Watsco Inc.,0.034,2,$416.73,1.90,$302.92,$297.12,1.95,$455.09
IMO,Imperial Oil Ltd.,0.034,2,$112.17,2.51,$133.44,$82.42,61.90,$138.75
CBRS,Cerebras Systems Inc A,0.034,1,,2.76,$182.68,$160.81,13.60,$386.34
CMPR,Cimpress plc,0.034,1,,2.77,$86.05,$56.34,52.73,$106.58
MIDD,Middleby Corp.,0.034,1,,2.82,$113.47,$88.87,27.68,$148.55
EFA,iShares MSCI EAFE ETF,0.033,5,$103.87,2.39,$108.61,$87.06,24.75,$108.89
WY,Weyerhaeuser Co.,0.033,4,$23.94,2.02,$24.36,$20.60,18.25,$27.28
LOW,Lowe's Cos.,0.033,3,$220.49,1.43,$215.59,$199.40,8.12,$289.87
CTO,CTO Realty Growth Inc.,0.033,1,,2.74,$21.96,$14.20,54.65,$22.71
GPK,Graphic Packaging Hldg Co.,0.033,1,,2.69,$11.56,$8.69,33.03,$22.29
ATS,Ats Corp,0.033,1,,2.67,$19.69,$19.05,3.36,$35.82
KNSL,Kinsale Capital Group Inc.,0.033,1,,2.67,$393.14,$287.20,36.89,$484.06
FER,Ferrovial Se,0.033,1,,2.72,$63.08,$52.14,20.98,$74.07
VRSK,Verisk Analytics Inc.,0.032,5,$179.53,1.65,$187.32,$155.52,20.45,$271.36
HCA,HCA Healthcare Inc.,0.032,5,$389.89,2.12,$428.12,$353.99,20.94,$554.58
BSX,Boston Scientific,0.032,5,$42.68,2.29,$49.83,$42.20,18.08,$109.50
CSX,CSX Corp.,0.032,3,$47.53,2.15,$51.48,$31.48,63.53,$53.60
WMB,Williams Cos.,0.032,3,$74.34,2.57,$71.78,$54.36,32.05,$79.49
CASY,Casey's Gen'l Stores,0.032,3,$794.80,1.98,$822.97,$488.30,68.54,$927.15
VRTX,Vertex Pharmaceuticals,0.032,2,$496.73,1.51,$554.10,$374.17,48.09,$555.32
WPM,Wheaton Precious Metals Corp.,0.032,2,$112.32,2.63,$162.89,$92.01,77.04,$165.03
CLH,Clean Harbors Inc.,0.032,2,$298.75,2.59,$311.86,$201.34,54.89,$335.94
RDDT,Reddit Inc Cl A,0.032,2,$173.58,1.83,$160.31,$119.27,34.41,$282.95
LII,Lennox International,0.032,1,,2.60,$389.45,$387.90,0.40,$587.27
GGG,Graco Inc.,0.032,1,,2.63,$79.09,$72.23,9.50,$94.99
ITUB,ita Unibanco Holding S.A.,0.032,1,,2.59,$7.59,$6.05,25.45,$9.47
MTN,Vail Resorts Inc.,0.031,4,$136.15,2.23,$148.69,$116.69,27.42,$160.49
LEN.B,Lennar Corp. CL B,0.031,4,$88.71,2.12,$86.61,$78.02,11.01,$134.56
MAS,Masco Corp.,0.031,3,$81.37,1.33,$72.93,$57.51,26.81,$83.27
TME,Tencent Music Entertainment Grp,0.031,3,$8.35,1.49,$8.80,$7.94,10.83,$26.00
BAP,Credicorp Ltd.,0.031,3,$389.58,1.08,$378.72,$230.45,64.34,$413.25
TTWO,Take-Two Interactive Software,0.031,2,$249.98,1.89,$234.02,$187.63,24.72,$265.94
A,Agilent Technologies,0.031,2,$132.83,2.53,$154.90,$108.14,43.24,$160.51
JBS,Jbs Nv A,0.031,2,$11.85,2.54,$13.94,$11.45,21.75,$17.27
FIS,Fidelity National Information Services,0.031,2,$38.88,1.56,$40.38,$37.42,7.91,$69.42
RLI,RLI Corp.,0.031,2,$59.07,1.48,$65.00,$45.27,43.58,$67.00
WHK,Whitehawk Minerals Corp Cl A,0.031,1,,2.56,$26.28,$25.24,4.12,$28.48
JELD,JELD-WEN Holding Inc.,0.031,1,,2.53,$2.41,$0.93,159.14,$6.98
WFRD,Weatherford International plc,0.031,1,,2.51,$88.37,$59.32,48.97,$112.79
RMD,ResMed Inc.,0.031,1,,2.54,$238.01,$179.75,32.41,$290.51
IBM,International Business Machines,0.030,5,$281.21,2.36,$232.76,$197.77,17.69,$330.09
CL,Colgate-Palmolive,0.030,5,$91.68,1.24,$91.46,$73.21,24.93,$98.15
PAYX,Paychex Inc.,0.030,2,$98.33,2.35,$124.86,$83.50,49.53,$134.63
FOUR,Shift4 Payments Inc. CL A,0.030,2,$48.64,2.09,$48.14,$34.56,39.29,$92.47
TRIP,TripAdvisor Inc.,0.030,2,$13.71,1.62,$10.12,$9.01,12.32,$20.16
SDRL,Seadrill Ltd,0.030,2,$37.82,2.45,$47.29,$28.10,68.29,$55.47
BE,Bloom Energy Corp.,0.030,2,$302.69,2.36,$216.49,$47.83,352.62,$351.28
NWSA,News Corp.,0.030,2,$24.83,2.32,$30.84,$22.11,39.48,$31.48
ZBRA,Zebra Technologies Corp.,0.030,2,$263.26,2.42,$360.91,$199.05,81.32,$386.23
TTC,Toro Co.,0.030,2,$97.42,2.39,$99.03,$66.72,48.43,$104.28
PEG,Public Serv. Enterprise Inc.,0.030,2,$81.16,2.42,$73.51,$72.53,1.35,$86.18
LAZ,Lazard Inc.,0.030,2,$41.94,2.41,$43.76,$37.82,15.71,$57.45
CHRW,C.H. Robinson Worldwide,0.030,2,$188.34,1.33,$143.29,$122.18,17.28,$210.33
NXT,Nextracker Inc Cl A,0.030,1,,2.49,$84.77,$64.30,31.84,$163.13
ESRT,Empire State Realty Trust Inc.,0.030,1,,2.45,$4.77,$4.61,3.47,$7.90
OCSL,Oaktree Specialty Lending Corp,0.030,1,,2.49,$13.15,$10.33,27.30,$13.25
CSL,Carlisle Companies,0.029,4,$362.75,1.62,$361.51,$290.64,24.38,$428.80
DPC,Dpc Holdings Plc,0.029,4,$49.06,2.27,$43.63,$42.50,2.66,$57.25
BMRN,BioMarin Pharmaceutical Inc.,0.029,3,$57.22,1.24,$66.04,$49.26,34.06,$70.98
SUI,Sun Communities Inc.,0.029,3,$119.91,1.75,$125.34,$113.81,10.13,$135.36
CPRI,Capri Holdings Ltd,0.029,2,$18.57,2.29,$13.30,$13.30,0.00,$28.27
PTEN,Patterson-UTI Energy Inc.,0.029,1,,2.41,$11.52,$4.93,133.67,$12.96
VSEC,VSE Corp.,0.028,3,$228.50,2.18,$217.57,$154.36,40.95,$247.85
WST,West Pharmaceutical Services,0.028,2,$358.99,1.85,$351.29,$223.52,57.16,$385.75
PBH,Prestige Consumer Healthcare,0.028,2,$47.27,2.29,$51.55,$42.62,20.95,$71.07
AMLP,Alerian MLP ETF,0.028,1,,2.26,$54.76,$41.24,32.78,$55.50
MNST,Monster Beverage Corp.,0.028,1,,2.28,$48.60,$30.49,59.40,$50.17
FDXF,FedEx Freight Holding Co.,0.027,5,$151.00,1.02,$129.13,$129.13,0.00,$200.00
VEA,Vanguard FTSE Developed ETF,0.027,5,$71.25,1.63,$73.71,$56.19,31.18,$74.04
BLCO,Bausch + Lomb Corp,0.027,3,$16.56,1.51,$17.24,$13.77,25.20,$18.92
DINO,HF Sinclair Corp.,0.027,3,$69.65,1.99,$94.86,$44.66,112.40,$98.39
NESR,National Energy Services Reunited Corp.,0.027,3,$29.93,2.18,$33.66,$8.47,297.40,$36.94
GLIBK,GCI Liberty Inc. Series C,0.027,2,$21.56,2.18,$26.36,$19.30,36.58,$41.18
EXP,Eagle Materials Inc.,0.027,2,$225.00,2.21,$200.37,$171.79,16.64,$245.53
COIN,Coinbase Global Inc.,0.027,1,,2.24,$187.87,$139.11,35.05,$402.16
HLF,Herbalife Nutrition Ltd.,0.027,1,,2.25,$12.72,$7.56,68.25,$20.40
BOKF,BOK Financial Corp.,0.027,1,,2.25,$138.71,$100.84,37.55,$146.20
FAF,First Amer'n Corp.,0.027,1,,2.21,$73.28,$55.74,31.47,$79.87
ATGE,Adtalem Global Education,0.027,1,,2.20,,,,
KSPI,Jsc Kaspi.kz ADR,0.026,7,$86.62,0.96,$108.20,$65.63,64.86,$108.20
TFC,Truist Financial Corp.,0.026,4,$49.82,2.06,$50.36,$39.11,28.77,$54.51
ITRN,Ituran Location & Control Ltd.,0.026,3,$61.01,1.93,$51.12,$30.68,66.62,$67.77
FOSL,Fossil Inc.,0.026,2,$4.14,2.10,$5.44,$1.70,220.00,$6.25
GNTX,Gentex Corp.,0.026,2,$25.27,2.09,$23.75,$20.26,17.23,$28.80
CDW,CDW Corp.,0.026,2,$140.64,1.09,$140.29,$96.55,45.30,$168.93
DOX,Amdocs Ltd.,0.026,2,$50.54,2.07,$62.24,$49.24,26.40,$85.43
BBIO,BridgeBio Pharma Inc.,0.026,2,$74.48,2.11,$80.42,$46.81,71.80,$93.42
AIG,American International Group,0.026,2,$74.53,2.02,$76.73,$70.36,9.05,$86.21
FLS,Flowserve Corp.,0.026,2,$74.16,2.10,$80.64,$48.28,67.03,$91.86
BKV,Bkv Corporation,0.026,1,,2.17,$23.89,$20.08,18.97,$32.81
DVA,DaVita HealthCare Partners,0.026,1,,2.15,$176.76,$101.00,75.01,$247.49
DHT,DHT Holdings Inc.,0.026,1,,2.13,$19.28,$9.43,104.45,$20.62
TECK,Teck Resources,0.026,1,,2.14,$71.13,$31.45,126.17,$71.15
VAC,Marriott Vacations Worldwide,0.026,1,,2.16,$116.40,$43.02,170.57,$131.34
NFG,National Fuel Gas,0.026,1,,2.15,$82.20,$74.64,10.13,$96.03
SPCX,Space Exploration Technologies Corp.,0.025,5,$170.86,0.67,$138.38,$104.83,32.00,$225.64
BUD,Anheuser-Busch InBev,0.025,4,$82.40,1.27,$78.86,$56.78,38.89,$86.60
VOYA,Voya Financial Inc.,0.025,3,$90.53,1.08,$99.64,$64.13,55.37,$103.85
KVUE,Kenvue Inc,0.025,3,$19.11,1.90,$19.36,$13.38,44.69,$20.64
VSNT,Versant Media Group Inc.,0.025,3,$36.01,1.77,$39.23,$26.61,47.43,$45.11
MAA,Mid-America Apt Communties,0.025,2,$138.94,2.00,$132.79,$117.48,13.03,$142.76
COTY,Coty Inc.,0.025,2,$2.16,2.00,$2.66,$1.82,46.15,$4.56
ATI,Allegheny Technologies Inc.,0.025,2,$197.10,1.39,$214.98,$73.00,194.49,$243.57
ISRG,Intuitive Surgical Inc.,0.025,2,$397.68,1.53,$371.23,$328.57,12.98,$603.88
EOG,EOG Resources,0.025,2,$129.73,1.99,$147.76,$99.12,49.07,$153.67
SJM,J.M. Smucker Co,0.025,2,$112.50,2.02,$124.93,$86.47,44.48,$126.46
INSM,Insmed Inc.,0.025,1,,2.07,$123.36,$90.39,36.48,$212.75
FBTC,Fidelity Wise Origin Bitcoin,0.025,1,,2.07,$68.96,$50.48,36.61,$110.25
KBR,KBR Inc.,0.025,1,,2.07,$37.80,$29.80,26.85,$51.56
SHEN,Shenandoah Telecommunications Co.,0.025,1,,2.06,$12.26,$9.67,26.78,$17.35
BIDU,Baidu Inc.,0.024,4,$114.29,1.98,$92.75,$88.66,4.61,$165.30
MTB,M&T Bank Corp.,0.024,3,$238.01,1.52,$240.68,$170.99,40.76,$255.95
WRBY,Warby Parker Inc.,0.024,3,$30.34,1.89,$25.97,$14.96,73.60,$31.00
AXTA,Axalta Coating Systems Ltd.,0.024,2,$34.22,1.18,$36.17,$24.94,45.03,$38.61
UHS,Universal Health Services Inc.,0.024,2,$148.69,1.12,$175.59,$140.08,25.35,$245.55
PR,Permian Resources Corp.,0.024,2,$18.41,1.97,$23.28,$11.60,100.69,$24.09
ANET,Arista Networks Inc.,0.024,2,$169.88,1.94,$188.11,$114.52,64.26,$214.89
ECPG,Encore Capital Group Inc.,0.024,1,,1.94,$102.58,$39.95,156.77,$104.98
COLD,Americold Realty Trust,0.024,1,,1.98,$15.23,$9.59,58.81,$16.88
JXN,Jackson Financial Inc.,0.024,1,,1.94,$131.81,$87.44,50.74,$137.99
FCX,Freeport-McMoran Inc.,0.024,1,,2.00,$79.16,$34.78,127.60,$79.16
SPB,Spectrum Brands Holdings Inc.,0.023,4,$85.75,1.23,$88.05,$48.98,79.77,$99.06
LAMR,Lamar Advertising Co.,0.023,3,$155.98,1.64,$152.65,$110.33,38.36,$166.33
CAG,Conagra Brands Inc.,0.023,3,$13.46,1.76,$16.32,$12.39,31.72,$19.59
ADPT,Adaptive Biotechnologies Corp.,0.023,2,$21.45,1.83,$26.14,$12.00,117.83,$26.29
BATRK,Atlanta Braves Holdings Inc. Series C,0.023,2,$51.90,1.64,$52.97,$37.76,40.28,$54.46
AGX,Argan Inc.,0.023,2,$798.55,1.80,$447.87,$196.06,128.44,$805.09
PANW,Palo Alto Networks,0.023,2,$341.02,1.88,$338.69,$139.57,142.67,$398.88
WEC,WEC Energy Group,0.023,1,,1.92,$107.08,$100.35,6.71,$118.87
SHC,Sotera Health Co,0.023,1,,1.88,$19.47,$13.09,48.74,$19.85
PDRDF,Pernod Ricard,0.023,1,,1.92,$79.95,$65.28,22.47,$115.44
SWK,Stanley Black & Decker Inc.,0.023,1,,1.92,$98.06,$59.87,63.79,$104.68
WTM,White Mountains Insurance,0.023,1,,1.85,$2138.21,$1647.25,29.80,$2333.00
LNT,Alliant Energy,0.023,1,,1.86,$68.38,$61.37,11.42,$78.22
BYD,Boyd Gaming Corp.,0.023,1,,1.92,$81.34,$75.81,7.29,$91.41
CHRD,Chord Energy,0.023,1,,1.87,$141.92,$80.76,75.73,$153.00
TRV,Travelers Companies Inc.,0.022,4,$330.13,0.71,$367.88,$249.31,47.56,$398.70
ABEV,Ambev S.A.,0.022,3,$3.14,1.81,$2.90,$2.08,39.42,$3.44
HSIC,Henry Schein Inc.,0.022,3,$83.52,1.54,$89.56,$61.95,44.57,$92.18
GILD,Gilead Sciences,0.022,3,$126.34,1.57,$148.41,$106.44,39.43,$155.38
IWF,iShares Russell 1000 Growth ETF,0.022,3,$124.17,1.08,$121.59,$102.14,19.04,$129.03
GHC,Graham Holdings Co.,0.022,2,$1141.45,1.74,$1170.62,$923.50,26.76,$1262.35
ECHO,EchoStar Corp.,0.022,2,$101.50,1.73,$86.62,$29.34,195.23,$147.25
IR,Ingersoll Rand Inc.,0.022,2,$81.99,0.92,$79.20,$68.05,16.39,$100.89
CTVA,Corteva Inc.,0.022,2,$84.69,1.84,$83.65,$60.10,39.18,$90.97
PRMB,Primo Brands Corp,0.022,2,$24.44,1.77,$23.17,$14.04,65.03,$26.08
KRC,Kilroy Realty Corp.,0.022,1,,1.83,$36.91,$26.89,37.26,$42.39
UMBF,UMB Financial Corp.,0.022,1,,1.79,$143.23,$102.27,40.05,$153.32
JD,JD.com Inc.,0.021,5,$25.48,1.17,$29.25,$23.66,23.63,$35.59
ROL,Rollins Inc.,0.021,4,$41.74,0.57,$36.39,$35.83,1.56,$65.40
NTRS,Northern Trust Corp.,0.021,3,$173.84,1.69,$186.92,$119.17,56.85,$195.78
TKR,Timken Co.,0.021,3,$145.31,1.72,$122.14,$69.62,75.44,$145.98
CMCO,Columbus McKinnon Corp.,0.021,2,$15.13,1.71,$17.89,$11.95,49.71,$24.13
WIX,Wix.com Ltd.,0.021,2,$44.27,0.90,$85.04,$40.16,111.75,$190.93
ROK,Rockwell Automation Inc.,0.021,2,$495.08,1.17,$431.46,$328.32,31.41,$495.83
PSKY,Paramount Skydance Corp.,0.021,2,$9.86,0.99,$10.64,$7.62,39.63,$20.57
INGR,Ingredion Inc.,0.021,1,,1.72,$104.89,$93.62,12.04,$126.59
LBTYK,Liberty Global Ltd CL C,0.021,1,,1.74,$10.43,$9.30,12.15,$13.12
VNT,Vontier Corp.,0.021,1,,1.70,$33.02,$27.23,21.26,$48.13
VRSN,Verisign Inc.,0.020,3,$251.56,0.76,$293.55,$206.93,41.86,$311.57
CMI,Cummins Inc.,0.020,3,$713.22,1.05,$574.00,$383.91,49.51,$735.02
XP,XP Inc.,0.020,2,$16.26,1.34,$17.49,$14.80,18.18,$22.83
SD,SandRidge Energy Inc.,0.020,2,$13.70,0.84,$13.93,$10.60,31.42,$17.78
ROG,Rogers Corp.,0.020,2,$163.73,1.61,$124.88,$75.14,66.20,$169.00
CLB,Core Laboratories Inc.,0.020,1,,1.63,$12.07,$9.78,23.42,$20.32
ACGL,Arch Capital Group Ltd.,0.020,1,,1.67,$100.69,$82.45,22.12,$107.09
TGT,Target Corp.,0.019,4,$130.61,1.21,$163.23,$81.20,101.02,$170.75
DEI,Douglas Emmett Inc.,0.019,3,$11.80,1.30,$12.15,$8.79,38.23,$15.90
HP,Helmerich & Payne,0.019,2,$32.75,1.46,$42.08,$17.96,134.30,$45.00
VYM,Vanguard High Dvd Yield ETF,0.019,2,$158.03,1.42,$164.86,$134.19,22.86,$167.61
LLYVA,Liberty Media Corp. Series A Live,0.019,2,$101.26,1.41,$102.72,$77.12,33.20,$106.06
ST,Sensata Technologies Holding,0.019,2,$47.74,1.27,$42.16,$27.92,51.00,$53.75
LILAK,Liberty LiLAC Group C,0.019,1,,1.56,$8.57,$4.76,80.04,$8.84
HAE,Haemonetics Corp.,0.019,1,,1.54,$108.18,$47.32,128.61,$109.57
DNOW,NOW Inc.,0.018,4,$12.97,0.67,$15.77,$10.94,44.15,$17.26
BNS,Bank of Nova Scotia,0.018,3,$86.81,1.18,$92.97,$54.80,69.65,$92.97
AR,Antero Resources,0.018,2,$35.14,1.42,$37.69,$29.10,29.52,$45.75
ADM,Archer-Daniels-Midland,0.018,2,$76.40,0.88,$79.26,$54.00,46.78,$87.90
VSAT,Viasat Inc.,0.018,2,$89.81,1.50,$73.29,$26.10,180.80,$93.03
AMH,American Homes 4 Rent,0.018,2,$33.52,1.40,$34.66,$26.95,28.61,$35.07
SKY,Skyline Champion Corp.,0.018,2,$88.12,1.42,$90.31,$63.69,41.80,$99.17
LHX,L3Harris Technologies Inc.,0.018,2,$290.59,1.49,$263.73,$261.55,0.83,$376.39
FG,F&G Annuities & Life Inc.,0.018,1,,1.44,$22.92,$20.16,13.69,$34.42
EQX,Equinox Gold Corp,0.018,1,,1.47,$13.87,$8.03,72.73,$18.88
CRWV,Coreweave Inc Cl A,0.018,1,,1.44,$88.75,$60.55,46.57,$153.20
SWX,Southwest Gas Holdings Inc.,0.018,1,,1.51,$89.18,$74.00,20.51,$93.81
PAYC,Paycom Software Inc.,0.017,3,$125.68,0.70,$230.14,$104.16,120.95,$232.41
FDS,FactSet Research Systems,0.017,3,$230.08,0.65,$301.24,$183.16,64.47,$380.04
BKD,Brookdale Senior Living Inc.,0.017,3,$16.09,1.27,$12.20,$7.29,67.35,$17.09
AMP,Ameriprise Financial Inc.,0.017,3,$458.73,0.90,$559.27,$419.52,33.31,$572.56
CTAS,Cintas Corp.,0.017,3,$170.08,1.38,$204.92,$160.31,27.83,$218.60
BXP,BXP Inc.,0.017,3,$66.31,1.04,$71.11,$48.54,46.50,$75.95
RRX,Regal Rexnord Corp.,0.017,2,$238.19,1.43,$163.13,$127.19,28.26,$247.80
ITIC,Investors Title Co.,0.017,2,$273.68,0.96,$299.67,$208.91,43.44,$299.67
MMYT,MakeMyTrip Ltd,0.017,2,$53.29,1.39,$61.05,$32.67,86.87,$103.56
NAMS,Newamsterdam Pharma Co Nv,0.017,2,$33.89,1.00,$27.27,$23.05,18.31,$42.21
PINS,Pinterest Inc.,0.017,2,$21.03,1.14,$23.39,$13.84,69.00,$38.57
EXPE,Expedia Group Inc.,0.017,2,$255.88,1.43,$335.61,$184.55,81.85,$341.09
MANE,Veradermics Inc,0.017,2,$122.94,0.88,$102.89,$32.00,221.53,$131.24
DGX,Quest Diagnostics,0.017,2,$212.00,1.42,$243.46,$168.97,44.08,$246.00
JBLU,JetBlue Airways Corp.,0.017,1,,1.43,$5.03,$3.87,29.97,$6.62
STUB,Stubhub Holdings Inc Class A,0.017,1,,1.39,$6.73,$5.74,17.25,$27.89
MATW,Matthews Intl Corp. A,0.017,1,,1.37,$21.53,$20.87,3.16,$30.32
FSV,Firstservice Corp,0.017,1,,1.41,$143.94,$119.15,20.81,$208.07
ALX,Alexander's Inc.,0.017,1,,1.42,$271.17,$190.65,42.23,$284.73
AKAM,Akamai Technologies Inc.,0.017,1,,1.40,$104.67,$70.82,47.80,$165.45
NTES,NetEase.com Inc.,0.016,3,$128.14,0.80,$128.30,$105.44,21.68,$156.41
POOL,Pool Corp.,0.016,2,$214.93,1.06,$185.96,$171.55,8.40,$327.90
FUL,H.B. Fuller Co.,0.016,2,$58.29,1.30,$56.79,$48.30,17.58,$68.05
GSHD,Goosehead Insurance Inc.,0.016,2,$48.50,0.87,$72.07,$33.68,113.98,$89.24
RGA,Reinsurance Group of America Inc.,0.016,2,$212.65,1.33,$244.60,$175.13,39.67,$250.00
PRM,Perimeter Solutions SA,0.016,2,$35.65,1.11,$31.43,$19.70,59.54,$38.17
SHAZ,Sharonai Holdings Inc,0.016,2,$84.66,0.65,$60.61,$1.90,3090.00,$178.00
NOC,Northrop Grumman Corp.,0.016,2,$509.32,1.24,$544.57,$479.02,13.68,$770.61
BAM,Brookfield Asset Management,0.016,2,$44.85,0.75,$52.53,$41.77,25.76,$60.77
UPBD,Upbound Group Inc.,0.016,1,,1.29,$19.26,$14.83,29.87,$25.85
OSG,Octave Specialty Group Inc.,0.016,1,,1.34,$4.54,$3.88,17.01,$10.38
ACIW,ACI Worldwide Inc.,0.016,1,,1.28,$52.25,$38.05,37.32,$61.08
SAM,Boston Beer Company,0.016,1,,1.35,$188.54,$158.68,18.82,$264.46
AZO,AutoZone Inc.,0.016,1,,1.34,$3044.41,$2902.20,4.90,$4388.11
NICE,Nice Ltd Spon ADR,0.016,1,,1.32,$99.33,$83.10,19.53,$153.68
NVS,Novartis AG,0.015,5,$156.73,0.84,$159.84,$118.00,35.46,$165.46
FITB,Fifth Third Bancorp,0.015,3,$56.37,0.65,$54.88,$39.08,40.43,$59.50
NTR,Nutrien Ltd.,0.015,2,$62.95,1.04,$73.16,$51.72,41.45,$83.98
WRB,W.R. Berkley Corp.,0.015,2,$70.53,1.21,$68.87,$62.31,10.53,$77.45
DLR,Digital Realty Trust Inc.,0.015,2,$179.58,1.18,$192.45,$144.28,33.39,$207.47
ARLP,Alliance Resource Partners LP,0.015,2,$23.98,1.06,$26.34,$20.15,30.72,$28.08
MKTX,MarketAxess Holdings Inc.,0.015,2,$113.50,1.25,$162.56,$108.23,50.20,$193.95
CALM,Cal-Maine Foods Inc.,0.015,2,$80.56,1.18,$84.16,$70.97,18.59,$114.09
CRK,Comstock Resources Inc.,0.015,1,,1.26,$14.13,$12.12,16.58,$28.10
MTH,Meritage Homes Corp.,0.015,1,,1.26,$72.74,$57.65,26.18,$85.38
PB,Prosperity Bancshares Inc.,0.015,1,,1.19,$72.57,$59.51,21.95,$75.87
OPCH,Option Care Health Inc.,0.015,1,,1.26,$23.40,$18.01,29.93,$36.80
YPF,YPF S.A.,0.015,1,,1.19,$49.79,$22.82,118.19,$57.49
CLW,Clearwater Paper Corp.,0.015,1,,1.26,$21.53,$11.73,83.55,$23.59
DOLE,Dole Food Company,0.015,1,,1.25,$13.45,$12.30,9.35,$16.38
HLN,Haleon Plc ADR,0.014,5,$9.33,0.73,$10.17,$8.54,19.09,$11.06
IVV,Ishares Core S&P 500 ETF,0.014,3,$748.90,0.86,$768.58,$630.45,21.91,$783.09
GD,General Dynamics,0.014,3,$354.24,1.05,$376.42,$305.43,23.24,$400.00
BCS,Barclays plc ADR,0.014,2,$26.86,1.16,$27.20,$18.85,44.30,$28.37
SBAC,SBA Communications Corp.,0.014,2,$176.46,1.14,$186.30,$160.33,16.20,$221.58
SUPN,Supernus Pharmaceuticals,0.014,1,,1.14,$45.18,$42.45,6.43,$59.68
VLO,Valero Energy,0.014,1,,1.12,$344.57,$141.30,143.86,$353.00
ICFI,ICF International Inc.,0.014,1,,1.15,$88.56,$58.71,50.84,$100.91
ALG,Alamo Group Inc.,0.014,1,,1.11,$162.05,$145.46,11.41,$220.04
ADT,ADT Inc.,0.014,1,,1.16,$7.48,$6.15,21.63,$8.73
JAZZ,Jazz Pharmaceuticals plc,0.013,2,$240.97,1.10,$258.92,$122.50,111.36,$265.05
TAC,TransAlta Corp.,0.013,2,$13.83,1.10,$12.28,$11.34,8.29,$17.69
AXS,Axis Capital Holdings Ltd.,0.013,2,$107.44,1.00,$99.14,$86.98,13.98,$119.99
ABR,Arbor Realty Trust Inc.,0.013,2,$5.42,0.78,$5.18,$4.58,13.10,$11.02
FMS,Fresenius Medical Care AG & Co KCaG,0.013,2,$22.61,1.00,$23.47,$19.24,21.99,$26.57
VMRK,Vivmark Residential,0.013,2,$67.93,1.07,$68.10,$56.30,20.96,$71.50
COMP,Compass Inc.,0.013,2,$12.33,0.66,$11.74,$6.37,84.30,$13.96
FOXA,Fox Corporation,0.013,2,$52.16,0.76,$69.45,$48.34,43.67,$76.02
CASH,Meta Financial Group Inc.,0.013,1,,1.10,$83.78,$65.75,27.42,$101.20
AGCO,AGCO Corp.,0.013,1,,1.06,$110.94,$98.22,12.95,$142.68
HWM,Howmet Aerospace Inc.,0.013,1,,1.06,$264.35,$170.46,55.08,$309.85
MNRO,Monro Inc.,0.013,1,,1.05,$13.65,$11.06,23.42,$23.19
RWAY,Runway Growth Finance Corp,0.013,1,,1.04,$6.56,$4.94,32.79,$9.15
CPRX-OLD,Catalyst Pharmaceuticals Inc.,0.013,1,,1.06,$31.50,$19.05,65.35,$32.56
MSTR,MicroStrategy Inc.,0.013,1,,1.03,$127.55,$81.81,55.91,$365.21
COLL,Collegium Pharmaceutical Inc.,0.013,1,,1.06,$27.47,$25.47,7.85,$50.79
MYRG,MYR Group Inc.,0.013,1,,1.05,$297.03,$171.51,73.19,$503.57
G,Genpact Ltd.,0.012,5,$27.50,0.44,$37.00,$26.85,37.80,$48.12
SNY,Sanofi Aventis,0.012,4,$42.66,0.63,$45.88,$40.89,12.20,$49.91
DOW,Dow Inc.,0.012,3,$27.36,1.00,$30.59,$19.91,53.64,$42.31
TREX,Trex Company Inc.,0.012,2,$50.04,0.91,$46.66,$29.77,56.73,$66.06
EXR,Extra Space Storage Inc.,0.012,2,$145.30,0.93,$145.09,$121.45,19.46,$158.88
BKR,Baker Hughes Co.,0.012,2,$55.50,1.01,$62.37,$43.24,44.24,$69.92
NE,Noble Corp.,0.012,2,$37.30,0.86,$45.77,$25.73,77.89,$54.39
DAR,Darling Ingredients Inc.,0.012,2,$54.62,0.96,$62.76,$29.15,115.30,$69.98
KALU,Kaiser Aluminum Corp.,0.012,2,$195.62,0.93,$153.00,$71.41,114.26,$199.89
KN,Knowles Corp.,0.012,2,$41.48,0.94,$33.67,$20.57,63.68,$42.93
CRDO,Credo Technology Group Holdi,0.012,2,$271.95,1.00,$224.72,$86.49,159.82,$308.67
GL,Globe Life Inc.,0.012,2,$178.68,0.71,$172.46,$127.06,35.73,$191.55
UGI,UGI Corp.,0.012,2,$34.54,0.99,$38.38,$30.66,25.18,$40.48
SMG,Scotts Miracle-Gro Co.,0.012,1,,0.96,$61.85,$49.95,23.82,$74.53
XMTR,Xometry Inc.,0.012,1,,0.95,$86.79,$35.86,142.02,$106.08
PBF,PBF Energy Inc.,0.012,1,,0.95,$67.90,$23.57,188.08,$75.68
FWONA,Liberty Media Corp Formula One Series A,0.012,1,,0.95,$95.97,$73.70,30.22,$99.52
WCN,Waste Connections,0.012,1,,0.99,$166.94,$146.58,13.89,$183.75
BBW,Build-A-Bear Workshop Inc.,0.012,1,,0.97,$38.92,$29.35,32.61,$74.33
BATRA,Atlanta Braves Holdings Inc. Series A,0.012,1,,1.01,$57.73,$41.50,39.11,$58.37
IVZ,Invesco Ltd,0.012,1,,1.01,$32.90,$20.03,64.25,$32.92
MDB,MongoDB Inc.,0.012,1,,0.99,$401.34,$212.31,89.03,$473.10
EDU,New Oriental Education & Technology,0.012,1,,0.99,$57.12,$44.25,29.08,$64.22
FOA,Finance Of America Companies Inc.,0.012,1,,1.00,$19.62,$15.77,24.41,$29.79
YMM,Full Truck Alliance Spn ADR,0.012,1,,0.96,$8.73,$7.38,18.29,$13.69
VTOL,Bristow Group Inc.,0.012,1,,0.95,$45.79,$34.73,31.85,$50.10
SU,Suncor Energy Inc.,0.011,4,$53.69,0.71,$66.09,$36.86,79.30,$69.83
HRL,Hormel Foods Corp.,0.011,3,$24.82,0.77,$23.78,$19.47,22.14,$27.73
ACMR,ACM Research Inc.,0.011,3,$126.89,0.92,$79.52,$26.10,204.67,$127.19
AUR,Aurora Innovation Inc.,0.011,3,$6.82,0.72,$5.92,$3.60,64.44,$8.57
SOFI,SoFi Technologies Inc.,0.011,2,$17.93,0.90,$18.81,$14.88,26.41,$32.73
PHG,Koninklijke Philips Electronics NV,0.011,2,$27.19,0.90,$27.41,$23.85,14.93,$32.18
AM,Antero Midstream Corp.,0.011,2,$22.75,0.90,$22.06,$16.41,34.43,$23.35
AAP,Advance Auto Parts,0.011,2,$62.22,0.80,$43.62,$37.33,16.85,$64.62
ELAN,Elanco Animal Health Inc.,0.011,2,$24.61,0.87,$25.33,$17.11,48.04,$27.98
W,Wayfair Inc.,0.011,2,$92.42,0.90,$104.05,$55.60,87.14,$119.98
LZAGY,Lonza Group Ag Unspon ADR,0.011,1,,0.92,$73.87,$57.99,27.38,$74.00
NWL,Newell Brands Inc.,0.011,1,,0.87,$5.99,$2.91,105.84,$7.13
CZR,Caesars Entertainment,0.011,1,,0.89,$29.68,$17.86,66.18,$30.88
KD,Kyndryl Holdings Inc,0.011,1,,0.87,$12.77,$10.10,26.44,$33.90
AAON,AAON Inc.,0.011,1,,0.87,$75.79,$73.05,3.75,$150.36
COST,Costco Co.,0.010,7,$935.41,0.35,$963.27,$840.35,14.63,$1094.76
SHEL,Shell plc,0.010,5,$77.54,0.59,$92.50,$66.79,38.49,$94.70
IJR,Ishares Core S&P Small Cap E,0.010,3,$148.32,0.84,$146.44,$110.97,31.96,$150.69
VBIL,Vanguard 0 3m T Bill ETF,0.010,2,$75.68,0.58,$75.67,$72.89,3.81,$75.67
LIND,Lindblad Expeditions Hldgs Inc.,0.010,2,$28.24,0.78,$31.85,$11.37,180.12,$35.00
DT,Dynatrace Inc.,0.010,2,$43.92,0.43,$50.01,$31.64,58.06,$53.29
GFI,Gold Fields Ltd.,0.010,2,$33.59,0.63,$48.60,$30.53,59.19,$59.90
KR,Kroger Co.,0.010,2,$55.53,0.72,$58.30,$53.78,8.40,$75.66
TEM,Tempus Ai Inc,0.010,2,$57.93,0.77,$69.78,$40.77,71.16,$104.32
BCO,Brink's Co.,0.010,1,,0.86,$110.88,$90.86,22.03,$135.75
SLDE,Slide Insurance Holdings Inc,0.010,1,,0.84,$23.21,$12.49,85.83,$23.75
EEFT,Euronet Worldwide Inc.,0.010,1,,0.81,$70.51,$62.50,12.82,$98.48
WAL,Western Alliance Bancorp,0.010,1,,0.81,$79.69,$65.11,22.39,$95.75
QLYS,Qualys Inc.,0.010,1,,0.86,$174.91,$74.51,134.75,$201.54
NDAQ,Nasdaq Inc.,0.010,1,,0.85,$98.96,$76.55,29.27,$101.10
VNO,Vornado Realty Trust,0.010,1,,0.83,$39.58,$24.57,61.09,$42.43
TIC,Acuren Corporation,0.010,1,,0.83,$9.57,$6.36,50.47,$14.94
PCVX,Vaxcyte Inc.,0.010,1,,0.85,$61.89,$29.87,107.20,$65.00
CET,Central Securities Corp.,0.010,1,,0.85,$55.20,$46.85,17.82,$55.99
BRBR,BellRing Brands Inc. CL A,0.010,1,,0.84,$10.63,$7.82,35.93,$43.02
CFG,Citizens Financial Group Inc.,0.010,1,,0.82,$69.84,$46.55,50.03,$75.33
DUSA,Davis Select Us Equity ETF,0.010,1,,0.82,$57.04,$46.06,23.84,$58.53
CIGI,Colliers International Group Inc.,0.009,4,$93.70,0.60,$105.52,$88.24,19.58,$171.06
IWR,Ishares Russell Mid Cap ETF,0.009,3,$110.27,0.53,$112.89,$90.78,24.36,$114.97
MLKN,MillerKnoll Inc.,0.009,3,$20.46,0.52,$23.04,$13.34,72.71,$24.71
RJF,Raymond James Financial Inc.,0.009,2,$152.03,0.75,$174.75,$138.33,26.33,$182.73
CFR,Cullen Frost Bankers,0.009,2,$154.52,0.71,$162.72,$116.34,39.87,$170.80
AVB-OLD,AvalonBay Communities,0.009,2,$188.69,0.72,$184.30,$157.12,17.30,$198.63
MPWR,Monolithic Power Systems,0.009,2,$1382.24,0.76,$1305.89,$795.40,64.18,$1711.48
HPQ,HP Inc.,0.009,2,$21.93,0.49,$29.31,$17.07,71.70,$32.19
OCFC,OceanFirst Financial Corp.,0.009,1,,0.77,$18.86,$16.44,14.72,$20.12
FR,First Industrial Realty Trust Inc.,0.009,1,,0.76,$63.32,$49.03,29.15,$69.88
EME,Emcor Group,0.009,1,,0.74,$738.23,$564.01,30.89,$951.47
PSUS,Pershing Square Usa Ltd,0.009,1,,0.77,$39.30,$35.71,10.05,$44.00
HAS,Hasbro Inc.,0.009,1,,0.73,$97.14,$67.33,44.27,$104.60
RIOT,Riot Blockchain Inc.,0.009,1,,0.70,$21.40,$11.50,86.09,$30.32
CTRN,Citi Trends Inc.,0.009,1,,0.74,$71.31,$29.60,140.91,$77.91
MMM,3M Co.,0.008,4,$161.92,0.52,$180.06,$138.02,30.46,$184.09
BMI,Badger Meter Inc.,0.008,3,$148.38,0.31,$134.85,$111.72,20.70,$202.32
TROW,T. Rowe Price Group,0.008,3,$113.63,0.30,$112.93,$84.21,34.11,$122.00
ITW,Illinois Tool Works,0.008,2,$270.47,0.67,$281.69,$234.38,20.19,$301.92
BTDR,Bitdeer Technologies Group A,0.008,2,$15.87,0.68,$11.34,$6.92,63.87,$27.80
TTE,TotalEnergies SE,0.008,2,$77.76,0.69,$88.74,$56.15,58.04,$93.00
RELX,RELX plc,0.008,2,$31.67,0.61,$35.87,$26.84,33.64,$47.16
KT,KT Corp.,0.008,2,$17.28,0.37,$19.22,$17.13,12.20,$24.58
LXU,LSB Industries Inc.,0.008,2,$10.81,0.66,$10.50,$7.71,36.19,$17.22
FIGR,Figure Technology Solut Cl A,0.008,1,,0.65,$40.17,$24.11,66.61,$78.00
KRYS,Krystal Biotech Inc.,0.008,1,,0.67,$356.29,$136.73,160.58,$382.54
AD,Array Digital Infrastructure Inc.,0.008,1,,0.67,$35.91,$28.86,24.43,$46.04
BXC,BlueLinx Holdings Inc.,0.008,1,,0.64,$81.93,$44.78,82.96,$93.80
TX,Ternium S.A.,0.008,1,,0.65,$54.85,$30.42,80.31,$58.24
SBSI,Southside Bancshares Inc.,0.008,1,,0.66,$31.91,$25.12,27.03,$35.79
DMAC,DiaMedica Therapeutics Inc.,0.008,1,,0.68,$6.68,$5.14,29.96,$10.42
AGO,Assured Guaranty Ltd.,0.008,1,,0.63,$74.73,$72.39,3.23,$91.07
HKHGF,Hongkong Land Holdings Ltd,0.008,1,,0.63,$8.56,$5.56,53.96,$8.63
KRSP,Rice Acquisition Corp 3 A,0.008,1,,0.67,$10.65,$10.21,4.31,$11.89
NWG,NatWest Group Plc,0.008,1,,0.67,$18.86,$12.79,47.46,$19.21
ZD,Ziff Davis Inc.,0.008,1,,0.63,$55.14,$22.45,145.61,$58.06
D,Dominion Energy Inc.,0.008,1,,0.65,$66.99,$54.72,22.42,$72.99
MMS,MAXIMUS Inc.,0.008,1,,0.64,$58.17,$52.42,10.97,$98.42
IPGP,IPG Photonics Corp.,0.008,1,,0.65,$71.21,$69.41,2.59,$155.82
CLX,Clorox Co.,0.007,5,$95.44,0.24,$104.88,$83.72,25.27,$125.83
VTV,Vanguard Value ETF,0.007,3,$217.93,0.60,$226.67,$177.14,27.96,$228.57
TDY,Teledyne Technologies,0.007,3,$666.90,0.56,$626.99,$483.02,29.81,$697.67
MTD,Mettler-Toledo International Inc.,0.007,2,$1277.67,0.32,$1398.17,$1023.05,36.67,$1525.17
EQNR,Equinor ASA,0.007,2,$31.40,0.57,$41.35,$21.54,91.97,$43.17
ING,ING Group NV,0.007,2,$31.38,0.58,$35.24,$22.47,56.83,$35.98
BAH,Booz Allen Hamilton Hldg Corp.,0.007,2,$60.67,0.56,$74.65,$59.05,26.42,$108.00
TNC,Tennant Co.,0.007,2,$87.54,0.55,$69.82,$59.89,16.58,$91.93
AXSM,Axsome Therapeutics Inc.,0.007,2,$244.77,0.54,$201.00,$112.90,78.03,$260.19
SRTA,Strata Critical Medical Inc.,0.007,2,$5.27,0.58,$6.25,$3.85,62.34,$6.50
EPAM,EPAM Systems Inc.,0.007,1,,0.54,$111.22,$73.06,52.23,$222.53
EXPD,Expeditors Int'l,0.007,1,,0.54,$187.94,$111.78,68.13,$189.99
WVE,Wave Life Sciences Ltd.,0.007,1,,0.54,$5.28,$5.01,5.39,$21.73
AS,Amer Sports Inc,0.007,1,,0.57,$31.59,$28.92,9.23,$42.76
ANDG,Andersen Group Inc A,0.007,1,,0.61,$50.83,$18.12,180.52,$51.44
RAL,Ralliant Corp.,0.007,1,,0.54,$62.19,$37.20,67.18,$75.41
VYX,NCR Voyix Corp.,0.007,1,,0.56,$8.08,$6.02,34.22,$13.77
QMCO,Quantum Corp.,0.007,1,,0.59,$21.92,$4.19,423.15,$27.80
MMSI,Merit Medical Systems Inc.,0.007,1,,0.61,$91.69,$59.74,53.48,$94.75
TMUS,T-Mobile US Inc.,0.007,1,,0.56,$181.00,$165.66,9.26,$254.77
FSLR,First Solar Inc.,0.007,1,,0.57,$206.83,$182.99,13.03,$320.95
PAYP,Paypay Corp,0.007,1,,0.55,$16.28,$12.07,34.88,$24.89
GCMG,Gcm Grosvenor Inc Class A,0.007,1,,0.54,$13.57,$9.20,47.50,$14.87
BLTE,Belite Bio Inc ADR,0.007,1,,0.55,$162.06,$62.18,160.63,$200.00
WLTH,Wealthfront Corp,0.007,1,,0.57,$9.32,$7.20,29.44,$14.88
UL,Unilever PLC,0.006,5,$60.12,0.22,$65.24,$53.97,20.88,$73.09
TIGO,Millicom Intl Cellular S.a.,0.006,3,$90.76,0.39,$95.22,$41.60,128.89,$107.13
RNR,RenaissanceRe Holdings Ltd.,0.006,3,$316.90,0.32,$327.45,$230.19,42.25,$335.97
PBR.A,Petroleo Brasil Sp Pref ADR,0.006,2,$14.64,0.49,$15.98,$10.53,51.76,$19.88
PUK,Prudential Plc ADR,0.006,2,$26.81,0.49,$28.39,$24.61,15.36,$33.59
QRVO,Qorvo Inc.,0.006,2,$93.27,0.51,$93.85,$74.92,25.27,$109.49
VLTO,Veralto Corp.,0.006,2,$88.68,0.48,$98.47,$79.91,23.23,$109.28
CYD,China Yuchai Intl Ltd.,0.006,2,$47.42,0.51,$39.24,$28.09,39.69,$60.28
HWKN,Hawkins Inc.,0.006,2,$142.10,0.45,$116.80,$116.80,0.00,$185.12
CX,Cemex,0.006,2,$12.00,0.50,$11.00,$8.66,27.02,$13.64
BEKE,KE Holdings Inc.,0.006,2,$14.53,0.38,$17.93,$13.81,29.83,$20.60
KFY,Korn Ferry,0.006,2,$66.58,0.30,$84.37,$57.98,45.52,$86.22
GLOB,Globant S.A.,0.006,2,$28.94,0.33,$39.81,$27.56,44.45,$72.10
DTE,DTE Energy Co.,0.006,1,,0.53,$136.49,$124.26,9.84,$155.75
ZTO,ZTO Express,0.006,1,,0.48,$21.38,$17.19,24.37,$25.97
NGG,National Grid Plc Sp ADR,0.006,1,,0.53,$81.19,$64.85,25.20,$92.22
CART,Maplebear Inc,0.006,1,,0.51,$51.36,$32.73,56.92,$51.93
WEX,WEX Inc.,0.006,1,,0.47,$200.70,$125.29,60.19,$203.99
FND,Floor & Decor Holdings,0.006,1,,0.46,$54.74,$42.64,28.38,$92.41
NBIX,Neurocrine Biosciences Inc.,0.006,1,,0.49,$153.04,$122.14,25.30,$186.12
SNN,Smith & Nephew plc,0.006,1,,0.49,$29.23,$28.56,2.35,$37.90
MBC,Masterbrand Inc,0.006,1,,0.46,$9.02,$6.61,36.46,$14.22
AIT,Applied Industrial Tech.,0.006,1,,0.53,$336.93,$236.75,42.31,$374.27
BCE,BCE Inc.,0.006,1,,0.51,$23.57,$20.87,12.94,$26.12
PPL,PPL Corp.,0.006,1,,0.49,$35.12,$32.66,7.53,$39.79
IT,Gartner Inc.,0.006,1,,0.49,$198.65,$124.25,59.88,$265.85
AGL,Agilon Health Inc,0.006,1,,0.46,$94.21,$7.48,1159.49,$133.04
DINT,Davis Select International,0.006,1,,0.48,$30.46,$25.69,18.57,$30.75
TWFG,Twfg Inc,0.006,1,,0.53,$31.07,$16.56,87.62,$31.07
CRAI,CRA International Inc.,0.006,1,,0.47,$171.58,$131.66,30.32,$225.67
THG,Hanover Insurance Group,0.006,1,,0.46,$227.15,$164.23,38.31,$236.07
T,AT&T Inc.,0.005,3,$20.70,0.40,$25.69,$19.63,30.87,$28.75
BIL,SPDR Bloomberg 1 3 Month T B,0.005,3,$91.64,0.27,$91.62,$88.32,3.74,$91.62
LPX,Louisiana-Pacific Corp.,0.005,3,$78.66,0.21,$72.43,$65.85,9.99,$99.71
DCI,Donaldson Co.,0.005,3,$89.77,0.38,$92.74,$74.31,24.80,$112.05
EMR,Emerson Electric,0.005,3,$143.16,0.26,$156.13,$121.73,28.26,$165.79
ARCO,Arcos Dorados Holdings Inc.,0.005,3,$8.06,0.26,$8.08,$6.38,26.65,$9.67
FRFHF,Fairfax Financial Holdings Ltd.,0.005,2,$1644.34,0.26,$1631.89,$1500.00,8.79,$1933.22
HALO,Halozyme Therapeutics,0.005,2,$78.26,0.45,$109.08,$61.23,78.15,$109.16
IDA,IDACORP Inc. Hldg. Co.,0.005,2,$151.30,0.43,$138.10,$119.22,15.84,$153.97
EQPT,Equipmentshare.com Inc A,0.005,2,$19.66,0.38,$18.35,$15.71,16.80,$35.50
BWXT,BWX Technologies Inc.,0.005,2,$194.65,0.37,$148.76,$148.65,0.07,$241.12
DWLD,Davis Select Worldwide ETF,0.005,1,,0.38,$48.09,$42.29,13.71,$49.48
DFNL,Davis Select Financial ETF,0.005,1,,0.45,$51.87,$42.56,21.88,$53.09
SARO,Standardaero Inc,0.005,1,,0.41,$24.82,$23.83,4.15,$34.48
SGRY,Surgery Partners Inc.,0.005,1,,0.38,$13.89,$11.41,21.74,$23.66
MEOH,Methanex Corp.,0.005,1,,0.43,$57.66,$31.63,82.30,$66.53
PRG,PROG Holdings Inc.,0.005,1,,0.40,$38.82,$25.48,52.35,$47.57
TAL,TAL Education Group,0.005,1,,0.43,$11.60,$8.88,30.63,$13.37
AQN,Algonquin Power & Utilities,0.005,1,,0.39,$5.76,$5.13,12.28,$6.95
CNO,CNO Financial Group Inc.,0.005,1,,0.37,$54.21,$37.76,43.56,$57.59
SION,Sionna Therapeutics Inc,0.005,1,,0.40,$6.12,$4.01,52.62,$54.97
SMPL,Simply Good Foods Co.,0.005,1,,0.42,$10.80,$9.88,9.31,$29.98
FRPH,FRP Holdings Inc.,0.005,1,,0.43,$22.83,$20.53,11.20,$26.32
QURE,uniQure NV,0.005,1,,0.38,$50.48,$8.73,478.24,$71.50
WHR,Whirlpool Corp.,0.005,1,,0.38,$40.68,$35.45,14.75,$94.09
SMIN,Ishares Msci India Small Cap,0.005,1,,0.42,$72.08,$57.78,24.75,$74.41
SOPH,Sophia Genetics SA,0.005,1,,0.42,$8.74,$3.10,181.94,$8.84
ORKA,Oruka Therapeutics Inc,0.005,1,,0.41,$100.33,$14.34,599.65,$115.52
SNDX,Syndax Pharmaceuticals Inc.,0.005,1,,0.43,$20.07,$12.99,54.50,$25.59
LKFT,Lakefront Biotherapeutics,0.005,1,,0.37,$29.59,$25.68,15.23,$37.78
SUN,Sunoco Inc.,0.005,1,,0.43,$75.13,$45.10,66.59,$78.00
PKG,Packaging Corp. of America,0.005,1,,0.45,$246.77,$187.98,31.27,$259.98
WK,Workiva Inc.,0.005,1,,0.37,$73.92,$43.34,70.56,$97.10
MLCO,Melco Resorts & Entertainment,0.005,1,,0.44,$5.47,$5.07,7.89,$10.15
KGS,Kodiak Gas Services Inc,0.005,1,,0.39,$60.18,$31.37,91.84,$77.10
HAL,Halliburton Co.,0.005,1,,0.39,$33.94,$21.07,61.08,$43.41
HDB,HDFC Bank Ltd.,0.004,5,$25.83,0.12,$23.74,$22.26,6.65,$36.79
VTI,Vanguard Total Stock Mkt ETF,0.004,5,$370.00,0.19,$377.64,$309.51,22.01,$385.12
CCK,Crown Holdings,0.004,4,$111.82,0.19,$119.60,$88.12,35.72,$122.91
ONB,Old National Bancorp,0.004,3,$25.90,0.22,$25.61,$19.04,34.51,$27.36
LBRDA-OLD,Liberty Broadband Corp. CL A,0.004,3,$33.28,0.29,$35.98,$26.14,37.64,$65.40
HPE,Hewlett Packard Enterprise,0.004,3,$45.11,0.34,$53.43,$19.62,172.32,$64.06
SMFG,Sumitomo Mitsui Spons ADR,0.004,2,$23.58,0.36,$25.08,$15.18,65.22,$26.67
HLI,Houlihan Lokey Inc.,0.004,2,$134.13,0.33,$128.51,$112.83,13.90,$209.24
MDY,SPDR S&P Midcap 400 ETF Trst,0.004,2,$703.33,0.34,$693.13,$563.38,23.03,$717.35
AFL,AFLAC Inc.,0.004,2,$117.24,0.28,$116.54,$102.51,13.69,$129.57
COO,Cooper Cos Inc,0.004,2,$71.72,0.25,$73.85,$58.89,25.40,$89.83
UHAL,U-Haul Holding Co.,0.004,2,$65.44,0.26,$70.39,$41.95,67.79,$76.45
VIST,"Vista Oil & Gas, S.A.B. de C.V.",0.004,2,$63.80,0.35,$67.87,$31.63,114.57,$81.44
FCN,FTI Consulting Inc.,0.004,1,,0.30,$153.23,$137.65,11.32,$189.30
GLPI,Gaming and Leisure Properties Inc.,0.004,1,,0.32,$43.20,$39.81,8.52,$48.30
PAGS,PagSeguro Digital Ltd.,0.004,1,,0.31,$8.83,$8.03,9.96,$12.03
ALNY,Alnylam Pharmaceuticals,0.004,1,,0.31,$239.28,$197.81,20.96,$495.55
COYA,Coya Therapeutics Inc,0.004,1,,0.35,$5.03,$3.71,35.58,$7.75
ZM,Zoom Video Communications Inc.,0.004,1,,0.32,$101.70,$70.70,43.85,$114.74
PIPR,Piper Sandler Companies,0.004,1,,0.36,$74.32,$68.52,8.46,$93.05
PCAR,PACCAR Inc.,0.004,1,,0.35,$129.48,$90.03,43.82,$138.87
TCHP,T Rowe Price Blue Chip Growth ETF,0.004,1,,0.31,$50.30,$42.26,19.03,$53.26
SDGR,SCHRODINGER Inc.,0.004,1,,0.33,$19.75,$10.95,80.37,$23.02
CCU,Compania Cervecerias Unidas SA,0.004,1,,0.30,$12.70,$10.56,20.27,$15.15
BTSG,Brightspring Health Services,0.004,1,,0.32,$57.06,$22.86,149.61,$73.75
MINE,Mayfair Gold Corp,0.004,1,,0.29,$3.17,$2.16,46.76,$4.88
INBX,Inhibrx,0.004,1,,0.30,$120.60,$24.27,396.91,$155.29
SLQT,Selectquote Inc.,0.004,1,,0.32,$0.52,$0.52,0.00,$2.75
AGI,Alamos Gold Inc.,0.004,1,,0.31,$39.03,$27.05,44.29,$55.30
PRDO,Perdoceo Education Corp.,0.004,1,,0.30,$33.36,$26.27,26.99,$38.32
INDA,iShares MSCI India ETF,0.004,1,,0.34,$50.26,$45.21,11.17,$55.50
PHVS,Pharvaris NV,0.004,1,,0.36,$37.03,$20.65,79.32,$38.13
XEL,Xcel Energy Inc.,0.004,1,,0.29,$77.36,$69.16,11.86,$83.22
ATKR,Atkore International Group Inc.,0.004,1,,0.30,$93.65,$53.32,75.64,$93.81
SFM,Sprouts Farmers Market Inc.,0.004,1,,0.35,$85.80,$64.75,32.51,$147.16
GNE,Genie Energy Ltd.,0.004,1,,0.35,$15.31,$12.56,21.89,$15.95
EVLV,Evolv Technologies Holdings,0.004,1,,0.34,$5.36,$4.87,10.06,$8.81
JGRW,Jensen Quality Growth ETF,0.004,1,,0.36,$28.36,$23.56,20.37,$28.96
SWIM,Latham Group Inc,0.004,1,,0.32,$7.06,$4.64,52.16,$8.97
VUG,Vanguard Growth ETF,0.003,6,$86.16,0.13,$87.24,$69.56,25.42,$90.50
SPY,SPDR S&P 500 ETF Trust,0.003,6,$746.85,0.06,$764.92,$627.66,21.87,$779.37
RSP,Invesco S&P 500 Equal Weight,0.003,4,$212.87,0.22,$221.76,$179.92,23.25,$223.44
SNPS,Synopsys Inc.,0.003,4,$446.14,0.16,$404.18,$366.00,10.43,$615.79
VWO,Vanguard FTSE Emerging Marke,0.003,4,$59.69,0.22,$60.57,$49.71,21.85,$61.52
VIG,Vanguard Dividend Apprec ETF,0.003,3,$236.65,0.21,$244.33,$205.38,18.96,$247.45
IWM,iShares Russell 2000 ETF,0.003,3,$300.49,0.25,$298.75,$227.19,31.50,$305.18
ALL,Allstate Corp.,0.003,3,$237.94,0.28,$257.60,$185.28,39.03,$277.22
BC,Brunswick Corp.,0.003,2,$84.24,0.21,$80.03,$57.26,39.77,$88.81
COLB,Columbia Banking System Inc.,0.003,2,$32.05,0.20,$30.44,$22.94,32.69,$33.68
VO,Vanguard Mid Cap ETF,0.003,2,$80.57,0.25,$82.78,$68.69,20.51,$84.59
ASB,Associated Banc-Corp,0.003,2,$30.77,0.18,$30.78,$23.23,32.50,$32.46
SEIC,SEI Investments,0.003,2,$87.74,0.12,$110.95,$74.64,48.65,$111.90
ALSN,Allison Transmission Holdings,0.003,2,$112.75,0.19,$131.35,$75.21,74.64,$136.97
AYI,Acuity Brands Inc.,0.003,2,$376.66,0.25,$339.33,$256.71,32.18,$379.43
CNXC,Concentrix Corp.,0.003,2,$22.41,0.22,$26.62,$18.81,41.52,$55.22
HAFN,Hafnia Ltd,0.003,2,$6.62,0.21,$8.19,$4.86,68.52,$9.18
THO,Thor Industries,0.003,2,$75.17,0.15,$79.18,$69.23,14.37,$121.16
BSY,Bentley Systems Inc Class B,0.003,1,,0.27,$36.65,$28.08,30.52,$56.94
VSTM,Verastem Inc.,0.003,1,,0.27,$7.11,$3.43,107.29,$11.25
FBAK,First National Bank Alaska,0.003,1,,0.25,$202.54,$165.01,22.74,$211.60
JKHY,Jack Henry & Associates Inc.,0.003,1,,0.26,$173.26,$121.04,43.14,$191.83
PS,Pershing Square Inc.,0.003,1,,0.24,$42.45,$21.93,93.57,$54.75
GIII,G-III Apparel Group,0.003,1,,0.22,$33.25,$24.45,35.99,$37.54
LEGH,Legacy Housing Corp.,0.003,1,,0.24,$28.58,$18.29,56.26,$31.34
LBRT,Liberty Oilfield Services Inc.,0.003,1,,0.21,$18.55,$9.79,89.48,$34.38
BMM,Blue Moon Metals Inc,0.003,1,,0.28,$5.68,$3.47,63.69,$8.63
NTB,Bank of N.T. Butterfield & Son Ltd,0.003,1,,0.26,$58.40,$39.10,49.36,$64.17
SMRT,SmartRent Inc.,0.003,1,,0.24,$1.43,$0.91,57.14,$2.20
GLDM,SPDR Gold Minishares Trust,0.003,1,,0.22,$91.97,$66.60,38.09,$109.74
OVV,Ovintiv Inc.,0.003,1,,0.21,$65.05,$34.83,86.76,$67.44
RUSHB,Rush Enterprises Inc. - CL B,0.003,1,,0.21,$77.21,$47.43,62.79,$81.52
CGAU,Centerra Gold Inc,0.003,1,,0.22,$23.88,$7.55,216.29,$24.32
RCL,Royal Caribbean Cruises Ltd.,0.003,1,,0.21,$291.76,$230.90,26.36,$360.34
L,Loews Corp.,0.003,1,,0.27,$110.82,$94.88,16.80,$120.94
PLOW,Douglas Dynamics,0.003,1,,0.22,$41.47,$27.89,48.69,$55.00
HGTY,Hagerty Inc.,0.003,1,,0.27,$13.18,$9.36,40.81,$14.00
LESL,Leslie's Inc.,0.003,1,,0.24,$0.64,$0.55,16.36,$12.53
OGC,Oceanagold Corp,0.003,1,,0.25,$31.00,$16.68,85.85,$42.96
MO,Altria Group Inc.,0.002,5,$71.95,0.12,$67.97,$53.01,28.22,$77.06
IWD,Ishares Russell 1000 Value E,0.002,4,$244.40,0.12,$258.14,$195.93,31.75,$260.19
NUE,Nucor Corp.,0.002,3,$222.78,0.14,$247.45,$130.11,90.19,$280.11
OEC,Orion SA,0.002,3,$6.63,0.09,$5.96,$4.28,39.25,$10.70
AIR,AAR Corp.,0.002,3,$142.94,0.11,$134.64,$73.05,84.31,$154.00
AEBI,Aebi Schmidt Holding Ag,0.002,3,$12.55,0.16,$12.24,$8.87,37.99,$15.87
AMT,American Tower Corp.,0.002,3,$163.57,0.09,$177.95,$160.06,11.18,$204.03
APLD,Applied Digital Corp,0.002,3,$37.30,0.14,$28.68,$13.16,117.93,$50.73
ACWI,iShares MSCI ACWI ETF,0.002,3,$156.97,0.16,$160.87,$129.53,24.20,$162.80
PAAS,Pan American Silver Corp.,0.002,2,$44.79,0.18,$53.85,$31.90,68.81,$69.34
SNA,Snap-On Inc.,0.002,2,$402.37,0.12,$394.38,$310.78,26.90,$420.41
HLT,Hilton Worldwide Holdings,0.002,2,$330.48,0.12,$330.52,$253.04,30.62,$357.84
HUN,Huntsman Corp.,0.002,2,$10.62,0.16,$9.49,$7.15,32.73,$16.09
SMHI,SEACOR Marine Holdings Inc.,0.002,2,$7.65,0.18,$9.73,$5.55,75.32,$10.00
TD,Toronto-Dominion Bank,0.002,2,$121.55,0.13,$118.71,$70.42,68.57,$125.47
CECO,CECO Environmental Corp.,0.002,2,$90.74,0.11,$70.56,$42.78,64.94,$101.24
PLXS,Plexus Corp.,0.002,2,$300.67,0.11,$239.35,$132.03,81.28,$307.06
RF,Regions Financial Corp.,0.002,2,$30.20,0.16,$30.57,$22.04,38.70,$32.47
ERO,Ero Copper Corp,0.002,2,$26.74,0.19,$39.94,$13.91,187.13,$39.94
IBN,ICICI Bank Ltd.,0.002,2,$29.03,0.14,$30.20,$24.87,21.43,$32.76
IWN,Ishares Russell 2000 Value E,0.002,2,$221.16,0.17,$224.46,$166.72,34.63,$227.86
NUVB,Nuvation Bio Inc.,0.002,2,$5.68,0.13,$6.94,$2.84,144.37,$9.75
MANH,Manhattan Associates,0.002,2,$139.25,0.18,$211.20,$119.06,77.39,$220.31
HONA,Honeywell Aerospace Inc,0.002,2,$221.08,0.20,$160.40,$150.03,6.91,$266.62
FIX,Comfort Systems USA Inc.,0.002,2,$1981.92,0.20,$1559.50,$668.82,133.17,$2072.10
LPG,Dorian LPG Ltd,0.002,2,$34.79,0.11,$50.77,$22.18,128.90,$52.10
VALE,Vale SA,0.002,2,$15.04,0.19,$15.15,$9.47,59.98,$17.45
MTDR,Matador Resources Co.,0.002,2,$49.79,0.14,$55.76,$35.98,54.97,$65.88
VREX,Varex Imaging Corp.,0.002,2,$10.43,0.13,$18.51,$9.09,103.63,$18.63
MX,MagnaChip Semiconductor Corp.,0.002,2,$4.73,0.19,$3.26,$2.18,49.54,$9.86
HXL,Hexcel Corp.,0.002,1,,0.14,$93.58,$59.77,56.57,$111.54
GT,Goodyear Tire & Rubber,0.002,1,,0.13,$6.10,$5.43,12.34,$10.62
MOAT,Vaneck Morningstar Wide Moat,0.002,1,,0.14,$113.98,$94.07,21.17,$115.05
WB,Weibo Corp.,0.002,1,,0.18,$7.10,$6.89,3.05,$12.11
BULL,Webull Corp,0.002,1,,0.18,$8.94,$4.50,98.67,$16.04
XLE,Energy Select Sector SPDR,0.002,1,,0.15,$62.49,$41.42,50.87,$64.70
LILA,Liberty LiLAC Group A,0.002,1,,0.17,$8.65,$4.73,82.88,$8.90
GDXJ,Vaneck Junior Gold Miners,0.002,1,,0.20,$135.45,$74.12,82.74,$157.49
VSS,Vanguard FTSE All Wo X Us Sc,0.002,1,,0.14,$160.51,$132.72,20.94,$162.02
NSSC,Napco Security Technologies Inc.,0.002,1,,0.17,$36.39,$31.02,17.31,$51.77
HR,Healthcare Realty Trust Inc.,0.002,1,,0.13,$19.35,$15.71,23.17,$21.77
IVVD,Invivyd Inc.,0.002,1,,0.15,$0.94,$0.52,80.77,$3.07
EVTC,EVERTEC Inc.,0.002,1,,0.19,$29.74,$21.73,36.86,$36.61
DOCN,DigitalOcean Holdings Inc.,0.002,1,,0.14,$110.58,$30.36,264.23,$187.50
WU,Western Union Co.,0.002,1,,0.16,$7.24,$6.27,15.47,$9.78
RERE,AiHuiShou International Co. Ltd. ADS,0.002,1,,0.16,$3.97,$3.50,13.43,$6.32
FSM,Fortuna Mining Corp.,0.002,1,,0.19,$12.41,$7.32,69.54,$13.85
WSFS,WSFS Financial Corp.,0.002,1,,0.20,$78.64,$49.37,59.29,$82.74
BNTX,Biontech Se ADR,0.002,1,,0.18,$115.25,$79.52,44.93,$124.00
SEDG,SolarEdge Technologies Inc.,0.002,1,,0.18,$30.36,$28.21,7.62,$81.25
NTNX,Nutanix Inc.,0.002,1,,0.20,$66.33,$34.01,95.03,$82.42
HTLD,Heartland Express,0.002,1,,0.16,$12.34,$6.96,77.30,$16.61
CLFD,Clearfield Inc.,0.002,1,,0.14,$29.03,$23.76,22.18,$52.73
ADNT,Adient plc,0.002,1,,0.20,$18.88,$17.68,6.79,$27.32
BRKR,Bruker Corp.,0.002,1,,0.15,$57.82,$28.39,103.66,$65.30
AMTM,Amentum Holdings Inc.,0.002,1,,0.17,$20.18,$19.80,1.92,$38.11
MSM,MSC Industrial Direct,0.002,1,,0.13,$118.30,$76.68,54.28,$130.46
GENI,Genius Sports Ltd,0.002,1,,0.16,$7.84,$3.83,104.70,$13.73
PSLV,Sprott Physical Silver Trust,0.002,1,,0.15,$22.70,$12.90,75.97,$38.13
WGO,Winnebago Industries Inc.,0.002,1,,0.16,$31.66,$26.80,18.13,$49.03
PFG,Principal Financial Group,0.002,1,,0.13,$111.65,$75.84,47.22,$116.61
HTZ,Hertz Global Hldgs Inc.,0.002,1,,0.17,$2.23,$1.45,53.79,$8.18
KOP,Koppers Holdings Inc.,0.002,1,,0.14,$45.60,$24.82,83.72,$53.00
SHOE,Shoe Carnival Inc.,0.002,1,,0.13,$14.33,$14.00,2.36,$25.61
MMI,Marcus & Millichap Inc.,0.002,1,,0.20,$32.35,$24.20,33.68,$33.55
NOG,Northern Oil and Gas Inc.,0.002,1,,0.16,$26.29,$17.18,53.03,$29.99
SLV,iShares Silver Trust,0.002,1,,0.19,$62.22,$34.61,79.77,$109.83
ORIC,ORIC Pharmaceuticals Inc.,0.002,1,,0.16,$13.90,$7.23,92.25,$14.93
MORN,Morningstar Inc.,0.002,1,,0.15,$215.30,$141.06,52.63,$263.01
LAB,Standard Biotools Inc,0.002,1,,0.14,$0.65,$0.63,3.17,$1.72
BUDFF,Anheuser Busch Inbev SA NV,0.002,1,,0.16,$78.00,$57.09,36.63,$86.78
SABR,Sabre Corp.,0.002,1,,0.14,$2.28,$0.81,181.48,$2.30
MBUU,Malibu Boats Inc.,0.002,1,,0.14,$28.54,$23.84,19.71,$39.65
SPRY,Ars Pharmaceuticals Inc,0.002,1,,0.18,$5.60,$4.91,14.05,$14.00
TRP,TC Energy,0.002,1,,0.17,$62.37,$47.80,30.48,$70.90
TRMLF,Tourmaline Oil Corp,0.002,1,,0.18,$45.23,$38.60,17.18,$50.79
IDCC,InterDigital Inc.,0.002,1,,0.13,$343.24,$248.51,38.12,$409.73
SCSC,ScanSource Inc.,0.002,1,,0.17,$55.07,$33.76,63.12,$66.78
RCI,Rogers Communications Inc.,0.002,1,,0.18,$36.48,$31.38,16.25,$40.38
CNP,CenterPoint Energy,0.002,1,,0.20,$39.14,$35.79,9.36,$44.99
FNDF,Schwab Fndmn Intl Lrg Co ETF,0.002,1,,0.15,$55.89,$40.05,39.55,$55.96
EMBC,Embecta Corp,0.002,1,,0.17,$4.91,$2.76,77.90,$15.08
BTE,Baytex Energy Corp.,0.002,1,,0.14,$4.64,$2.06,125.24,$5.34
ZIM,Zim Integrated Shipping Serv,0.002,1,,0.20,$28.11,$11.75,139.23,$29.56
DMRA,Damora Therapeutics Inc.,0.002,1,,0.17,$30.96,$2.45,1163.67,$38.33
NOK,Nokia Corp.,0.002,1,,0.20,$10.30,$4.15,148.19,$17.36
AEG,Aegon Ltd,0.002,1,,0.20,$9.19,$6.56,40.09,$9.61
VT,Vanguard Tot World Stk ETF,0.001,4,$156.95,0.07,$160.78,$129.61,24.05,$162.71
HRI,HERC Holdings Inc.,0.001,3,$143.35,0.04,$156.15,$88.00,77.44,$186.52
CAH,Cardinal Health Inc.,0.001,3,$237.56,0.09,$236.49,$144.37,63.81,$258.30
XLK,Technology Select Sect SPDR,0.001,3,$190.45,0.04,$181.17,$126.53,43.18,$198.49
APA,APA Corp.,0.001,3,$32.57,0.06,$41.69,$20.75,100.92,$45.05
QQQ,Invesco Qqq Trust Series 1,0.001,3,$736.46,0.09,$709.41,$554.99,27.82,$747.83
CW,Curtiss-Wright Corp.,0.001,3,$758.31,0.05,$612.38,$464.78,31.76,$808.16
OTIS,Otis Worldwide Corp.,0.001,3,$71.61,0.07,$72.05,$68.74,4.82,$93.43
MPC,Marathon Petroleum Corp.,0.001,3,$255.59,0.08,$359.89,$160.07,124.83,$367.60
VECO,Veeco Instruments,0.001,3,$75.80,0.06,$47.72,$23.31,104.72,$86.63
JBTM,JBT Marel Corp.,0.001,3,$144.99,0.09,$116.94,$113.23,3.28,$169.81
AEIS,Advanced Energy Industries,0.001,3,$372.88,0.06,$275.66,$143.88,91.59,$397.18
CM,Can Imperial Bk Of Commerce,0.001,2,$115.10,0.10,$118.14,$70.29,68.08,$124.86
SITM,SiTime Corp.,0.001,2,$745.53,0.04,$595.13,$222.12,167.93,$901.81
SIMO,Silicon Motion Technol ADR,0.001,2,$333.35,0.07,$241.80,$75.05,222.19,$354.28
UCTT,Ultra Clean Holdings Inc.,0.001,2,$142.59,0.08,$72.86,$21.49,239.04,$144.22
VPG,Vishay Precision Group,0.001,2,$149.92,0.04,$64.84,$27.54,135.44,$151.78
RXO,Rxo Inc,0.001,2,$27.60,0.06,$21.47,$10.43,105.85,$29.90
HOFT,Hooker Furniture Corp.,0.001,2,$17.83,0.08,$14.03,$8.38,67.42,$18.09
WBS-OLD,Webster Financial Corp.,0.001,2,$76.34,0.05,$77.78,$51.49,51.06,$79.40
LASR,nLight Inc.,0.001,2,$69.62,0.08,$43.57,$27.22,60.07,$86.95
DLO,DLocal Ltd,0.001,2,$13.00,0.05,$15.44,$10.46,47.61,$16.50
GLBAV-OLD,GCI Liberty Inc. Series A,0.001,2,$21.90,0.08,,,,
TALO,Talos Energy Inc.,0.001,2,$12.91,0.05,$16.62,$8.87,87.37,$18.44
LTH,Life Time Group Holdings Inc,0.001,2,$40.84,0.06,$44.52,$24.14,84.42,$47.24
LEVI,Levi Strauss & Co.,0.001,2,$24.83,0.08,$20.92,$17.50,19.54,$25.70
JOYY,JOYY Inc.,0.001,2,$65.99,0.08,$74.75,$47.65,56.87,$76.68
RKLB,Rocket Lab Corp.,0.001,2,$101.58,0.07,$67.52,$37.57,79.72,$151.00
ONTO,Onto Innovation Inc.,0.001,2,$378.43,0.05,$289.95,$101.00,187.08,$386.46
BTG,B2Gold Corp.,0.001,2,$3.75,0.06,$5.87,$3.57,64.43,$6.23
ZGN,Ermenegildo Zegna Nv,0.001,2,$13.02,0.04,$13.66,$8.08,69.06,$15.95
GHM,Graham Corp.,0.001,2,$123.78,0.04,$95.40,$46.58,104.81,$125.82
WMG,Warner Music Group Corp. CL A,0.001,2,$27.07,0.06,$28.01,$23.04,21.57,$34.97
VICR,Vicor Corp.,0.001,2,$379.84,0.05,$193.24,$47.56,306.31,$382.65
CLS,Celestica Inc,0.001,2,$364.81,0.08,$302.21,$183.66,64.55,$474.03
DPZ,Dominos Pizza Inc.,0.001,2,$295.99,0.08,$348.27,$282.00,23.50,$460.13
FTK,Flotek Industries Inc.,0.001,2,$23.52,0.04,$23.67,$10.95,116.16,$39.67
MAMA,Mama's Creations Inc,0.001,2,$17.85,0.04,$16.50,$7.90,108.86,$21.00
BWA,BorgWarner Inc.,0.001,2,$66.40,0.04,$65.26,$40.13,62.62,$78.82
JHX,James Hardie Industries PLC,0.001,2,$26.18,0.06,$30.53,$16.46,85.48,$31.36
BKH,Black Hills,0.001,2,$74.40,0.07,$73.16,$55.88,30.92,$77.21
ROST,Ross Stores Inc.,0.001,2,$212.84,0.09,$241.71,$142.48,69.64,$257.00
BSM,Black Stone Minerals L.P.,0.001,2,$13.97,0.09,$14.97,$10.79,38.74,$15.10
MRVI,Maravai LifeSciences Holdings Inc.,0.001,2,$6.24,0.07,$8.78,$2.28,285.09,$8.87
ASTE,Astec Industries,0.001,2,$61.20,0.03,$43.86,$40.16,9.21,$65.33
FFIV,F5 Networks,0.001,2,$415.93,0.08,$379.29,$223.76,69.51,$435.00
HL,Hecla Mining Co.,0.001,2,$15.41,0.06,$20.73,$7.77,166.80,$34.16
ATRO,Astronics Corp.,0.001,2,$81.26,0.03,$74.72,$35.58,110.01,$99.89
FTI,TechnipFMC plc,0.001,2,$66.26,0.05,$75.47,$35.18,114.53,$80.55
AMN,AMN Healthcare Services,0.001,2,$32.36,0.09,$33.72,$14.97,125.25,$37.22
SHG,Shinhan Financial Group Company,0.001,2,$63.25,0.12,$76.37,$46.26,65.09,$77.54
PLTR,Palantir Technologies Inc.,0.001,2,$116.72,0.04,$173.29,$106.37,62.91,$207.52
RDNT,RadNet Inc.,0.001,2,$61.67,0.08,$76.30,$50.82,50.14,$85.84
DOV,Dover Corp.,0.001,2,$224.29,0.05,$202.11,$157.78,28.10,$236.42
HVT,Haverty Furniture,0.001,1,,0.12,$27.11,$19.04,42.38,$29.83
ASGN,ASGN Inc.,0.001,1,,0.12,,,,
EHC,Encompass Health Corp.,0.001,1,,0.10,$119.72,$92.41,29.55,$127.50
MTRN,Materion Corp.,0.001,1,,0.06,$230.27,$107.36,114.48,$304.40
H,Hyatt Hotels Corp.,0.001,1,,0.08,$178.34,$133.82,33.27,$206.86
BELFB,Bel Fuse Inc. CL B,0.001,1,,0.09,$248.96,$129.82,91.77,$335.20
FROG,JFrog Ltd,0.001,1,,0.07,$88.81,$34.05,160.82,$99.22
EAF,GrafTech International Ltd.,0.001,1,,0.08,$6.63,$4.92,34.76,$20.32
MINN,Mairs & Power Mn Muni Bond,0.001,1,,0.10,$22.05,$21.01,4.95,$22.91
BWLP,Bw Lpg Ltd,0.001,1,,0.09,$25.06,$10.58,136.86,$25.12
TWST,Twist Bioscience Corp.,0.001,1,,0.05,$152.73,$23.30,555.49,$154.17
COHU,Cohu Inc.,0.001,1,,0.07,$50.76,$18.67,171.88,$74.60
HII,Huntington Ingalls Industries,0.001,1,,0.06,$291.90,$260.90,11.88,$458.02
HELE,Helen of Troy Ltd.,0.001,1,,0.06,$28.48,$13.85,105.63,$30.68
FINV,Finvolution Group ADR,0.001,1,,0.12,$4.35,$4.24,2.59,$9.15
SEI,Solaris Energy Infrastructure Inc.,0.001,1,,0.06,$53.12,$24.32,118.42,$86.19
PATK,Patrick Industries Inc.,0.001,1,,0.08,$84.39,$80.83,4.40,$146.40
ADMA,ADMA Biologics Inc.,0.001,1,,0.10,$9.73,$7.21,34.95,$20.46
IEUR,iShares Core MSCI Europe ETF,0.001,1,,0.08,$78.68,$63.42,24.06,$78.69
DCO,Ducommun Inc.,0.001,1,,0.05,$181.62,$84.76,114.28,$210.39
PEYUF,Peyto Exploration & Development Corp.,0.001,1,,0.08,$18.33,$12.33,48.66,$20.78
PLAY,Dave & Buster's Ent. Inc.,0.001,1,,0.08,$10.11,$9.40,7.55,$26.31
URA,Global X Uranium ETF,0.001,1,,0.05,$48.43,$37.18,30.26,$62.28
VRM,Vroom Inc,0.001,1,,0.11,$9.53,$6.80,40.15,$30.00
EWT,Ishares Msci Taiwan ETF,0.001,1,,0.05,$105.17,$55.03,91.11,$112.78
NSP,Insperity Inc.,0.001,1,,0.06,$51.86,$18.24,184.32,$55.90
ESGD,Ishares Trust Ishares Esg Aw,0.001,1,,0.05,$107.57,$86.38,24.53,$108.00
WWD,Woodward Inc.,0.001,1,,0.05,$337.97,$232.45,45.39,$450.52
CCJ,Cameco Corp.,0.001,1,,0.06,$107.69,$73.00,47.52,$135.24
HTZWW,Hertz Global Hldgs Inc. WTS,0.001,1,,0.09,$1.03,$0.70,47.14,$4.13
EWJ,iShares MSCI Japan ETF,0.001,1,,0.05,$95.41,$74.19,28.60,$98.79
XOP,SPDR S&P Oil & Gas Exploration & Production ETF,0.001,1,,0.09,$183.95,$120.15,53.10,$191.24
ABCB,Ameris Bancorp,0.001,1,,0.05,$85.58,$68.29,25.32,$93.22
BATL,Battalion Oil Corp.,0.001,1,,0.10,$1.32,$1.00,32.00,$29.70
VYMI,Vanguard Int High Dvd Yld In,0.001,1,,0.08,$105.78,$79.89,32.41,$105.78
TBI,TrueBlue Inc.,0.001,1,,0.06,$10.59,$3.18,233.02,$11.03
CIFR,Cipher Mining Inc,0.001,1,,0.09,$16.19,$6.02,168.94,$30.14
PDLB,Ponce Financial Group Inc.,0.001,1,,0.05,$20.15,$13.91,44.86,$21.10
KEY,KeyCorp,0.001,1,,0.11,$21.81,$15.97,36.57,$24.07
IESC,IES Holdings Inc.,0.001,1,,0.05,$310.08,$166.63,86.09,$408.26
POWL,Powell Industries,0.001,1,,0.07,$189.92,$83.67,126.99,$327.74
ABVX,Abivax SA ADR,0.001,1,,0.05,$118.44,$69.81,69.66,$148.83
LINC,Lincoln Educational Services Corp.,0.001,1,,0.05,$25.57,$17.29,47.89,$56.34
SPSM,Ss SPDR P S&P 600 Small Cap,0.001,1,,0.08,$56.93,$43.14,31.97,$58.60
BTAI,Bioxcel Therapeutics Inc,0.001,1,,0.05,$0.73,$0.73,0.00,$5.25
CDLX,Cardlytics Inc.,0.001,1,,0.11,$4.39,$3.49,25.79,$32.80
ENOV,Enovis Corp.,0.001,1,,0.05,$25.60,$19.14,33.75,$34.28
UVV,Universal Corp.,0.001,1,,0.06,$46.04,$43.36,6.18,$57.51
LW,Lamb Weston Hldgs Inc.,0.001,1,,0.12,$54.57,$37.02,47.41,$65.06
GBCI,Glacier Bancorp,0.001,1,,0.05,$46.99,$39.06,20.30,$54.58
CBOE,CBOE Holdings Inc.,0.001,1,,0.08,$308.95,$227.15,36.01,$370.40
OBT,Orange County Bancorp Inc,0.001,1,,0.05,$37.74,$22.84,65.24,$40.10
LYG,Lloyds TSB Grp Plc ADR,0.001,1,,0.07,$6.07,$4.05,49.88,$6.25
REAL,RealReal Inc.,0.001,1,,0.05,$11.02,$7.21,52.84,$17.39
MYE,Myers Indus,0.001,1,,0.08,$32.98,$15.25,116.26,$37.45
SDY,SPDR S&P Dividend ETF,0.001,1,,0.05,$158.34,$132.64,19.38,$160.29
CEF,Sprott Physical Gold And Sil,0.001,1,,0.05,$47.41,$31.24,51.76,$61.38
SVC,Service Properties Trust,0.001,1,,0.09,$8.01,$5.58,43.55,$14.73
ALT,Altimmune Inc.,0.001,1,,0.06,$3.17,$2.56,23.83,$6.44
INFQ,Infleqtion Inc,0.001,1,,0.08,$13.97,$8.52,63.97,$21.28
BRX,Brixmor Property Group Inc.,0.001,1,,0.06,$29.51,$23.87,23.63,$32.86
KSA,Ishrs Msci Saudi Arabia ETF,0.001,1,,0.07,$39.25,$35.27,11.28,$40.39
WRLC,Windrock Ltd Co,0.001,1,,0.07,,,,
MGPI,MGP Ingredients Inc.,0.001,1,,0.11,$17.80,$15.62,13.96,$29.28
TSCO,Tractor Supply,0.001,1,,0.07,$35.94,$28.17,27.58,$61.41
HUBG,Hub Group 'A',0.001,1,,0.05,$39.10,$32.65,19.75,$52.92
QCRH,QCR Holdings Inc.,0.001,1,,0.08,$99.53,$66.45,49.78,$108.11
DOCS,Doximity Inc.,0.001,1,,0.10,$24.83,$17.15,44.78,$76.51
SPG,Simon Property Group Inc.,0.001,1,,0.05,$220.00,$166.33,32.27,$238.50
AMPX,Amprius Technologies Inc,0.001,1,,0.06,$10.31,$6.66,54.80,$24.23
DNA,Ginkgo Bioworks Holdings Inc.,0.001,1,,0.10,$7.52,$5.37,40.04,$17.58
STGW,Stagwell Inc.,0.001,1,,0.11,$8.70,$4.29,102.80,$9.55
RYCEY,Rolls Royce Holdings Sp ADR,0.001,1,,0.07,$20.54,$13.14,56.32,$21.22
LDOS,Leidos Holdings,0.001,1,,0.07,$135.52,$98.86,37.08,$204.08
GWW,W.W. Grainger Inc.,0.001,1,,0.09,$1307.13,$901.22,45.04,$1417.14
SPYX,SPDR S&P 500 Fossil Fuel Res,0.001,1,,0.07,$62.71,$51.17,22.55,$63.96
MOD,Modine Mfg.,0.001,1,,0.07,$189.18,$111.18,70.16,$323.25
CIB,Grupo Cibest SA ADR,0.001,1,,0.12,$102.36,$47.53,115.36,$102.77
NPO,EnPro Industries,0.001,1,,0.06,$303.15,$201.26,50.63,$390.42
PHIN,PHINIA Inc.,0.001,1,,0.09,$71.23,$50.13,42.09,$86.94
SCHB,Schwab Us Broad Market ETF,0.001,1,,0.07,$29.56,$24.22,22.05,$30.15
DIA,SPDR Djia Trust,0.001,1,,0.05,$534.79,$443.37,20.62,$546.30
BHE,Benchmark Electronics,0.001,1,,0.06,$71.56,$35.59,101.07,$100.41
ARTV,Artiva Biotherapeutics Inc,0.001,1,,0.07,$11.63,$2.22,423.87,$14.53
CDP,Copt Defense Properties,0.001,1,,0.05,$37.41,$26.26,42.46,$38.90
INFY,Infosys Ltd.,0.001,1,,0.06,$12.03,$10.30,16.80,$29.37
FPAG,Fpa Global Equity ETF New,0.001,1,,0.07,$42.98,$34.34,25.16,$43.56
TRVI,Trevi Therapeutics Inc.,0.001,1,,0.08,$17.87,$6.93,157.86,$20.22
UVSP,Univest Financial Corp.,0.001,1,,0.11,$41.44,$27.34,51.57,$45.22
ALRS,Alerus Financial Corp.,0.001,1,,0.06,$32.97,$19.80,66.52,$34.40
SONY,Sony Group Corp.,0.001,1,,0.05,$23.94,$19.32,23.91,$30.34
RRC,Range Resources Corp.,0.001,1,,0.05,$41.05,$32.52,26.23,$48.18
USNA,USANA Health Sciences,0.001,1,,0.08,$13.66,$12.57,8.67,$32.29
IMVT,Immunovant Inc.,0.001,1,,0.09,$43.38,$14.47,199.79,$45.42
CUZ,Cousins Properties,0.001,1,,0.07,$29.98,$20.52,46.10,$32.95
DRH,DiamondRock Hospitality Co.,0.001,1,,0.10,$12.91,$7.25,78.07,$13.79
VONG,Vanguard Russell 1000 Growth,0.001,1,,0.12,$125.18,$105.09,19.12,$132.77
FRVO,Fervo Energy Co A,0.001,1,,0.06,$16.48,$15.31,7.64,$42.65
ALGT,Allegiant Travel Company,0.001,1,,0.05,$81.80,$57.11,43.23,$123.63
RCKT,Rocket Pharmaceuticals Inc.,0.001,1,,0.12,$3.77,$2.53,49.01,$5.45
AMBA,Ambarella Inc.,0.001,1,,0.10,$70.44,$48.30,45.84,$96.69
VGK,Vanguard FTSE Europe ETF,0.001,1,,0.06,$93.01,$74.72,24.48,$93.07
GCO,Genesco Inc.,0.001,1,,0.11,$33.92,$21.93,54.67,$43.60
TPC,Tutor Perini Corp.,0.001,1,,0.05,$87.39,$56.42,54.89,$102.20
YOU,Clear Secure Inc.,0.001,1,,0.06,$43.79,$29.03,50.84,$69.07
NNBR,NN Inc.,0.001,1,,0.05,$3.60,$1.10,227.27,$4.48
EEM,Ishares Msci Emerging Market,0.001,1,,0.06,$67.11,$48.40,38.66,$71.57
KNF,Knife River Corp.,0.001,1,,0.10,$66.37,$58.72,13.03,$96.28
PSA,Public Storage,0.001,1,,0.05,$321.48,$251.62,27.76,$335.55
ENB,Enbridge Inc.,0.001,1,,0.07,$50.03,$43.08,16.13,$57.66
QNT,Quantinuum Inc A,0.001,1,,0.07,$54.00,$47.06,14.75,$86.79
VSH,Vishay Intertechnology,0.001,1,,0.07,$31.04,$11.60,167.59,$69.47
RFL,Rafael Holdings Inc.,0.001,1,,0.08,$2.28,$1.12,103.57,$3.96
CRCL,Circle Internet Group Inc,0.001,1,,0.07,$92.59,$49.90,85.55,$159.47
M,Macy's Inc.,0.001,1,,0.06,$22.82,$12.61,80.97,$26.59
AEHR,Aehr Test Systems,0.001,1,,0.05,$96.96,$18.70,418.50,$147.40
DOC,Healthpeak Properties Inc.,0.001,1,,0.06,$21.72,$15.04,44.41,$22.84
BZH,Beazer Homes USA,0.001,1,,0.12,$33.18,$17.83,86.09,$34.54
UNFI,United Natural Foods,0.001,1,,0.05,$47.75,$26.95,77.18,$57.02
HNGE,Hinge Health Inc A,0.001,1,,0.06,$89.34,$30.08,197.01,$93.13
NG,NovaGold Resources,0.001,1,,0.07,$9.70,$5.08,90.94,$14.40
FPAS,Fpa Short Duration Govt ETF,0.001,1,,0.05,$24.53,$24.20,1.36,$25.00
WTFC,Wintrust Financial Corp.,0.001,1,,0.09,$150.92,$117.89,28.02,$166.65
SANM,Sanmina Corp.,0.000,3,$253.04,0.01,$189.89,$110.44,71.94,$288.68
VB,Vanguard Small Cap ETF,0.000,3,$302.93,0.03,$302.73,$238.70,26.82,$309.51
GIS,General Mills,0.000,3,$34.80,0.02,$40.10,$31.21,28.48,$48.32
OUT,Outfront Media Inc.,0.000,3,$32.76,0.02,$30.81,$16.42,87.64,$34.63
KB,Kb Financial Group Inc ADR,0.000,3,$104.97,0.03,$120.25,$76.31,57.58,$125.66
CPA,Copa Holdings SA,0.000,3,$155.53,0.03,$133.04,$106.15,25.33,$160.47
FORM,FormFactor Inc.,0.000,3,$159.91,0.03,$107.21,$27.81,285.51,$160.27
SNDK,SanDisk Corp.,0.000,2,$2273.04,0.01,$1484.31,$46.01,3126.06,$2354.39
CVLG,Covenant Transportation Group Inc. CL A,0.000,2,$44.18,0.03,$34.52,$17.87,93.17,$49.88
FTAI,FTAI Aviation Ltd.,0.000,2,,0.00,$201.32,$144.38,39.44,$321.70
ACLS,Axcelis Technologies,0.000,2,$189.45,0.02,$125.48,$73.60,70.49,$193.78
CAMT,Camtek Ltd,0.000,2,$163.15,0.01,$146.71,$75.75,93.68,$215.99
VV,Vanguard Large Cap ETF,0.000,2,$341.77,0.01,$352.32,$288.27,22.22,$359.22
MEC,Mayville Engineering Co. Inc.,0.000,2,$37.46,0.02,$20.64,$12.25,68.49,$38.76
AWK,American Water Works Inc.,0.000,2,$131.60,0.01,$137.79,$118.81,15.98,$142.41
WOLF,Wolfspeed Inc.,0.000,2,$48.27,0.02,$25.15,$1.16,2068.10,$80.82
MT,ArcelorMittal,0.000,2,$60.21,0.01,$73.27,$31.50,132.60,$75.51
PH,Parker-Hannifin,0.000,2,,0.00,$1016.77,$710.89,43.03,$1099.94
KAR,KAR Auction Services,0.000,2,$41.24,0.02,$30.88,$17.08,80.80,$30.98
SCHD,Schwab Us Dvd Equity ETF,0.000,2,$31.66,0.02,$35.11,$25.63,36.99,$35.31
VEU,Vanguard FTSE All World ex US ETF,0.000,2,$83.76,0.01,$85.93,$66.53,29.16,$86.22
AXGN,AxoGen Inc.,0.000,2,$46.19,0.03,$49.47,$13.64,262.68,$51.06
LSCC,Lattice Semconductor,0.000,2,$152.94,0.01,$115.63,$60.50,91.12,$157.01
EGP,EastGroup Properties SBI,0.000,2,$202.54,0.04,$201.77,$157.68,27.96,$226.71
EXTR,Extreme Networks Inc.,0.000,2,$32.37,0.03,$22.63,$13.48,67.88,$33.73
VICI,VICI Properties Inc.,0.000,2,$26.55,0.02,$26.39,$25.81,2.25,$31.85
IVE,Ishares S&P 500 Value ETF,0.000,2,,0.00,$237.49,$197.92,19.99,$239.93
LITE,Lumentum Holdings Inc.,0.000,2,$858.53,0.01,$862.55,$119.25,623.31,$1085.68
LOCO,El Pollo Loco Holdings Inc.,0.000,2,$16.96,0.03,$15.88,$8.99,76.64,$17.40
VGT,Vanguard Info Tech ETF,0.000,2,$120.00,0.02,$117.04,$82.99,41.03,$125.85
MTSI,MACOM Technology Solutions Hldg,0.000,2,$380.48,0.01,$264.51,$121.97,116.86,$418.90
ESI,Element Solutions Inc.,0.000,2,$47.76,0.03,$35.33,$22.69,55.71,$49.25
IWS,Ishares Russell Mid Cap Valu,0.000,2,,0.00,$171.72,$132.31,29.79,$173.52
CAKE,Cheesecake Factory,0.000,2,$79.54,0.02,$112.99,$42.54,165.61,$118.46
UTZ,Utz Brands Inc.,0.000,2,$7.70,0.02,$14.25,$6.72,112.05,$14.25
THC,Tenet Healthcare Corp.,0.000,2,,0.00,$272.00,$157.58,72.61,$283.05
DGII,Digi International,0.000,2,$74.95,0.03,$75.12,$33.41,124.84,$86.84
MOS,Mosaic Co.,0.000,2,$21.19,0.03,$24.30,$19.80,22.73,$35.99
ADTN,ADTRAN Holdings Inc.,0.000,2,$13.90,0.03,$7.90,$7.11,11.11,$19.98
BRC,Brady Corp.,0.000,2,$91.57,0.01,$93.02,$70.38,32.17,$99.25
CIEN,Ciena Corp.,0.000,2,$490.71,0.01,$382.09,$89.41,327.35,$637.51
AAOI,Applied Optoelectronics Inc,0.000,2,$148.11,0.02,$112.43,$18.50,507.73,$233.67
HZO,MarineMax Inc.,0.000,2,$36.62,0.02,$52.16,$21.42,143.51,$52.46
SKYT-OLD,Skywater Technology Inc,0.000,2,,0.00,$32.49,$8.49,282.69,$39.93
ACWX,iShares MSCI ACWI EX U.S. ETF,0.000,2,$76.11,0.02,$78.14,$60.24,29.71,$78.43
SMTC,Semtech Corp.,0.000,2,$161.84,0.02,$126.05,$50.42,150.00,$177.35
IAU,iShares Gold Trust,0.000,2,,0.00,$87.40,$63.40,37.85,$104.40
IJH,Ishares Core S&P Midcap ETF,0.000,2,$77.11,0.03,$76.05,$61.62,23.42,$78.71
BLZE,Backblaze Inc A,0.000,1,,0.00,$14.80,$3.26,353.99,$23.99
STRW,Strawberry Fields Reit Inc,0.000,1,,0.01,$13.98,$10.71,30.53,$14.75
FLUT,Flutter Entertainment Plc,0.000,1,,0.03,$101.67,$89.71,13.33,$309.41
DNTH,Dianthus Therapeutics Inc,0.000,1,,0.01,$111.81,$22.81,390.18,$117.88
TTAM,Titan America SA,0.000,1,,0.01,$15.31,$13.83,10.70,$19.57
DOUG,Douglas Elliman Inc,0.000,1,,0.00,$1.97,$1.53,28.76,$3.19
AFYA,Afya Ltd,0.000,1,,0.00,$14.31,$12.45,14.94,$16.16
GKOS,Glaukos Corp.,0.000,1,,0.01,$180.08,$73.16,146.15,$191.62
VCTR,Victory Capital Holdings,0.000,1,,0.02,$115.62,$55.87,106.94,$119.56
EVER,EverQuote Inc. CL A,0.000,1,,0.01,$26.21,$13.88,88.83,$28.73
RNG,RingCentral Inc.,0.000,1,,0.01,$64.84,$24.01,170.05,$68.45
TAK,Takeda Pharmaceutical Co. Ltd,0.000,1,,0.00,$18.33,$12.99,41.11,$18.90
FBLA,Fb Bancorp Inc,0.000,1,,0.01,$15.87,$11.66,36.11,$16.13
HLLY,Holley Inc,0.000,1,,0.00,$2.98,$2.33,27.90,$4.48
OTEX,Open Text Corp.,0.000,1,,0.01,$24.22,$19.76,22.57,$38.70
EPC,Edgewell Personal Care Co.,0.000,1,,0.03,$28.69,$15.61,83.79,$29.95
UTI,Universal Technical Institute,0.000,1,,0.04,$22.77,$21.29,6.95,$51.34
NPKI,NPK International Inc.,0.000,1,,0.02,$13.18,$10.11,30.37,$16.50
XCEM,Columbia Em Core Ex China,0.000,1,,0.01,$50.83,$32.77,55.11,$55.43
PARR,Par Pacific Holdings,0.000,1,,0.02,$74.58,$31.23,138.81,$87.03
AVNW,Aviat Networks Inc.,0.000,1,,0.01,$20.98,$13.92,50.72,$27.02
ETN,Eaton Corp.,0.000,1,,0.03,$409.53,$309.33,32.39,$478.00
STKL-OLD,SunOpta Inc.,0.000,1,,0.01,$6.50,$3.32,95.78,$6.94
CBT,Cabot Corp.,0.000,1,,0.03,$83.52,$57.26,45.86,$94.53
PBFS,Pioneer Bancorp Inc.,0.000,1,,0.04,$17.37,$12.64,37.42,$19.42
CNS,Cohen & Steers Inc.,0.000,1,,0.00,$83.32,$56.80,46.69,$86.56
METCB,Ramaco Resources Inc B,0.000,1,,0.01,$6.68,$5.80,15.17,$21.24
REG,Regency Centers Corp.,0.000,1,,0.04,$76.86,$65.10,18.06,$83.66
WYFI,Whitefiber Inc,0.000,1,,0.01,$20.60,$10.51,96.00,$46.87
J,Jacobs Solutions Inc.,0.000,1,,0.01,$151.00,$105.09,43.69,$166.66
STM,Stmicroelectronics Nv Ny Shs,0.000,1,,0.01,$49.49,$20.95,136.23,$81.33
TWI,Titan International Inc.,0.000,1,,0.01,$7.16,$6.37,12.40,$11.70
HOMB,Home Bancshares Inc.,0.000,1,,0.02,$29.87,$25.28,18.16,$31.54
CATH,Global X S&P 500 Catholic Values ETF,0.000,1,,0.01,$90.95,$75.37,20.67,$93.05
XGN,Exagen Inc.,0.000,1,,0.00,$7.61,$2.59,193.82,$12.23
BBY,Best Buy Co. Inc.,0.000,1,,0.00,$85.53,$54.38,57.28,$91.27
DVDCF,Davide Campari-Milano S.p.A.,0.000,1,,0.01,$6.93,$6.07,14.17,$7.98
FVR,Frontview Reit Inc,0.000,1,,0.02,$19.96,$12.16,64.14,$22.29
ESS,Essex Property Trust,0.000,1,,0.04,$293.42,$233.85,25.47,$303.35
FULT,Fulton Financial Corp.,0.000,1,,0.01,$23.65,$16.16,46.35,$25.23
ARM,Arvinmeritor Inc.,0.000,1,,0.01,$241.59,$100.02,141.54,$452.70
TRS,TriMas Corp.,0.000,1,,0.02,$39.46,$30.34,30.06,$45.38
JOUT,Johnson Outdoors Inc.,0.000,1,,0.01,$46.33,$34.91,32.71,$53.16
COPX,Global X Copper Miners ETF,0.000,1,,0.00,$95.96,$46.84,104.87,$99.65
MATV,Mativ Holdings Inc.,0.000,1,,0.00,$12.34,$7.07,74.54,$15.14
AMBQ,Ambiq Micro Inc,0.000,1,,0.04,$59.91,$22.12,170.84,$91.61
AVBH,Avidbank Holdings Inc,0.000,1,,0.02,$31.91,$23.50,35.79,$34.18
CDRE,Cadre Holdings Inc,0.000,1,,0.01,$31.82,$25.65,24.05,$48.44
BG,Bunge Global SA,0.000,1,,0.04,$111.65,$74.11,50.65,$134.02
PACK,Ranpak Holdings Corp. CL A,0.000,1,,0.01,$5.08,$3.22,57.76,$7.81
REXR,Rexford Industrial Realty Inc.,0.000,1,,0.03,$37.58,$31.48,19.38,$42.76
RTLLF,Rational Ag,0.000,1,,0.02,$718.55,$673.93,6.62,$859.22
SLF,Sun Life Financial Inc.,0.000,1,,0.00,$79.46,$55.43,43.35,$84.38
AIRJ,Airjoule Technologies Corp,0.000,1,,0.01,$4.74,$2.22,113.51,$6.75
NTAP,NetApp Inc.,0.000,1,,0.01,$186.74,$92.93,100.95,$209.06
SLP,Simulations Plus Inc.,0.000,1,,0.03,$18.40,$11.09,65.92,$21.01
UMH,UMH Properties Inc.,0.000,1,,0.02,$16.57,$13.17,25.82,$16.74
COUR,Coursera Inc,0.000,1,,0.01,$6.22,$5.00,24.40,$12.32
LRN,Stride Inc.,0.000,1,,0.02,$85.11,$60.61,40.42,$171.17
STNG,Scorpio Tankers Inc.,0.000,1,,0.03,$77.56,$46.86,65.51,$86.37
GPRK,Geopark Ltd,0.000,1,,0.00,$9.73,$5.68,71.30,$11.84
TITN,Titan Machinery Inc.,0.000,1,,0.03,$19.32,$13.21,46.25,$25.00
ATAT,Atour Lifestyle Holdings ADR,0.000,1,,0.00,$35.53,$30.78,15.43,$42.49
GH,Guardant Health Inc.,0.000,1,,0.04,$164.31,$53.40,207.70,$176.58
EXEL,Exelixis Inc.,0.000,1,,0.00,$56.12,$33.76,66.23,$57.57
DLG.MI,De'Longhi SPA,0.000,1,,0.02,,,,
PIFYF,Pine Cliff Energy Ltd,0.000,1,,0.03,$0.38,$0.35,8.57,$0.65
UFCS,United Fire Group Inc.,0.000,1,,0.00,$53.44,$29.32,82.26,$55.82
BFLY,Butterfly Network Inc,0.000,1,,0.03,$9.08,$1.47,517.69,$10.05
JBHT,J.B. Hunt Transport Services Inc.,0.000,1,,0.00,$262.66,$129.06,103.52,$299.26
ASX,Ase Technology Holding ADR,0.000,1,,0.01,$36.89,$9.76,277.97,$45.27
TRN,Trinity Industries,0.000,1,,0.03,$29.59,$24.06,22.98,$38.31
KVHI,KVH Industries Inc.,0.000,1,,0.00,$7.55,$5.09,48.33,$13.00
FLYX.WS,Eg Acquisition Corp A WTS28,0.000,1,,0.00,,,,
SIL,Global X Silver Miners ETF,0.000,1,,0.00,$102.19,$53.97,89.35,$119.08
OIS,Oil States International Inc.,0.000,1,,0.03,$8.37,$5.37,55.87,$14.50
MTRX,Matrix Service Co.,0.000,1,,0.02,$10.77,$9.88,9.01,$15.97
XLF,Financial Select Sector SPDR,0.000,1,,0.00,$58.25,$47.50,22.63,$58.41
AMRC,Ameresco Inc. CL A,0.000,1,,0.03,$22.10,$18.38,20.24,$44.93
VNQ,Vanguard Real Estate ETF,0.000,1,,0.00,$99.25,$85.39,16.23,$101.80
BIRK,Birkenstock Holding Plc,0.000,1,,0.01,$35.23,$31.12,13.21,$53.53
TEO,Telecom Argentina S.A.,0.000,1,,0.04,$13.37,$6.29,112.56,$16.34
CAE,CAE Inc.,0.000,1,,0.04,$25.22,$22.76,10.81,$34.24
SBGI,Sinclair Broadcast Group Inc.,0.000,1,,0.00,$14.56,$12.03,21.03,$16.99
SSPPF,Ssp Group Plc,0.000,1,,0.02,$2.55,$1.67,52.69,$2.55
AKTS,Aktis Oncology Inc,0.000,1,,0.02,$26.08,$14.72,77.17,$34.19
PRGO,Perrigo Co.,0.000,1,,0.04,$14.41,$8.99,60.29,$22.56
JJSF,J & J Snack Foods,0.000,1,,0.03,$88.96,$68.16,30.52,$112.17
BLLN,Billiontoone Inc Cl A,0.000,1,,0.02,$100.51,$61.96,62.22,$150.44
FMC,FMC Corp.,0.000,1,,0.04,$11.07,$9.95,11.26,$39.28
JOBY,Joby Aviation Inc.,0.000,1,,0.03,$7.26,$6.63,9.50,$19.98
SYNA,Synaptics Inc.,0.000,1,,0.02,$93.83,$58.28,61.00,$149.11
SBCF,Seacoast Banking Corp. of Florida,0.000,1,,0.04,$34.08,$28.07,21.41,$36.27
ASR,Grupo Aeroportuario Sure SA de CV,0.000,1,,0.00,$262.89,$255.93,2.72,$374.42
EIKN,Eikon Therapeutics Inc,0.000,1,,0.00,$12.38,$7.90,56.71,$17.40
TDUP,ThredUp Inc.,0.000,1,,0.00,$2.74,$2.69,1.86,$12.28
OOMA,Ooma Inc.,0.000,1,,0.00,$20.76,$9.79,112.05,$22.72
PNR,Pentair plc,0.000,1,,0.04,$62.53,$57.35,9.03,$112.57
WILLF,Demant A s,0.000,1,,0.02,$44.64,$28.08,58.97,$45.00
FIP,Ftai Infrastructure Inc,0.000,1,,0.02,$3.82,$3.03,26.07,$6.56
SRRK,Scholar Rock Holding Corp.,0.000,1,,0.02,$58.59,$27.07,116.44,$58.96
CALY,Callaway Golf Co.,0.000,1,,0.02,$15.71,$8.39,87.25,$20.28
TRVG,Trivago Nv ADR,0.000,1,,0.00,$5.63,$2.59,117.37,$5.91
LNTH,Lantheus Holdings Inc.,0.000,1,,0.00,$101.03,$49.67,103.40,$111.86
FLYX,Flyexclusive Inc,0.000,1,,0.04,$1.29,$1.05,22.86,$8.88
ORI,Old Republic International,0.000,1,,0.02,$42.01,$35.42,18.61,$44.65
WT,WisdomTree Investments,0.000,1,,0.02,$23.93,$10.64,124.91,$24.08
EWC,iShares MSCI Canada ETF,0.000,1,,0.02,$62.66,$46.91,33.57,$62.66
XES,Ss SPDR S&P Og Eqp & Serv,0.000,1,,0.00,$117.33,$67.15,74.73,$134.99
HYBB,Ishares Bb Rated Corp Bond,0.000,1,,0.00,$46.67,$44.30,5.35,$46.70
VBR,Vanguard Small Cap Value ETF,0.000,1,,0.00,$247.98,$195.77,26.67,$251.85
QQQM,Invesco Nasdaq 100 ETF,0.000,1,,0.02,$292.09,$228.49,27.83,$307.85
RRBI,Red River Bancshares Inc,0.000,1,,0.02,$100.58,$61.12,64.56,$104.35
TFII,Tfi International Inc,0.000,1,,0.02,$135.29,$79.64,69.88,$167.14
ALH,Alliance Laundry Holdings In,0.000,1,,0.00,$23.47,$18.64,25.91,$28.23
