Symbol,Stock,%▼,"Ownership
count",Hold Price*,Max %,"Current
Price","52 Week
Low","% Above
52 Week
Low","52 Week
High"
AMZN,Amazon.com Inc.,2.917,34,$238.34,32.21,$253.71,$196.00,29.44,$287.20
GOOG,Alphabet Inc. CL C,2.582,34,$353.33,23.39,$344.41,$236.07,45.89,$403.96
BRK.B,Berkshire Hathaway CL B,2.416,26,$500.39,33.89,$509.77,$464.01,9.86,$537.74
GOOGL,Alphabet Inc.,2.084,36,$357.37,24.55,$349.54,$235.23,48.59,$408.10
MSFT,Microsoft Corp.,1.779,37,$373.02,20.54,$493.78,$348.54,41.67,$549.20
BRK.A,Berkshire Hathaway CL A,1.758,17,$748851.77,42.42,$763600.01,$698000.00,9.40,$806102.81
V,Visa Inc.,1.713,30,$343.09,19.83,$368.29,$292.74,25.81,$385.57
META,Meta Platforms Inc.,1.580,31,$563.30,20.45,$665.75,$519.78,28.08,$788.22
CVNA,Carvana Co.,1.483,7,$65.82,78.85,$65.11,$54.46,19.56,$97.38
MA,Mastercard Inc.,1.419,22,$513.60,20.01,$565.24,$463.74,21.89,$601.23
AAPL,Apple Inc.,1.224,22,$289.36,41.05,$336.13,$239.33,40.45,$344.27
TSM,Taiwan Semiconductor S.A.,0.986,24,$477.55,10.55,$434.67,$260.11,67.11,$477.72
GE,GE Aerospace,0.968,10,$373.73,35.61,$314.27,$268.58,17.01,$388.84
MCO,Moody's Corp.,0.948,17,$452.92,19.14,$468.59,$399.61,17.26,$543.25
JOE,St. Joe Co.,0.932,1,,76.43,$63.84,$45.92,39.02,$73.02
TDG,TransDigm Group Inc.,0.751,6,$1332.04,27.51,$1086.05,$1071.25,1.38,$1463.03
BN,Brookfield Corp.,0.736,9,$42.59,16.29,$37.51,$36.67,2.29,$49.31
SPGI,S&P Global Inc.,0.730,15,$407.26,19.92,$405.32,$360.09,12.56,$521.12
ASML,ASML Holding NV,0.722,9,$1989.38,21.11,$1679.92,$919.79,82.64,$1997.36
NVDA,NVIDIA Corp.,0.720,18,$200.09,9.34,$222.27,$163.90,35.61,$236.00
IBKR,Interactive Brokers Group Inc.,0.706,6,$87.04,33.42,$90.69,$58.70,54.50,$98.66
IEP,Icahn Enterprises,0.658,1,,53.95,$6.97,$5.82,19.76,$7.44
FICO,Fair Isaac Corp.,0.581,8,$1194.78,25.77,$949.68,$870.01,9.16,$1998.01
HCC,Warrior Met Coal Inc.,0.580,3,$81.16,43.32,$87.93,$60.48,45.39,$111.42
LOAR,Loar Holdings Inc,0.575,1,,47.15,$64.43,$53.15,21.22,$83.43
MOH,Molina Healthcare Inc.,0.567,3,$193.75,43.49,$200.79,$121.06,65.86,$244.89
GPI,Group 1 Automotive,0.566,2,$291.17,46.41,$246.42,$246.21,0.09,$459.35
PDD,Pinduoduo Inc.,0.545,4,$76.28,22.17,$78.90,$71.94,9.67,$139.41
UBER,Uber Technologies Inc.,0.521,11,$72.16,12.72,$70.50,$65.41,7.78,$101.99
AMAT,Applied Materials,0.516,12,$723.00,19.48,$444.57,$187.62,136.95,$738.88
C,Citigroup Inc.,0.484,8,$139.96,18.50,$131.77,$91.72,43.67,$147.21
COF,Capital One Financial,0.470,16,$200.62,7.13,$202.43,$173.62,16.59,$256.63
AXP,American Express,0.464,16,$338.24,17.14,$311.56,$289.26,7.71,$384.36
SUNB,Sunbelt Rentals Holdings Inc,0.464,12,$75.05,10.59,$73.59,$60.16,22.32,$85.44
ELV,Elevance Health Inc.,0.457,12,$386.73,9.11,$410.95,$270.87,51.71,$434.35
SNX,SYNNEX Corp.,0.456,4,$267.34,26.38,$266.16,$141.15,88.57,$295.89
CROX,Crocs Inc.,0.443,6,$120.64,27.20,$122.24,$73.21,66.97,$141.28
DIS,Walt Disney Co.,0.432,20,$96.25,9.55,$102.67,$91.48,12.23,$115.42
LULU,Lululemon Athletica Inc.,0.403,4,$176.58,32.35,$98.06,$95.35,2.84,$225.98
CVS,CVS Health Corp.,0.396,10,$103.45,10.63,$88.84,$68.48,29.73,$110.00
EQH,Equitable Holdings Inc.,0.395,5,$43.88,30.38,$53.95,$34.72,55.39,$55.06
SLM,SLM Corp.,0.387,3,$27.27,24.16,$25.10,$17.46,43.76,$30.52
JHG-OLD,Janus Henderson Group,0.385,1,,31.53,$51.98,$37.96,36.93,$53.76
RIG,Transocean Ltd.,0.373,2,$4.89,30.53,$5.64,$3.03,86.14,$7.66
AVGO,Broadcom Inc.,0.368,13,$377.75,10.61,$357.61,$289.50,23.53,$494.22
ICLR,ICON plc,0.358,6,$173.71,11.94,$164.11,$66.57,146.52,$203.91
FERG,Ferguson Enterprises Inc.,0.339,11,$237.33,6.88,$214.43,$212.82,0.76,$268.59
SCHW,Charles Schwab Corp.,0.338,11,$92.27,6.56,$105.25,$83.72,25.72,$114.53
ADI,Analog Devices,0.319,11,$397.17,7.97,$375.72,$220.71,70.23,$444.56
AMR,Alpha Metallurgical Resources Inc.,0.318,1,,26.11,$174.22,$133.64,30.37,$253.82
MKL,Markel Group Inc.,0.309,5,$1953.01,10.89,$1776.33,$1719.41,3.31,$2207.59
UNH,United Health Group Inc.,0.302,17,$415.63,6.05,$376.90,$252.95,49.00,$458.79
TMO,Thermo Fisher Scientific,0.301,11,$501.36,9.81,$651.45,$434.50,49.93,$663.57
KHC,Kraft Heinz Co.,0.299,9,$23.61,12.80,$24.43,$20.34,20.11,$27.65
PYPL,PayPal Holdings Inc.,0.294,8,$43.18,10.61,$52.41,$38.12,37.49,$78.34
RKT,Rocket Companies Inc.,0.290,5,$15.75,11.65,$12.29,$12.17,0.99,$24.36
CVI,CVR Energy Inc.,0.289,1,,23.73,$53.69,$19.50,175.33,$54.64
VFC,V.F. Corp.,0.287,2,$16.68,23.36,$12.79,$12.46,2.65,$22.00
BABA,Alibaba Group Holdings,0.281,9,$95.98,16.92,$113.24,$91.99,23.10,$190.92
CAT,Caterpillar Inc.,0.275,6,$1064.90,19.65,$808.99,$455.48,77.61,$1071.47
CNH,CNH Industrial NV,0.271,5,$11.23,17.11,$13.45,$8.91,50.95,$14.46
WM,Waste Management Inc.,0.267,3,$222.88,17.30,$211.10,$190.92,10.57,$246.06
ORLA-OLD,Orla Mining Ltd,0.264,3,$9.73,21.55,$9.45,$8.43,12.10,$21.95
CP,Canadian Pacific Kansas City,0.261,7,$86.65,7.44,$87.48,$67.98,28.68,$96.90
LYV,Live Nation Inc.,0.257,8,$183.11,7.69,$167.12,$125.34,33.33,$189.25
APP,Applovin Corp.,0.257,4,$515.25,14.50,$308.06,$297.50,3.55,$745.61
ASH,Ashland Global Holdings Inc.,0.256,2,$65.89,17.47,$69.06,$45.04,53.33,$77.80
GM,General Motors,0.255,7,$77.08,11.46,$82.20,$53.87,52.59,$91.66
LEN,Lennar Corp.,0.255,4,$90.49,11.82,$76.43,$75.70,0.96,$131.68
BKNG,Booking Holdings Inc.,0.252,6,$178.24,8.46,$167.90,$149.40,12.38,$222.95
RPRX,Royalty Pharma plc,0.250,3,$56.07,8.82,$58.41,$33.97,71.95,$64.38
VRT,Vertiv Holdings Co.,0.250,3,$334.82,20.37,$249.39,$133.71,86.52,$379.76
NFLX,Netflix Inc.,0.248,11,$71.40,5.41,$71.79,$65.08,10.31,$124.86
CNI,Canadian Natl Railway Co.,0.247,6,$119.24,17.95,$118.95,$88.62,34.22,$130.84
DHR,Danaher Corp.,0.245,12,$190.48,7.64,$211.81,$160.60,31.89,$241.78
BAC,Bank of America Corp.,0.244,15,$56.98,9.20,$57.73,$45.64,26.49,$64.89
BDX,Becton Dickinson,0.238,7,$151.33,9.93,$180.94,$124.46,45.38,$191.94
QSR,Restaurant Brands International,0.238,3,$72.51,9.62,$72.88,$60.11,21.24,$81.15
GRBK,Green Brick Partners,0.237,2,$80.04,19.39,$66.21,$60.44,9.55,$83.18
CRM,Salesforce.com,0.235,10,$156.66,8.33,$237.92,$146.06,62.89,$267.80
AZN,AstraZeneca PLC,0.233,3,$187.18,19.03,$166.08,$90.90,82.71,$209.12
KKR,KKR & Co. L.P.,0.231,7,$91.78,8.95,$98.81,$82.35,19.99,$151.00
WFC,Wells Fargo,0.225,14,$82.64,3.11,$86.12,$72.36,19.02,$96.18
YETI,YETI Holdings Inc.,0.224,2,$49.56,18.33,$42.21,$31.66,33.32,$53.99
SGOV,Ishares 0 3 Month Treasury B,0.220,4,$100.67,10.59,$100.59,$96.96,3.74,$100.59
CACC,Credit Acceptance Corp.,0.220,2,$636.74,18.01,$578.29,$401.90,43.89,$668.86
RACE,Ferrari NV,0.216,4,$370.77,7.71,$406.69,$308.95,31.64,$498.75
PM,Philip Morris Intl.,0.212,10,$180.91,9.18,$188.62,$138.43,36.26,$207.76
SOLV,Solventum Corp,0.210,4,$77.15,15.02,$88.84,$62.38,42.42,$94.16
WBD,Warner Bros. Discovery Inc.,0.209,5,$26.66,11.68,$27.80,$17.08,62.76,$30.00
LAD,Lithia Motors Inc.,0.207,6,$290.49,13.20,$316.27,$238.86,32.41,$438.67
TXN,Texas Instruments,0.206,14,$298.07,3.93,$266.64,$150.20,77.52,$332.33
OMF,OneMain Holdings,0.200,4,$60.97,10.08,$60.81,$44.20,37.58,$68.16
EGO,Eldorado Gold Corp.,0.197,1,,16.18,$43.22,$24.30,77.86,$50.88
CPNG,Coupang Inc.,0.196,8,$17.37,6.89,$14.29,$14.15,0.99,$33.58
TKO,TKO Group Holdings Inc.,0.196,1,,16.07,$189.26,$173.25,9.24,$224.23
IFF,International Flavors & Fragrances Inc.,0.194,5,$79.22,5.43,$82.96,$57.85,43.41,$88.89
OXY,Occidental Petroleum,0.192,4,$48.57,7.02,$58.84,$38.26,53.79,$66.83
AON,Aon Plc,0.191,10,$331.69,4.91,$295.64,$293.00,0.90,$381.47
FWONK,Liberty Media Corp Formula One Series C,0.191,3,$95.14,7.73,$94.54,$80.15,17.95,$109.36
GXO,Gxo Logistics Inc.,0.189,1,,15.46,$45.92,$44.99,2.07,$66.85
EPD,Enterprise Products Partners LP,0.188,6,$36.76,13.46,$38.89,$28.18,38.01,$39.69
APTV,Aptiv PLC,0.187,2,$61.38,14.51,$43.59,$42.99,1.40,$78.49
AER,AerCap Holdings N.V.,0.185,3,$145.78,7.16,$141.64,$117.73,20.31,$158.38
ALC,Alcon Inc.,0.185,2,$67.33,15.19,$65.04,$61.84,5.17,$87.22
PEP,PepsiCo Inc.,0.184,12,$135.40,5.27,$129.75,$129.55,0.15,$166.41
MU,Micron Technology Inc.,0.184,5,$1154.29,15.06,$1015.80,$154.40,557.90,$1254.81
CMCSA,Comcast Corp.,0.183,14,$24.55,3.15,$22.74,$21.28,6.86,$32.04
LLY,Eli Lilly & Co.,0.183,7,$1199.42,6.89,$1152.93,$707.59,62.94,$1292.65
KO,Coca Cola Co.,0.182,9,$81.27,10.86,$88.25,$63.66,38.63,$91.94
BLK,BlackRock Inc.,0.181,6,$961.57,9.93,$1069.78,$907.59,17.87,$1194.41
DASH,DoorDash Inc.,0.181,4,$184.53,7.46,$192.94,$143.30,34.64,$285.50
PVH,PVH Corp.,0.179,4,$74.26,9.92,$73.35,$59.55,23.17,$100.69
HGV,Hilton Grand Vacations Inc.,0.177,2,$52.37,14.48,$35.59,$35.49,0.28,$55.40
SIRI,SiriusXM Holdings Inc,0.175,5,$29.54,5.59,$27.31,$19.15,42.61,$32.37
ICE,Intercontinental Exchange Inc.,0.174,6,$123.11,4.90,$155.47,$121.39,28.07,$174.25
BAYRY,Bayer Ag Sponsored ADR,0.172,1,,14.12,$14.13,$7.46,89.41,$15.23
ACN,Accenture,0.170,12,$124.44,4.86,$181.29,$116.75,55.28,$285.21
BAX,Baxter International Inc.,0.170,7,$21.32,4.09,$22.80,$15.72,45.04,$29.99
CCL,Carnival Corp.,0.170,2,$28.57,12.78,$21.84,$21.81,0.14,$33.49
TOL,Toll Brothers,0.169,4,$164.75,10.71,$133.06,$122.93,8.24,$167.75
TRMD,Torm Plc,0.169,2,$25.79,13.87,$38.23,$16.70,128.92,$38.73
OKTA,Okta Inc.,0.168,1,,13.80,$182.37,$62.66,191.05,$192.59
TSLA,Tesla Inc.,0.167,6,$420.60,7.44,$364.27,$297.38,22.49,$498.83
DG,Dollar General,0.167,5,$115.11,8.66,$122.41,$93.78,30.53,$156.68
IONS,Ionis Pharmaceuticals Inc.,0.167,1,,13.70,$44.44,$44.27,0.38,$86.74
ROP,Roper Technologies Inc.,0.165,4,$338.39,7.80,$372.74,$305.19,22.13,$517.59
ORCL,Oracle Corp.,0.164,14,$146.55,4.51,$147.61,$114.50,28.92,$325.79
APH,Amphenol Corp.,0.164,7,$88.16,8.29,$77.55,$58.92,31.62,$89.26
SPOT,Spotify Technology S.A.,0.163,7,$459.13,4.96,$509.45,$405.00,25.79,$740.20
KEX,Kirby Corp.,0.161,1,,13.22,$138.35,$79.52,73.98,$157.69
PG,Procter & Gamble,0.160,9,$146.64,4.38,$146.39,$134.62,8.74,$164.77
GIL,Gildan Activewear Inc.,0.160,1,,13.10,$46.87,$45.52,2.97,$72.73
AJG,Arthur J. Gallagher & Co.,0.159,6,$229.57,6.43,$239.48,$189.61,26.30,$309.90
XRAY,DENTSPLY SIRONA Inc.,0.159,3,$10.61,12.18,$9.54,$9.36,1.92,$14.76
PFE,Pfizer Inc.,0.158,10,$24.08,3.07,$27.66,$22.03,25.56,$29.21
USB,U.S. Bancorp,0.157,6,$60.41,5.56,$60.06,$43.76,37.25,$66.08
ADP,Automatic Data Processing Inc.,0.157,6,$223.95,4.93,$271.22,$185.56,46.16,$286.17
VMC,Vulcan Materials,0.157,6,$295.01,5.62,$240.83,$240.69,0.06,$329.20
MDLN,Medline Inc Cl A,0.157,4,$39.44,6.28,$31.64,$31.49,0.48,$50.88
INTU,Intuit Inc.,0.156,8,$261.00,6.62,$303.19,$251.72,20.45,$697.25
SHW,Sherwin-Williams,0.155,7,$344.32,4.50,$320.73,$289.19,10.91,$375.09
NEM,Newmont Corp.,0.155,4,$93.40,6.25,$123.41,$75.34,63.80,$135.01
SGI,Somnigroup International Inc.,0.155,2,$78.40,8.30,$63.36,$60.08,5.46,$97.86
EXE,Expand Energy Corp.,0.154,1,,12.64,$87.49,$84.48,3.56,$124.43
HD,Home Depot,0.153,10,$352.68,5.61,$299.98,$284.85,5.31,$407.05
GEHC,GE HealthCare Technologies Inc.,0.153,8,$64.01,4.67,$64.13,$58.72,9.21,$89.64
EG,Everest Group Ltd,0.153,4,$357.23,11.28,$374.85,$295.27,26.95,$398.90
DE,Deere & Co.,0.152,7,$634.33,6.56,$683.99,$429.14,59.39,$705.88
CRH,CRH plc,0.152,5,$107.00,5.14,$86.15,$85.47,0.80,$130.09
UHAL.B,U Haul Holding Co Non Voting,0.152,4,$57.70,4.42,$56.68,$39.55,43.31,$66.84
ALK,Alaska Air Group,0.151,2,$52.20,10.58,$40.54,$33.03,22.74,$60.63
WAT,Waters Corp.,0.150,8,$375.04,6.25,$421.63,$282.77,49.11,$431.78
MSI,Motorola Solutions Inc.,0.148,8,$415.29,5.63,$458.67,$356.42,28.69,$493.57
TRU,TransUnion,0.148,3,$72.14,5.94,$72.43,$63.28,14.46,$93.63
INTC,Intel Corp.,0.147,7,$139.63,4.62,$108.60,$28.73,278.00,$142.35
JPM,JPMorgan Chase & Co.,0.146,15,$327.33,3.54,$349.67,$276.43,26.49,$366.50
HEI.A,HEICO Corp. CL A,0.146,4,$257.91,6.38,$221.90,$199.25,11.37,$279.52
UNP,Union Pacific,0.145,11,$272.00,5.95,$279.37,$211.08,32.35,$314.53
SW,Smurfit Westrock Plc,0.143,3,$46.26,7.56,$44.33,$31.79,39.45,$51.52
PPLI,People Inc.,0.143,3,$46.16,7.54,$36.19,$29.56,22.43,$48.32
FBIN,Fortune Brands Innovations Inc.,0.141,5,$54.90,4.83,$39.40,$31.92,23.43,$63.70
RBC,RBC Bearings Inc.,0.141,2,$644.06,10.70,$501.01,$364.50,37.45,$667.69
PGR,Progressive Corp.,0.140,7,$218.45,4.79,$213.48,$187.79,13.68,$239.38
OSK,Oshkosh Corp.,0.140,5,$153.48,6.69,$146.61,$115.83,26.57,$178.55
ET,Energy Transfer LP,0.140,4,$19.12,7.18,$21.14,$15.10,40.00,$21.84
SN,Sharkninja Inc,0.139,5,$152.27,10.67,$165.75,$83.12,99.41,$194.54
SYK,Stryker Corp.,0.139,4,$314.84,6.72,$275.12,$267.00,3.04,$389.48
KOF,Coca-Cola FEMSA S A CV,0.138,3,$106.25,9.34,$110.12,$76.77,43.44,$117.09
EQT,EQT Corp.,0.137,3,$53.17,6.19,$50.00,$47.79,4.62,$67.84
LRCX,Lam Research,0.136,7,$433.33,5.72,$288.11,$124.31,131.77,$438.50
BA,Boeing Co.,0.136,6,$216.47,3.38,$198.20,$176.77,12.12,$254.35
JNJ,Johnson & Johnson,0.135,12,$253.97,3.96,$269.99,$169.51,59.28,$281.07
DB,Deutsche Bank AG,0.135,4,$33.86,10.80,$37.98,$27.13,39.99,$41.62
MAT,Mattel Inc.,0.135,2,$13.88,8.92,$13.26,$12.73,4.16,$22.48
BLDR,Builders FirstSource Inc.,0.134,6,$89.48,5.60,$58.12,$56.56,2.76,$131.50
UAA,Under Armour Inc.,0.134,1,,10.98,$4.88,$4.13,18.16,$8.15
TEL,TE Connectivity plc,0.133,8,$201.61,3.93,$205.42,$189.53,8.38,$250.61
QCOM,QUALCOMM Inc.,0.133,7,$184.79,3.66,$177.72,$120.88,47.02,$257.56
SLB,Schlumberger Ltd.,0.132,8,$46.49,4.36,$51.12,$30.88,65.54,$60.15
DHI,D.R. Horton,0.132,4,$162.88,6.59,$138.02,$130.96,5.39,$174.13
BFAM,Bright Horizons Family Solutions Inc.,0.132,2,$70.88,8.28,$65.67,$57.63,13.95,$111.39
CB,Chubb Limited,0.131,6,$340.74,4.79,$340.64,$262.07,29.98,$364.81
PHM,PulteGroup Inc.,0.131,3,$137.21,8.64,$117.26,$108.02,8.55,$143.57
FISV,Fiserv Inc.,0.130,9,$49.05,2.79,$47.19,$47.04,0.32,$133.37
CBRE,CBRE Group,0.130,7,$134.69,3.67,$139.50,$121.69,14.64,$174.27
RYN,Rayonier Inc.,0.129,1,,10.54,$20.14,$19.01,5.94,$24.53
AIIR,Air Holdings Ltd,0.129,1,,10.61,$7.44,$5.29,40.64,$13.37
TSN,Tyson Foods,0.128,6,$57.25,3.11,$52.77,$48.84,8.05,$68.27
NCLH,Norwegian Cruise Line Hlgs Ltd.,0.128,3,$21.11,4.23,$14.12,$14.07,0.36,$26.09
FLG,Flagstar Financial Inc.,0.127,2,$14.94,9.62,$12.55,$10.54,19.07,$15.43
GEV,Ge Vernova Inc,0.126,10,$1174.86,3.91,$940.33,$529.18,77.70,$1195.94
TDS,Telephone & Data Systems,0.125,2,$37.01,5.17,$35.90,$31.48,14.04,$49.02
HHH,Howard Hughes Holdings Inc.,0.125,1,,10.23,$60.22,$60.09,0.22,$91.07
SE,Sea Ltd,0.124,8,$95.83,5.02,$101.79,$77.05,32.11,$195.48
TDW,Tidewater Inc.,0.124,3,$66.63,9.95,$86.69,$46.65,85.83,$101.58
ZS,Zscaler Inc.,0.124,1,,10.18,$197.31,$114.63,72.13,$336.99
NOW,ServiceNow Inc.,0.123,6,$99.28,4.59,$135.47,$81.24,66.75,$194.73
CI,Cigna Group,0.122,7,$275.68,2.67,$275.28,$234.20,17.54,$308.48
EFX,Equifax Inc.,0.121,9,$158.73,2.27,$158.87,$150.31,5.69,$259.34
FDX,FedEx Corp.,0.120,7,$313.13,3.18,$303.65,$176.88,71.67,$342.73
APD,Air Products & Chemicals,0.118,7,$293.18,3.96,$284.18,$224.64,26.50,$314.87
CSGP,CoStar Group Inc.,0.118,4,$28.32,6.49,$29.09,$25.89,12.36,$89.80
EWBC,East West Bancorp,0.118,1,,9.68,$126.92,$90.34,40.49,$137.47
URI,United Rentals,0.116,6,$1132.89,5.14,$1013.91,$698.94,45.06,$1177.15
ABNB,Airbnb Inc.,0.116,5,$143.10,3.59,$166.22,$110.81,50.00,$193.45
RYAN,Ryan Specialty Holdings Inc,0.116,2,$37.76,9.09,$40.27,$29.07,38.53,$58.44
MRK,Merck & Co.,0.115,10,$128.49,4.43,$146.87,$75.37,94.87,$156.00
MRSH,Marsh,0.115,6,$166.67,3.98,$175.01,$155.72,12.39,$204.56
TECH,Bio-Techne Corp.,0.115,5,$70.65,3.68,$72.37,$43.07,68.03,$72.58
ACHC,Acadia Healthcare Co.,0.114,2,$29.53,6.00,$28.33,$11.43,147.86,$35.83
EVH,Evolent Health Inc.,0.114,1,,9.34,$3.69,$2.10,75.71,$9.63
GPC,Genuine Parts,0.110,6,$117.98,6.13,$128.08,$89.11,43.73,$147.43
IDXX,IDEXX Laboratories,0.110,6,$526.44,3.93,$511.65,$500.61,2.21,$769.98
REGN,Regeneron Pharmaceuticals,0.110,3,$623.54,4.95,$784.85,$538.24,45.82,$859.34
VTRS,Viatris Inc.,0.110,3,$15.88,5.13,$16.95,$9.10,86.26,$18.25
NU,Nu Holdings Ltd,0.108,5,$13.36,4.29,$13.65,$11.20,21.88,$18.98
NBR,Nabors Industries Ltd.,0.108,1,,8.85,$85.28,$36.62,132.88,$112.90
FRPT,Freshpet Inc.,0.108,1,,8.87,$61.44,$46.45,32.27,$86.00
ZBH,Zimmer Biomet Holdings,0.107,7,$86.09,3.36,$95.36,$78.91,20.85,$106.03
DECK,Deckers Outdoor,0.107,2,$99.29,7.52,$78.43,$77.37,1.37,$122.29
LIN,Linde plc,0.106,7,$518.94,4.94,$460.40,$384.00,19.90,$546.40
CFRHF,Compagnie Financiere Richemont SA,0.106,1,,8.67,$205.68,$158.90,29.44,$247.85
MELI,Mercadolibre Inc.,0.105,7,$1697.39,5.10,$1787.39,$1495.00,19.56,$2548.50
DCH,Dauch Corp.,0.105,3,$5.42,3.97,$5.89,$4.92,19.72,$9.25
SYF,Synchrony Financial,0.105,3,$76.05,7.84,$75.04,$62.56,19.95,$87.67
CVX,Chevron Corp.,0.104,11,$165.76,4.67,$209.51,$142.51,47.01,$217.78
WTW,Willis Towers Watson plc,0.104,5,$261.37,3.44,$309.98,$239.74,29.30,$351.51
WEN,Wendy's Co.,0.104,4,$8.29,5.97,$6.74,$6.02,11.96,$9.51
DVN,Devon Energy Corp.,0.103,5,$41.32,4.49,$48.61,$30.69,58.39,$52.00
TFX,Teleflex,0.103,3,$126.76,4.91,$124.52,$99.39,25.28,$144.64
CGNX,Cognex Corp.,0.103,2,$72.42,7.60,$61.56,$34.45,78.69,$72.78
CPRT,Copart Inc.,0.102,6,$28.19,4.41,$29.28,$26.81,9.21,$46.21
AMD,Advanced Micro Devices,0.101,6,$580.91,5.12,$559.82,$154.78,261.69,$584.73
FCNCA,First Citizens Bancshares,0.101,3,$2080.78,5.32,$2111.89,$1617.01,30.60,$2294.10
VST,Vistra Corp.,0.101,3,$158.63,4.70,$140.67,$132.47,6.19,$218.91
CNX,CNX Resources Corp.,0.101,1,,8.25,$32.89,$29.22,12.56,$43.62
UPS,United Parcel Service,0.100,7,$107.50,2.95,$99.06,$76.95,28.73,$116.86
MDT,Medtronic plc,0.100,7,$78.23,2.76,$92.13,$72.65,26.81,$103.76
BCC,Boise Cascade Company,0.100,3,$77.63,7.47,$75.69,$64.38,17.57,$91.16
ABM,ABM Industries,0.099,5,$44.24,7.10,$49.77,$36.45,36.54,$51.29
ORLY,O'Reilly Automotive,0.099,4,$92.09,3.90,$84.71,$82.59,2.57,$108.72
CNQ,Canadian Natural Resources,0.098,3,$39.50,8.04,$49.64,$28.47,74.36,$51.85
ABG,Asbury Automotive Group Inc.,0.098,2,$201.08,7.91,$183.06,$172.01,6.42,$258.75
EWY,iShares MSCI South Korea ETF,0.097,2,$201.90,6.55,$181.31,$76.55,136.85,$220.89
CR,Crane Co,0.097,2,$223.07,7.82,$197.62,$159.16,24.16,$230.22
BMY,Bristol-Myers Squibb,0.096,8,$57.62,2.88,$63.06,$41.13,53.32,$68.64
MGM,MGM Resorts International,0.096,4,$47.81,4.91,$37.81,$29.19,29.53,$51.59
MLM,Martin Marietta,0.096,3,$576.70,4.56,$490.64,$488.74,0.39,$707.94
GPN,Global Payments Inc.,0.095,4,$72.56,2.49,$85.06,$60.75,40.02,$95.61
AEM,Agnico-Eagle Mines Ltd.,0.094,3,$155.15,6.22,$199.49,$134.08,48.78,$254.05
APG,APi Group Corp.,0.094,3,$42.35,5.00,$37.39,$33.40,11.95,$49.99
URBN,Urban Outfitters Inc.,0.094,1,,7.72,$75.01,$59.54,25.98,$85.43
AU,AngloGold Ashanti Ltd.,0.093,3,$80.90,6.81,$103.29,$59.78,72.78,$124.69
NOMD,Nomad Foods Ltd,0.093,1,,7.61,$10.66,$8.86,20.32,$12.99
HKHHF,Heineken Holding NV,0.093,1,,7.61,$77.60,$64.00,21.25,$84.80
AVTR,Avantor Inc.,0.091,5,$9.90,2.82,$15.52,$7.27,113.48,$16.05
KLAC,KLA Corp.,0.091,3,$301.71,5.78,$176.99,$97.57,81.40,$307.03
MAR,Marriott Int'l.,0.090,4,$370.59,7.02,$338.92,$254.64,33.10,$410.15
MEDP,Medpace Holdings Inc.,0.090,4,$529.59,4.52,$612.33,$373.00,64.16,$677.90
HUM,Humana Inc.,0.090,2,$397.22,5.13,$386.22,$161.90,138.55,$428.88
ARES,Ares Management LP,0.090,2,$111.31,6.45,$123.80,$92.59,33.71,$179.43
HUT,Hut 8 Corp,0.090,2,$115.44,4.07,$98.74,$31.67,211.78,$140.80
GTX,Garrett Motion Inc.,0.090,2,$36.23,7.28,$26.27,$12.09,117.29,$36.14
GWRE,Guidewire Software Inc.,0.089,1,,7.27,$144.29,$102.30,41.05,$255.89
BNY,Bank of New York Mellon Corp.,0.088,10,$144.61,2.21,$153.79,$101.34,51.76,$165.84
KMX,CarMax Inc.,0.088,5,$52.89,3.50,$57.21,$30.26,89.06,$65.28
ECL,Ecolab Inc.,0.088,4,$278.61,4.22,$269.46,$241.85,11.42,$306.79
Q,Qnity Electronics Inc.,0.088,3,$163.31,7.23,$120.05,$72.62,65.31,$177.16
SHOP,Shopify Inc.,0.088,3,$114.18,4.50,$128.50,$94.00,36.70,$182.19
DLTR,Dollar Tree Inc.,0.088,1,,7.25,$111.96,$84.71,32.17,$142.40
YNDX,Yandex N.V.,0.088,1,,7.19,$20.00,$14.09,41.94,$20.36
BL,BlackLine Inc.,0.088,1,,7.19,$28.14,$24.70,13.93,$59.57
GNRC,Generac Holdings Inc.,0.087,6,$292.81,2.91,$207.44,$134.80,53.89,$296.44
JEF,Jefferies Financial Group Inc.,0.087,4,$49.98,3.44,$47.90,$35.00,36.86,$68.96
FLR,Fluor Corp.,0.087,2,$52.39,6.24,$54.90,$39.33,39.59,$58.35
RUSHA,Rush Enterprises Inc.,0.087,2,$48.65,7.03,$48.92,$30.09,62.58,$55.58
XOM,ExxonMobil Holdings Corp.,0.086,11,$136.72,3.65,$163.54,$107.28,52.44,$174.09
STX,Seagate Technology,0.086,3,$965.00,5.90,$858.79,$207.94,313.00,$1144.18
ALLY,Ally Financial Inc.,0.085,4,$45.95,4.78,$40.00,$35.43,12.90,$46.96
TOST,Toast Inc.,0.085,2,$27.82,6.98,$29.74,$22.26,33.60,$42.15
GDS,GDS Holdings Ltd,0.085,2,$30.03,4.92,$32.79,$26.97,21.58,$48.61
CEG,Constellation Energy Corp.,0.085,2,$248.37,3.97,$254.71,$228.28,11.58,$410.41
ABT,Abbott Labs,0.084,7,$90.74,3.98,$102.61,$81.39,26.07,$134.38
RTX,RTX Corp.,0.084,7,$189.73,3.49,$194.00,$153.36,26.50,$226.41
PFGC,Performance Food Group,0.084,4,$111.79,4.00,$91.93,$80.82,13.75,$117.48
QXO,Qxo Inc,0.084,3,$17.28,4.10,$11.38,$11.14,2.15,$27.61
MGA,Magna International Inc.,0.084,3,$91.94,6.54,$63.15,$41.73,51.33,$73.22
CTSH,Cognizant Technology Solutions,0.083,6,$38.73,3.02,$59.87,$36.86,62.43,$85.48
GTN,Gray Television Inc.,0.083,1,,6.80,$4.44,$3.49,27.22,$6.20
KEYS,Keysight Technologies Inc.,0.082,5,$350.07,4.48,$335.00,$158.79,110.97,$374.96
APO,Apollo Global Management,0.082,3,$118.31,4.46,$125.91,$98.73,27.53,$151.39
JLL,Jones Lang Lasalle Inc.,0.081,5,$309.95,3.28,$336.38,$259.83,29.46,$393.84
INDV,Indivior Pharmaceuticals Inc.,0.081,1,,6.65,$34.88,$27.68,26.01,$42.81
CRS,Carpenter Technology,0.080,3,$616.84,3.63,$408.12,$227.48,79.41,$625.72
CSCO,Cisco Systems,0.079,7,$117.46,5.40,$109.51,$65.49,67.22,$129.88
GSK,GSK plc,0.079,6,$52.42,3.51,$50.22,$37.94,32.37,$60.12
IQV,IQVIA Holdings Inc.,0.079,4,$193.22,3.13,$266.42,$154.50,72.44,$273.88
BIIB,Biogen Inc.,0.079,3,$216.06,3.75,$215.50,$135.39,59.17,$225.80
EBAY,eBay Inc.,0.079,2,$111.75,4.74,$111.84,$77.32,44.65,$118.62
TEVA,Teva Pharmaceutical Industries Ltd.,0.079,2,$33.88,3.97,$38.98,$16.74,132.86,$39.70
RHI,Robert Half International,0.079,2,$30.70,5.93,$37.38,$21.08,77.32,$46.09
ADBE,Adobe Inc.,0.078,10,$205.01,2.57,$248.92,$190.12,30.93,$370.31
MANU,Manchester United plc,0.078,3,$22.93,2.41,$19.69,$14.85,32.59,$24.45
CME,CME Group,0.077,7,$220.83,2.52,$276.01,$217.29,27.02,$318.35
COP,ConocoPhillips,0.077,7,$103.96,2.10,$131.83,$82.95,58.93,$141.62
HTHT,H World Group Ltd ADR,0.077,3,$41.72,5.59,$43.44,$34.95,24.29,$54.14
ZTS,Zoetis Inc.,0.076,5,$71.86,3.03,$71.40,$70.98,0.59,$145.99
BP,BP plc,0.076,4,$36.95,3.65,$44.58,$31.12,43.25,$47.14
AMGN,Amgen,0.076,4,$362.12,3.21,$385.65,$262.49,46.92,$447.03
MCK,McKesson Corp.,0.076,2,$755.61,5.95,$874.65,$684.98,27.69,$996.84
VEEV,Veeva Systems Inc.,0.075,6,$177.47,1.93,$260.21,$148.05,75.76,$310.50
JCI,Johnson Controls Intl. plc,0.075,4,$146.11,4.27,$143.28,$103.53,38.39,$157.06
NSRGY,Nestle,0.075,1,,6.11,$94.79,$84.97,11.56,$107.17
AN,AutoNation Inc.,0.075,1,,6.17,$168.29,$167.05,0.74,$235.81
MSCI,MSCI Inc.,0.074,6,$560.04,3.24,$552.87,$495.54,11.57,$642.47
OLN,Olin Corp.,0.074,4,$19.82,4.83,$16.84,$16.67,1.02,$29.90
MDLZ,Mondelez International,0.074,4,$57.84,5.64,$60.85,$50.34,20.88,$66.65
NYT,New York Times CL A,0.074,3,$69.98,4.55,$70.21,$53.65,30.87,$86.83
MTZ,MasTec Inc.,0.074,2,$416.06,3.42,$214.38,$182.34,17.57,$441.43
ACI,Albertsons Co Inc.,0.074,1,,6.09,$12.35,$10.86,13.72,$19.18
DAL,Delta Air Lines Inc.,0.073,5,$93.66,2.16,$79.62,$54.60,45.82,$95.44
SBUX,Starbucks Corp.,0.073,5,$102.19,3.13,$95.83,$76.05,26.01,$109.88
FTV,Fortive Corp.,0.073,4,$61.09,3.47,$55.00,$47.10,16.77,$64.48
BRZE,Braze Inc A,0.073,2,$21.69,5.99,$24.43,$15.26,60.09,$37.33
VAL,Valaris plc,0.073,1,,5.99,$83.76,$46.70,79.36,$114.12
Z,Zillow Group Inc.,0.072,1,,5.89,$29.81,$29.23,1.98,$90.64
ENTG,Entegris Inc.,0.071,6,$179.86,2.70,$142.25,$67.81,109.78,$186.78
WCC,WESCO International Inc.,0.071,5,$345.38,4.23,$344.15,$202.09,70.30,$384.81
RYAAY,Ryanair Holdings PLC,0.071,3,$64.75,5.59,$53.51,$51.68,3.54,$73.13
HOG,Harley-Davidson,0.071,2,$24.46,5.79,$25.93,$16.84,53.98,$28.91
SPUU,Dir Dai S&P 500 Bu 2x ETF Us,0.071,1,,5.81,$222.11,$154.62,43.65,$232.39
PLGO,Pelagos Insurance Capital,0.071,1,,5.84,$23.54,$16.48,42.84,$26.18
FNF,Fidelity National Financial Inc.,0.070,3,$47.16,3.54,$42.50,$41.81,1.65,$56.47
FIVE,Five Below Inc.,0.070,2,$179.79,3.62,$234.14,$137.77,69.95,$263.88
XYZ,Block Inc.,0.070,2,$76.00,4.26,$76.28,$48.21,58.22,$86.92
OGN,Organon & Co.,0.070,1,,5.72,$13.68,$5.67,141.27,$13.79
NVST,Envista Holdings Corp.,0.069,5,$26.35,2.87,$23.35,$18.77,24.40,$30.42
MCHP,Microchip Technology,0.069,4,$91.20,5.37,$73.27,$47.28,54.97,$104.75
ODFL,Old Dominion Freight Line,0.069,3,$216.60,4.93,$173.00,$125.23,38.15,$251.64
DELL,Dell Technologies Inc.,0.069,3,$431.46,5.68,$568.06,$109.70,417.83,$595.51
MSA,MSA Safety Inc.,0.069,3,$174.58,4.68,$179.66,$149.32,20.32,$207.14
UAN,CVR Partners LP,0.069,1,,5.62,$133.91,$78.61,70.35,$136.82
NOV,Nov Inc.,0.068,4,$18.55,1.98,$20.07,$12.01,67.11,$21.84
WAB,WABTEC Corp.,0.068,3,$269.60,4.93,$280.23,$185.19,51.32,$306.32
MRP,Millrose Properties,0.068,2,$30.05,3.95,$28.87,$25.60,12.77,$32.17
BLMN,Bloomin Brands Inc.,0.068,1,,5.59,$8.07,$5.19,55.49,$12.63
GLD,SPDR Gold Trust,0.067,6,$1293.45,2.35,$401.17,$336.31,19.29,$509.70
CCC,CCC Intelligent Solutions Hldgs Inc.,0.067,2,$5.16,3.02,$6.55,$4.08,60.54,$9.71
UBS,UBS AG,0.066,4,$44.91,2.66,$50.69,$35.38,43.27,$55.99
LYB,LyondellBasell Industries,0.065,3,$52.65,2.87,$61.93,$39.12,58.31,$82.22
MBI,MBIA Inc.,0.065,2,$6.52,4.34,$4.39,$4.38,0.23,$8.17
CRGY,Crescent Energy Inc A,0.065,2,$9.82,4.86,$13.90,$7.46,86.33,$15.47
OZK,Bank OZK,0.065,2,$52.09,3.22,$47.88,$41.16,16.33,$53.18
RGLD,Royal Gold Inc.,0.065,2,$199.61,5.09,$249.65,$167.81,48.77,$304.97
CLF,Cleveland-Cliffs Inc.,0.065,2,$9.39,5.30,$12.50,$7.73,61.71,$16.70
PHYS,Sprott Physical Gold Trust,0.065,2,$30.17,5.29,$33.03,$28.07,17.67,$42.07
PRI,Primerica Inc.,0.065,1,,5.36,$290.59,$227.14,27.93,$325.96
TTMI,TTM Technologies Inc.,0.064,4,$187.02,3.13,$117.97,$51.09,130.91,$223.83
NSC,Norfolk Southern Corp.,0.064,4,$314.59,4.13,$314.16,$273.59,14.83,$357.18
FANG,Diamondback Energy Inc.,0.064,2,$175.78,3.02,$192.42,$132.93,44.75,$216.90
SGU,Star Gas Partners LP,0.064,1,,5.26,$12.63,$10.72,17.82,$13.33
CTRI,Centuri Holdings Inc,0.064,1,,5.25,$19.35,$19.03,1.68,$42.99
TRUP,Trupanion Inc.,0.064,1,,5.28,$25.07,$21.16,18.48,$46.98
SAP,SAP SE,0.063,7,$154.11,2.96,$209.45,$144.97,44.48,$276.56
BIO,Bio-Rad Laboratories Inc.,0.063,3,$293.61,2.39,$376.41,$236.73,59.00,$396.23
NXPI,NXP Semiconductors NV,0.063,3,$281.03,2.48,$227.99,$179.82,26.79,$337.28
UA,Under Armour CL C,0.063,1,,5.18,$4.80,$3.95,21.52,$7.91
BF.B,Brown-Forman Corp.,0.062,5,$26.65,3.33,$25.94,$22.23,16.69,$30.85
LPLA,LPL Financial Holdings Inc.,0.062,4,$281.68,2.10,$328.09,$259.94,26.22,$399.03
PLD,Prologis Inc.,0.062,3,$135.47,2.70,$134.84,$107.65,25.26,$152.14
TLN,Talen Energy Corp,0.062,3,$384.26,3.37,$292.30,$279.77,4.48,$451.28
LNC,Lincoln National,0.062,2,$35.35,5.04,$42.20,$31.40,34.39,$47.67
VGNT,Versigent Plc,0.062,2,$42.01,2.64,$45.86,$26.27,74.57,$50.75
MIR,Mirion Technologies Inc,0.062,2,$17.93,4.24,$15.76,$14.11,11.69,$30.28
AAL,American Airlines Group Inc.,0.062,2,$18.07,3.31,$12.96,$10.09,28.44,$18.79
GPGI,GPGI Inc.,0.062,1,,5.09,$11.98,$11.22,6.77,$26.77
QUAD,Quad/Graphics Inc.,0.062,1,,5.06,$9.43,$4.93,91.28,$11.03
PTLO,Portillo's Inc Cl A,0.062,1,,5.05,$3.75,$3.70,1.35,$6.83
XPO,XPO Logistics,0.060,4,$205.29,4.84,$174.25,$121.48,43.44,$232.05
LKQ,LKQ Corp.,0.060,4,$26.33,2.86,$23.30,$20.92,11.38,$35.92
MHK,Mohawk Industries,0.060,3,$121.33,2.37,$126.09,$92.99,35.60,$140.30
MET,MetLife Inc.,0.060,2,$84.61,2.76,$97.04,$66.41,46.12,$100.93
VZ,Verizon Communications,0.059,7,$42.34,1.76,$48.09,$36.55,31.57,$51.67
MS,Morgan Stanley,0.059,5,$209.04,3.54,$202.58,$148.47,36.45,$230.98
NEE,NextEra Energy Inc.,0.059,4,$87.77,3.10,$80.47,$68.40,17.65,$97.30
LEA,Lear Corp.,0.059,3,$134.06,2.61,$120.64,$93.67,28.79,$149.08
AME,Ametek Inc.,0.059,2,$241.94,4.87,$237.64,$178.15,33.39,$260.78
DJCO,Daily Journal Corp.,0.059,1,,4.80,$651.53,$348.63,86.88,$692.50
GS,Goldman Sachs Group,0.058,5,$1011.37,2.77,$942.00,$725.74,29.80,$1148.37
OKE,ONEOK Inc.,0.058,2,$86.94,3.08,$93.46,$91.75,1.86,$97.66
BRCC,BRC Inc.,0.058,1,,4.79,$9.36,$6.00,56.00,$18.55
MP,MP Materials Corp.,0.058,1,,4.74,$47.26,$37.81,24.99,$100.25
MNDY,monday.com Ltd.,0.058,1,,4.77,$85.13,$57.50,48.05,$220.80
LFUS,Littelfuse Inc.,0.057,7,$455.33,2.52,$407.88,$231.54,76.16,$499.60
ARW,Arrow Electronics,0.057,4,$213.41,4.35,$219.31,$101.79,115.45,$237.33
AVT,Avnet Inc.,0.057,3,$88.82,3.87,$96.12,$43.35,121.73,$99.92
CHD,Church & Dwight,0.057,2,$96.88,4.58,$94.75,$80.29,18.01,$105.37
CNR,Core Natural Resources Inc.,0.057,1,,4.67,$91.08,$72.88,24.97,$114.56
ALAB,Astera Labs Inc,0.057,1,,4.65,$303.25,$97.89,209.79,$499.48
PNC,PNC Financial Services,0.056,5,$246.22,3.78,$233.17,$172.82,34.92,$258.96
BHF,Brighthouse Financial Inc.,0.056,1,,4.60,$49.95,$44.51,12.22,$66.80
GLW,Corning Inc.,0.055,4,$255.43,4.26,$150.13,$76.38,96.56,$271.27
OC,Owens Corning,0.055,3,$158.94,2.86,$123.90,$95.63,29.56,$159.88
YUMC,Yum China Holdings Inc.,0.055,3,$40.87,4.25,$41.12,$39.90,3.06,$57.33
SEG,Seaport Entertainment Group,0.055,2,$26.60,3.86,$24.14,$17.74,36.08,$29.61
BGC,BGC Group Inc.,0.055,1,,4.48,$12.22,$8.20,49.02,$12.86
CNDT,Conduent Inc.,0.055,1,,4.48,$1.61,$1.15,40.00,$2.98
B,Barrick Mining Corp.,0.054,5,$36.73,3.12,$43.33,$29.53,46.73,$53.80
BX,Blackstone Group,0.054,4,$117.67,3.30,$124.96,$99.78,25.24,$182.47
AMRZ,Amrize Ltd,0.054,3,$53.30,2.13,$37.54,$37.38,0.43,$65.13
KGC,Kinross Gold Corp.,0.054,3,$23.62,4.14,$28.08,$21.89,28.28,$38.96
TER,Teradyne Inc.,0.054,2,$483.84,4.42,$371.47,$117.31,216.66,$487.72
LLYVK,Liberty Media Corp. Series C Live,0.054,2,$105.64,4.07,$96.28,$78.68,22.37,$109.75
FAST,Fastenal,0.054,2,$48.03,2.72,$49.01,$38.34,27.83,$52.92
NMIH,NMI Holdings,0.054,2,$41.09,4.39,$42.90,$34.84,23.13,$46.74
MAVF,Matrix Advisors Value ETF,0.054,1,,4.41,$137.89,$113.25,21.76,$142.84
TJX,TJX Companies Inc.,0.053,3,$151.50,2.52,$127.24,$122.78,3.63,$169.47
TMHC-OLD,Taylor Morrison Home Corp.,0.053,3,$71.74,3.30,$72.46,$54.15,33.81,$72.50
TDAY,Gannett Co.,0.053,2,$8.55,2.83,$6.24,$3.42,82.46,$9.21
SYY,Sysco Corp.,0.052,5,$83.44,1.81,$79.05,$67.23,17.58,$90.56
OMC,Omnicom Group,0.052,4,$72.83,2.53,$76.57,$64.32,19.05,$88.65
MPLX,MPLX LP,0.052,2,$56.33,3.90,$59.44,$44.22,34.42,$60.39
MSGE,Madison Square Garden Entertainment Corp.,0.052,1,,4.28,$79.02,$41.65,89.72,$90.41
VNOM,Viper Energy Inc.,0.052,1,,4.25,$42.27,$33.67,25.54,$49.62
MCD,McDonald's Corp.,0.051,7,$270.31,2.18,$248.24,$247.65,0.24,$335.18
RMNI,Rimini Street Inc.,0.051,2,$4.26,4.15,$4.38,$2.87,52.61,$5.68
OSW,OneSpaWorld Holdings Ltd,0.051,1,,4.19,$21.87,$18.94,15.47,$29.19
DEO,Diageo ADR,0.050,8,$80.38,1.60,$85.59,$71.73,19.32,$101.71
NKE,NIKE Inc.,0.050,7,$41.05,2.32,$35.51,$35.50,0.03,$74.51
ABBV,AbbVie Inc.,0.050,7,$251.64,3.09,$263.96,$189.40,39.37,$267.47
REZI,Resideo Technologies Inc.,0.050,5,$31.10,1.90,$18.37,$18.18,1.05,$32.01
PPG,PPG Industries,0.050,3,$121.29,2.78,$104.52,$91.35,14.42,$130.99
KDP,Keurig Dr Pepper Inc.,0.050,2,$32.73,4.04,$30.96,$24.43,26.73,$33.82
CRL,Charles River Labs,0.050,2,$226.79,3.41,$278.06,$144.26,92.75,$303.31
FTNT,Fortinet Inc.,0.050,1,,4.09,$169.84,$73.55,130.92,$176.10
NTRA,Natera Inc.,0.049,4,$271.45,3.32,$369.39,$157.43,134.64,$369.69
CRBG,Corebridge Financial Inc.,0.049,3,$28.63,2.84,$34.81,$21.74,60.12,$35.64
LBTYA,Liberty Global Ltd CL A,0.049,3,$11.37,2.57,$9.87,$9.43,4.67,$13.52
IEX,IDEX Corp.,0.049,2,$226.95,3.97,$223.72,$155.87,43.53,$243.80
CHTR,Charter Communications,0.048,6,$142.21,1.95,$128.17,$111.55,14.90,$285.82
FN,Fabrinet,0.047,4,$562.08,3.30,$388.55,$354.41,9.63,$748.89
LUV,Southwest Airlines,0.047,2,$51.42,3.87,$40.98,$28.75,42.54,$54.38
SEB,Seaboard Corp.,0.047,2,$4464.28,3.80,$4272.34,$3133.55,36.34,$5983.34
LUMN,Lumen Technologies Inc.,0.047,1,,3.87,$6.40,$5.52,15.94,$11.95
MAIR,Madison Air Solutions Corp A,0.047,1,,3.87,$24.01,$22.91,4.80,$44.50
WDAY,Workday Inc.,0.046,4,$122.42,1.78,$193.87,$110.36,75.67,$249.85
CNC,Centene Corp.,0.046,3,$64.19,2.71,$65.11,$31.63,105.85,$69.63
WULF,Terawulf Inc,0.046,2,$24.70,3.65,$17.01,$10.43,63.09,$29.84
DKS,Dick's Sporting Goods Inc.,0.046,2,$226.81,3.02,$121.15,$119.27,1.58,$242.09
CNA,CNA Financial Corp.,0.046,1,,3.77,$48.02,$40.34,19.04,$55.19
CG,Carlyle Group,0.045,4,$42.11,1.91,$40.10,$39.16,2.40,$67.95
FLEX,Flex Ltd.,0.045,3,$162.07,3.66,$108.51,$53.07,104.47,$166.86
SDHC,Smith Douglas Homes Corp,0.045,3,$15.54,3.67,$10.04,$9.91,1.31,$23.49
NVT,nVent Electric plc,0.045,3,$169.61,3.19,$157.88,$92.78,70.17,$184.40
NVR,NVR Inc.,0.045,3,$6813.41,3.03,$6150.47,$5501.01,11.81,$8200.01
STLA,Stellantis N.V.,0.045,2,$5.74,3.69,$4.82,$4.76,1.26,$12.22
TWLO,Twilio Inc.,0.045,2,$206.33,3.70,$243.84,$98.44,147.70,$258.35
DD,DuPont de Nemours Inc.,0.045,2,$135.65,3.71,$129.01,$86.86,48.53,$156.04
NRP,Natural Resource Partners,0.045,1,,3.69,$109.28,$94.82,15.25,$126.18
HSY,Hershey Co.,0.044,5,$175.44,2.08,$169.79,$156.70,8.35,$235.80
COHR,Coherent Corp.,0.044,4,$394.47,3.50,$317.36,$102.14,210.71,$440.00
ILMN,Illumina Inc.,0.044,2,$175.83,2.02,$239.62,$88.00,172.30,$250.06
USFD,US Foods Holding Corp.,0.044,2,$102.25,3.07,$93.42,$69.88,33.69,$111.42
SSNC,SS&C Technologies Holdings Inc.,0.044,2,$62.05,2.01,$79.93,$61.18,30.65,$88.93
ERFSF,Eurofins Scientific SE,0.044,1,,3.60,$85.60,$64.33,33.06,$89.99
PGEN,Precigen Inc.,0.044,1,,3.61,$7.78,$2.99,160.20,$8.04
PSX,Phillips 66,0.043,6,$169.05,2.96,$273.13,$123.09,121.89,$277.12
LBRDK-OLD,Liberty Broadband Corp. CL C,0.043,4,$33.26,1.94,$35.99,$26.25,37.10,$65.73
CORZ,Core Scientific Inc,0.043,3,$25.59,3.38,$17.99,$13.36,34.66,$30.46
AERO,Grupo Aeromexico Sab De Cv,0.043,2,$18.00,1.89,$15.42,$12.26,25.77,$23.05
BFH,Bread Financial Holdings Inc.,0.043,2,$108.35,3.40,$108.53,$53.23,103.89,$114.28
AFRM,Affirm Holdings Inc.,0.043,2,$81.55,3.51,$71.21,$42.10,69.14,$92.56
SA,Seabridge Gold Inc.,0.043,1,,3.52,$30.95,$19.23,60.95,$40.06
MSGS,Madison Square Garden Sports Corp.,0.042,4,$401.84,2.64,$398.75,$207.90,91.80,$438.93
ROIV,Roivant Sciences Ltd,0.042,4,$35.39,1.95,$39.77,$14.50,174.28,$42.50
TAP,Molson Coors Beverage Co.,0.042,3,$38.94,2.94,$37.53,$37.31,0.59,$53.00
CHYM,Chime Financial Inc Cl A,0.042,3,$20.48,2.78,$30.33,$15.88,90.99,$35.55
AMG,Affiliated Managers Group,0.042,3,$338.40,3.37,$355.80,$230.07,54.65,$392.91
FOX,Fox Corporation CL B,0.042,2,$46.84,3.27,$57.74,$43.86,31.65,$67.48
NRG,NRG Energy Inc.,0.042,1,,3.44,$103.66,$103.49,0.16,$188.71
ALV,Autoliv Inc.,0.041,2,$116.17,3.37,$116.98,$97.72,19.71,$131.23
INCY,Incyte Corp.,0.041,2,$113.36,2.64,$125.31,$81.09,54.53,$132.60
GFL,Gfl Environmental Inc Sub Vt,0.041,1,,3.39,$42.53,$33.32,27.64,$48.00
CPT,Camden Property Trust,0.040,3,$114.49,1.76,$99.12,$94.30,5.11,$119.81
UAL,United Airlines Holdings Inc.,0.040,2,$135.99,3.31,$108.71,$84.64,28.44,$138.77
WSC,WillScot Mobile Mini Hldgs Corp.,0.040,2,$28.86,3.28,$18.17,$14.72,23.44,$29.66
SSD,Simpson Manufacturing,0.040,2,$209.35,3.09,$171.23,$155.55,10.08,$213.18
PENN,Penn National Gaming Inc.,0.040,2,$21.36,3.20,$16.45,$11.65,41.20,$22.36
STZ,Constellation Brands,0.039,4,$139.09,1.58,$118.97,$118.91,0.05,$166.17
RS,Reliance Steel & Aluminum,0.039,2,$373.60,3.23,$390.15,$256.46,52.13,$432.62
CE,Celanese Corp.,0.039,2,$46.00,2.82,$45.41,$35.07,29.48,$70.65
IDT,IDT Corp. CL B,0.039,1,,3.23,$69.84,$45.54,53.36,$72.13
SWKS,Skyworks Solutions Inc.,0.039,1,,3.18,$88.76,$51.48,72.42,$92.30
STT,State Street Corp.,0.038,5,$169.60,1.93,$182.87,$102.75,77.98,$195.93
NVO,Novo Nordisk A S,0.038,4,$47.94,1.05,$43.24,$34.20,26.43,$61.21
EW,Edwards Lifesciences Corp.,0.038,2,$90.46,3.09,$88.26,$72.30,22.07,$96.29
IBP,Installed Building Products,0.038,2,$229.84,3.07,$197.63,$192.37,2.73,$344.87
PCG,PG&E Corp.,0.038,2,$16.82,2.85,$13.20,$12.59,4.85,$19.04
STRL,Sterling Construction Co. Inc.,0.038,1,,3.13,$518.68,$281.58,84.20,$1005.68
FPH,Five Point Holdings LLC,0.038,1,,3.11,$4.92,$4.60,6.96,$6.55
LMT,Lockheed Martin Corp.,0.037,5,$509.46,1.38,$533.38,$429.47,24.19,$683.27
AEP,American Electric Power,0.037,3,$136.81,1.72,$120.00,$102.52,17.05,$139.52
LH,Labcorp Holdings Inc.,0.037,3,$280.00,1.92,$320.71,$242.07,32.49,$341.06
FNV,Franco Nevada Corp.,0.037,2,$208.45,1.81,$265.93,$180.18,47.59,$284.12
FMX,Fomento Economico Mexicano,0.037,2,$127.90,2.74,$118.72,$84.80,40.00,$141.47
ALGN,Align Technology Inc.,0.037,1,,3.07,$147.61,$122.00,20.99,$200.44
RBLX,Roblox Corp.,0.037,1,,3.04,$47.82,$33.88,41.15,$142.00
MICC,Magnum Ice Cream Co NV,0.036,7,$16.98,0.91,$18.98,$12.94,46.68,$20.69
ONON,On Holding AG,0.036,4,$35.42,2.88,$27.26,$26.37,3.38,$51.08
CARR,Carrier Global Corp.,0.036,4,$73.35,1.74,$53.88,$49.67,8.48,$76.49
SNOW,Snowflake Inc.,0.036,3,$254.50,2.25,$332.43,$118.30,181.01,$384.56
YUM,Yum! Brands Inc.,0.036,3,$159.86,2.01,$137.99,$134.26,2.78,$169.29
EL,Estee Lauder Cos.,0.036,3,$78.94,2.87,$93.43,$65.74,42.12,$120.38
SPHR,Sphere Entertainment Co.,0.036,2,$173.03,2.87,$145.19,$56.36,157.61,$181.63
AWI,Armstrong World Industries Inc.,0.036,2,$160.42,1.50,$159.63,$150.00,6.42,$204.82
TPG,Tpg Inc,0.036,1,,2.92,$46.47,$36.07,28.83,$67.83
CPAY,Corpay Inc.,0.036,1,,2.99,$397.76,$252.84,57.32,$427.46
WMT,Walmart Inc.,0.035,6,$113.26,2.76,$106.73,$98.06,8.84,$134.83
BF.A,Brown-Forman Corp. CL A,0.035,3,$27.36,2.22,$26.52,$22.63,17.19,$30.62
TW,Tradeweb Markets Inc.,0.035,3,$99.66,1.63,$103.97,$91.30,13.88,$127.35
EMBJ,Embraer SA,0.035,3,$63.80,2.09,$75.07,$53.37,40.66,$80.46
BRO,Brown & Brown Inc.,0.035,3,$64.15,1.62,$65.02,$53.69,21.10,$95.63
TRGP,Targa Resources Corp.,0.035,2,$268.14,2.83,$292.19,$141.11,107.07,$307.94
RGEN,Repligen Corp.,0.035,2,$136.44,2.44,$176.89,$100.99,75.16,$188.73
CDNS,Cadence Design Systems,0.035,2,$375.32,2.81,$282.90,$262.75,7.67,$416.69
UNF,UniFirst Corp.,0.035,2,$264.46,2.03,$261.62,$146.76,78.26,$306.26
ULS,Ul Solutions Inc Class A,0.035,1,,2.91,$64.03,$63.17,1.36,$107.17
PRVA,Privia Health Group Inc.,0.035,1,,2.91,$19.85,$19.53,1.64,$28.82
VOO,Vanguard S&P 500 ETF,0.034,6,$686.82,1.77,$701.78,$576.78,21.67,$716.39
TCOM,Trip.com Group Ltd,0.034,3,$39.84,1.50,$40.68,$38.04,6.94,$78.99
CPB,Campbell's Co.,0.034,3,$22.27,2.60,$20.69,$19.23,7.59,$32.13
BR,Broadridge Financial Solutions,0.034,2,$136.95,1.49,$163.13,$133.01,22.64,$238.38
WSO,Watsco Inc.,0.034,2,$416.73,1.90,$311.77,$295.75,5.42,$455.09
IMO,Imperial Oil Ltd.,0.034,2,$112.17,2.51,$129.91,$82.02,58.39,$138.09
CBRS,Cerebras Systems Inc A,0.034,1,,2.76,$198.37,$160.81,23.36,$386.34
CMPR,Cimpress plc,0.034,1,,2.77,$80.11,$60.59,32.22,$106.58
MIDD,Middleby Corp.,0.034,1,,2.82,$112.28,$88.87,26.34,$148.55
EFA,iShares MSCI EAFE ETF,0.033,5,$103.87,2.39,$104.97,$88.19,19.03,$108.89
WY,Weyerhaeuser Co.,0.033,4,$23.94,2.02,$21.22,$20.41,3.97,$27.03
LOW,Lowe's Cos.,0.033,3,$220.49,1.43,$192.49,$192.09,0.21,$289.87
CTO,CTO Realty Growth Inc.,0.033,1,,2.74,$20.28,$13.94,45.48,$22.31
GPK,Graphic Packaging Hldg Co.,0.033,1,,2.69,$9.31,$8.59,8.38,$19.25
ATS,Ats Corp,0.033,1,,2.67,$19.34,$18.41,5.05,$35.82
FER,Ferrovial Se,0.033,1,,2.72,$55.04,$53.91,2.10,$74.07
KNSL,Kinsale Capital Group Inc.,0.033,1,,2.67,$356.85,$287.01,24.33,$483.75
VRSK,Verisk Analytics Inc.,0.032,5,$179.53,1.65,$175.41,$155.10,13.09,$250.83
HCA,HCA Healthcare Inc.,0.032,5,$389.89,2.12,$427.71,$353.34,21.05,$553.56
BSX,Boston Scientific,0.032,5,$42.68,2.29,$43.34,$42.20,2.70,$105.65
CSX,CSX Corp.,0.032,3,$47.53,2.15,$47.10,$32.42,45.28,$53.45
WMB,Williams Cos.,0.032,3,$74.34,2.57,$72.05,$54.53,32.13,$78.91
CASY,Casey's Gen'l Stores,0.032,3,$794.80,1.98,$597.48,$496.20,20.41,$927.15
VRTX,Vertex Pharmaceuticals,0.032,2,$496.73,1.51,$508.34,$374.17,35.86,$560.25
WPM,Wheaton Precious Metals Corp.,0.032,2,$112.32,2.63,$151.01,$92.01,64.12,$165.03
CLH,Clean Harbors Inc.,0.032,2,$298.75,2.59,$315.80,$201.34,56.85,$335.94
RDDT,Reddit Inc Cl A,0.032,2,$173.58,1.83,$150.85,$119.27,26.48,$271.99
LII,Lennox International,0.032,1,,2.60,$359.23,$350.22,2.57,$587.27
GGG,Graco Inc.,0.032,1,,2.63,$76.26,$72.23,5.58,$94.99
ITUB,ita Unibanco Holding S.A.,0.032,1,,2.59,$8.20,$6.06,35.31,$9.46
MTN,Vail Resorts Inc.,0.031,4,$136.15,2.23,$139.80,$116.69,19.80,$160.49
LEN.B,Lennar Corp. CL B,0.031,4,$88.71,2.12,$74.71,$74.44,0.36,$123.45
MAS,Masco Corp.,0.031,3,$81.37,1.33,$68.06,$57.51,18.34,$83.27
TME,Tencent Music Entertainment Grp,0.031,3,$8.35,1.49,$7.76,$7.70,0.78,$24.59
BAP,Credicorp Ltd.,0.031,3,$389.58,1.08,$381.83,$230.45,65.69,$413.25
A,Agilent Technologies,0.031,2,$132.83,2.53,$156.47,$108.14,44.69,$163.75
TTWO,Take-Two Interactive Software,0.031,2,$249.98,1.89,$205.45,$187.63,9.50,$265.94
JBS,Jbs Nv A,0.031,2,$11.85,2.54,$11.96,$11.45,4.45,$17.27
FIS,Fidelity National Information Services,0.031,2,$38.88,1.56,$35.62,$35.53,0.25,$66.59
RLI,RLI Corp.,0.031,2,$59.07,1.48,$59.39,$45.14,31.57,$66.81
WHK,Whitehawk Minerals Corp Cl A,0.031,1,,2.56,$26.33,$25.24,4.32,$29.07
JELD,JELD-WEN Holding Inc.,0.031,1,,2.53,$1.76,$0.93,89.25,$5.88
WFRD,Weatherford International plc,0.031,1,,2.51,$82.03,$60.12,36.44,$112.79
RMD,ResMed Inc.,0.031,1,,2.54,$224.99,$179.75,25.17,$281.89
IBM,International Business Machines,0.030,5,$281.21,2.36,$229.55,$197.77,16.07,$330.09
CL,Colgate-Palmolive,0.030,5,$91.68,1.24,$87.47,$73.21,19.48,$98.15
PAYX,Paychex Inc.,0.030,2,$98.33,2.35,$116.14,$83.50,39.09,$127.98
TRIP,TripAdvisor Inc.,0.030,2,$13.71,1.62,$8.84,$8.41,5.11,$20.16
BE,Bloom Energy Corp.,0.030,2,$302.69,2.36,$265.63,$61.37,332.83,$351.28
FOUR,Shift4 Payments Inc. CL A,0.030,2,$48.64,2.09,$38.98,$34.56,12.79,$87.69
SDRL,Seadrill Ltd,0.030,2,$37.82,2.45,$47.49,$28.10,69.00,$55.47
NWSA,News Corp.,0.030,2,$24.83,2.32,$29.78,$22.03,35.18,$31.55
TTC,Toro Co.,0.030,2,$97.42,2.39,$93.49,$66.72,40.12,$104.28
ZBRA,Zebra Technologies Corp.,0.030,2,$263.26,2.42,$346.63,$199.05,74.14,$386.23
PEG,Public Serv. Enterprise Inc.,0.030,2,$81.16,2.42,$69.77,$69.72,0.07,$85.40
LAZ,Lazard Inc.,0.030,2,$41.94,2.41,$35.75,$35.16,1.68,$57.45
CHRW,C.H. Robinson Worldwide,0.030,2,$188.34,1.33,$152.99,$121.78,25.63,$209.43
NXT,Nextracker Inc Cl A,0.030,1,,2.49,$80.47,$69.22,16.25,$163.13
ESRT,Empire State Realty Trust Inc.,0.030,1,,2.45,$3.93,$3.93,0.00,$7.83
OCSL,Oaktree Specialty Lending Corp,0.030,1,,2.49,$12.41,$10.07,23.24,$12.98
CSL,Carlisle Companies,0.029,4,$362.75,1.62,$314.70,$290.64,8.28,$428.80
DPC,Dpc Holdings Plc,0.029,4,$49.06,2.27,$40.76,$37.65,8.26,$57.25
BMRN,BioMarin Pharmaceutical Inc.,0.029,3,$57.22,1.24,$63.94,$49.26,29.80,$70.98
SUI,Sun Communities Inc.,0.029,3,$119.91,1.75,$113.75,$113.74,0.01,$135.36
CPRI,Capri Holdings Ltd,0.029,2,$18.57,2.29,$14.75,$12.40,18.95,$28.27
PTEN,Patterson-UTI Energy Inc.,0.029,1,,2.41,$11.78,$4.89,140.90,$13.39
VSEC,VSE Corp.,0.028,3,$228.50,2.18,$174.83,$154.36,13.26,$247.85
WST,West Pharmaceutical Services,0.028,2,$358.99,1.85,$362.31,$223.52,62.09,$385.75
PBH,Prestige Consumer Healthcare,0.028,2,$47.27,2.29,$44.97,$42.62,5.51,$71.07
AMLP,Alerian MLP ETF,0.028,1,,2.26,$54.98,$41.24,33.32,$56.43
MNST,Monster Beverage Corp.,0.028,1,,2.28,$44.71,$31.51,41.89,$50.17
FDXF,FedEx Freight Holding Co.,0.027,5,$151.00,1.02,$120.13,$120.01,0.10,$200.00
VEA,Vanguard FTSE Developed ETF,0.027,5,$71.25,1.63,$71.38,$57.29,24.59,$73.85
BLCO,Bausch + Lomb Corp,0.027,3,$16.56,1.51,$16.85,$13.77,22.37,$18.92
DINO,HF Sinclair Corp.,0.027,3,$69.65,1.99,$115.90,$44.66,159.52,$117.70
NESR,National Energy Services Reunited Corp.,0.027,3,$29.93,2.18,$32.58,$9.92,228.43,$36.94
GLIBK,GCI Liberty Inc. Series C,0.027,2,$21.56,2.18,$23.79,$19.30,23.26,$41.18
EXP,Eagle Materials Inc.,0.027,2,$225.00,2.21,$176.82,$171.56,3.07,$245.20
COIN,Coinbase Global Inc.,0.027,1,,2.24,$194.25,$139.11,39.64,$402.16
HLF,Herbalife Nutrition Ltd.,0.027,1,,2.25,$11.89,$7.56,57.28,$20.40
BOKF,BOK Financial Corp.,0.027,1,,2.25,$132.75,$100.84,31.64,$146.20
FAF,First Amer'n Corp.,0.027,1,,2.21,$69.59,$55.74,24.85,$79.87
CVSA,Covista Inc.,0.027,1,,2.20,$126.72,$86.97,45.71,$156.26
KSPI,Jsc Kaspi.kz ADR,0.026,7,$86.62,0.96,$97.53,$64.26,51.77,$107.58
TFC,Truist Financial Corp.,0.026,4,$49.82,2.06,$48.56,$39.11,24.16,$54.51
ITRN,Ituran Location & Control Ltd.,0.026,3,$61.01,1.93,$51.66,$32.34,59.74,$67.77
FOSL,Fossil Inc.,0.026,2,$4.14,2.10,$5.47,$1.70,221.76,$6.25
GNTX,Gentex Corp.,0.026,2,$25.27,2.09,$22.24,$20.26,9.77,$28.49
CDW,CDW Corp.,0.026,2,$140.64,1.09,$146.19,$96.09,52.14,$163.67
DOX,Amdocs Ltd.,0.026,2,$50.54,2.07,$59.30,$49.24,20.43,$83.39
BBIO,BridgeBio Pharma Inc.,0.026,2,$74.48,2.11,$66.61,$48.78,36.55,$93.42
AIG,American International Group,0.026,2,$74.53,2.02,$75.33,$69.90,7.77,$85.64
FLS,Flowserve Corp.,0.026,2,$74.16,2.10,$73.88,$48.28,53.02,$91.86
BKV,Bkv Corporation,0.026,1,,2.17,$22.97,$20.08,14.39,$32.81
DVA,DaVita HealthCare Partners,0.026,1,,2.15,$183.86,$101.00,82.04,$247.49
DHT,DHT Holdings Inc.,0.026,1,,2.13,$23.27,$9.43,146.77,$23.51
TECK,Teck Resources,0.026,1,,2.14,$65.52,$37.75,73.56,$72.46
NFG,National Fuel Gas,0.026,1,,2.15,$80.92,$74.64,8.41,$96.03
VAC,Marriott Vacations Worldwide,0.026,1,,2.16,$103.02,$42.68,141.38,$130.30
SPCX,Space Exploration Technologies Corp.,0.025,5,$170.86,0.67,$152.71,$104.83,45.67,$225.64
BUD,Anheuser-Busch InBev,0.025,4,$82.40,1.27,$77.73,$57.32,35.61,$86.60
VOYA,Voya Financial Inc.,0.025,3,$90.53,1.08,$101.57,$63.83,59.13,$105.64
KVUE,Kenvue Inc,0.025,3,$19.11,1.90,$17.81,$13.38,33.11,$19.91
VSNT,Versant Media Group Inc.,0.025,3,$36.01,1.77,$35.18,$26.61,32.21,$45.11
MAA,Mid-America Apt Communties,0.025,2,$138.94,2.00,$118.93,$117.48,1.23,$142.76
ATI,Allegheny Technologies Inc.,0.025,2,$197.10,1.39,$191.63,$75.02,155.44,$243.57
COTY,Coty Inc.,0.025,2,$2.16,2.00,$2.43,$1.82,33.52,$4.47
ISRG,Intuitive Surgical Inc.,0.025,2,$397.68,1.53,$393.33,$328.57,19.71,$603.88
SJM,J.M. Smucker Co,0.025,2,$112.50,2.02,$122.95,$86.47,42.19,$135.89
EOG,EOG Resources,0.025,2,$129.73,1.99,$144.23,$99.12,45.51,$154.16
INSM,Insmed Inc.,0.025,1,,2.07,$120.00,$90.39,32.76,$212.75
FBTC,Fidelity Wise Origin Bitcoin,0.025,1,,2.07,$70.66,$50.48,39.98,$110.25
KBR,KBR Inc.,0.025,1,,2.07,$35.54,$29.67,19.78,$51.33
SHEN,Shenandoah Telecommunications Co.,0.025,1,,2.06,$11.57,$9.67,19.65,$17.35
BIDU,Baidu Inc.,0.024,4,$114.29,1.98,$89.93,$88.23,1.93,$165.30
MTB,M&T Bank Corp.,0.024,3,$238.01,1.52,$227.31,$169.89,33.80,$254.31
WRBY,Warby Parker Inc.,0.024,3,$30.34,1.89,$22.50,$14.96,50.40,$31.00
AXTA,Axalta Coating Systems Ltd.,0.024,2,$34.22,1.18,$32.20,$24.94,29.11,$38.61
UHS,Universal Health Services Inc.,0.024,2,$148.69,1.12,$176.69,$139.92,26.28,$245.26
PR,Permian Resources Corp.,0.024,2,$18.41,1.97,$22.76,$11.52,97.57,$24.48
ANET,Arista Networks Inc.,0.024,2,$169.88,1.94,$199.39,$114.52,74.11,$214.89
ECPG,Encore Capital Group Inc.,0.024,1,,1.94,$99.54,$39.95,149.16,$104.98
COLD,Americold Realty Trust,0.024,1,,1.98,$14.41,$9.59,50.26,$16.88
JXN,Jackson Financial Inc.,0.024,1,,1.94,$132.67,$86.88,52.70,$140.33
FCX,Freeport-McMoran Inc.,0.024,1,,2.00,$71.54,$34.78,105.69,$80.24
SPB,Spectrum Brands Holdings Inc.,0.023,4,$85.75,1.23,$86.17,$48.72,76.87,$98.53
LAMR,Lamar Advertising Co.,0.023,3,$155.98,1.64,$146.81,$110.33,33.06,$166.33
CAG,Conagra Brands Inc.,0.023,3,$13.46,1.76,$15.13,$12.39,22.11,$19.59
ADPT,Adaptive Biotechnologies Corp.,0.023,2,$21.45,1.83,$28.61,$12.00,138.42,$28.72
BATRK,Atlanta Braves Holdings Inc. Series C,0.023,2,$51.90,1.64,$50.57,$37.76,33.92,$54.46
AGX,Argan Inc.,0.023,2,$798.55,1.80,$389.85,$239.09,63.06,$805.09
PANW,Palo Alto Networks,0.023,2,$341.02,1.88,$363.58,$139.57,160.50,$398.88
WEC,WEC Energy Group,0.023,1,,1.92,$103.17,$100.35,2.81,$118.87
SHC,Sotera Health Co,0.023,1,,1.88,$18.73,$13.09,43.09,$19.85
PDRDF,Pernod Ricard,0.023,1,,1.92,$69.00,$65.28,5.70,$100.83
SWK,Stanley Black & Decker Inc.,0.023,1,,1.92,$89.58,$59.35,50.94,$103.78
WTM,White Mountains Insurance,0.023,1,,1.85,$2061.30,$1647.25,25.14,$2333.00
BYD,Boyd Gaming Corp.,0.023,1,,1.92,$72.97,$72.96,0.01,$91.17
LNT,Alliant Energy,0.023,1,,1.86,$65.61,$61.58,6.54,$78.22
CHRD,Chord Energy,0.023,1,,1.87,$144.49,$80.76,78.91,$157.06
TRV,Travelers Companies Inc.,0.022,4,$330.13,0.71,$374.62,$248.46,50.78,$397.34
HSIC,Henry Schein Inc.,0.022,3,$83.52,1.54,$84.84,$61.95,36.95,$92.18
ABEV,Ambev S.A.,0.022,3,$3.14,1.81,$2.94,$2.08,41.35,$3.44
GILD,Gilead Sciences,0.022,3,$126.34,1.57,$150.11,$105.84,41.83,$154.51
IWF,iShares Russell 1000 Growth ETF,0.022,3,$124.17,1.08,$123.25,$102.05,20.77,$128.91
GHC,Graham Holdings Co.,0.022,2,$1141.45,1.74,$1143.43,$923.50,23.81,$1262.35
ECHO,EchoStar Corp.,0.022,2,$101.50,1.73,$93.46,$65.76,42.12,$147.25
IR,Ingersoll Rand Inc.,0.022,2,$81.99,0.92,$71.83,$68.05,5.55,$100.89
CTVA,Corteva Inc.,0.022,2,$84.69,1.84,$80.53,$59.97,34.28,$90.87
PRMB,Primo Brands Corp,0.022,2,$24.44,1.77,$20.52,$14.04,46.15,$26.08
KRC,Kilroy Realty Corp.,0.022,1,,1.83,$34.23,$26.89,27.30,$42.39
UMBF,UMB Financial Corp.,0.022,1,,1.79,$134.52,$101.90,32.01,$152.78
JD,JD.com Inc.,0.021,5,$25.48,1.17,$26.92,$23.66,13.78,$35.59
ROL,Rollins Inc.,0.021,4,$41.74,0.57,$32.43,$32.42,0.03,$65.40
NTRS,Northern Trust Corp.,0.021,3,$173.84,1.69,$177.89,$118.61,49.98,$194.86
TKR,Timken Co.,0.021,3,$145.31,1.72,$117.14,$69.62,68.26,$145.98
CMCO,Columbus McKinnon Corp.,0.021,2,$15.13,1.71,$15.76,$11.95,31.88,$24.13
WIX,Wix.com Ltd.,0.021,2,$44.27,0.90,$78.49,$40.16,95.44,$185.99
ROK,Rockwell Automation Inc.,0.021,2,$495.08,1.17,$415.62,$328.32,26.59,$495.83
PSKY,Paramount Skydance Corp.,0.021,2,$9.86,0.99,$10.21,$7.58,34.70,$20.48
INGR,Ingredion Inc.,0.021,1,,1.72,$97.33,$93.62,3.96,$121.53
LBTYK,Liberty Global Ltd CL C,0.021,1,,1.74,$9.65,$9.30,3.76,$13.12
VNT,Vontier Corp.,0.021,1,,1.70,$31.36,$27.21,15.25,$48.09
VRSN,Verisign Inc.,0.020,3,$251.56,0.76,$303.12,$206.93,46.48,$311.57
CMI,Cummins Inc.,0.020,3,$713.22,1.05,$532.23,$394.95,34.76,$735.02
XP,XP Inc.,0.020,2,$16.26,1.34,$20.01,$14.80,35.20,$22.83
SD,SandRidge Energy Inc.,0.020,2,$13.70,0.84,$14.16,$10.60,33.58,$17.78
ROG,Rogers Corp.,0.020,2,$163.73,1.61,$129.77,$75.14,72.70,$169.00
CLB,Core Laboratories Inc.,0.020,1,,1.63,$11.25,$9.78,15.03,$20.32
ACGL,Arch Capital Group Ltd.,0.020,1,,1.67,$96.89,$82.45,17.51,$107.09
TGT,Target Corp.,0.019,4,$130.61,1.21,$158.19,$81.20,94.82,$170.75
DEI,Douglas Emmett Inc.,0.019,3,$11.80,1.30,$10.25,$8.79,16.61,$15.41
HP,Helmerich & Payne,0.019,2,$32.75,1.46,$40.91,$19.75,107.14,$48.17
VYM,Vanguard High Dvd Yield ETF,0.019,2,$158.03,1.42,$159.26,$134.14,18.73,$166.68
LLYVA,Liberty Media Corp. Series A Live,0.019,2,$101.26,1.41,$93.01,$77.12,20.60,$106.06
ST,Sensata Technologies Holding,0.019,2,$47.74,1.27,$41.95,$27.92,50.25,$53.75
LILAK,Liberty LiLAC Group C,0.019,1,,1.56,$8.40,$4.76,76.47,$8.92
HAE,Haemonetics Corp.,0.019,1,,1.54,$108.40,$47.32,129.08,$110.45
DNOW,NOW Inc.,0.018,4,$12.97,0.67,$15.59,$10.94,42.50,$17.26
BNS,Bank of Nova Scotia,0.018,3,$86.81,1.18,$94.07,$61.04,54.11,$95.34
AR,Antero Resources,0.018,2,$35.14,1.42,$34.86,$29.10,19.79,$45.75
ADM,Archer-Daniels-Midland,0.018,2,$76.40,0.88,$85.18,$54.00,57.74,$88.75
VSAT,Viasat Inc.,0.018,2,$89.81,1.50,$76.38,$26.10,192.64,$93.03
SKY,Skyline Champion Corp.,0.018,2,$88.12,1.42,$84.59,$63.69,32.82,$99.17
AMH,American Homes 4 Rent,0.018,2,$33.52,1.40,$31.02,$26.66,16.35,$34.70
LHX,L3Harris Technologies Inc.,0.018,2,$290.59,1.49,$247.29,$244.76,1.03,$374.59
FG,F&G Annuities & Life Inc.,0.018,1,,1.44,$23.10,$19.95,15.79,$34.01
EQX,Equinox Gold Corp,0.018,1,,1.47,$12.45,$8.47,46.99,$18.88
CRWV,Coreweave Inc Cl A,0.018,1,,1.44,$81.36,$60.55,34.37,$153.20
SWX,Southwest Gas Holdings Inc.,0.018,1,,1.51,$85.85,$74.55,15.16,$93.81
PAYC,Paycom Software Inc.,0.017,3,$125.68,0.70,$226.28,$104.16,117.24,$244.98
FDS,FactSet Research Systems,0.017,3,$230.08,0.65,$283.83,$182.47,55.55,$320.48
BKD,Brookdale Senior Living Inc.,0.017,3,$16.09,1.27,$11.45,$7.84,46.05,$17.09
AMP,Ameriprise Financial Inc.,0.017,3,$458.73,0.90,$544.33,$419.52,29.75,$572.56
CTAS,Cintas Corp.,0.017,3,$170.08,1.38,$197.64,$160.31,23.29,$218.60
BXP,BXP Inc.,0.017,3,$66.31,1.04,$63.17,$48.54,30.14,$74.94
RRX,Regal Rexnord Corp.,0.017,2,$238.19,1.43,$148.05,$127.19,16.40,$247.80
ITIC,Investors Title Co.,0.017,2,$273.68,0.96,$289.00,$208.58,38.56,$309.07
MMYT,MakeMyTrip Ltd,0.017,2,$53.29,1.39,$47.92,$32.67,46.68,$103.24
NAMS,Newamsterdam Pharma Co Nv,0.017,2,$33.89,1.00,$22.49,$21.02,6.99,$42.21
PINS,Pinterest Inc.,0.017,2,$21.03,1.14,$18.60,$13.84,34.39,$36.45
MANE,Veradermics Inc,0.017,2,$122.94,0.88,$106.75,$32.00,233.59,$131.24
EXPE,Expedia Group Inc.,0.017,2,$255.88,1.43,$279.35,$184.28,51.59,$341.51
DGX,Quest Diagnostics,0.017,2,$212.00,1.42,$246.45,$168.97,45.85,$248.70
JBLU,JetBlue Airways Corp.,0.017,1,,1.43,$4.37,$3.87,12.92,$6.62
STUB,Stubhub Holdings Inc Class A,0.017,1,,1.39,$5.92,$5.74,3.14,$21.49
FSV,Firstservice Corp,0.017,1,,1.41,$129.11,$119.15,8.36,$201.13
MATW,Matthews Intl Corp. A,0.017,1,,1.37,$20.48,$19.51,4.97,$30.32
ALX,Alexander's Inc.,0.017,1,,1.42,$247.15,$190.65,29.64,$284.73
AKAM,Akamai Technologies Inc.,0.017,1,,1.40,$104.52,$70.82,47.59,$165.45
NTES,NetEase.com Inc.,0.016,3,$128.14,0.80,$116.19,$105.01,10.65,$152.74
POOL,Pool Corp.,0.016,2,$214.93,1.06,$167.96,$165.37,1.57,$317.58
FUL,H.B. Fuller Co.,0.016,2,$58.29,1.30,$49.41,$48.30,2.30,$68.05
GSHD,Goosehead Insurance Inc.,0.016,2,$48.50,0.87,$54.55,$33.68,61.97,$80.74
RGA,Reinsurance Group of America Inc.,0.016,2,$212.65,1.33,$245.68,$175.13,40.28,$257.81
PRM,Perimeter Solutions SA,0.016,2,$35.65,1.11,$32.18,$19.70,63.35,$38.17
SHAZ,Sharonai Holdings Inc,0.016,2,$84.66,0.65,$57.56,$1.90,2929.47,$178.00
NOC,Northrop Grumman Corp.,0.016,2,$509.32,1.24,$527.39,$476.85,10.60,$767.12
BAM,Brookfield Asset Management,0.016,2,$44.85,0.75,$46.06,$41.36,11.36,$60.19
UPBD,Upbound Group Inc.,0.016,1,,1.29,$17.13,$14.83,15.51,$25.33
OSG,Octave Specialty Group Inc.,0.016,1,,1.34,$4.50,$3.88,15.98,$10.38
ACIW,ACI Worldwide Inc.,0.016,1,,1.28,$50.27,$38.05,32.12,$61.08
SAM,Boston Beer Company,0.016,1,,1.35,$171.57,$158.68,8.12,$264.46
AZO,AutoZone Inc.,0.016,1,,1.34,$2855.31,$2815.00,1.43,$4332.68
NICE,Nice Ltd Spon ADR,0.016,1,,1.32,$104.97,$83.10,26.32,$153.68
NVS,Novartis AG,0.015,5,$156.73,0.84,$140.37,$118.00,18.96,$165.46
FITB,Fifth Third Bancorp,0.015,3,$56.37,0.65,$52.91,$39.08,35.39,$59.50
NTR,Nutrien Ltd.,0.015,2,$62.95,1.04,$77.09,$51.72,49.05,$83.98
WRB,W.R. Berkley Corp.,0.015,2,$70.53,1.21,$69.99,$62.31,12.33,$77.45
DLR,Digital Realty Trust Inc.,0.015,2,$179.58,1.18,$182.12,$143.30,27.09,$206.06
ARLP,Alliance Resource Partners LP,0.015,2,$23.98,1.06,$25.87,$20.88,23.90,$28.08
MKTX,MarketAxess Holdings Inc.,0.015,2,$113.50,1.25,$163.42,$108.23,50.99,$193.95
CALM,Cal-Maine Foods Inc.,0.015,2,$80.56,1.18,$72.89,$70.97,2.71,$101.81
CRK,Comstock Resources Inc.,0.015,1,,1.26,$12.84,$12.12,5.94,$28.10
MTH,Meritage Homes Corp.,0.015,1,,1.26,$63.25,$57.22,10.54,$84.75
PB,Prosperity Bancshares Inc.,0.015,1,,1.19,$70.02,$59.01,18.66,$75.23
OPCH,Option Care Health Inc.,0.015,1,,1.26,$24.30,$18.01,34.93,$36.80
YPF,YPF S.A.,0.015,1,,1.19,$54.96,$22.82,140.84,$57.87
CLW,Clearwater Paper Corp.,0.015,1,,1.26,$20.89,$11.73,78.09,$23.59
DOLE,Dole Food Company,0.015,1,,1.25,$13.03,$12.22,6.63,$16.27
HLN,Haleon Plc ADR,0.014,5,$9.33,0.73,$9.28,$8.54,8.67,$11.06
IVV,Ishares Core S&P 500 ETF,0.014,3,$748.90,0.86,$764.92,$628.63,21.68,$780.83
GD,General Dynamics,0.014,3,$354.24,1.05,$353.05,$305.43,15.59,$400.00
BCS,Barclays plc ADR,0.014,2,$26.86,1.16,$24.87,$18.86,31.87,$28.37
SBAC,SBA Communications Corp.,0.014,2,$176.46,1.14,$178.59,$160.33,11.39,$221.58
SUPN,Supernus Pharmaceuticals,0.014,1,,1.14,$42.00,$40.51,3.68,$59.68
VLO,Valero Energy,0.014,1,,1.12,$413.28,$152.07,171.77,$416.66
ICFI,ICF International Inc.,0.014,1,,1.15,$85.21,$58.62,45.36,$97.96
ALG,Alamo Group Inc.,0.014,1,,1.11,$166.65,$145.46,14.57,$219.00
ADT,ADT Inc.,0.014,1,,1.16,$6.90,$6.10,13.11,$8.61
JAZZ,Jazz Pharmaceuticals plc,0.013,2,$240.97,1.10,$240.74,$125.79,91.38,$266.38
TAC,TransAlta Corp.,0.013,2,$13.83,1.10,$12.22,$11.29,8.24,$17.62
AXS,Axis Capital Holdings Ltd.,0.013,2,$107.44,1.00,$99.20,$86.98,14.05,$119.99
ABR,Arbor Realty Trust Inc.,0.013,2,$5.42,0.78,$4.28,$4.24,0.94,$11.02
FMS,Fresenius Medical Care AG & Co KCaG,0.013,2,$22.61,1.00,$22.20,$19.24,15.38,$26.57
VMRK,Vivmark Residential,0.013,2,$67.93,1.07,$61.22,$56.30,8.74,$71.50
COMP,Compass Inc.,0.013,2,$12.33,0.66,$10.08,$6.37,58.24,$13.96
FOXA,Fox Corporation,0.013,2,$52.16,0.76,$64.45,$48.13,33.91,$75.68
CASH,Meta Financial Group Inc.,0.013,1,,1.10,$76.17,$65.71,15.92,$101.13
HWM,Howmet Aerospace Inc.,0.013,1,,1.06,$229.67,$183.45,25.19,$309.85
AGCO,AGCO Corp.,0.013,1,,1.06,$119.79,$98.22,21.96,$142.68
MNRO,Monro Inc.,0.013,1,,1.05,$12.10,$10.82,11.83,$22.69
RWAY,Runway Growth Finance Corp,0.013,1,,1.04,$6.69,$4.94,35.43,$8.96
CPRX-OLD,Catalyst Pharmaceuticals Inc.,0.013,1,,1.06,$31.50,$19.05,65.35,$32.56
MSTR,MicroStrategy Inc.,0.013,1,,1.03,$153.92,$81.81,88.14,$365.21
COLL,Collegium Pharmaceutical Inc.,0.013,1,,1.06,$22.77,$21.65,5.17,$50.79
MYRG,MYR Group Inc.,0.013,1,,1.05,$279.28,$176.76,58.00,$503.57
G,Genpact Ltd.,0.012,5,$27.50,0.44,$34.14,$26.71,27.82,$47.87
SNY,Sanofi Aventis,0.012,4,$42.66,0.63,$42.48,$40.89,3.89,$49.91
DOW,Dow Inc.,0.012,3,$27.36,1.00,$28.73,$19.68,45.99,$41.82
TREX,Trex Company Inc.,0.012,2,$50.04,0.91,$42.69,$29.77,43.40,$54.30
EXR,Extra Space Storage Inc.,0.012,2,$145.30,0.93,$136.71,$120.04,13.89,$157.03
BKR,Baker Hughes Co.,0.012,2,$55.50,1.01,$57.25,$43.24,32.40,$69.92
NE,Noble Corp.,0.012,2,$37.30,0.86,$44.26,$25.46,73.84,$53.83
DAR,Darling Ingredients Inc.,0.012,2,$54.62,0.96,$65.36,$29.15,124.22,$69.98
KN,Knowles Corp.,0.012,2,$41.48,0.94,$35.55,$20.57,72.82,$42.93
CRDO,Credo Technology Group Holdi,0.012,2,$271.95,1.00,$175.89,$86.49,103.36,$308.67
KALU,Kaiser Aluminum Corp.,0.012,2,$195.62,0.93,$150.13,$71.41,110.24,$199.89
GL,Globe Life Inc.,0.012,2,$178.68,0.71,$173.42,$127.06,36.49,$191.55
UGI,UGI Corp.,0.012,2,$34.54,0.99,$37.66,$30.36,24.04,$40.08
XMTR,Xometry Inc.,0.012,1,,0.95,$97.18,$35.86,171.00,$106.08
SMG,Scotts Miracle-Gro Co.,0.012,1,,0.96,$52.36,$49.95,4.82,$74.53
PBF,PBF Energy Inc.,0.012,1,,0.95,$77.19,$25.16,206.80,$82.61
FWONA,Liberty Media Corp Formula One Series A,0.012,1,,0.95,$85.74,$73.70,16.34,$99.52
WCN,Waste Connections,0.012,1,,0.99,$155.33,$146.58,5.97,$178.40
BBW,Build-A-Bear Workshop Inc.,0.012,1,,0.97,$24.44,$24.37,0.29,$73.11
IVZ,Invesco Ltd,0.012,1,,1.01,$30.53,$20.03,52.42,$33.66
BATRA,Atlanta Braves Holdings Inc. Series A,0.012,1,,1.01,$55.84,$41.50,34.55,$58.37
EDU,New Oriental Education & Technology,0.012,1,,0.99,$55.64,$44.25,25.74,$64.22
FOA,Finance Of America Companies Inc.,0.012,1,,1.00,$14.01,$13.83,1.30,$29.79
MDB,MongoDB Inc.,0.012,1,,0.99,$383.56,$215.68,77.84,$473.10
YMM,Full Truck Alliance Spn ADR,0.012,1,,0.96,$8.13,$7.38,10.16,$13.69
VTOL,Bristow Group Inc.,0.012,1,,0.95,$41.73,$34.73,20.16,$50.10
SU,Suncor Energy Inc.,0.011,4,$53.69,0.71,$69.41,$36.63,89.49,$72.06
HRL,Hormel Foods Corp.,0.011,3,$24.82,0.77,$20.83,$19.47,6.99,$26.43
ACMR,ACM Research Inc.,0.011,3,$126.89,0.92,$68.51,$28.46,140.72,$127.19
AUR,Aurora Innovation Inc.,0.011,3,$6.82,0.72,$6.31,$3.60,75.28,$8.57
SOFI,SoFi Technologies Inc.,0.011,2,$17.93,0.90,$16.96,$14.88,13.98,$32.73
PHG,Koninklijke Philips Electronics NV,0.011,2,$27.19,0.90,$24.68,$23.85,3.48,$32.18
AM,Antero Midstream Corp.,0.011,2,$22.75,0.90,$21.19,$16.41,29.13,$23.35
AAP,Advance Auto Parts,0.011,2,$62.22,0.80,$42.55,$37.33,13.98,$64.62
W,Wayfair Inc.,0.011,2,$92.42,0.90,$102.46,$55.60,84.28,$119.98
ELAN,Elanco Animal Health Inc.,0.011,2,$24.61,0.87,$22.42,$18.48,21.32,$27.98
LZAGY,Lonza Group Ag Unspon ADR,0.011,1,,0.92,$66.04,$57.99,13.88,$74.36
NWL,Newell Brands Inc.,0.011,1,,0.87,$5.48,$2.87,90.94,$7.05
CZR,Caesars Entertainment,0.011,1,,0.89,$29.64,$17.86,65.96,$30.88
KD,Kyndryl Holdings Inc,0.011,1,,0.87,$12.07,$10.10,19.50,$32.08
AAON,AAON Inc.,0.011,1,,0.87,$76.76,$72.95,5.22,$150.16
COST,Costco Co.,0.010,7,$935.41,0.35,$895.31,$840.35,6.54,$1094.76
SHEL,Shell plc,0.010,5,$77.54,0.59,$94.54,$66.79,41.55,$99.16
IJR,Ishares Core S&P Small Cap E,0.010,3,$148.32,0.84,$138.90,$110.57,25.62,$150.15
VBIL,Vanguard 0 3m T Bill ETF,0.010,2,$75.68,0.58,$75.64,$72.91,3.74,$75.64
LIND,Lindblad Expeditions Hldgs Inc.,0.010,2,$28.24,0.78,$27.54,$11.37,142.22,$35.00
DT,Dynatrace Inc.,0.010,2,$43.92,0.43,$55.14,$31.64,74.27,$57.23
GFI,Gold Fields Ltd.,0.010,2,$33.59,0.63,$42.51,$30.42,39.74,$58.66
KR,Kroger Co.,0.010,2,$55.53,0.72,$60.00,$53.78,11.57,$75.66
TEM,Tempus Ai Inc,0.010,2,$57.93,0.77,$77.84,$40.77,90.92,$104.32
BCO,Brink's Co.,0.010,1,,0.86,$106.12,$90.86,16.80,$135.75
SLDE,Slide Insurance Holdings Inc,0.010,1,,0.84,$24.95,$13.22,88.73,$26.75
EEFT,Euronet Worldwide Inc.,0.010,1,,0.81,$66.03,$62.50,5.65,$90.56
WAL,Western Alliance Bancorp,0.010,1,,0.81,$78.54,$65.11,20.63,$95.75
NDAQ,Nasdaq Inc.,0.010,1,,0.85,$93.54,$76.29,22.61,$100.76
QLYS,Qualys Inc.,0.010,1,,0.86,$174.96,$74.51,134.81,$201.54
VNO,Vornado Realty Trust,0.010,1,,0.83,$34.90,$24.57,42.04,$41.60
TIC,Acuren Corporation,0.010,1,,0.83,$9.06,$6.36,42.45,$14.94
PCVX,Vaxcyte Inc.,0.010,1,,0.85,$58.13,$30.89,88.18,$65.00
BRBR,BellRing Brands Inc. CL A,0.010,1,,0.84,$8.98,$7.82,14.83,$37.27
CFG,Citizens Financial Group Inc.,0.010,1,,0.82,$67.04,$46.55,44.02,$75.33
CET,Central Securities Corp.,0.010,1,,0.85,$55.53,$47.33,17.33,$56.23
DUSA,Davis Select Us Equity ETF,0.010,1,,0.82,$55.94,$46.06,21.45,$58.53
CIGI,Colliers International Group Inc.,0.009,4,$93.70,0.60,$89.61,$87.86,1.99,$171.06
IWR,Ishares Russell Mid Cap ETF,0.009,3,$110.27,0.53,$108.21,$90.51,19.56,$114.63
MLKN,MillerKnoll Inc.,0.009,3,$20.46,0.52,$20.66,$13.23,56.16,$24.51
RJF,Raymond James Financial Inc.,0.009,2,$152.03,0.75,$164.75,$138.33,19.10,$182.73
CFR,Cullen Frost Bankers,0.009,2,$154.52,0.71,$159.80,$115.60,38.24,$169.71
AVB-OLD,AvalonBay Communities,0.009,2,$188.69,0.72,$184.30,$157.12,17.30,$198.63
MPWR,Monolithic Power Systems,0.009,2,$1382.24,0.76,$1217.80,$828.85,46.93,$1711.48
HPQ,HP Inc.,0.009,2,$21.93,0.49,$34.40,$16.91,103.43,$36.23
OCFC,OceanFirst Financial Corp.,0.009,1,,0.77,$17.87,$16.44,8.70,$20.12
FR,First Industrial Realty Trust Inc.,0.009,1,,0.76,$61.80,$49.03,26.05,$69.88
EME,Emcor Group,0.009,1,,0.74,$750.09,$564.01,32.99,$951.47
PSUS,Pershing Square Usa Ltd,0.009,1,,0.77,$38.90,$35.71,8.93,$44.00
HAS,Hasbro Inc.,0.009,1,,0.73,$87.57,$67.33,30.06,$104.60
RIOT,Riot Blockchain Inc.,0.009,1,,0.70,$23.75,$11.50,106.52,$30.32
CTRN,Citi Trends Inc.,0.009,1,,0.74,$55.39,$29.60,87.13,$77.91
MMM,3M Co.,0.008,4,$161.92,0.52,$165.89,$138.02,20.19,$184.09
BMI,Badger Meter Inc.,0.008,3,$148.38,0.31,$132.76,$111.36,19.22,$201.67
TROW,T. Rowe Price Group,0.008,3,$113.63,0.30,$104.16,$83.17,25.24,$120.50
ITW,Illinois Tool Works,0.008,2,$270.47,0.67,$269.42,$234.38,14.95,$301.92
BTDR,Bitdeer Technologies Group A,0.008,2,$15.87,0.68,$12.97,$6.92,87.43,$27.80
TTE,TotalEnergies SE,0.008,2,$77.76,0.69,$90.82,$56.15,61.75,$93.46
RELX,RELX plc,0.008,2,$31.67,0.61,$33.41,$26.84,24.48,$46.71
KT,KT Corp.,0.008,2,$17.28,0.37,$19.38,$17.13,13.13,$24.58
LXU,LSB Industries Inc.,0.008,2,$10.81,0.66,$11.04,$7.71,43.19,$17.22
FIGR,Figure Technology Solut Cl A,0.008,1,,0.65,$35.49,$24.11,47.20,$78.00
AD,Array Digital Infrastructure Inc.,0.008,1,,0.67,$35.59,$28.86,23.32,$46.04
KRYS,Krystal Biotech Inc.,0.008,1,,0.67,$336.67,$158.08,112.97,$382.54
BXC,BlueLinx Holdings Inc.,0.008,1,,0.64,$74.17,$44.78,65.63,$93.80
TX,Ternium S.A.,0.008,1,,0.65,$57.23,$31.27,83.02,$58.73
SBSI,Southside Bancshares Inc.,0.008,1,,0.66,$31.45,$25.12,25.20,$35.79
DMAC,DiaMedica Therapeutics Inc.,0.008,1,,0.68,$6.85,$5.25,30.48,$10.42
AGO,Assured Guaranty Ltd.,0.008,1,,0.63,$70.35,$69.96,0.56,$91.07
KRSP,Rice Acquisition Corp 3 A,0.008,1,,0.67,$10.50,$10.21,2.84,$11.89
HKHGF,Hongkong Land Holdings Ltd,0.008,1,,0.63,$8.51,$5.51,54.45,$8.55
NWG,NatWest Group Plc,0.008,1,,0.67,$18.67,$12.79,45.97,$19.21
ZD,Ziff Davis Inc.,0.008,1,,0.63,$57.49,$22.45,156.08,$60.48
IPGP,IPG Photonics Corp.,0.008,1,,0.65,$76.55,$69.41,10.29,$155.82
D,Dominion Energy Inc.,0.008,1,,0.65,$63.58,$54.17,17.37,$72.26
MMS,MAXIMUS Inc.,0.008,1,,0.64,$55.94,$52.42,6.71,$98.42
CLX,Clorox Co.,0.007,5,$95.44,0.24,$83.10,$83.09,0.01,$125.83
VTV,Vanguard Value ETF,0.007,3,$217.93,0.60,$221.25,$179.98,22.93,$228.57
TDY,Teledyne Technologies,0.007,3,$666.90,0.56,$603.46,$483.02,24.93,$697.67
MTD,Mettler-Toledo International Inc.,0.007,2,$1277.67,0.32,$1392.32,$1023.05,36.10,$1525.17
EQNR,Equinor ASA,0.007,2,$31.40,0.57,$44.09,$21.54,104.69,$45.84
ING,ING Group NV,0.007,2,$31.38,0.58,$36.40,$22.49,61.85,$37.52
BAH,Booz Allen Hamilton Hldg Corp.,0.007,2,$60.67,0.56,$77.07,$59.05,30.52,$106.66
TNC,Tennant Co.,0.007,2,$87.54,0.55,$67.40,$59.62,13.05,$91.52
AXSM,Axsome Therapeutics Inc.,0.007,2,$244.77,0.54,$207.78,$114.91,80.82,$260.19
SRTA,Strata Critical Medical Inc.,0.007,2,$5.27,0.58,$5.34,$3.95,35.19,$6.50
EPAM,EPAM Systems Inc.,0.007,1,,0.54,$114.00,$73.06,56.04,$222.53
EXPD,Expeditors Int'l,0.007,1,,0.54,$190.94,$111.78,70.82,$194.59
WVE,Wave Life Sciences Ltd.,0.007,1,,0.54,$4.35,$4.31,0.93,$21.73
AS,Amer Sports Inc,0.007,1,,0.57,$26.73,$26.10,2.41,$42.76
ANDG,Andersen Group Inc A,0.007,1,,0.61,$54.99,$18.12,203.48,$57.62
RAL,Ralliant Corp.,0.007,1,,0.54,$67.96,$37.17,82.84,$75.35
VYX,NCR Voyix Corp.,0.007,1,,0.56,$6.74,$6.02,11.96,$13.50
QMCO,Quantum Corp.,0.007,1,,0.59,$25.09,$4.19,498.81,$27.80
FSLR,First Solar Inc.,0.007,1,,0.57,$195.96,$182.99,7.09,$320.95
MMSI,Merit Medical Systems Inc.,0.007,1,,0.61,$85.37,$59.74,42.90,$94.75
TMUS,T-Mobile US Inc.,0.007,1,,0.56,$168.18,$164.02,2.54,$237.36
PAYP,Paypay Corp,0.007,1,,0.55,$17.71,$12.07,46.73,$24.89
GCMG,Gcm Grosvenor Inc Class A,0.007,1,,0.54,$13.14,$9.12,44.08,$14.74
BLTE,Belite Bio Inc ADR,0.007,1,,0.55,$170.96,$68.21,150.64,$200.00
WLTH,Wealthfront Corp,0.007,1,,0.57,$10.10,$7.20,40.28,$14.88
UL,Unilever PLC,0.006,5,$60.12,0.22,$61.82,$53.97,14.55,$73.09
TIGO,Millicom Intl Cellular S.a.,0.006,3,$90.76,0.39,$94.26,$42.68,120.85,$107.13
RNR,RenaissanceRe Holdings Ltd.,0.006,3,$316.90,0.32,$327.12,$229.91,42.28,$339.82
PBR.A,Petroleo Brasil Sp Pref ADR,0.006,2,$14.64,0.49,$18.82,$10.25,83.61,$19.70
PUK,Prudential Plc ADR,0.006,2,$26.81,0.49,$26.09,$24.45,6.71,$33.36
VLTO,Veralto Corp.,0.006,2,$88.68,0.48,$94.49,$79.91,18.25,$107.44
QRVO,Qorvo Inc.,0.006,2,$93.27,0.51,$117.18,$74.92,56.41,$120.76
CYD,China Yuchai Intl Ltd.,0.006,2,$47.42,0.51,$35.40,$28.09,26.02,$60.28
HWKN,Hawkins Inc.,0.006,2,$142.10,0.45,$122.20,$116.05,5.30,$185.12
CX,Cemex,0.006,2,$12.00,0.50,$10.06,$8.65,16.30,$13.60
BEKE,KE Holdings Inc.,0.006,2,$14.53,0.38,$16.28,$13.81,17.89,$20.27
KFY,Korn Ferry,0.006,2,$66.58,0.30,$76.78,$57.98,32.42,$87.51
GLOB,Globant S.A.,0.006,2,$28.94,0.33,$35.59,$27.56,29.14,$72.10
DTE,DTE Energy Co.,0.006,1,,0.53,$128.52,$124.26,3.43,$155.75
ZTO,ZTO Express,0.006,1,,0.48,$20.96,$17.83,17.55,$25.97
NGG,National Grid Plc Sp ADR,0.006,1,,0.53,$76.80,$67.27,14.17,$92.22
CART,Maplebear Inc,0.006,1,,0.51,$45.37,$32.73,38.62,$52.68
WEX,WEX Inc.,0.006,1,,0.47,$193.57,$125.29,54.50,$203.99
FND,Floor & Decor Holdings,0.006,1,,0.46,$47.28,$42.64,10.88,$86.99
NBIX,Neurocrine Biosciences Inc.,0.006,1,,0.49,$146.23,$122.14,19.72,$186.12
SNN,Smith & Nephew plc,0.006,1,,0.49,$27.56,$27.23,1.21,$36.95
MBC,Masterbrand Inc,0.006,1,,0.46,$6.62,$6.27,5.58,$13.96
AIT,Applied Industrial Tech.,0.006,1,,0.53,$321.84,$236.75,35.94,$374.27
BCE,BCE Inc.,0.006,1,,0.51,$22.06,$20.59,7.14,$25.77
PPL,PPL Corp.,0.006,1,,0.49,$33.34,$32.39,2.93,$39.46
IT,Gartner Inc.,0.006,1,,0.49,$185.78,$124.25,49.52,$265.85
AGL,Agilon Health Inc,0.006,1,,0.46,$89.16,$7.48,1091.98,$133.04
TWFG,Twfg Inc,0.006,1,,0.53,$26.73,$16.56,61.41,$31.30
DINT,Davis Select International,0.006,1,,0.48,$28.61,$25.77,11.02,$30.75
THG,Hanover Insurance Group,0.006,1,,0.46,$227.31,$163.54,38.99,$235.06
CRAI,CRA International Inc.,0.006,1,,0.47,$165.38,$131.23,26.02,$224.94
T,AT&T Inc.,0.005,3,$20.70,0.40,$25.40,$19.63,29.39,$28.75
BIL,SPDR Bloomberg 1 3 Month T B,0.005,3,$91.64,0.27,$91.55,$88.33,3.65,$91.56
LPX,Louisiana-Pacific Corp.,0.005,3,$78.66,0.21,$65.32,$64.49,1.29,$99.15
DCI,Donaldson Co.,0.005,3,$89.77,0.38,$86.44,$78.40,10.26,$112.05
EMR,Emerson Electric,0.005,3,$143.16,0.26,$149.92,$121.73,23.16,$165.79
ARCO,Arcos Dorados Holdings Inc.,0.005,3,$8.06,0.26,$7.53,$6.38,18.03,$9.67
FRFHF,Fairfax Financial Holdings Ltd.,0.005,2,$1644.34,0.26,$1639.61,$1500.00,9.31,$1933.22
HALO,Halozyme Therapeutics,0.005,2,$78.26,0.45,$112.45,$61.23,83.65,$112.66
EQPT,Equipmentshare.com Inc A,0.005,2,$19.66,0.38,$18.03,$15.71,14.77,$35.50
IDA,IDACORP Inc. Hldg. Co.,0.005,2,$151.30,0.43,$131.58,$121.82,8.01,$153.97
BWXT,BWX Technologies Inc.,0.005,2,$194.65,0.37,$147.52,$144.33,2.21,$241.12
DFNL,Davis Select Financial ETF,0.005,1,,0.45,$49.99,$42.56,17.46,$53.09
SARO,Standardaero Inc,0.005,1,,0.41,$22.30,$22.29,0.04,$34.48
DWLD,Davis Select Worldwide ETF,0.005,1,,0.38,$45.71,$42.44,7.70,$49.48
MEOH,Methanex Corp.,0.005,1,,0.43,$60.97,$31.54,93.31,$66.34
PRG,PROG Holdings Inc.,0.005,1,,0.40,$35.48,$25.48,39.25,$47.57
SGRY,Surgery Partners Inc.,0.005,1,,0.38,$13.25,$11.41,16.13,$23.44
TAL,TAL Education Group,0.005,1,,0.43,$11.81,$8.88,33.00,$13.37
AQN,Algonquin Power & Utilities,0.005,1,,0.39,$5.35,$5.13,4.29,$6.95
SMPL,Simply Good Foods Co.,0.005,1,,0.42,$10.13,$9.75,3.90,$26.97
CNO,CNO Financial Group Inc.,0.005,1,,0.37,$55.21,$37.63,46.72,$57.40
SION,Sionna Therapeutics Inc,0.005,1,,0.40,$5.96,$4.01,48.63,$54.97
QURE,uniQure NV,0.005,1,,0.38,$44.00,$8.73,404.01,$71.50
FRPH,FRP Holdings Inc.,0.005,1,,0.43,$21.03,$20.53,2.44,$25.74
SMIN,Ishares Msci India Small Cap,0.005,1,,0.42,$70.24,$57.78,21.56,$74.41
SOPH,Sophia Genetics SA,0.005,1,,0.42,$8.19,$3.15,160.00,$8.98
WHR,Whirlpool Corp.,0.005,1,,0.38,$31.97,$31.95,0.06,$93.59
SNDX,Syndax Pharmaceuticals Inc.,0.005,1,,0.43,$17.62,$12.99,35.64,$25.59
ORKA,Oruka Therapeutics Inc,0.005,1,,0.41,$94.96,$14.89,537.74,$115.52
LKFT,Lakefront Biotherapeutics,0.005,1,,0.37,$28.55,$25.68,11.18,$37.78
SUN,Sunoco Inc.,0.005,1,,0.43,$77.87,$45.10,72.66,$80.22
WK,Workiva Inc.,0.005,1,,0.37,$73.18,$43.34,68.85,$97.10
PKG,Packaging Corp. of America,0.005,1,,0.45,$232.77,$186.77,24.63,$258.31
KGS,Kodiak Gas Services Inc,0.005,1,,0.39,$58.73,$31.78,84.80,$77.10
HAL,Halliburton Co.,0.005,1,,0.39,$33.64,$21.03,59.96,$43.20
MLCO,Melco Resorts & Entertainment,0.005,1,,0.44,$4.64,$4.56,1.75,$9.90
HDB,HDFC Bank Ltd.,0.004,5,$25.83,0.12,$23.16,$21.77,6.38,$36.79
VTI,Vanguard Total Stock Mkt ETF,0.004,5,$370.00,0.19,$375.43,$309.51,21.30,$385.12
CCK,Crown Holdings,0.004,4,$111.82,0.19,$109.20,$88.12,23.92,$122.91
ONB,Old National Bancorp,0.004,3,$25.90,0.22,$25.27,$18.93,33.49,$27.21
LBRDA-OLD,Liberty Broadband Corp. CL A,0.004,3,$33.28,0.29,$35.98,$26.14,37.64,$65.40
HPE,Hewlett Packard Enterprise,0.004,3,$45.11,0.34,$60.76,$19.57,210.48,$63.90
SMFG,Sumitomo Mitsui Spons ADR,0.004,2,$23.58,0.36,$26.24,$15.18,72.86,$27.62
HLI,Houlihan Lokey Inc.,0.004,2,$134.13,0.33,$130.55,$112.24,16.31,$208.14
MDY,SPDR S&P Midcap 400 ETF Trst,0.004,2,$703.33,0.34,$666.68,$563.38,18.34,$717.35
AFL,AFLAC Inc.,0.004,2,$117.24,0.28,$116.33,$103.27,12.65,$129.57
COO,Cooper Cos Inc,0.004,2,$71.72,0.25,$55.29,$51.01,8.39,$89.83
VIST,"Vista Oil & Gas, S.A.B. de C.V.",0.004,2,$63.80,0.35,$72.27,$33.37,116.57,$81.44
UHAL,U-Haul Holding Co.,0.004,2,$65.44,0.26,$64.27,$41.95,53.21,$76.45
FCN,FTI Consulting Inc.,0.004,1,,0.30,$141.18,$137.65,2.56,$189.30
PAGS,PagSeguro Digital Ltd.,0.004,1,,0.31,$9.26,$8.00,15.75,$11.68
GLPI,Gaming and Leisure Properties Inc.,0.004,1,,0.32,$39.59,$39.02,1.46,$47.34
ALNY,Alnylam Pharmaceuticals,0.004,1,,0.31,$239.56,$197.81,21.11,$495.55
COYA,Coya Therapeutics Inc,0.004,1,,0.35,$4.89,$3.71,31.81,$7.75
ZM,Zoom Video Communications Inc.,0.004,1,,0.32,$88.77,$70.70,25.56,$114.74
PIPR,Piper Sandler Companies,0.004,1,,0.36,$72.36,$68.34,5.88,$92.80
PCAR,PACCAR Inc.,0.004,1,,0.35,$116.06,$90.03,28.91,$138.87
CCU,Compania Cervecerias Unidas SA,0.004,1,,0.30,$11.24,$10.56,6.44,$15.15
TCHP,T Rowe Price Blue Chip Growth ETF,0.004,1,,0.31,$50.45,$42.26,19.38,$53.26
SDGR,SCHRODINGER Inc.,0.004,1,,0.33,$29.02,$10.95,165.02,$30.41
INBX,Inhibrx,0.004,1,,0.30,$109.35,$26.20,317.37,$155.29
BTSG,Brightspring Health Services,0.004,1,,0.32,$56.78,$26.28,116.06,$73.75
MINE,Mayfair Gold Corp,0.004,1,,0.29,$2.94,$2.16,36.11,$4.88
SLQT,Selectquote Inc.,0.004,1,,0.32,$0.47,$0.46,2.17,$2.22
AGI,Alamos Gold Inc.,0.004,1,,0.31,$35.72,$27.02,32.20,$55.24
INDA,iShares MSCI India ETF,0.004,1,,0.34,$48.02,$45.21,6.22,$55.50
PRDO,Perdoceo Education Corp.,0.004,1,,0.30,$32.55,$26.14,24.52,$38.13
XEL,Xcel Energy Inc.,0.004,1,,0.29,$72.30,$69.63,3.83,$82.56
ATKR,Atkore International Group Inc.,0.004,1,,0.30,$94.32,$53.32,76.89,$94.63
PHVS,Pharvaris NV,0.004,1,,0.36,$36.37,$20.65,76.13,$43.25
SFM,Sprouts Farmers Market Inc.,0.004,1,,0.35,$70.79,$64.75,9.33,$122.34
EVLV,Evolv Technologies Holdings,0.004,1,,0.34,$5.01,$4.86,3.09,$8.81
GNE,Genie Energy Ltd.,0.004,1,,0.35,$16.03,$12.56,27.63,$16.55
SWIM,Latham Group Inc,0.004,1,,0.32,$6.20,$4.64,33.62,$8.97
JGRW,Jensen Quality Growth ETF,0.004,1,,0.36,$27.33,$23.56,16.00,$28.96
VUG,Vanguard Growth ETF,0.003,6,$86.16,0.13,$88.75,$69.56,27.59,$90.50
SPY,SPDR S&P 500 ETF Trust,0.003,6,$746.85,0.06,$761.69,$627.66,21.35,$779.37
RSP,Invesco S&P 500 Equal Weight,0.003,4,$212.87,0.22,$212.29,$179.92,17.99,$223.44
SNPS,Synopsys Inc.,0.003,4,$446.14,0.16,$384.97,$362.55,6.18,$539.48
VWO,Vanguard FTSE Emerging Marke,0.003,4,$59.69,0.22,$60.01,$51.24,17.12,$61.42
VIG,Vanguard Dividend Apprec ETF,0.003,3,$236.65,0.21,$237.00,$209.12,13.33,$247.45
IWM,iShares Russell 2000 ETF,0.003,3,$300.49,0.25,$284.10,$226.60,25.38,$304.38
ALL,Allstate Corp.,0.003,3,$237.94,0.28,$249.83,$184.51,35.40,$276.07
BC,Brunswick Corp.,0.003,2,$84.24,0.21,$67.55,$57.26,17.97,$88.81
COLB,Columbia Banking System Inc.,0.003,2,$32.05,0.20,$29.93,$22.66,32.08,$33.27
ASB,Associated Banc-Corp,0.003,2,$30.77,0.18,$29.66,$23.04,28.73,$32.21
VO,Vanguard Mid Cap ETF,0.003,2,$80.57,0.25,$80.00,$68.69,16.47,$84.59
SEIC,SEI Investments,0.003,2,$87.74,0.12,$105.20,$74.64,40.94,$112.15
ALSN,Allison Transmission Holdings,0.003,2,$112.75,0.19,$117.10,$75.21,55.70,$136.97
AYI,Acuity Brands Inc.,0.003,2,$376.66,0.25,$302.96,$256.71,18.02,$379.43
CNXC,Concentrix Corp.,0.003,2,$22.41,0.22,$27.87,$18.81,48.17,$55.22
THO,Thor Industries,0.003,2,$75.17,0.15,$67.77,$67.31,0.68,$121.16
HAFN,Hafnia Ltd,0.003,2,$6.62,0.21,$10.12,$4.60,120.00,$10.12
BSY,Bentley Systems Inc Class B,0.003,1,,0.27,$32.58,$28.08,16.03,$56.94
VSTM,Verastem Inc.,0.003,1,,0.27,$7.44,$3.43,116.91,$10.82
FBAK,First National Bank Alaska,0.003,1,,0.25,$202.54,$165.01,22.74,$211.60
JKHY,Jack Henry & Associates Inc.,0.003,1,,0.26,$154.85,$120.60,28.40,$191.13
PS,Pershing Square Inc.,0.003,1,,0.24,$49.83,$21.93,127.22,$54.75
GIII,G-III Apparel Group,0.003,1,,0.22,$27.57,$24.36,13.18,$37.40
LEGH,Legacy Housing Corp.,0.003,1,,0.24,$28.11,$18.29,53.69,$31.34
LBRT,Liberty Oilfield Services Inc.,0.003,1,,0.21,$19.33,$10.52,83.75,$34.23
NTB,Bank of N.T. Butterfield & Son Ltd,0.003,1,,0.26,$59.41,$39.10,51.94,$64.17
BMM,Blue Moon Metals Inc,0.003,1,,0.28,$5.24,$3.47,51.01,$8.63
SMRT,SmartRent Inc.,0.003,1,,0.24,$1.20,$0.91,31.87,$2.20
GLDM,SPDR Gold Minishares Trust,0.003,1,,0.22,$86.59,$72.35,19.68,$109.74
OVV,Ovintiv Inc.,0.003,1,,0.21,$62.37,$34.67,79.90,$67.41
RUSHB,Rush Enterprises Inc. - CL B,0.003,1,,0.21,$55.42,$31.53,75.77,$57.38
CGAU,Centerra Gold Inc,0.003,1,,0.22,$23.02,$9.14,151.86,$24.52
L,Loews Corp.,0.003,1,,0.27,$107.77,$95.95,12.32,$120.94
RCL,Royal Caribbean Cruises Ltd.,0.003,1,,0.21,$245.81,$229.54,7.09,$350.59
PLOW,Douglas Dynamics,0.003,1,,0.22,$39.89,$27.69,44.06,$54.60
HGTY,Hagerty Inc.,0.003,1,,0.27,$13.94,$9.36,48.93,$14.17
OGC,Oceanagold Corp,0.003,1,,0.25,$28.44,$19.24,47.82,$42.96
LESL,Leslie's Inc.,0.003,1,,0.24,$0.42,$0.41,2.44,$12.53
MO,Altria Group Inc.,0.002,5,$71.95,0.12,$69.52,$52.17,33.26,$75.85
IWD,Ishares Russell 1000 Value E,0.002,4,$244.40,0.12,$251.70,$196.35,28.19,$259.24
NUE,Nucor Corp.,0.002,3,$222.78,0.14,$248.38,$130.11,90.90,$280.11
OEC,Orion SA,0.002,3,$6.63,0.09,$5.73,$4.28,33.88,$8.61
AIR,AAR Corp.,0.002,3,$142.94,0.11,$112.77,$74.25,51.88,$154.00
AEBI,Aebi Schmidt Holding Ag,0.002,3,$12.55,0.16,$11.99,$8.87,35.17,$15.87
AMT,American Tower Corp.,0.002,3,$163.57,0.09,$173.98,$160.06,8.70,$194.23
APLD,Applied Digital Corp,0.002,3,$37.30,0.14,$28.12,$19.01,47.92,$50.73
ACWI,iShares MSCI ACWI ETF,0.002,3,$156.97,0.16,$159.29,$132.79,19.96,$162.80
SNA,Snap-On Inc.,0.002,2,$402.37,0.12,$372.15,$312.34,19.15,$420.41
PAAS,Pan American Silver Corp.,0.002,2,$44.79,0.18,$49.99,$32.65,53.11,$69.34
HLT,Hilton Worldwide Holdings,0.002,2,$330.48,0.12,$305.73,$253.04,20.82,$357.84
HUN,Huntsman Corp.,0.002,2,$10.62,0.16,$9.09,$7.08,28.39,$15.93
SMHI,SEACOR Marine Holdings Inc.,0.002,2,$7.65,0.18,$9.10,$5.55,63.96,$10.00
TD,Toronto-Dominion Bank,0.002,2,$121.55,0.13,$122.33,$74.81,63.52,$125.47
CECO,CECO Environmental Corp.,0.002,2,$90.74,0.11,$69.48,$42.82,62.26,$101.24
PLXS,Plexus Corp.,0.002,2,$300.67,0.11,$246.73,$132.03,86.87,$307.06
ERO,Ero Copper Corp,0.002,2,$26.74,0.19,$34.17,$16.63,105.47,$40.83
RF,Regions Financial Corp.,0.002,2,$30.20,0.16,$28.50,$21.82,30.61,$32.14
IBN,ICICI Bank Ltd.,0.002,2,$29.03,0.14,$28.15,$24.87,13.19,$32.76
FIX,Comfort Systems USA Inc.,0.002,2,$1981.92,0.20,$1651.37,$755.45,118.59,$2072.10
LPG,Dorian LPG Ltd,0.002,2,$34.79,0.11,$58.15,$22.18,162.17,$59.97
IWN,Ishares Russell 2000 Value E,0.002,2,$221.16,0.17,$215.58,$166.05,29.83,$226.94
NUVB,Nuvation Bio Inc.,0.002,2,$5.68,0.13,$5.85,$2.99,95.65,$9.75
MANH,Manhattan Associates,0.002,2,$139.25,0.18,$211.46,$119.06,77.61,$227.03
HONA,Honeywell Aerospace Inc,0.002,2,$221.08,0.20,$163.60,$149.19,9.66,$266.62
VALE,Vale SA,0.002,2,$15.04,0.19,$14.21,$9.94,42.96,$17.45
MX,MagnaChip Semiconductor Corp.,0.002,2,$4.73,0.19,$2.75,$2.18,26.15,$9.86
VREX,Varex Imaging Corp.,0.002,2,$10.43,0.13,$18.49,$9.09,103.41,$18.63
MTDR,Matador Resources Co.,0.002,2,$49.79,0.14,$56.81,$35.98,57.89,$65.88
WB,Weibo Corp.,0.002,1,,0.18,$6.54,$6.47,1.08,$12.11
BULL,Webull Corp,0.002,1,,0.18,$8.25,$4.50,83.33,$16.04
GT,Goodyear Tire & Rubber,0.002,1,,0.13,$5.05,$5.04,0.20,$10.62
HXL,Hexcel Corp.,0.002,1,,0.14,$88.15,$59.77,47.48,$111.54
MOAT,Vaneck Morningstar Wide Moat,0.002,1,,0.14,$107.57,$94.07,14.35,$115.58
VSS,Vanguard FTSE All Wo X Us Sc,0.002,1,,0.14,$157.40,$132.47,18.82,$162.15
NSSC,Napco Security Technologies Inc.,0.002,1,,0.17,$36.13,$33.75,7.05,$51.52
HR,Healthcare Realty Trust Inc.,0.002,1,,0.13,$18.26,$15.71,16.23,$21.77
IVVD,Invivyd Inc.,0.002,1,,0.15,$0.76,$0.53,43.40,$3.07
EVTC,EVERTEC Inc.,0.002,1,,0.19,$27.65,$21.73,27.24,$34.51
DOCN,DigitalOcean Holdings Inc.,0.002,1,,0.14,$130.14,$33.69,286.29,$187.50
XLE,Energy Select Sector SPDR,0.002,1,,0.15,$64.31,$41.42,55.26,$66.17
LILA,Liberty LiLAC Group A,0.002,1,,0.17,$8.41,$4.73,77.80,$8.95
GDXJ,Vaneck Junior Gold Miners,0.002,1,,0.20,$124.44,$85.38,45.75,$157.49
RERE,AiHuiShou International Co. Ltd. ADS,0.002,1,,0.16,$3.92,$3.50,12.00,$6.32
WU,Western Union Co.,0.002,1,,0.16,$6.18,$6.05,2.15,$9.44
WSFS,WSFS Financial Corp.,0.002,1,,0.20,$78.80,$49.37,59.61,$82.74
FSM,Fortuna Mining Corp.,0.002,1,,0.19,$11.95,$7.69,55.40,$13.85
BNTX,Biontech Se ADR,0.002,1,,0.18,$96.06,$79.52,20.80,$124.00
SEDG,SolarEdge Technologies Inc.,0.002,1,,0.18,$34.68,$28.21,22.94,$81.25
NTNX,Nutanix Inc.,0.002,1,,0.20,$69.80,$34.01,105.23,$79.56
HTLD,Heartland Express,0.002,1,,0.16,$11.87,$6.96,70.55,$16.61
CLFD,Clearfield Inc.,0.002,1,,0.14,$30.16,$23.76,26.94,$52.73
BRKR,Bruker Corp.,0.002,1,,0.15,$61.39,$29.99,104.70,$65.30
AMTM,Amentum Holdings Inc.,0.002,1,,0.17,$19.60,$19.21,2.03,$38.11
MSM,MSC Industrial Direct,0.002,1,,0.13,$122.21,$76.68,59.38,$130.46
ADNT,Adient plc,0.002,1,,0.20,$17.68,$17.45,1.32,$27.32
WGO,Winnebago Industries Inc.,0.002,1,,0.16,$26.43,$26.27,0.61,$48.44
GENI,Genius Sports Ltd,0.002,1,,0.16,$5.64,$3.83,47.26,$13.69
PSLV,Sprott Physical Silver Trust,0.002,1,,0.15,$21.71,$14.29,51.92,$38.13
HTZ,Hertz Global Hldgs Inc.,0.002,1,,0.17,$1.82,$1.45,25.52,$8.18
KOP,Koppers Holdings Inc.,0.002,1,,0.14,$45.33,$24.77,83.00,$52.90
SHOE,Shoe Carnival Inc.,0.002,1,,0.13,$13.07,$10.20,28.14,$22.24
PFG,Principal Financial Group,0.002,1,,0.13,$117.67,$75.30,56.27,$121.18
MMI,Marcus & Millichap Inc.,0.002,1,,0.20,$30.18,$24.00,25.75,$33.28
SLV,iShares Silver Trust,0.002,1,,0.19,$59.93,$38.19,56.93,$109.83
MORN,Morningstar Inc.,0.002,1,,0.15,$203.83,$141.06,44.50,$236.35
ORIC,ORIC Pharmaceuticals Inc.,0.002,1,,0.16,$12.79,$7.23,76.90,$14.93
NOG,Northern Oil and Gas Inc.,0.002,1,,0.16,$25.05,$17.18,45.81,$29.99
SABR,Sabre Corp.,0.002,1,,0.14,$2.26,$0.81,179.01,$2.50
BUDFF,Anheuser Busch Inbev SA NV,0.002,1,,0.16,$78.46,$57.71,35.96,$86.78
LAB,Standard Biotools Inc,0.002,1,,0.14,$0.77,$0.63,22.22,$1.72
MBUU,Malibu Boats Inc.,0.002,1,,0.14,$23.27,$22.93,1.48,$34.97
TRP,TC Energy,0.002,1,,0.17,$61.54,$47.80,28.74,$70.90
SPRY,Ars Pharmaceuticals Inc,0.002,1,,0.18,$4.11,$4.10,0.24,$13.15
IDCC,InterDigital Inc.,0.002,1,,0.13,$323.05,$248.51,29.99,$409.73
SCSC,ScanSource Inc.,0.002,1,,0.17,$56.88,$33.76,68.48,$66.78
RCI,Rogers Communications Inc.,0.002,1,,0.18,$35.08,$31.08,12.87,$39.99
TRMLF,Tourmaline Oil Corp,0.002,1,,0.18,$43.54,$40.44,7.67,$50.38
EMBC,Embecta Corp,0.002,1,,0.17,$5.29,$2.76,91.67,$14.69
FNDF,Schwab Fndmn Intl Lrg Co ETF,0.002,1,,0.15,$54.72,$40.86,33.92,$56.48
CNP,CenterPoint Energy,0.002,1,,0.20,$38.22,$36.59,4.45,$44.99
ZIM,Zim Integrated Shipping Serv,0.002,1,,0.20,$30.10,$11.75,156.17,$30.40
DMRA,Damora Therapeutics Inc.,0.002,1,,0.17,$22.59,$2.77,715.52,$38.33
NOK,Nokia Corp.,0.002,1,,0.20,$10.68,$4.54,135.24,$17.36
BTE,Baytex Energy Corp.,0.002,1,,0.14,$4.84,$2.15,125.12,$5.32
AEG,Aegon Ltd,0.002,1,,0.20,$9.04,$6.39,41.47,$9.35
VT,Vanguard Tot World Stk ETF,0.001,4,$156.95,0.07,$158.55,$132.28,19.86,$162.29
HRI,HERC Holdings Inc.,0.001,3,$143.35,0.04,$135.26,$87.56,54.48,$185.59
CAH,Cardinal Health Inc.,0.001,3,$237.56,0.09,$225.38,$144.37,56.11,$258.30
APA,APA Corp.,0.001,3,$32.57,0.06,$44.87,$21.13,112.35,$47.44
XLK,Technology Select Sect SPDR,0.001,3,$190.45,0.04,$189.60,$126.53,49.85,$198.49
QQQ,Invesco Qqq Trust Series 1,0.001,3,$736.46,0.09,$721.45,$554.99,29.99,$747.83
CW,Curtiss-Wright Corp.,0.001,3,$758.31,0.05,$568.27,$501.21,13.38,$808.16
OTIS,Otis Worldwide Corp.,0.001,3,$71.61,0.07,$68.52,$67.64,1.30,$93.43
MPC,Marathon Petroleum Corp.,0.001,3,$255.59,0.08,$424.89,$160.07,165.44,$428.00
VECO,Veeco Instruments,0.001,3,$75.80,0.06,$42.72,$26.00,64.31,$86.63
JBTM,JBT Marel Corp.,0.001,3,$144.99,0.09,$110.00,$109.22,0.71,$169.81
AEIS,Advanced Energy Industries,0.001,3,$372.88,0.06,$262.20,$162.89,60.97,$397.18
SITM,SiTime Corp.,0.001,2,$745.53,0.04,$614.27,$243.68,152.08,$901.81
SIMO,Silicon Motion Technol ADR,0.001,2,$333.35,0.07,$272.11,$79.13,243.88,$354.28
UCTT,Ultra Clean Holdings Inc.,0.001,2,$142.59,0.08,$70.64,$21.49,228.71,$144.22
VPG,Vishay Precision Group,0.001,2,$149.92,0.04,$62.65,$29.08,115.44,$151.78
RXO,Rxo Inc,0.001,2,$27.60,0.06,$20.26,$10.43,94.25,$29.90
CM,Can Imperial Bk Of Commerce,0.001,2,$115.10,0.10,$114.87,$76.97,49.24,$124.86
WBS-OLD,Webster Financial Corp.,0.001,2,$76.34,0.05,$77.78,$51.49,51.06,$79.40
HOFT,Hooker Furniture Corp.,0.001,2,$17.83,0.08,$13.26,$8.31,59.57,$17.94
LASR,nLight Inc.,0.001,2,$69.62,0.08,$39.84,$27.79,43.36,$86.95
DLO,DLocal Ltd,0.001,2,$13.00,0.05,$14.21,$10.46,35.85,$16.50
GLBAV-OLD,GCI Liberty Inc. Series A,0.001,2,$21.90,0.08,,,,
LTH,Life Time Group Holdings Inc,0.001,2,$40.84,0.06,$40.75,$24.14,68.81,$47.24
TALO,Talos Energy Inc.,0.001,2,$12.91,0.05,$17.01,$8.87,91.77,$18.73
LEVI,Levi Strauss & Co.,0.001,2,$24.83,0.08,$19.82,$17.50,13.26,$25.70
RKLB,Rocket Lab Corp.,0.001,2,$101.58,0.07,$64.57,$37.57,71.87,$151.00
JOYY,JOYY Inc.,0.001,2,$65.99,0.08,$78.73,$51.36,53.29,$80.90
BTG,B2Gold Corp.,0.001,2,$3.75,0.06,$5.49,$3.56,54.21,$6.21
ZGN,Ermenegildo Zegna Nv,0.001,2,$13.02,0.04,$12.29,$8.55,43.74,$15.95
ONTO,Onto Innovation Inc.,0.001,2,$378.43,0.05,$263.43,$118.97,121.43,$386.46
WMG,Warner Music Group Corp. CL A,0.001,2,$27.07,0.06,$28.02,$23.04,21.61,$34.97
GHM,Graham Corp.,0.001,2,$123.78,0.04,$84.04,$49.19,70.85,$125.82
VICR,Vicor Corp.,0.001,2,$379.84,0.05,$222.72,$47.56,368.29,$382.65
FTK,Flotek Industries Inc.,0.001,2,$23.52,0.04,$31.40,$12.60,149.21,$39.67
DPZ,Dominos Pizza Inc.,0.001,2,$295.99,0.08,$294.20,$280.27,4.97,$434.73
CLS,Celestica Inc,0.001,2,$364.81,0.08,$332.63,$227.00,46.53,$474.03
BKH,Black Hills,0.001,2,$74.40,0.07,$70.45,$56.13,25.51,$77.21
BWA,BorgWarner Inc.,0.001,2,$66.40,0.04,$63.32,$40.02,58.22,$78.61
JHX,James Hardie Industries PLC,0.001,2,$26.18,0.06,$25.82,$16.46,56.87,$31.43
ROST,Ross Stores Inc.,0.001,2,$212.84,0.09,$226.61,$142.52,59.00,$256.50
MAMA,Mama's Creations Inc,0.001,2,$17.85,0.04,$13.21,$9.90,33.43,$21.00
BSM,Black Stone Minerals L.P.,0.001,2,$13.97,0.09,$14.82,$11.29,31.27,$15.20
FFIV,F5 Networks,0.001,2,$415.93,0.08,$432.03,$223.76,93.08,$439.83
MRVI,Maravai LifeSciences Holdings Inc.,0.001,2,$6.24,0.07,$6.97,$2.55,173.33,$9.42
ASTE,Astec Industries,0.001,2,$61.20,0.03,$41.40,$39.99,3.53,$65.33
AMN,AMN Healthcare Services,0.001,2,$32.36,0.09,$34.26,$14.97,128.86,$37.22
HL,Hecla Mining Co.,0.001,2,$15.41,0.06,$18.92,$10.65,77.65,$34.15
ATRO,Astronics Corp.,0.001,2,$81.26,0.03,$65.71,$40.89,60.70,$99.89
FTI,TechnipFMC plc,0.001,2,$66.26,0.05,$72.02,$35.18,104.72,$80.70
SHG,Shinhan Financial Group Company,0.001,2,$63.25,0.12,$80.14,$47.05,70.33,$85.57
PLTR,Palantir Technologies Inc.,0.001,2,$116.72,0.04,$177.64,$106.37,67.00,$207.52
DOV,Dover Corp.,0.001,2,$224.29,0.05,$187.42,$157.36,19.10,$235.79
RDNT,RadNet Inc.,0.001,2,$61.67,0.08,$76.00,$50.82,49.55,$85.84
HVT,Haverty Furniture,0.001,1,,0.12,$27.28,$18.81,45.03,$29.47
ASGN,ASGN Inc.,0.001,1,,0.12,,,,
EHC,Encompass Health Corp.,0.001,1,,0.10,$121.75,$92.41,31.75,$127.50
MTRN,Materion Corp.,0.001,1,,0.06,$251.53,$109.25,130.23,$304.40
H,Hyatt Hotels Corp.,0.001,1,,0.08,$155.04,$133.71,15.95,$206.69
BELFB,Bel Fuse Inc. CL B,0.001,1,,0.09,$241.97,$129.82,86.39,$335.20
EAF,GrafTech International Ltd.,0.001,1,,0.08,$8.22,$4.92,67.07,$20.32
FROG,JFrog Ltd,0.001,1,,0.07,$92.81,$34.05,172.57,$105.76
MINN,Mairs & Power Mn Muni Bond,0.001,1,,0.10,$21.10,$21.01,0.43,$22.85
TWST,Twist Bioscience Corp.,0.001,1,,0.05,$166.99,$23.30,616.70,$167.05
BWLP,Bw Lpg Ltd,0.001,1,,0.09,$25.66,$10.17,152.31,$26.47
COHU,Cohu Inc.,0.001,1,,0.07,$57.75,$18.67,209.32,$74.60
HII,Huntington Ingalls Industries,0.001,1,,0.06,$272.86,$262.40,3.99,$455.90
HELE,Helen of Troy Ltd.,0.001,1,,0.06,$26.84,$13.85,93.79,$30.68
FINV,Finvolution Group ADR,0.001,1,,0.12,$3.30,$3.22,2.48,$7.48
SEI,Solaris Energy Infrastructure Inc.,0.001,1,,0.06,$69.66,$35.10,98.46,$86.02
ADMA,ADMA Biologics Inc.,0.001,1,,0.10,$9.11,$7.21,26.35,$20.46
PATK,Patrick Industries Inc.,0.001,1,,0.08,$68.71,$68.50,0.31,$146.40
IEUR,iShares Core MSCI Europe ETF,0.001,1,,0.08,$74.98,$64.30,16.61,$78.90
EWT,Ishares Msci Taiwan ETF,0.001,1,,0.05,$111.64,$58.01,92.45,$112.78
DCO,Ducommun Inc.,0.001,1,,0.05,$166.25,$84.76,96.14,$210.39
PEYUF,Peyto Exploration & Development Corp.,0.001,1,,0.08,$17.32,$12.27,41.16,$20.68
PLAY,Dave & Buster's Ent. Inc.,0.001,1,,0.08,$6.73,$6.45,4.34,$22.10
URA,Global X Uranium ETF,0.001,1,,0.05,$41.65,$37.18,12.02,$62.28
VRM,Vroom Inc,0.001,1,,0.11,$9.61,$6.80,41.32,$30.00
NSP,Insperity Inc.,0.001,1,,0.06,$50.31,$18.03,179.03,$55.25
PDLB,Ponce Financial Group Inc.,0.001,1,,0.05,$20.31,$13.91,46.01,$21.10
ESGD,Ishares Trust Ishares Esg Aw,0.001,1,,0.05,$104.05,$87.40,19.05,$108.00
WWD,Woodward Inc.,0.001,1,,0.05,$321.74,$232.45,38.41,$450.52
CCJ,Cameco Corp.,0.001,1,,0.06,$91.62,$77.49,18.23,$135.24
HTZWW,Hertz Global Hldgs Inc. WTS,0.001,1,,0.09,$0.90,$0.70,28.57,$4.13
EWJ,iShares MSCI Japan ETF,0.001,1,,0.05,$97.00,$74.98,29.37,$98.79
XOP,SPDR S&P Oil & Gas Exploration & Production ETF,0.001,1,,0.09,$190.61,$120.15,58.64,$200.89
ABCB,Ameris Bancorp,0.001,1,,0.05,$83.50,$68.29,22.27,$93.22
BATL,Battalion Oil Corp.,0.001,1,,0.10,$1.20,$1.00,20.00,$29.70
VYMI,Vanguard Int High Dvd Yld In,0.001,1,,0.08,$103.13,$79.72,29.37,$106.45
TBI,TrueBlue Inc.,0.001,1,,0.06,$8.94,$3.18,181.13,$11.03
CIFR,Cipher Mining Inc,0.001,1,,0.09,$18.34,$11.01,66.58,$30.14
KEY,KeyCorp,0.001,1,,0.11,$20.81,$15.82,31.54,$23.84
IESC,IES Holdings Inc.,0.001,1,,0.05,$322.16,$170.07,89.43,$408.26
POWL,Powell Industries,0.001,1,,0.07,$183.96,$92.10,99.74,$327.74
ABVX,Abivax SA ADR,0.001,1,,0.05,$105.04,$69.81,50.47,$148.83
LINC,Lincoln Educational Services Corp.,0.001,1,,0.05,$25.37,$17.29,46.73,$56.34
ENOV,Enovis Corp.,0.001,1,,0.05,$18.04,$17.30,4.28,$34.28
SPSM,Ss SPDR P S&P 600 Small Cap,0.001,1,,0.08,$54.23,$43.14,25.71,$58.60
BTAIQ,Bioxcel Therapeutics Inc,0.001,1,,0.05,$0.08,$0.02,300.00,$0.08
CDLX,Cardlytics Inc.,0.001,1,,0.11,$3.75,$3.49,7.45,$32.80
UVV,Universal Corp.,0.001,1,,0.06,$44.14,$43.36,1.80,$57.51
MYE,Myers Indus,0.001,1,,0.08,$30.98,$15.18,104.08,$37.29
LW,Lamb Weston Hldgs Inc.,0.001,1,,0.12,$46.67,$37.02,26.07,$65.06
GBCI,Glacier Bancorp,0.001,1,,0.05,$44.67,$39.06,14.36,$54.58
CBOE,CBOE Holdings Inc.,0.001,1,,0.08,$272.86,$226.52,20.46,$369.38
OBT,Orange County Bancorp Inc,0.001,1,,0.05,$38.49,$22.74,69.26,$39.91
LYG,Lloyds TSB Grp Plc ADR,0.001,1,,0.07,$5.81,$4.20,38.33,$6.25
REAL,RealReal Inc.,0.001,1,,0.05,$9.45,$8.05,17.39,$17.39
SDY,SPDR S&P Dividend ETF,0.001,1,,0.05,$150.78,$132.64,13.68,$160.29
WRLC,Windrock Ltd Co,0.001,1,,0.07,,,,
CEF,Sprott Physical Gold And Sil,0.001,1,,0.05,$44.63,$34.18,30.57,$61.38
SVC,Service Properties Trust,0.001,1,,0.09,$6.48,$5.58,16.13,$14.24
ALT,Altimmune Inc.,0.001,1,,0.06,$3.25,$2.56,26.95,$6.44
INFQ,Infleqtion Inc,0.001,1,,0.08,$13.23,$8.52,55.28,$21.28
KSA,Ishrs Msci Saudi Arabia ETF,0.001,1,,0.07,$37.43,$35.27,6.12,$40.39
BRX,Brixmor Property Group Inc.,0.001,1,,0.06,$28.03,$23.87,17.43,$32.86
MGPI,MGP Ingredients Inc.,0.001,1,,0.11,$14.13,$14.02,0.78,$27.27
STGW,Stagwell Inc.,0.001,1,,0.11,$8.12,$4.29,89.28,$9.55
RYCEY,Rolls Royce Holdings Sp ADR,0.001,1,,0.07,$19.74,$13.14,50.23,$21.22
TSCO,Tractor Supply,0.001,1,,0.07,$32.21,$28.17,14.34,$58.73
DOCS,Doximity Inc.,0.001,1,,0.10,$26.11,$17.15,52.24,$76.51
HUBG,Hub Group 'A',0.001,1,,0.05,$32.72,$31.41,4.17,$52.92
QCRH,QCR Holdings Inc.,0.001,1,,0.08,$99.98,$66.35,50.69,$107.95
AMPX,Amprius Technologies Inc,0.001,1,,0.06,$9.50,$7.71,23.22,$24.23
SPG,Simon Property Group Inc.,0.001,1,,0.05,$205.32,$164.57,24.76,$235.97
DNA,Ginkgo Bioworks Holdings Inc.,0.001,1,,0.10,$7.88,$5.37,46.74,$17.58
FPAG,Fpa Global Equity ETF New,0.001,1,,0.07,$41.11,$34.27,19.96,$43.47
SPYX,SPDR S&P 500 Fossil Fuel Res,0.001,1,,0.07,$62.50,$51.17,22.14,$63.96
CIB,Grupo Cibest SA ADR,0.001,1,,0.12,$96.63,$48.20,100.48,$105.60
LDOS,Leidos Holdings,0.001,1,,0.07,$127.69,$98.54,29.58,$203.41
GWW,W.W. Grainger Inc.,0.001,1,,0.09,$1266.61,$901.22,40.54,$1417.14
MOD,Modine Mfg.,0.001,1,,0.07,$188.72,$111.18,69.74,$323.25
NPO,EnPro Industries,0.001,1,,0.06,$292.50,$201.04,45.49,$389.99
PHIN,PHINIA Inc.,0.001,1,,0.09,$61.42,$49.91,23.06,$86.55
SCHB,Schwab Us Broad Market ETF,0.001,1,,0.07,$29.41,$24.22,21.43,$30.15
DIA,SPDR Djia Trust,0.001,1,,0.05,$515.88,$448.28,15.08,$546.30
BHE,Benchmark Electronics,0.001,1,,0.06,$75.40,$35.59,111.86,$100.41
ARTV,Artiva Biotherapeutics Inc,0.001,1,,0.07,$8.61,$2.37,263.29,$14.53
INFY,Infosys Ltd.,0.001,1,,0.06,$10.82,$10.30,5.05,$29.37
CDP,Copt Defense Properties,0.001,1,,0.05,$34.38,$26.26,30.92,$38.90
TRVI,Trevi Therapeutics Inc.,0.001,1,,0.08,$14.95,$8.04,85.95,$20.22
CUZ,Cousins Properties,0.001,1,,0.07,$28.29,$20.52,37.87,$32.95
IMVT,Immunovant Inc.,0.001,1,,0.09,$36.95,$14.58,153.43,$45.42
ALRS,Alerus Financial Corp.,0.001,1,,0.06,$32.75,$19.80,65.40,$34.40
UVSP,Univest Financial Corp.,0.001,1,,0.11,$42.48,$27.34,55.38,$45.22
SONY,Sony Group Corp.,0.001,1,,0.05,$23.46,$19.32,21.43,$30.34
RRC,Range Resources Corp.,0.001,1,,0.05,$38.44,$32.44,18.50,$48.07
VONG,Vanguard Russell 1000 Growth,0.001,1,,0.12,$126.99,$105.09,20.84,$132.77
FRVO,Fervo Energy Co A,0.001,1,,0.06,$16.91,$14.60,15.82,$42.65
ALGT,Allegiant Travel Company,0.001,1,,0.05,$78.16,$57.11,36.86,$123.63
RCKT,Rocket Pharmaceuticals Inc.,0.001,1,,0.12,$3.37,$2.53,33.20,$5.45
DRH,DiamondRock Hospitality Co.,0.001,1,,0.10,$12.24,$7.25,68.83,$13.79
GCO,Genesco Inc.,0.001,1,,0.11,$32.76,$21.93,49.38,$43.60
AMBA,Ambarella Inc.,0.001,1,,0.10,$66.15,$48.30,36.96,$96.69
VGK,Vanguard FTSE Europe ETF,0.001,1,,0.06,$88.21,$75.51,16.82,$93.06
NNBR,NN Inc.,0.001,1,,0.05,$3.31,$1.10,200.91,$4.48
PSA,Public Storage,0.001,1,,0.05,$296.31,$249.06,18.97,$332.14
EEM,Ishares Msci Emerging Market,0.001,1,,0.06,$67.03,$50.83,31.87,$71.57
KNF,Knife River Corp.,0.001,1,,0.10,$54.44,$53.59,1.59,$96.28
ENB,Enbridge Inc.,0.001,1,,0.07,$48.73,$43.08,13.12,$57.66
QNT,Quantinuum Inc A,0.001,1,,0.07,$51.58,$46.54,10.83,$86.79
YOU,Clear Secure Inc.,0.001,1,,0.06,$38.10,$28.93,31.70,$68.83
TPC,Tutor Perini Corp.,0.001,1,,0.05,$85.00,$57.70,47.31,$102.20
M,Macy's Inc.,0.001,1,,0.06,$21.94,$15.85,38.42,$26.36
AEHR,Aehr Test Systems,0.001,1,,0.05,$93.49,$18.70,399.95,$147.40
VSH,Vishay Intertechnology,0.001,1,,0.07,$32.51,$11.56,181.23,$69.25
RFL,Rafael Holdings Inc.,0.001,1,,0.08,$2.05,$1.12,83.04,$3.96
CRCL,Circle Internet Group Inc,0.001,1,,0.07,$91.78,$49.90,83.93,$159.47
FPAS,Fpa Short Duration Govt ETF,0.001,1,,0.05,$23.99,$23.99,0.00,$24.91
WTFC,Wintrust Financial Corp.,0.001,1,,0.09,$147.52,$117.89,25.13,$166.65
BZH,Beazer Homes USA,0.001,1,,0.12,$33.32,$17.83,86.88,$34.54
DOC,Healthpeak Properties Inc.,0.001,1,,0.06,$20.33,$14.97,35.80,$22.72
UNFI,United Natural Foods,0.001,1,,0.05,$46.82,$28.71,63.08,$57.02
HNGE,Hinge Health Inc A,0.001,1,,0.06,$94.90,$30.08,215.49,$96.66
NG,NovaGold Resources,0.001,1,,0.07,$7.27,$5.08,43.11,$14.40
SANM,Sanmina Corp.,0.000,3,$253.04,0.01,$199.56,$110.44,80.70,$288.68
VB,Vanguard Small Cap ETF,0.000,3,$302.93,0.03,$289.61,$238.70,21.33,$309.51
GIS,General Mills,0.000,3,$34.80,0.02,$36.32,$31.21,16.37,$48.32
OUT,Outfront Media Inc.,0.000,3,$32.76,0.02,$27.98,$16.24,72.29,$34.24
KB,Kb Financial Group Inc ADR,0.000,3,$104.97,0.03,$126.93,$77.44,63.91,$133.29
CPA,Copa Holdings SA,0.000,3,$155.53,0.03,$131.73,$104.75,25.76,$158.35
FORM,FormFactor Inc.,0.000,3,$159.91,0.03,$118.38,$34.80,240.17,$160.27
SNDK,SanDisk Corp.,0.000,2,$2273.04,0.01,$1791.82,$93.54,1815.57,$2354.39
CAMT,Camtek Ltd,0.000,2,$163.15,0.01,$149.12,$91.91,62.25,$215.99
CVLG,Covenant Transportation Group Inc. CL A,0.000,2,$44.18,0.03,$33.80,$17.83,89.57,$49.78
FTAI,FTAI Aviation Ltd.,0.000,2,,0.00,$190.74,$148.67,28.30,$321.70
ACLS,Axcelis Technologies,0.000,2,$189.45,0.02,$109.32,$73.60,48.53,$193.78
PH,Parker-Hannifin,0.000,2,,0.00,$943.54,$709.46,32.99,$1097.73
WOLF,Wolfspeed Inc.,0.000,2,$48.27,0.02,$25.59,$1.20,2032.50,$80.82
MT,ArcelorMittal,0.000,2,$60.21,0.01,$72.53,$34.67,109.20,$79.68
VV,Vanguard Large Cap ETF,0.000,2,$341.77,0.01,$352.15,$288.27,22.16,$359.22
MEC,Mayville Engineering Co. Inc.,0.000,2,$37.46,0.02,$17.20,$12.25,40.41,$38.76
AWK,American Water Works Inc.,0.000,2,$131.60,0.01,$135.90,$118.81,14.38,$142.37
AXGN,AxoGen Inc.,0.000,2,$46.19,0.03,$44.23,$15.27,189.65,$52.91
SCHD,Schwab Us Dvd Equity ETF,0.000,2,$31.66,0.02,$33.68,$25.63,31.41,$35.31
VEU,Vanguard FTSE All World ex US ETF,0.000,2,$83.76,0.01,$83.86,$68.31,22.76,$86.32
KAR,KAR Auction Services,0.000,2,$41.24,0.02,$30.88,$17.08,80.80,$30.98
LSCC,Lattice Semconductor,0.000,2,$152.94,0.01,$110.96,$60.50,83.40,$157.01
EGP,EastGroup Properties SBI,0.000,2,$202.54,0.04,$202.37,$158.81,27.43,$226.71
EXTR,Extreme Networks Inc.,0.000,2,$32.37,0.03,$22.31,$13.48,65.50,$33.73
IVE,Ishares S&P 500 Value ETF,0.000,2,,0.00,$231.89,$199.18,16.42,$238.98
VICI,VICI Properties Inc.,0.000,2,$26.55,0.02,$23.72,$23.72,0.00,$30.84
LITE,Lumentum Holdings Inc.,0.000,2,$858.53,0.01,$930.91,$144.52,544.14,$1085.68
LOCO,El Pollo Loco Holdings Inc.,0.000,2,$16.96,0.03,$14.22,$8.99,58.18,$17.40
VGT,Vanguard Info Tech ETF,0.000,2,$120.00,0.02,$122.31,$82.99,47.38,$125.85
MTSI,MACOM Technology Solutions Hldg,0.000,2,$380.48,0.01,$275.86,$121.97,126.17,$418.90
CAKE,Cheesecake Factory,0.000,2,$79.54,0.02,$96.51,$42.54,126.87,$118.46
ESI,Element Solutions Inc.,0.000,2,$47.76,0.03,$32.73,$22.64,44.57,$49.14
IWS,Ishares Russell Mid Cap Valu,0.000,2,,0.00,$164.18,$131.84,24.53,$172.90
UTZ,Utz Brands Inc.,0.000,2,$7.70,0.02,$14.24,$6.72,111.90,$14.33
MOS,Mosaic Co.,0.000,2,$21.19,0.03,$24.48,$19.63,24.71,$35.68
DGII,Digi International,0.000,2,$74.95,0.03,$72.13,$34.41,109.62,$86.84
THC,Tenet Healthcare Corp.,0.000,2,,0.00,$261.99,$157.58,66.26,$283.05
ADTN,ADTRAN Holdings Inc.,0.000,2,$13.90,0.03,$7.20,$6.96,3.45,$19.98
BRC,Brady Corp.,0.000,2,$91.57,0.01,$84.10,$70.38,19.49,$99.25
CIEN,Ciena Corp.,0.000,2,$490.71,0.01,$348.80,$133.67,160.94,$637.51
AAOI,Applied Optoelectronics Inc,0.000,2,$148.11,0.02,$105.17,$18.50,468.49,$233.67
SKYT-OLD,Skywater Technology Inc,0.000,2,,0.00,$32.49,$8.49,282.69,$39.93
HZO,MarineMax Inc.,0.000,2,$36.62,0.02,$52.56,$21.42,145.38,$52.56
ACWX,iShares MSCI ACWI EX U.S. ETF,0.000,2,$76.11,0.02,$76.28,$62.17,22.70,$78.78
IJH,Ishares Core S&P Midcap ETF,0.000,2,$77.11,0.03,$72.98,$61.43,18.80,$78.47
SMTC,Semtech Corp.,0.000,2,$161.84,0.02,$185.00,$57.50,221.74,$185.46
IAU,iShares Gold Trust,0.000,2,,0.00,$82.23,$68.86,19.42,$104.40
PARR,Par Pacific Holdings,0.000,1,,0.02,$84.37,$33.21,154.05,$87.72
CBT,Cabot Corp.,0.000,1,,0.03,$77.44,$56.94,36.00,$94.00
ETN,Eaton Corp.,0.000,1,,0.03,$424.77,$309.33,37.32,$478.00
PBFS,Pioneer Bancorp Inc.,0.000,1,,0.04,$18.13,$12.64,43.43,$19.91
CNS,Cohen & Steers Inc.,0.000,1,,0.00,$73.79,$56.80,29.91,$86.56
METCB,Ramaco Resources Inc B,0.000,1,,0.01,$5.01,$4.93,1.62,$20.70
REG,Regency Centers Corp.,0.000,1,,0.04,$72.95,$64.44,13.21,$82.82
WYFI,Whitefiber Inc,0.000,1,,0.01,$18.97,$10.51,80.49,$46.87
STM,Stmicroelectronics Nv Ny Shs,0.000,1,,0.01,$50.18,$20.95,139.52,$81.33
J,Jacobs Solutions Inc.,0.000,1,,0.01,$143.40,$105.09,36.45,$166.66
BLZE,Backblaze Inc A,0.000,1,,0.00,$13.16,$3.26,303.68,$23.99
FLUT,Flutter Entertainment Plc,0.000,1,,0.03,$89.56,$89.34,0.25,$287.44
DNTH,Dianthus Therapeutics Inc,0.000,1,,0.01,$96.81,$32.22,200.47,$117.88
DOUG,Douglas Elliman Inc,0.000,1,,0.00,$1.69,$1.53,10.46,$3.19
AFYA,Afya Ltd,0.000,1,,0.00,$13.60,$12.45,9.24,$16.16
STRW,Strawberry Fields Reit Inc,0.000,1,,0.01,$13.73,$10.58,29.77,$14.57
GKOS,Glaukos Corp.,0.000,1,,0.01,$163.81,$73.16,123.91,$191.62
EVER,EverQuote Inc. CL A,0.000,1,,0.01,$23.14,$13.88,66.71,$28.73
TTAM,Titan America SA,0.000,1,,0.01,$13.32,$13.31,0.08,$19.57
VCTR,Victory Capital Holdings,0.000,1,,0.02,$106.56,$55.62,91.59,$123.00
RNG,RingCentral Inc.,0.000,1,,0.01,$71.86,$24.01,199.29,$77.95
HLLY,Holley Inc,0.000,1,,0.00,$2.54,$2.33,9.01,$4.48
TAK,Takeda Pharmaceutical Co. Ltd,0.000,1,,0.00,$18.91,$12.99,45.57,$19.10
EPC,Edgewell Personal Care Co.,0.000,1,,0.03,$27.18,$15.53,75.02,$29.79
UTI,Universal Technical Institute,0.000,1,,0.04,$21.47,$19.52,9.99,$51.34
ITRI,Itron Inc.,0.000,1,,0.02,$90.44,$77.77,16.29,$142.00
EROC,Erock Inc A,0.000,1,,0.03,$13.09,$8.88,47.41,$20.70
FBLA,Fb Bancorp Inc,0.000,1,,0.01,$16.11,$11.66,38.16,$16.25
NPKI,NPK International Inc.,0.000,1,,0.02,$12.73,$10.73,18.64,$16.50
OTEX,Open Text Corp.,0.000,1,,0.01,$22.58,$19.54,15.56,$38.26
XCEM,Columbia Em Core Ex China,0.000,1,,0.01,$51.41,$34.70,48.16,$55.43
AVNW,Aviat Networks Inc.,0.000,1,,0.01,$20.46,$13.92,46.98,$27.02
STKL-OLD,SunOpta Inc.,0.000,1,,0.01,$6.50,$3.32,95.78,$6.94
CDRE,Cadre Holdings Inc,0.000,1,,0.01,$26.29,$25.65,2.50,$48.44
BG,Bunge Global SA,0.000,1,,0.04,$115.58,$74.11,55.96,$134.02
PACK,Ranpak Holdings Corp. CL A,0.000,1,,0.01,$3.98,$3.22,23.60,$7.81
REXR,Rexford Industrial Realty Inc.,0.000,1,,0.03,$38.39,$31.48,21.95,$42.76
RTLLF,Rational Ag,0.000,1,,0.02,$695.20,$673.93,3.16,$859.22
SLF,Sun Life Financial Inc.,0.000,1,,0.00,$81.27,$55.24,47.12,$83.64
NTAP,NetApp Inc.,0.000,1,,0.01,$197.79,$92.93,112.84,$209.06
AIRJ,Airjoule Technologies Corp,0.000,1,,0.01,$4.33,$2.22,95.05,$6.75
COUR,Coursera Inc,0.000,1,,0.01,$5.04,$5.00,0.80,$12.32
SLP,Simulations Plus Inc.,0.000,1,,0.03,$18.44,$11.09,66.28,$21.01
UMH,UMH Properties Inc.,0.000,1,,0.02,$15.69,$13.17,19.13,$16.77
LRN,Stride Inc.,0.000,1,,0.02,$78.90,$60.61,30.18,$155.06
CATH,Global X S&P 500 Catholic Values ETF,0.000,1,,0.01,$90.59,$75.37,20.19,$93.05
STNG,Scorpio Tankers Inc.,0.000,1,,0.03,$87.16,$48.08,81.28,$90.06
XGN,Exagen Inc.,0.000,1,,0.00,$8.41,$2.59,224.71,$12.23
BBY,Best Buy Co. Inc.,0.000,1,,0.00,$92.85,$53.81,72.55,$95.85
TWI,Titan International Inc.,0.000,1,,0.01,$7.00,$6.37,9.89,$11.70
FVR,Frontview Reit Inc,0.000,1,,0.02,$17.37,$12.39,40.19,$22.29
HOMB,Home Bancshares Inc.,0.000,1,,0.02,$29.79,$25.28,17.84,$31.54
ESS,Essex Property Trust,0.000,1,,0.04,$270.05,$233.85,15.48,$303.35
DVDCF,Davide Campari-Milano S.p.A.,0.000,1,,0.01,$6.70,$6.07,10.38,$7.78
ARM,Arvinmeritor Inc.,0.000,1,,0.01,$275.61,$100.02,175.55,$452.70
TRS,TriMas Corp.,0.000,1,,0.02,$38.08,$30.34,25.51,$45.38
JOUT,Johnson Outdoors Inc.,0.000,1,,0.01,$44.38,$34.91,27.13,$53.16
FULT,Fulton Financial Corp.,0.000,1,,0.01,$23.40,$16.16,44.80,$25.23
COPX,Global X Copper Miners ETF,0.000,1,,0.00,$87.28,$51.63,69.05,$99.65
MATV,Mativ Holdings Inc.,0.000,1,,0.00,$11.99,$7.01,71.04,$15.02
AMBQ,Ambiq Micro Inc,0.000,1,,0.04,$65.46,$22.12,195.93,$91.61
AVBH,Avidbank Holdings Inc,0.000,1,,0.02,$31.40,$24.03,30.67,$34.18
CAE,CAE Inc.,0.000,1,,0.04,$23.57,$22.76,3.56,$34.24
BIRK,Birkenstock Holding Plc,0.000,1,,0.01,$30.56,$29.93,2.10,$50.73
SSPPF,Ssp Group Plc,0.000,1,,0.02,$2.54,$1.67,52.10,$2.55
SBGI,Sinclair Broadcast Group Inc.,0.000,1,,0.00,$13.08,$11.82,10.66,$16.69
JJSF,J & J Snack Foods,0.000,1,,0.03,$77.97,$67.51,15.49,$98.97
BLLN,Billiontoone Inc Cl A,0.000,1,,0.02,$105.92,$61.96,70.95,$150.44
FMC,FMC Corp.,0.000,1,,0.04,$10.09,$9.71,3.91,$36.04
JOBY,Joby Aviation Inc.,0.000,1,,0.03,$6.12,$5.93,3.20,$19.98
AKTS,Aktis Oncology Inc,0.000,1,,0.02,$21.88,$14.72,48.64,$34.19
PRGO,Perrigo Co.,0.000,1,,0.04,$13.56,$8.81,53.92,$20.70
GPRK,Geopark Ltd,0.000,1,,0.00,$11.04,$5.68,94.37,$13.13
ATAT,Atour Lifestyle Holdings ADR,0.000,1,,0.00,$32.15,$30.78,4.45,$42.49
SYNA,Synaptics Inc.,0.000,1,,0.02,$93.11,$58.28,59.76,$149.11
GH,Guardant Health Inc.,0.000,1,,0.04,$179.38,$55.38,223.91,$183.51
SBCF,Seacoast Banking Corp. of Florida,0.000,1,,0.04,$33.70,$27.91,20.75,$36.07
EXEL,Exelixis Inc.,0.000,1,,0.00,$58.36,$33.76,72.87,$59.72
TITN,Titan Machinery Inc.,0.000,1,,0.03,$23.72,$13.21,79.56,$26.90
PIFYF,Pine Cliff Energy Ltd,0.000,1,,0.03,$0.39,$0.35,11.43,$0.65
UFCS,United Fire Group Inc.,0.000,1,,0.00,$54.39,$29.21,86.20,$56.74
BFLY,Butterfly Network Inc,0.000,1,,0.03,$7.88,$1.81,335.36,$10.05
JBHT,J.B. Hunt Transport Services Inc.,0.000,1,,0.00,$234.25,$129.06,81.50,$299.26
DLG.MI,De'Longhi SPA,0.000,1,,0.02,,,,
ASX,Ase Technology Holding ADR,0.000,1,,0.01,$41.63,$10.82,284.75,$45.27
TRN,Trinity Industries,0.000,1,,0.03,$28.00,$24.06,16.38,$38.31
KVHI,KVH Industries Inc.,0.000,1,,0.00,$7.21,$5.09,41.65,$13.00
FLYX.WS,Eg Acquisition Corp A WTS28,0.000,1,,0.00,,,,
SIL,Global X Silver Miners ETF,0.000,1,,0.00,$95.20,$61.06,55.91,$119.08
OIS,Oil States International Inc.,0.000,1,,0.03,$8.41,$5.50,52.91,$14.50
MTRX,Matrix Service Co.,0.000,1,,0.02,$9.87,$9.70,1.75,$15.97
XLF,Financial Select Sector SPDR,0.000,1,,0.00,$55.86,$47.50,17.60,$58.60
AMRC,Ameresco Inc. CL A,0.000,1,,0.03,$23.75,$18.38,29.22,$44.93
VNQ,Vanguard Real Estate ETF,0.000,1,,0.00,$92.91,$85.39,8.81,$101.80
TEO,Telecom Argentina S.A.,0.000,1,,0.04,$13.70,$6.36,115.41,$16.34
HYBB,Ishares Bb Rated Corp Bond,0.000,1,,0.00,$45.89,$44.28,3.64,$46.46
QQQM,Invesco Nasdaq 100 ETF,0.000,1,,0.02,$296.91,$228.49,29.94,$307.85
RRBI,Red River Bancshares Inc,0.000,1,,0.02,$102.14,$60.98,67.50,$104.87
TFII,Tfi International Inc,0.000,1,,0.02,$125.16,$79.64,57.16,$167.14
HSBC,HSBC Holdings plc,0.000,1,,0.01,$101.83,$61.80,64.77,$107.43
JBL,Jabil Inc.,0.000,1,,0.01,$299.57,$189.46,58.12,$428.84
NVMI,Nova Ltd,0.000,1,,0.01,$356.11,$266.43,33.66,$615.99
KOD,Kodiak Sciences Inc.,0.000,1,,0.01,$32.71,$9.39,248.35,$47.84
ALH,Alliance Laundry Holdings In,0.000,1,,0.00,$21.58,$18.64,15.77,$28.23
CCRN-OLD,Cross Country Healthcare,0.000,1,,0.02,$13.25,$7.43,78.33,$14.99
ASR,Grupo Aeroportuario Sure SA de CV,0.000,1,,0.00,$243.32,$241.46,0.77,$374.42
SMBK,SmartFinancial Inc.,0.000,1,,0.02,$51.69,$32.74,57.88,$54.14
EIKN,Eikon Therapeutics Inc,0.000,1,,0.00,$8.95,$7.90,13.29,$17.40
TALK-OLD,Talkspace Inc.,0.000,1,,0.01,$5.25,$2.49,110.84,$5.25
PNR,Pentair plc,0.000,1,,0.04,$55.92,$55.34,1.05,$112.57
TDUP,ThredUp Inc.,0.000,1,,0.00,$2.48,$2.36,5.08,$10.82
FIP,Ftai Infrastructure Inc,0.000,1,,0.02,$3.00,$2.77,8.30,$6.56
CALY,Callaway Golf Co.,0.000,1,,0.02,$14.69,$8.39,75.09,$20.28
OOMA,Ooma Inc.,0.000,1,,0.00,$22.73,$9.79,132.18,$26.19
WILLF,Demant A s,0.000,1,,0.02,$45.55,$28.08,62.22,$45.55
SRRK,Scholar Rock Holding Corp.,0.000,1,,0.02,$46.65,$27.07,72.33,$61.76
TRVG,Trivago Nv ADR,0.000,1,,0.00,$6.55,$2.59,152.90,$6.80
