Symbol,Stock,%▼,"Ownership
count",Hold Price*,Max %,"Current
Price","52 Week
Low","% Above
52 Week
Low","52 Week
High"
AMZN,Amazon.com Inc.,2.917,34,$238.34,32.21,$260.84,$196.00,33.08,$287.20
GOOG,Alphabet Inc. CL C,2.583,34,$353.33,23.39,$337.56,$196.90,71.44,$404.23
BRK.B,Berkshire Hathaway CL B,2.416,26,$500.39,33.89,$499.08,$464.01,7.56,$537.74
GOOGL,Alphabet Inc.,2.084,36,$357.37,24.55,$340.09,$196.04,73.48,$408.37
MSFT,Microsoft Corp.,1.780,37,$373.02,20.54,$480.95,$349.20,37.73,$550.24
BRK.A,Berkshire Hathaway CL A,1.758,17,$748851.77,42.42,$748375.75,$698000.00,7.22,$806102.81
V,Visa Inc.,1.713,30,$343.09,19.83,$366.76,$292.74,25.29,$373.28
META,Meta Platforms Inc.,1.580,31,$563.30,20.45,$540.60,$519.78,4.01,$788.22
CVNA,Carvana Co.,1.483,7,$65.82,78.85,$70.33,$54.46,29.14,$97.38
MA,Mastercard Inc.,1.419,22,$513.60,20.01,$576.95,$463.74,24.41,$598.04
AAPL,Apple Inc.,1.224,22,$289.36,41.05,$315.40,$222.96,41.46,$344.27
TSM,Taiwan Semiconductor S.A.,0.986,24,$477.55,10.55,$415.08,$221.29,87.57,$479.00
GE,GE Aerospace,0.968,10,$373.73,35.61,$345.23,$262.48,31.53,$388.84
MCO,Moody's Corp.,0.948,17,$452.92,19.14,$498.23,$399.61,24.68,$543.25
JOE,St. Joe Co.,0.932,1,,76.43,$69.20,$46.02,50.37,$73.19
TDG,TransDigm Group Inc.,0.751,6,$1332.04,27.51,$1191.44,$1123.61,6.04,$1463.03
BN,Brookfield Corp.,0.736,9,$42.59,16.29,$41.81,$37.87,10.40,$49.40
SPGI,S&P Global Inc.,0.730,15,$407.26,19.92,$427.38,$360.90,18.42,$527.28
ASML,ASML Holding NV,0.722,9,$1989.38,21.11,$1743.71,$711.50,145.08,$1997.36
NVDA,NVIDIA Corp.,0.720,18,$200.09,9.34,$216.83,$163.85,32.33,$236.26
IBKR,Interactive Brokers Group Inc.,0.706,6,$87.04,33.42,$90.90,$58.76,54.70,$97.84
IEP,Icahn Enterprises,0.658,1,,53.95,$6.66,$5.82,14.43,$7.44
FICO,Fair Isaac Corp.,0.581,8,$1194.78,25.77,$1147.11,$870.01,31.85,$1998.01
HCC,Warrior Met Coal Inc.,0.580,3,$81.16,43.32,$103.13,$54.46,89.37,$110.29
LOAR,Loar Holdings Inc,0.575,1,,47.15,$74.46,$53.15,40.09,$83.43
MOH,Molina Healthcare Inc.,0.567,3,$193.75,43.49,$198.61,$121.06,64.06,$244.89
GPI,Group 1 Automotive,0.566,2,$291.17,46.41,$264.73,$249.54,6.09,$486.11
PDD,Pinduoduo Inc.,0.545,4,$76.28,22.17,$89.22,$71.94,24.02,$139.41
UBER,Uber Technologies Inc.,0.521,11,$72.16,12.72,$78.76,$65.41,20.41,$101.99
AMAT,Applied Materials,0.516,12,$723.00,19.48,$489.00,$153.78,217.99,$739.67
C,Citigroup Inc.,0.484,8,$139.96,18.50,$131.32,$88.80,47.88,$147.21
COF,Capital One Financial,0.470,16,$200.62,7.13,$215.85,$173.62,24.32,$256.63
AXP,American Express,0.464,16,$338.24,17.14,$334.28,$289.26,15.56,$384.36
SUNB,Sunbelt Rentals Holdings Inc,0.464,12,$75.05,10.59,$77.86,$60.40,28.91,$85.78
ELV,Elevance Health Inc.,0.458,12,$386.73,9.11,$397.73,$272.05,46.20,$436.24
SNX,SYNNEX Corp.,0.456,4,$267.34,26.38,$250.44,$141.15,77.43,$295.89
CROX,Crocs Inc.,0.443,6,$120.64,27.20,$123.03,$73.21,68.05,$141.28
DIS,Walt Disney Co.,0.433,20,$96.25,9.55,$107.35,$91.48,17.35,$118.07
LULU,Lululemon Athletica Inc.,0.403,4,$176.58,32.35,$115.28,$104.44,10.38,$225.98
CVS,CVS Health Corp.,0.396,10,$103.45,10.63,$94.09,$67.46,39.48,$110.00
EQH,Equitable Holdings Inc.,0.395,5,$43.88,30.38,$49.20,$34.72,41.71,$53.71
SLM,SLM Corp.,0.387,3,$27.27,24.16,$26.12,$17.55,48.83,$31.48
JHG-OLD,Janus Henderson Group,0.385,1,,31.53,$51.98,$37.96,36.93,$53.76
RIG,Transocean Ltd.,0.373,2,$4.89,30.53,$5.96,$2.76,115.94,$7.66
AVGO,Broadcom Inc.,0.368,13,$377.75,10.61,$365.30,$279.82,30.55,$494.22
ICLR,ICON plc,0.358,6,$173.71,11.94,$176.03,$66.57,164.43,$203.91
FERG,Ferguson Enterprises Inc.,0.339,11,$237.33,6.88,$240.35,$204.50,17.53,$269.59
SCHW,Charles Schwab Corp.,0.338,11,$92.27,6.56,$110.77,$83.72,32.31,$112.20
ADI,Analog Devices,0.319,11,$397.17,7.97,$372.20,$221.38,68.13,$445.91
AMR,Alpha Metallurgical Resources Inc.,0.318,1,,26.11,$189.82,$133.64,42.04,$253.82
MKL,Markel Group Inc.,0.309,5,$1953.01,10.89,$1797.10,$1719.41,4.52,$2207.59
UNH,United Health Group Inc.,0.302,17,$415.63,6.05,$385.68,$254.51,51.54,$461.62
TMO,Thermo Fisher Scientific,0.301,11,$501.36,9.81,$628.02,$434.83,44.43,$642.71
KHC,Kraft Heinz Co.,0.299,9,$23.61,12.80,$25.45,$20.66,23.18,$28.09
PYPL,PayPal Holdings Inc.,0.294,8,$43.18,10.61,$62.14,$38.22,62.59,$78.53
RKT,Rocket Companies Inc.,0.290,5,$15.75,11.65,$13.96,$12.17,14.71,$24.36
CVI,CVR Energy Inc.,0.289,1,,23.73,$36.28,$19.50,86.05,$41.41
VFC,V.F. Corp.,0.287,2,$16.68,23.36,$13.93,$12.33,12.98,$22.15
BABA,Alibaba Group Holdings,0.281,9,$95.98,16.92,$129.17,$91.99,40.42,$190.92
CAT,Caterpillar Inc.,0.275,6,$1064.90,19.65,$803.39,$406.85,97.47,$1071.47
CNH,CNH Industrial NV,0.271,5,$11.23,17.11,$10.79,$8.91,21.10,$13.18
WM,Waste Management Inc.,0.267,3,$222.88,17.30,$224.76,$191.77,17.20,$247.15
ORLA-OLD,Orla Mining Ltd,0.264,3,$9.73,21.55,$9.45,$8.43,12.10,$21.95
CP,Canadian Pacific Kansas City,0.261,7,$86.65,7.44,$95.29,$67.98,40.17,$95.86
LYV,Live Nation Inc.,0.257,8,$183.11,7.69,$182.89,$125.34,45.92,$189.25
APP,Applovin Corp.,0.257,4,$515.25,14.50,$308.99,$303.17,1.92,$745.61
ASH,Ashland Global Holdings Inc.,0.256,2,$65.89,17.47,$72.96,$45.29,61.10,$78.25
GM,General Motors,0.255,7,$77.08,11.46,$85.82,$53.98,58.98,$91.85
LEN,Lennar Corp.,0.255,4,$90.49,11.82,$86.18,$79.83,7.95,$141.39
BKNG,Booking Holdings Inc.,0.253,6,$178.24,8.46,$210.69,$149.76,40.69,$229.86
RPRX,Royalty Pharma plc,0.250,3,$56.07,8.82,$60.89,$33.43,82.14,$61.80
VRT,Vertiv Holdings Co.,0.250,3,$334.82,20.37,$260.10,$118.57,119.36,$379.86
NFLX,Netflix Inc.,0.248,11,$71.40,5.41,$80.61,$65.08,23.86,$126.71
CNI,Canadian Natl Railway Co.,0.247,6,$119.24,17.95,$128.78,$89.10,44.53,$131.55
DHR,Danaher Corp.,0.245,12,$190.48,7.64,$218.59,$160.60,36.11,$241.78
BAC,Bank of America Corp.,0.244,15,$56.98,9.20,$62.56,$45.88,36.36,$65.23
BDX,Becton Dickinson,0.239,7,$151.33,9.93,$188.81,$125.19,50.82,$189.62
QSR,Restaurant Brands International,0.238,3,$72.51,9.62,$79.39,$59.14,34.24,$81.22
GRBK,Green Brick Partners,0.237,2,$80.04,19.39,$71.25,$60.44,17.89,$83.18
CRM,Salesforce.com,0.235,10,$156.66,8.33,$207.21,$146.32,41.61,$267.75
AZN,AstraZeneca PLC,0.233,3,$187.18,19.03,$165.34,$90.90,81.89,$209.12
KKR,KKR & Co. L.P.,0.231,7,$91.78,8.95,$108.30,$82.35,31.51,$151.00
WFC,Wells Fargo,0.225,14,$82.64,3.11,$84.51,$72.36,16.79,$96.18
YETI,YETI Holdings Inc.,0.224,2,$49.56,18.33,$43.31,$31.66,36.80,$53.99
SGOV,Ishares 0 3 Month Treasury B,0.220,4,$100.67,10.59,$100.60,$96.89,3.83,$100.60
CACC,Credit Acceptance Corp.,0.220,2,$636.74,18.01,$591.69,$401.90,47.22,$668.86
RACE,Ferrari NV,0.216,4,$370.77,7.71,$426.23,$308.95,37.96,$498.75
PM,Philip Morris Intl.,0.212,10,$180.91,9.18,$193.13,$138.43,39.51,$207.76
SOLV,Solventum Corp,0.210,4,$77.15,15.02,$88.47,$62.38,41.82,$90.00
WBD,Warner Bros. Discovery Inc.,0.209,5,$26.66,11.68,$28.28,$11.25,151.38,$30.00
LAD,Lithia Motors Inc.,0.207,6,$290.49,13.20,$371.95,$238.86,55.72,$438.67
TXN,Texas Instruments,0.206,14,$298.07,3.93,$265.74,$150.20,76.92,$332.33
OMF,OneMain Holdings,0.200,4,$60.97,10.08,$62.69,$44.20,41.83,$68.16
EGO,Eldorado Gold Corp.,0.197,1,,16.18,$42.14,$22.06,91.02,$50.96
CPNG,Coupang Inc.,0.196,8,$17.37,6.89,$16.20,$14.92,8.58,$34.08
TKO,TKO Group Holdings Inc.,0.196,1,,16.07,$196.37,$173.96,12.88,$225.15
IFF,International Flavors & Fragrances Inc.,0.194,5,$79.22,5.43,$83.06,$58.13,42.89,$89.32
OXY,Occidental Petroleum,0.192,4,$48.57,7.02,$61.43,$38.44,59.81,$67.14
AON,Aon Plc,0.191,10,$331.69,4.91,$352.30,$303.10,16.23,$381.47
FWONK,Liberty Media Corp Formula One Series C,0.191,3,$95.14,7.73,$104.28,$80.15,30.11,$109.36
GXO,Gxo Logistics Inc.,0.189,1,,15.46,$45.39,$45.37,0.04,$66.85
EPD,Enterprise Products Partners LP,0.188,6,$36.76,13.46,$38.32,$28.18,35.98,$39.58
APTV,Aptiv PLC,0.187,2,$61.38,14.51,$47.33,$46.16,2.53,$78.49
AER,AerCap Holdings N.V.,0.185,3,$145.78,7.16,$147.74,$113.15,30.57,$158.38
ALC,Alcon Inc.,0.185,2,$67.33,15.19,$73.39,$61.84,18.68,$87.22
PEP,PepsiCo Inc.,0.184,12,$135.40,5.27,$142.60,$133.40,6.90,$168.19
MU,Micron Technology Inc.,0.184,5,$1154.29,15.06,$951.32,$113.28,739.80,$1254.81
CMCSA,Comcast Corp.,0.183,14,$24.55,3.15,$26.39,$21.28,24.01,$32.04
LLY,Eli Lilly & Co.,0.183,7,$1199.42,6.89,$1255.54,$680.86,84.41,$1292.65
KO,Coca Cola Co.,0.182,9,$81.27,10.86,$91.20,$64.04,42.41,$91.77
BLK,BlackRock Inc.,0.181,6,$961.57,9.93,$1151.37,$912.25,26.21,$1200.54
DASH,DoorDash Inc.,0.181,4,$184.53,7.46,$223.37,$143.30,55.88,$285.50
PVH,PVH Corp.,0.179,4,$74.26,9.92,$76.18,$59.58,27.86,$100.75
HGV,Hilton Grand Vacations Inc.,0.177,2,$52.37,14.48,$44.84,$36.79,21.88,$55.40
SIRI,SiriusXM Holdings Inc,0.175,5,$29.54,5.59,$28.49,$19.15,48.77,$32.37
ICE,Intercontinental Exchange Inc.,0.174,6,$123.11,4.90,$160.13,$121.79,31.48,$179.43
BAYRY,Bayer Ag Sponsored ADR,0.172,1,,14.12,$14.12,$7.46,89.28,$15.23
ACN,Accenture,0.170,12,$124.44,4.86,$184.85,$116.75,58.33,$285.21
BAX,Baxter International Inc.,0.170,7,$21.32,4.09,$26.29,$15.72,67.24,$30.00
CCL,Carnival Corp.,0.170,2,$28.57,12.78,$25.53,$23.21,10.00,$33.49
TOL,Toll Brothers,0.169,4,$164.75,10.71,$145.16,$122.93,18.08,$167.75
TRMD,Torm Plc,0.169,2,$25.79,13.87,$31.23,$17.91,74.37,$34.50
DG,Dollar General,0.168,5,$115.11,8.66,$121.38,$93.78,29.43,$156.68
OKTA,Okta Inc.,0.168,1,,13.80,$134.03,$62.66,113.90,$157.00
TSLA,Tesla Inc.,0.167,6,$420.60,7.44,$342.60,$297.38,15.21,$498.83
IONS,Ionis Pharmaceuticals Inc.,0.167,1,,13.70,$58.99,$41.71,41.43,$86.74
ROP,Roper Technologies Inc.,0.165,4,$338.39,7.80,$410.97,$305.19,34.66,$540.19
ORCL,Oracle Corp.,0.164,14,$146.55,4.51,$141.79,$114.50,23.83,$341.82
APH,Amphenol Corp.,0.164,7,$176.32,8.29,$154.44,$104.00,48.50,$178.52
SPOT,Spotify Technology S.A.,0.163,7,$459.13,4.96,$534.45,$405.00,31.96,$745.00
KEX,Kirby Corp.,0.161,1,,13.22,$139.55,$79.52,75.49,$157.69
PG,Procter & Gamble,0.160,9,$146.64,4.38,$142.98,$134.62,6.21,$164.77
GIL,Gildan Activewear Inc.,0.160,1,,13.10,$55.12,$46.55,18.41,$73.05
AJG,Arthur J. Gallagher & Co.,0.159,6,$229.57,6.43,$260.28,$190.12,36.90,$310.73
XRAY,DENTSPLY SIRONA Inc.,0.159,3,$10.61,12.18,$10.79,$9.41,14.67,$14.76
PFE,Pfizer Inc.,0.158,10,$24.08,3.07,$28.05,$22.03,27.33,$28.44
VMC,Vulcan Materials,0.157,6,$295.01,5.62,$272.07,$251.38,8.23,$329.20
USB,U.S. Bancorp,0.157,6,$60.41,5.56,$62.59,$43.76,43.03,$66.08
ADP,Automatic Data Processing Inc.,0.157,6,$223.95,4.93,$279.31,$186.74,49.57,$301.70
MDLN,Medline Inc Cl A,0.157,4,$39.44,6.28,$32.95,$32.82,0.40,$50.88
INTU,Intuit Inc.,0.156,8,$261.00,6.62,$364.25,$251.72,44.70,$697.27
NEM,Newmont Corp.,0.156,4,$93.40,6.25,$128.02,$66.98,91.13,$134.29
SHW,Sherwin-Williams,0.155,7,$344.32,4.50,$345.65,$289.86,19.25,$376.95
SGI,Somnigroup International Inc.,0.155,2,$78.40,8.30,$64.61,$60.23,7.27,$98.11
EXE,Expand Energy Corp.,0.154,1,,12.64,$94.34,$84.48,11.67,$124.43
HD,Home Depot,0.153,10,$352.68,5.61,$333.86,$286.95,16.35,$418.06
GEHC,GE HealthCare Technologies Inc.,0.153,8,$64.01,4.67,$74.50,$58.72,26.87,$89.64
EG,Everest Group Ltd,0.153,4,$357.23,11.28,$369.90,$296.87,24.60,$401.07
DE,Deere & Co.,0.152,7,$634.33,6.56,$617.74,$429.14,43.95,$670.49
CRH,CRH plc,0.152,5,$107.00,5.14,$93.84,$92.84,1.08,$130.09
UHAL.B,U Haul Holding Co Non Voting,0.152,4,$57.70,4.42,$63.71,$39.58,60.97,$66.90
ALK,Alaska Air Group,0.151,2,$52.20,10.58,$40.19,$33.03,21.68,$65.88
WAT,Waters Corp.,0.150,8,$375.04,6.25,$411.71,$282.77,45.60,$420.26
MSI,Motorola Solutions Inc.,0.148,8,$415.29,5.63,$477.51,$357.34,33.63,$493.57
TRU,TransUnion,0.148,3,$72.14,5.94,$84.24,$63.37,32.93,$95.04
INTC,Intel Corp.,0.147,7,$139.63,4.62,$91.85,$22.78,303.20,$142.35
JPM,JPMorgan Chase & Co.,0.146,15,$327.33,3.54,$353.68,$276.43,27.95,$366.50
HEI.A,HEICO Corp. CL A,0.146,4,$257.91,6.38,$258.80,$199.25,29.89,$279.52
UNP,Union Pacific,0.145,11,$272.00,5.95,$306.99,$207.45,47.98,$315.99
PPLI,People Inc.,0.143,3,$46.16,7.54,$37.43,$29.56,26.62,$48.32
SW,Smurfit Westrock Plc,0.143,3,$46.26,7.56,$48.13,$31.79,51.40,$51.52
FBIN,Fortune Brands Innovations Inc.,0.141,5,$54.90,4.83,$45.44,$32.11,41.51,$64.07
RBC,RBC Bearings Inc.,0.141,2,$644.06,10.70,$506.47,$364.50,38.95,$667.69
PGR,Progressive Corp.,0.140,7,$218.45,4.79,$221.34,$187.79,17.87,$239.38
OSK,Oshkosh Corp.,0.140,5,$153.48,6.69,$152.56,$115.83,31.71,$178.55
ET,Energy Transfer LP,0.140,4,$19.12,7.18,$21.24,$15.10,40.66,$21.64
SN,Sharkninja Inc,0.139,5,$152.27,10.67,$179.01,$83.12,115.36,$191.22
SYK,Stryker Corp.,0.139,4,$314.84,6.72,$332.79,$280.25,18.75,$392.86
KOF,Coca-Cola FEMSA S A CV,0.138,3,$106.25,9.34,$112.61,$76.77,46.68,$114.22
EQT,EQT Corp.,0.137,3,$53.17,6.19,$53.46,$47.79,11.86,$67.84
LRCX,Lam Research,0.136,7,$433.33,5.72,$306.00,$93.59,226.96,$438.50
BA,Boeing Co.,0.136,6,$216.47,3.38,$214.75,$176.77,21.49,$254.35
JNJ,Johnson & Johnson,0.135,12,$253.97,3.96,$269.70,$170.35,58.32,$276.47
DB,Deutsche Bank AG,0.135,4,$33.86,10.80,$37.65,$27.13,38.78,$39.01
MAT,Mattel Inc.,0.135,2,$13.88,8.92,$14.58,$12.73,14.53,$22.48
BLDR,Builders FirstSource Inc.,0.134,6,$89.48,5.60,$70.11,$65.10,7.70,$151.03
UAA,Under Armour Inc.,0.134,1,,10.98,$5.22,$4.13,26.39,$8.15
TEL,TE Connectivity plc,0.133,8,$201.61,3.93,$201.97,$190.27,6.15,$251.59
SLB,Schlumberger Ltd.,0.133,8,$46.49,4.36,$53.69,$31.05,72.91,$58.51
QCOM,QUALCOMM Inc.,0.133,7,$184.79,3.66,$161.63,$121.54,32.99,$258.96
DHI,D.R. Horton,0.132,4,$162.88,6.59,$149.06,$130.96,13.82,$182.36
BFAM,Bright Horizons Family Solutions Inc.,0.132,2,$70.88,8.28,$73.26,$57.63,27.12,$124.25
FISV,Fiserv Inc.,0.131,9,$49.05,2.79,$51.37,$47.04,9.20,$140.42
CB,Chubb Limited,0.131,6,$340.74,4.79,$343.64,$262.86,30.73,$365.91
PHM,PulteGroup Inc.,0.131,3,$137.21,8.64,$127.91,$108.26,18.15,$143.88
CBRE,CBRE Group,0.130,7,$134.69,3.67,$153.76,$121.69,26.35,$174.27
RYN,Rayonier Inc.,0.129,1,,10.54,$21.52,$19.25,11.79,$24.84
AIIR,Air Holdings Ltd,0.129,1,,10.61,$7.55,$5.29,42.72,$13.37
TSN,Tyson Foods,0.128,6,$57.25,3.11,$58.62,$49.30,18.90,$68.90
NCLH,Norwegian Cruise Line Hlgs Ltd.,0.128,3,$21.11,4.23,$16.58,$14.53,14.11,$27.18
FLG,Flagstar Financial Inc.,0.127,2,$14.94,9.62,$13.58,$10.55,28.72,$15.44
GEV,Ge Vernova Inc,0.126,10,$1174.86,3.91,$948.68,$529.18,79.27,$1195.94
TDS,Telephone & Data Systems,0.125,2,$37.01,5.17,$34.52,$31.51,9.55,$49.07
HHH,Howard Hughes Holdings Inc.,0.125,1,,10.23,$68.35,$61.01,12.03,$91.07
SE,Sea Ltd,0.124,8,$95.83,5.02,$117.75,$77.05,52.82,$199.30
TDW,Tidewater Inc.,0.124,3,$66.63,9.95,$95.36,$46.65,104.42,$95.75
ZS,Zscaler Inc.,0.124,1,,10.18,$176.30,$114.63,53.80,$336.99
NOW,ServiceNow Inc.,0.123,6,$99.28,4.59,$129.82,$81.24,59.80,$194.73
CI,Cigna Group,0.122,7,$275.68,2.67,$275.07,$235.50,16.80,$310.19
EFX,Equifax Inc.,0.121,9,$158.73,2.27,$193.96,$150.75,28.66,$269.54
FDX,FedEx Corp.,0.120,7,$313.13,3.18,$329.16,$173.85,89.34,$344.07
APD,Air Products & Chemicals,0.118,7,$293.18,3.96,$300.18,$224.64,33.63,$314.87
CSGP,CoStar Group Inc.,0.118,4,$28.32,6.49,$32.32,$25.89,24.84,$91.89
EWBC,East West Bancorp,0.118,1,,9.68,$130.67,$90.34,44.64,$137.47
URI,United Rentals,0.116,6,$1132.89,5.14,$1103.99,$698.94,57.95,$1177.15
ABNB,Airbnb Inc.,0.116,5,$143.10,3.59,$185.73,$110.81,67.61,$189.20
RYAN,Ryan Specialty Holdings Inc,0.116,2,$37.76,9.09,$43.15,$29.07,48.43,$59.58
MRK,Merck & Co.,0.115,10,$128.49,4.43,$150.99,$75.81,99.17,$153.50
MRSH,Marsh,0.115,6,$166.67,3.98,$190.81,$155.72,22.53,$209.50
TECH,Bio-Techne Corp.,0.115,5,$70.65,3.68,$72.38,$43.12,67.86,$72.62
ACHC,Acadia Healthcare Co.,0.114,2,$29.53,6.00,$27.01,$11.43,136.31,$35.83
EVH,Evolent Health Inc.,0.114,1,,9.34,$4.69,$2.10,123.33,$10.08
IDXX,IDEXX Laboratories,0.110,6,$526.44,3.93,$545.16,$518.55,5.13,$769.98
GPC,Genuine Parts,0.110,6,$117.98,6.13,$131.99,$89.80,46.98,$148.58
VTRS,Viatris Inc.,0.110,3,$15.88,5.13,$16.13,$9.17,75.90,$18.39
REGN,Regeneron Pharmaceuticals,0.110,3,$623.54,4.95,$834.45,$538.24,55.03,$844.92
NU,Nu Holdings Ltd,0.108,5,$13.36,4.29,$14.31,$11.20,27.77,$18.98
NBR,Nabors Industries Ltd.,0.108,1,,8.85,$90.03,$31.22,188.37,$112.90
FRPT,Freshpet Inc.,0.108,1,,8.87,$74.37,$46.45,60.11,$86.00
ZBH,Zimmer Biomet Holdings,0.107,7,$86.09,3.36,$100.03,$78.91,26.76,$107.16
DECK,Deckers Outdoor,0.107,2,$99.29,7.52,$88.38,$78.91,12.00,$125.45
LIN,Linde plc,0.106,7,$518.94,4.94,$480.21,$385.26,24.65,$548.20
CFRHF,Compagnie Financiere Richemont SA,0.106,1,,8.67,$231.00,$162.03,42.57,$254.24
MELI,Mercadolibre Inc.,0.105,7,$1697.39,5.10,$1913.62,$1495.00,28.00,$2548.50
WTW,Willis Towers Watson plc,0.105,5,$261.37,3.44,$340.98,$239.74,42.23,$349.37
SYF,Synchrony Financial,0.105,3,$76.05,7.84,$77.56,$62.56,23.98,$87.67
DCH,Dauch Corp.,0.105,3,$5.42,3.97,$6.37,$4.92,29.47,$9.25
CVX,Chevron Corp.,0.104,11,$165.76,4.67,$206.77,$142.51,45.09,$210.92
WEN,Wendy's Co.,0.104,4,$8.29,5.97,$8.72,$6.07,43.66,$10.02
DVN,Devon Energy Corp.,0.103,5,$41.32,4.49,$49.21,$30.89,59.31,$52.34
TFX,Teleflex,0.103,3,$126.76,4.91,$135.47,$99.39,36.30,$144.64
CGNX,Cognex Corp.,0.103,2,$72.42,7.60,$59.78,$34.50,73.28,$72.88
CPRT,Copart Inc.,0.102,6,$28.19,4.41,$34.27,$26.81,27.83,$50.11
AMD,Advanced Micro Devices,0.101,6,$580.91,5.12,$462.49,$149.22,209.94,$584.73
FCNCA,First Citizens Bancshares,0.101,3,$2080.78,5.32,$2157.64,$1618.56,33.31,$2296.30
VST,Vistra Corp.,0.101,3,$158.63,4.70,$139.35,$132.47,5.19,$218.91
CNX,CNX Resources Corp.,0.101,1,,8.25,$35.98,$28.08,28.13,$43.62
UPS,United Parcel Service,0.100,7,$107.50,2.95,$102.90,$76.95,33.72,$116.86
MDT,Medtronic plc,0.100,7,$78.23,2.76,$92.80,$72.65,27.74,$103.76
BCC,Boise Cascade Company,0.100,3,$77.63,7.47,$81.60,$64.57,26.37,$91.43
ABM,ABM Industries,0.099,5,$44.24,7.10,$47.44,$36.45,30.15,$49.80
ORLY,O'Reilly Automotive,0.099,4,$92.09,3.90,$88.65,$82.59,7.34,$108.72
CNQ,Canadian Natural Resources,0.098,3,$39.50,8.04,$50.89,$28.11,81.04,$51.03
ABG,Asbury Automotive Group Inc.,0.098,2,$201.08,7.91,$213.19,$172.01,23.94,$263.38
CR,Crane Co,0.097,2,$223.07,7.82,$207.44,$159.36,30.17,$230.50
EWY,iShares MSCI South Korea ETF,0.097,2,$201.90,6.55,$176.92,$69.37,155.04,$220.89
BMY,Bristol-Myers Squibb,0.096,8,$57.62,2.88,$66.29,$41.13,61.17,$68.64
MGM,MGM Resorts International,0.096,4,$47.81,4.91,$43.05,$29.19,47.48,$51.59
MLM,Martin Marietta,0.096,3,$576.70,4.56,$526.47,$522.19,0.82,$709.08
GPN,Global Payments Inc.,0.095,4,$72.56,2.49,$91.83,$60.93,50.71,$95.58
APG,APi Group Corp.,0.094,3,$42.35,5.00,$42.09,$33.40,26.02,$49.99
AEM,Agnico-Eagle Mines Ltd.,0.094,3,$155.15,6.22,$209.95,$129.94,61.57,$254.61
URBN,Urban Outfitters Inc.,0.094,1,,7.72,$72.27,$59.54,21.38,$84.35
AU,AngloGold Ashanti Ltd.,0.093,3,$80.90,6.81,$114.48,$49.33,132.07,$125.48
NOMD,Nomad Foods Ltd,0.093,1,,7.61,$11.68,$8.86,31.83,$14.98
HKHHF,Heineken Holding NV,0.093,1,,7.61,$77.05,$64.00,20.39,$84.80
AVTR,Avantor Inc.,0.091,5,$9.90,2.82,$14.33,$7.27,97.11,$15.93
KLAC,KLA Corp.,0.091,3,$301.71,5.78,$185.09,$82.78,123.59,$307.03
MAR,Marriott Int'l.,0.090,4,$370.59,7.02,$357.07,$255.16,39.94,$410.98
MEDP,Medpace Holdings Inc.,0.090,4,$529.59,4.52,$619.90,$373.00,66.19,$677.90
HUT,Hut 8 Corp,0.090,2,$115.44,4.07,$87.06,$20.69,320.78,$140.80
HUM,Humana Inc.,0.090,2,$397.22,5.13,$381.63,$161.90,135.72,$428.88
GTX,Garrett Motion Inc.,0.090,2,$36.23,7.28,$26.38,$12.13,117.48,$36.25
ARES,Ares Management LP,0.090,2,$111.31,6.45,$141.40,$93.57,51.12,$181.32
GWRE,Guidewire Software Inc.,0.089,1,,7.27,$182.05,$102.30,77.96,$272.60
BNY,Bank of New York Mellon Corp.,0.088,10,$144.61,2.24,$159.16,$97.96,62.47,$165.69
KMX,CarMax Inc.,0.088,5,$52.89,3.50,$61.36,$30.26,102.78,$62.56
ECL,Ecolab Inc.,0.088,4,$278.61,4.22,$280.77,$242.49,15.79,$307.61
Q,Qnity Electronics Inc.,0.088,3,$163.31,7.23,$131.13,$72.67,80.45,$177.28
SHOP,Shopify Inc.,0.088,3,$114.18,4.50,$146.41,$94.00,55.76,$182.19
BL,BlackLine Inc.,0.088,1,,7.19,$31.71,$24.70,28.38,$59.57
YNDX,Yandex N.V.,0.088,1,,7.19,$20.00,$14.09,41.94,$20.36
DLTR,Dollar Tree Inc.,0.088,1,,7.25,$128.44,$84.71,51.62,$142.40
GNRC,Generac Holdings Inc.,0.087,6,$292.81,2.91,$206.18,$134.80,52.95,$296.44
JEF,Jefferies Financial Group Inc.,0.087,4,$49.98,3.44,$52.09,$35.00,48.83,$68.96
FLR,Fluor Corp.,0.087,2,$52.39,6.24,$52.45,$39.33,33.36,$57.93
RUSHA,Rush Enterprises Inc.,0.087,2,$72.98,7.03,$76.88,$45.26,69.86,$83.61
STX,Seagate Technology,0.086,3,$965.00,5.90,$850.65,$151.25,462.41,$1144.18
ALLY,Ally Financial Inc.,0.085,4,$45.95,4.78,$42.70,$35.43,20.52,$46.96
CEG,Constellation Energy Corp.,0.085,2,$248.37,3.97,$272.06,$228.28,19.18,$410.41
TOST,Toast Inc.,0.085,2,$27.82,6.98,$35.28,$22.26,58.49,$45.64
GDS,GDS Holdings Ltd,0.085,2,$30.03,4.92,$33.00,$26.97,22.36,$48.61
RTX,RTX Corp.,0.084,7,$189.73,3.49,$214.00,$148.41,44.20,$226.41
ABT,Abbott Labs,0.084,7,$90.74,3.98,$114.65,$81.39,40.86,$134.38
PFGC,Performance Food Group,0.084,4,$111.79,4.00,$104.13,$80.82,28.84,$117.48
QXO,Qxo Inc,0.084,3,$17.28,4.10,$13.34,$13.18,1.21,$27.61
MGA,Magna International Inc.,0.084,3,$91.94,6.54,$70.04,$41.73,67.84,$71.99
CTSH,Cognizant Technology Solutions,0.083,6,$38.73,3.02,$61.03,$36.86,65.57,$85.48
GTN,Gray Television Inc.,0.083,1,,6.80,$4.87,$3.55,37.18,$6.30
KEYS,Keysight Technologies Inc.,0.082,5,$350.07,4.48,$313.90,$152.85,105.36,$374.96
APO,Apollo Global Management,0.082,3,$118.31,4.46,$131.45,$98.73,33.14,$151.39
JLL,Jones Lang Lasalle Inc.,0.081,5,$309.95,3.28,$388.86,$259.83,49.66,$393.84
INDV,Indivior Pharmaceuticals Inc.,0.081,1,,6.65,$37.90,$27.68,36.92,$42.81
CRS,Carpenter Technology,0.080,3,$616.84,3.63,$487.37,$227.57,114.16,$625.99
CSCO,Cisco Systems,0.079,7,$117.46,5.40,$109.33,$64.79,68.75,$129.88
GSK,GSK plc,0.079,6,$52.42,3.51,$52.21,$37.31,39.94,$60.12
IQV,IQVIA Holdings Inc.,0.079,4,$193.22,3.13,$258.87,$154.50,67.55,$259.73
BIIB,Biogen Inc.,0.079,3,$216.06,3.75,$216.52,$131.52,64.63,$222.15
TEVA,Teva Pharmaceutical Industries Ltd.,0.079,2,$33.88,3.97,$36.92,$17.33,113.04,$37.83
RHI,Robert Half International,0.079,2,$30.70,5.93,$44.07,$21.36,106.32,$45.32
EBAY,eBay Inc.,0.079,2,$111.75,4.74,$105.09,$77.56,35.50,$118.98
ADBE,Adobe Inc.,0.078,10,$205.01,2.57,$272.42,$190.12,43.29,$370.86
MANU,Manchester United plc,0.078,3,$22.93,2.41,$23.77,$14.59,62.92,$24.45
COP,ConocoPhillips,0.077,7,$103.96,2.10,$134.07,$82.95,61.63,$135.42
CME,CME Group,0.077,7,$220.83,2.52,$272.85,$218.31,24.98,$319.84
HTHT,H World Group Ltd ADR,0.077,3,$41.72,5.59,$49.58,$31.77,56.06,$55.19
ZTS,Zoetis Inc.,0.076,5,$71.86,3.03,$75.61,$70.98,6.52,$157.46
BP,BP plc,0.076,4,$36.95,3.65,$45.15,$31.12,45.08,$47.14
AMGN,Amgen,0.076,4,$362.12,3.21,$434.02,$264.02,64.39,$443.20
MCK,McKesson Corp.,0.076,2,$755.61,5.95,$850.27,$670.65,26.78,$997.90
VEEV,Veeva Systems Inc.,0.075,6,$177.47,1.93,$252.03,$148.05,70.23,$310.50
JCI,Johnson Controls Intl. plc,0.075,4,$146.11,4.27,$144.16,$102.33,40.88,$157.06
NSRGY,Nestle,0.075,1,,6.11,$97.22,$84.97,14.42,$107.17
AN,AutoNation Inc.,0.075,1,,6.17,$200.44,$176.62,13.49,$235.81
MSCI,MSCI Inc.,0.074,6,$560.04,3.24,$566.88,$495.54,14.40,$642.47
MDLZ,Mondelez International,0.074,4,$57.84,5.64,$64.30,$50.34,27.73,$66.65
OLN,Olin Corp.,0.074,4,$19.82,4.83,$18.56,$17.73,4.68,$30.25
NYT,New York Times CL A,0.074,3,$69.98,4.55,$65.09,$53.65,21.32,$86.83
MTZ,MasTec Inc.,0.074,2,$416.06,3.42,$269.66,$167.66,60.84,$441.43
ACI,Albertsons Co Inc.,0.074,1,,6.09,$11.95,$10.86,10.04,$19.18
DAL,Delta Air Lines Inc.,0.073,5,$93.66,2.16,$81.19,$54.60,48.70,$95.44
SBUX,Starbucks Corp.,0.073,5,$102.19,3.13,$103.33,$76.05,35.87,$109.88
FTV,Fortive Corp.,0.073,4,$61.09,3.47,$59.29,$46.33,27.97,$64.56
BRZE,Braze Inc A,0.073,2,$21.69,5.99,$31.03,$15.26,103.34,$37.33
VAL,Valaris plc,0.073,1,,5.99,$88.56,$43.93,101.59,$114.12
Z,Zillow Group Inc.,0.072,1,,5.89,$35.67,$29.23,22.03,$93.88
ENTG,Entegris Inc.,0.071,6,$179.86,2.70,$143.45,$67.81,111.55,$186.78
WCC,WESCO International Inc.,0.071,5,$345.38,4.23,$338.66,$202.38,67.34,$385.37
RYAAY,Ryanair Holdings PLC,0.071,3,$64.75,5.59,$54.48,$53.14,2.52,$73.75
HOG,Harley-Davidson,0.071,2,$24.46,5.79,$27.53,$16.96,62.32,$30.44
PLGO,Pelagos Insurance Capital,0.071,1,,5.84,$23.84,$16.25,46.71,$26.34
SPUU,Dir Dai S&P 500 Bu 2x ETF Us,0.071,1,,5.81,$224.51,$154.62,45.20,$232.39
XOM,ExxonMobil Holdings Corp.,0.070,10,$136.72,3.65,$167.03,$104.65,59.61,$174.09
FNF,Fidelity National Financial Inc.,0.070,3,$47.16,3.54,$47.90,$42.32,13.19,$57.15
FIVE,Five Below Inc.,0.070,2,$179.79,3.62,$236.02,$136.23,73.25,$251.63
XYZ,Block Inc.,0.070,2,$76.00,4.26,$79.81,$48.21,65.55,$86.75
OGN,Organon & Co.,0.070,1,,5.72,$13.74,$5.67,142.33,$13.74
NVST,Envista Holdings Corp.,0.069,5,$26.35,2.87,$26.95,$18.77,43.58,$30.42
MCHP,Microchip Technology,0.069,4,$91.20,5.37,$76.31,$47.57,60.42,$105.38
NOV,Nov Inc.,0.069,4,$18.55,1.98,$20.24,$11.80,71.53,$21.67
MSA,MSA Safety Inc.,0.069,3,$174.58,4.68,$189.31,$149.32,26.78,$207.14
DELL,Dell Technologies Inc.,0.069,3,$431.46,5.68,$433.91,$109.70,295.54,$514.00
ODFL,Old Dominion Freight Line,0.069,3,$216.60,4.93,$204.46,$125.43,63.01,$252.03
UAN,CVR Partners LP,0.069,1,,5.62,$124.54,$74.15,67.96,$128.59
GLD,SPDR Gold Trust,0.068,6,$1290.12,2.35,$414.17,$306.43,35.16,$509.70
WAB,WABTEC Corp.,0.068,3,$269.60,4.93,$292.90,$183.40,59.71,$306.32
MRP,Millrose Properties,0.068,2,$30.05,3.95,$30.57,$25.60,19.41,$32.54
BLMN,Bloomin Brands Inc.,0.068,1,,5.59,$10.39,$5.19,100.19,$12.63
CCC,CCC Intelligent Solutions Hldgs Inc.,0.067,2,$5.16,3.02,$7.49,$4.08,83.58,$10.14
UBS,UBS AG,0.066,4,$44.91,2.66,$53.29,$35.38,50.62,$55.15
RGLD,Royal Gold Inc.,0.066,2,$199.61,5.09,$251.84,$165.85,51.85,$304.97
LYB,LyondellBasell Industries,0.065,3,$52.65,2.87,$68.54,$39.52,73.43,$83.07
CLF,Cleveland-Cliffs Inc.,0.065,2,$9.39,5.30,$10.59,$7.73,37.00,$16.70
CRGY,Crescent Energy Inc A,0.065,2,$9.82,4.86,$13.51,$7.46,81.10,$14.02
PHYS,Sprott Physical Gold Trust,0.065,2,$30.17,5.29,$34.19,$25.55,33.82,$42.07
MBI,MBIA Inc.,0.065,2,$6.52,4.34,$4.80,$4.73,1.48,$8.26
OZK,Bank OZK,0.065,2,$52.09,3.22,$49.39,$41.16,20.00,$53.18
PRI,Primerica Inc.,0.065,1,,5.36,$299.60,$228.06,31.37,$327.28
NSC,Norfolk Southern Corp.,0.064,4,$314.59,4.13,$350.73,$263.58,33.06,$357.18
TTMI,TTM Technologies Inc.,0.064,4,$187.02,3.13,$114.12,$39.20,191.12,$223.83
FANG,Diamondback Energy Inc.,0.064,2,$175.78,3.02,$209.45,$131.14,59.71,$215.08
SGU,Star Gas Partners LP,0.064,1,,5.26,$12.55,$10.70,17.29,$13.33
CTRI,Centuri Holdings Inc,0.064,1,,5.25,$21.91,$19.04,15.07,$42.99
TRUP,Trupanion Inc.,0.064,1,,5.28,$30.71,$21.16,45.13,$48.48
SAP,SAP SE,0.063,7,$154.11,2.96,$216.75,$144.97,49.51,$276.56
BIO,Bio-Rad Laboratories Inc.,0.063,3,$293.61,2.39,$377.39,$236.73,59.42,$377.39
NXPI,NXP Semiconductors NV,0.063,3,$281.03,2.48,$223.96,$180.63,23.99,$338.80
UA,Under Armour CL C,0.063,1,,5.18,$5.08,$3.95,28.61,$7.91
BF.B,Brown-Forman Corp.,0.062,5,$26.65,3.33,$28.34,$22.41,26.46,$31.11
LPLA,LPL Financial Holdings Inc.,0.062,4,$281.68,2.10,$355.21,$259.94,36.65,$399.03
TLN,Talen Energy Corp,0.062,3,$384.26,3.37,$314.70,$301.45,4.40,$451.28
PLD,Prologis Inc.,0.062,3,$135.47,2.70,$141.44,$104.46,35.40,$153.35
MIR,Mirion Technologies Inc,0.062,2,$17.93,4.24,$15.28,$14.11,8.29,$30.28
VGNT,Versigent Plc,0.062,2,$42.01,2.64,$46.86,$26.34,77.90,$50.89
AAL,American Airlines Group Inc.,0.062,2,$18.07,3.31,$13.55,$10.09,34.29,$18.79
LNC,Lincoln National,0.062,2,$35.35,5.04,$42.59,$31.40,35.64,$47.67
QUAD,Quad/Graphics Inc.,0.062,1,,5.06,$10.17,$4.93,106.29,$11.03
PTLO,Portillo's Inc Cl A,0.062,1,,5.05,$4.77,$3.78,26.19,$7.36
GPGI,GPGI Inc.,0.062,1,,5.09,$13.05,$11.22,16.31,$26.77
LKQ,LKQ Corp.,0.060,4,$26.33,2.86,$25.74,$21.17,21.59,$36.34
XPO,XPO Logistics,0.060,4,$205.29,4.84,$197.43,$121.48,62.52,$232.05
MHK,Mohawk Industries,0.060,3,$121.33,2.37,$133.88,$92.99,43.97,$143.13
MET,MetLife Inc.,0.060,2,$84.61,2.76,$94.67,$66.41,42.55,$100.93
VZ,Verizon Communications,0.059,7,$42.34,1.76,$49.36,$36.55,35.05,$50.06
MS,Morgan Stanley,0.059,5,$209.04,3.54,$210.11,$137.90,52.36,$230.98
NEE,NextEra Energy Inc.,0.059,4,$87.77,3.10,$85.18,$67.81,25.62,$98.03
LEA,Lear Corp.,0.059,3,$134.06,2.61,$125.15,$94.25,32.79,$150.00
OKE,ONEOK Inc.,0.059,2,$86.94,3.08,$94.97,$61.67,54.00,$97.90
AME,Ametek Inc.,0.059,2,$241.94,4.87,$240.25,$178.41,34.66,$261.16
DJCO,Daily Journal Corp.,0.059,1,,4.80,$612.87,$348.63,75.79,$674.75
GS,Goldman Sachs Group,0.058,5,$1011.37,2.77,$1006.60,$691.63,45.54,$1153.99
BRCC,BRC Inc.,0.058,1,,4.79,$0.80,$0.60,33.33,$1.86
MP,MP Materials Corp.,0.058,1,,4.74,$53.75,$37.81,42.16,$100.25
MNDY,monday.com Ltd.,0.058,1,,4.77,$91.01,$57.50,58.28,$220.80
LFUS,Littelfuse Inc.,0.057,7,$455.33,2.52,$412.45,$231.99,77.79,$500.57
ARW,Arrow Electronics,0.057,4,$213.41,4.35,$206.31,$101.79,102.68,$237.33
AVT,Avnet Inc.,0.057,3,$88.82,3.87,$87.48,$43.52,101.01,$100.00
CHD,Church & Dwight,0.057,2,$96.88,4.58,$98.12,$80.29,22.21,$105.37
ALAB,Astera Labs Inc,0.057,1,,4.65,$288.26,$97.89,194.47,$499.48
CNR,Core Natural Resources Inc.,0.057,1,,4.67,$93.29,$68.44,36.31,$114.68
PNC,PNC Financial Services,0.056,5,$246.22,3.78,$244.94,$172.82,41.73,$258.96
BHF,Brighthouse Financial Inc.,0.056,1,,4.60,$53.09,$42.07,26.19,$66.80
GLW,Corning Inc.,0.055,4,$255.43,4.26,$151.04,$62.68,140.97,$271.78
YUMC,Yum China Holdings Inc.,0.055,3,$40.87,4.25,$48.77,$40.15,21.47,$57.69
OC,Owens Corning,0.055,3,$158.94,2.86,$147.05,$95.63,53.77,$159.88
SEG,Seaport Entertainment Group,0.055,2,$26.60,3.86,$26.87,$17.74,51.47,$29.61
BGC,BGC Group Inc.,0.055,1,,4.48,$10.97,$8.20,33.78,$12.86
CNDT,Conduent Inc.,0.055,1,,4.48,$1.58,$1.15,37.39,$2.98
B,Barrick Mining Corp.,0.054,5,$36.73,3.12,$46.25,$23.65,95.56,$54.01
BX,Blackstone Group,0.054,4,$117.67,3.30,$142.75,$99.78,43.06,$182.67
AMRZ,Amrize Ltd,0.054,3,$53.30,2.13,$45.02,$44.30,1.63,$65.13
KGC,Kinross Gold Corp.,0.054,3,$23.62,4.14,$31.21,$18.64,67.44,$39.01
LLYVK,Liberty Media Corp. Series C Live,0.054,2,$105.64,4.07,$105.67,$78.68,34.30,$109.75
FAST,Fastenal,0.054,2,$48.03,2.72,$50.60,$38.34,31.98,$52.92
TER,Teradyne Inc.,0.054,2,$483.84,4.42,$379.22,$106.03,257.65,$487.91
NMIH,NMI Holdings,0.054,2,$41.09,4.39,$45.59,$34.84,30.86,$46.74
MAVF,Matrix Advisors Value ETF,0.054,1,,4.41,$141.00,$111.01,27.02,$142.84
OMC,Omnicom Group,0.053,4,$72.83,2.53,$87.02,$64.98,33.92,$88.55
TJX,TJX Companies Inc.,0.053,3,$151.50,2.52,$141.15,$133.12,6.03,$169.47
TMHC-OLD,Taylor Morrison Home Corp.,0.053,3,$71.74,3.30,$72.46,$54.15,33.81,$72.50
TDAY,Gannett Co.,0.053,2,$8.55,2.83,$6.50,$3.42,90.06,$9.21
SYY,Sysco Corp.,0.052,5,$83.44,1.81,$83.87,$67.23,24.75,$90.56
MPLX,MPLX LP,0.052,2,$56.33,3.90,$58.84,$44.22,33.06,$60.16
MSGE,Madison Square Garden Entertainment Corp.,0.052,1,,4.28,$80.88,$36.67,120.56,$90.41
VNOM,Viper Energy Inc.,0.052,1,,4.25,$44.68,$33.67,32.70,$49.62
MCD,McDonald's Corp.,0.051,7,$270.31,2.18,$269.57,$260.96,3.30,$337.56
RMNI,Rimini Street Inc.,0.051,2,$4.26,4.15,$5.10,$2.87,77.70,$5.18
OSW,OneSpaWorld Holdings Ltd,0.051,1,,4.19,$26.10,$18.94,37.80,$29.19
DEO,Diageo ADR,0.050,8,$80.38,1.60,$94.13,$71.73,31.23,$112.30
NKE,NIKE Inc.,0.050,7,$41.05,2.32,$40.37,$38.86,3.89,$78.02
ABBV,AbbVie Inc.,0.050,7,$251.64,3.09,$264.75,$189.40,39.78,$267.47
REZI,Resideo Technologies Inc.,0.050,5,$31.10,1.90,$19.96,$18.88,5.72,$32.01
PPG,PPG Industries,0.050,3,$121.29,2.78,$112.94,$91.35,23.63,$130.99
KDP,Keurig Dr Pepper Inc.,0.050,2,$32.73,4.04,$31.64,$24.43,29.51,$34.76
CRL,Charles River Labs,0.050,2,$226.79,3.41,$295.98,$144.26,105.17,$297.80
FTNT,Fortinet Inc.,0.050,1,,4.09,$150.59,$73.55,104.75,$172.09
NTRA,Natera Inc.,0.049,4,$271.45,3.32,$328.99,$156.71,109.94,$331.41
CRBG,Corebridge Financial Inc.,0.049,3,$28.63,2.84,$32.09,$21.90,46.53,$34.81
LBTYA,Liberty Global Ltd CL A,0.049,3,$11.37,2.57,$10.65,$9.43,12.94,$13.52
IEX,IDEX Corp.,0.049,2,$226.95,3.97,$234.63,$155.87,50.53,$243.80
CHTR,Charter Communications,0.048,6,$142.21,1.95,$148.05,$111.55,32.72,$285.82
FN,Fabrinet,0.047,4,$562.08,3.30,$443.01,$272.49,62.58,$748.89
SEB,Seaboard Corp.,0.047,2,$4464.28,3.80,$4401.75,$3133.55,40.47,$5983.34
LUV,Southwest Airlines,0.047,2,$51.42,3.87,$40.30,$28.88,39.54,$54.63
LUMN,Lumen Technologies Inc.,0.047,1,,3.87,$6.00,$4.27,40.52,$11.95
MAIR,Madison Air Solutions Corp A,0.047,1,,3.87,$26.17,$26.17,0.00,$44.50
WDAY,Workday Inc.,0.046,4,$122.42,1.81,$197.26,$110.36,78.74,$249.85
CNC,Centene Corp.,0.046,3,$64.19,2.71,$64.39,$28.24,128.01,$69.36
WULF,Terawulf Inc,0.046,2,$24.70,3.65,$15.76,$8.60,83.26,$29.84
DKS,Dick's Sporting Goods Inc.,0.046,2,$226.81,3.02,$179.82,$178.08,0.98,$244.38
CNA,CNA Financial Corp.,0.046,1,,3.77,$49.99,$40.34,23.92,$55.19
CG,Carlyle Group,0.045,4,$42.11,1.91,$48.60,$39.32,23.60,$67.95
NVT,nVent Electric plc,0.045,3,$169.61,3.19,$154.51,$85.15,81.46,$184.40
SDHC,Smith Douglas Homes Corp,0.045,3,$15.54,3.67,$12.72,$10.72,18.66,$23.49
NVR,NVR Inc.,0.045,3,$6813.41,3.03,$6313.90,$5501.01,14.78,$8618.28
FLEX,Flex Ltd.,0.045,3,$162.07,3.66,$110.45,$47.83,130.92,$166.86
STLA,Stellantis N.V.,0.045,2,$5.74,3.69,$5.28,$5.05,4.55,$12.22
TWLO,Twilio Inc.,0.045,2,$206.33,3.70,$220.80,$98.44,124.30,$258.35
DD,DuPont de Nemours Inc.,0.045,2,$135.65,3.71,$139.54,$86.64,61.06,$156.73
NRP,Natural Resource Partners,0.045,1,,3.69,$104.82,$94.82,10.55,$126.18
HSY,Hershey Co.,0.044,5,$175.44,2.08,$189.16,$156.70,20.71,$235.80
COHR,Coherent Corp.,0.044,4,$394.47,3.50,$284.39,$84.35,237.15,$440.00
ILMN,Illumina Inc.,0.044,2,$175.83,2.02,$214.24,$88.00,143.45,$217.96
USFD,US Foods Holding Corp.,0.044,2,$102.25,3.07,$108.29,$69.88,54.97,$111.42
SSNC,SS&C Technologies Holdings Inc.,0.044,2,$62.05,2.01,$82.60,$61.40,34.53,$89.82
PGEN,Precigen Inc.,0.044,1,,3.61,$7.28,$2.94,147.62,$7.32
ERFSF,Eurofins Scientific SE,0.044,1,,3.60,$81.61,$64.33,26.86,$85.34
PSX,Phillips 66,0.043,6,$169.05,2.96,$242.73,$118.61,104.65,$246.54
LBRDK-OLD,Liberty Broadband Corp. CL C,0.043,4,$33.26,1.94,$35.99,$26.25,37.10,$65.73
CORZ,Core Scientific Inc,0.043,3,$25.59,3.38,$18.28,$13.14,39.12,$30.46
AERO,Grupo Aeromexico Sab De Cv,0.043,2,$18.00,1.89,$13.35,$12.26,8.89,$23.05
BFH,Bread Financial Holdings Inc.,0.043,2,$108.35,3.40,$105.70,$53.34,98.16,$114.53
AFRM,Affirm Holdings Inc.,0.043,2,$81.55,3.51,$75.03,$42.10,78.22,$100.00
SA,Seabridge Gold Inc.,0.043,1,,3.52,$33.10,$15.98,107.13,$40.06
ROIV,Roivant Sciences Ltd,0.042,4,$35.39,1.95,$36.92,$11.54,219.93,$37.97
MSGS,Madison Square Garden Sports Corp.,0.042,4,$401.84,2.64,$400.20,$193.87,106.43,$438.93
AMG,Affiliated Managers Group,0.042,3,$338.40,3.37,$354.94,$214.97,65.11,$392.91
TAP,Molson Coors Beverage Co.,0.042,3,$38.94,2.94,$42.51,$38.04,11.75,$53.62
CHYM,Chime Financial Inc Cl A,0.042,3,$20.48,2.78,$32.49,$15.88,104.60,$33.41
FOX,Fox Corporation CL B,0.042,2,$46.84,3.27,$60.88,$44.08,38.11,$67.81
NRG,NRG Energy Inc.,0.042,1,,3.44,$116.71,$112.50,3.74,$188.71
ALV,Autoliv Inc.,0.041,2,$116.17,3.37,$120.97,$98.41,22.92,$132.17
INCY,Incyte Corp.,0.041,2,$113.36,2.64,$128.23,$81.09,58.13,$132.60
GFL,Gfl Environmental Inc Sub Vt,0.041,1,,3.39,$40.85,$33.32,22.60,$51.32
CPT,Camden Property Trust,0.040,3,$114.49,1.76,$108.63,$94.30,15.20,$119.81
WSC,WillScot Mobile Mini Hldgs Corp.,0.040,2,$28.86,3.28,$22.07,$14.77,49.42,$29.77
PENN,Penn National Gaming Inc.,0.040,2,$21.36,3.20,$18.61,$11.65,59.74,$22.36
UAL,United Airlines Holdings Inc.,0.040,2,$135.99,3.31,$111.62,$84.64,31.88,$138.77
SSD,Simpson Manufacturing,0.040,2,$209.35,3.09,$187.88,$155.55,20.78,$213.18
STZ,Constellation Brands,0.039,4,$139.09,1.58,$134.63,$123.82,8.73,$166.17
RS,Reliance Steel & Aluminum,0.039,2,$373.60,3.23,$381.29,$256.46,48.67,$432.62
CE,Celanese Corp.,0.039,2,$46.00,2.82,$47.10,$35.07,34.30,$70.65
IDT,IDT Corp. CL B,0.039,1,,3.23,$67.59,$45.54,48.42,$68.82
SWKS,Skyworks Solutions Inc.,0.039,1,,3.18,$69.09,$51.48,34.21,$88.05
STT,State Street Corp.,0.038,5,$169.60,1.93,$185.33,$102.75,80.37,$195.18
NVO,Novo Nordisk A S,0.038,4,$47.94,1.05,$46.29,$34.20,35.35,$61.21
IBP,Installed Building Products,0.038,2,$229.84,3.07,$244.91,$192.75,27.06,$345.54
PCG,PG&E Corp.,0.038,2,$16.82,2.85,$18.30,$14.15,29.33,$19.04
EW,Edwards Lifesciences Corp.,0.038,2,$90.46,3.09,$90.08,$72.30,24.59,$96.29
FPH,Five Point Holdings LLC,0.038,1,,3.11,$5.15,$4.60,11.96,$6.64
STRL,Sterling Construction Co. Inc.,0.038,1,,3.13,$518.81,$263.45,96.93,$1005.68
LMT,Lockheed Martin Corp.,0.037,5,$509.46,1.38,$573.60,$428.58,33.84,$687.50
LH,Labcorp Holdings Inc.,0.037,3,$280.00,1.92,$332.78,$242.59,37.18,$337.26
AEP,American Electric Power,0.037,3,$136.81,1.72,$126.27,$102.52,23.17,$139.52
FNV,Franco Nevada Corp.,0.037,2,$208.45,1.84,$255.84,$172.53,48.29,$284.60
FMX,Fomento Economico Mexicano,0.037,2,$127.90,2.78,$119.25,$77.32,54.23,$141.47
ALGN,Align Technology Inc.,0.037,1,,3.07,$157.84,$122.00,29.38,$200.44
RBLX,Roblox Corp.,0.037,1,,3.04,$38.50,$33.88,13.64,$142.00
MICC,Magnum Ice Cream Co NV,0.036,7,$16.98,0.91,$19.83,$12.94,53.25,$20.11
CARR,Carrier Global Corp.,0.036,4,$73.35,1.74,$60.37,$49.67,21.54,$76.49
ONON,On Holding AG,0.036,4,$35.42,2.88,$29.71,$29.71,0.00,$51.08
SNOW,Snowflake Inc.,0.036,3,$254.50,2.25,$321.53,$118.30,171.79,$341.95
EL,Estee Lauder Cos.,0.036,3,$78.94,2.87,$97.41,$65.96,47.68,$120.79
YUM,Yum! Brands Inc.,0.036,3,$159.86,2.01,$148.71,$135.39,9.84,$170.14
SPHR,Sphere Entertainment Co.,0.036,2,$173.03,2.87,$158.79,$39.52,301.80,$181.63
AWI,Armstrong World Industries Inc.,0.036,2,$160.42,1.50,$178.33,$150.00,18.89,$204.82
CPAY,Corpay Inc.,0.036,1,,2.99,$414.88,$252.84,64.09,$425.95
TPG,Tpg Inc,0.036,1,,2.92,$52.32,$36.07,45.05,$67.83
WMT,Walmart Inc.,0.035,6,$113.26,2.76,$103.72,$94.85,9.35,$135.16
EMBJ,Embraer SA,0.035,3,$63.80,2.09,$75.43,$53.37,41.33,$80.46
BRO,Brown & Brown Inc.,0.035,3,$64.15,1.62,$72.44,$53.69,34.92,$97.36
TW,Tradeweb Markets Inc.,0.035,3,$99.66,1.63,$106.36,$91.42,16.34,$130.44
BF.A,Brown-Forman Corp. CL A,0.035,3,$27.36,2.22,$28.95,$22.81,26.92,$30.87
RGEN,Repligen Corp.,0.035,2,$136.44,2.44,$182.06,$100.99,80.28,$186.93
CDNS,Cadence Design Systems,0.035,2,$375.32,2.81,$312.43,$262.75,18.91,$416.69
TRGP,Targa Resources Corp.,0.035,2,$268.14,2.83,$301.33,$141.11,113.54,$305.08
UNF,UniFirst Corp.,0.035,2,$264.46,2.03,$288.56,$146.95,96.37,$306.67
ULS,Ul Solutions Inc Class A,0.035,1,,2.91,$75.37,$61.36,22.83,$107.38
PRVA,Privia Health Group Inc.,0.035,1,,2.91,$21.25,$19.53,8.81,$28.82
VOO,Vanguard S&P 500 ETF,0.034,6,$686.82,1.77,$702.10,$575.06,22.09,$716.39
CPB,Campbell's Co.,0.034,3,$22.27,2.60,$23.65,$19.23,22.98,$32.13
TCOM,Trip.com Group Ltd,0.034,3,$39.84,1.50,$46.45,$38.04,22.11,$78.99
BR,Broadridge Financial Solutions,0.034,2,$136.95,1.49,$177.49,$133.83,32.62,$260.02
WSO,Watsco Inc.,0.034,2,$416.73,1.90,$313.47,$300.66,4.26,$455.09
IMO,Imperial Oil Ltd.,0.034,2,$112.17,2.55,$137.06,$80.99,69.23,$138.75
MIDD,Middleby Corp.,0.034,1,,2.82,$112.23,$88.87,26.29,$148.55
CBRS,Cerebras Systems Inc A,0.034,1,,2.76,$208.34,$160.81,29.56,$386.34
CMPR,Cimpress plc,0.034,1,,2.77,$88.73,$56.34,57.49,$106.58
EFA,iShares MSCI EAFE ETF,0.033,5,$103.87,2.39,$107.27,$87.06,23.21,$108.89
WY,Weyerhaeuser Co.,0.033,4,$23.94,2.05,$24.92,$20.60,20.97,$27.28
LOW,Lowe's Cos.,0.033,3,$220.49,1.43,$215.88,$199.40,8.26,$289.87
WPM,Wheaton Precious Metals Corp.,0.033,2,$112.32,2.67,$149.39,$91.06,64.06,$165.25
GPK,Graphic Packaging Hldg Co.,0.033,1,,2.69,$11.58,$8.69,33.26,$22.69
KNSL,Kinsale Capital Group Inc.,0.033,1,,2.67,$383.25,$287.20,33.44,$484.06
FER,Ferrovial Se,0.033,1,,2.72,$63.37,$52.14,21.54,$74.07
CTO,CTO Realty Growth Inc.,0.033,1,,2.74,$22.02,$14.20,55.07,$22.71
ATS,Ats Corp,0.033,1,,2.67,$19.40,$19.14,1.36,$35.82
HCA,HCA Healthcare Inc.,0.032,5,$389.89,2.15,$406.35,$353.99,14.79,$554.58
BSX,Boston Scientific,0.032,5,$42.68,2.29,$50.03,$42.20,18.55,$109.50
VRSK,Verisk Analytics Inc.,0.032,5,$179.53,1.65,$188.25,$155.52,21.05,$273.70
CASY,Casey's Gen'l Stores,0.032,3,$794.80,1.98,$823.60,$488.30,68.67,$927.15
WMB,Williams Cos.,0.032,3,$74.34,2.57,$71.67,$54.36,31.84,$79.49
CSX,CSX Corp.,0.032,3,$47.53,2.15,$51.05,$31.48,62.17,$53.60
RDDT,Reddit Inc Cl A,0.032,2,$173.58,1.83,$145.87,$119.27,22.30,$282.95
CLH,Clean Harbors Inc.,0.032,2,$298.75,2.59,$324.00,$201.34,60.92,$335.94
VRTX,Vertex Pharmaceuticals,0.032,2,$496.73,1.51,$539.89,$374.17,44.29,$553.69
LII,Lennox International,0.032,1,,2.60,$406.28,$406.28,0.00,$609.34
GGG,Graco Inc.,0.032,1,,2.63,$81.92,$72.23,13.42,$94.99
ITUB,ita Unibanco Holding S.A.,0.032,1,,2.59,$7.19,$5.91,21.66,$9.47
MTN,Vail Resorts Inc.,0.031,4,$136.15,2.23,$150.93,$116.69,29.34,$160.49
LEN.B,Lennar Corp. CL B,0.031,4,$88.71,2.12,$84.41,$78.02,8.19,$134.56
MAS,Masco Corp.,0.031,3,$81.37,1.33,$73.85,$57.76,27.86,$83.64
TME,Tencent Music Entertainment Grp,0.031,3,$8.35,1.49,$8.88,$7.94,11.84,$26.00
BAP,Credicorp Ltd.,0.031,3,$389.58,1.08,$374.58,$230.45,62.54,$413.25
A,Agilent Technologies,0.031,2,$132.83,2.53,$157.03,$108.14,45.21,$159.31
TTWO,Take-Two Interactive Software,0.031,2,$249.98,1.89,$239.59,$187.63,27.69,$265.94
FIS,Fidelity National Information Services,0.031,2,$38.88,1.56,$40.66,$37.42,8.66,$69.65
JBS,Jbs Nv A,0.031,2,$11.85,2.54,$13.58,$11.45,18.60,$17.27
RLI,RLI Corp.,0.031,2,$59.07,1.48,$65.14,$45.27,43.89,$66.91
WFRD,Weatherford International plc,0.031,1,,2.51,$91.20,$54.96,65.94,$112.79
JELD,JELD-WEN Holding Inc.,0.031,1,,2.53,$2.07,$0.93,122.58,$6.98
RMD,ResMed Inc.,0.031,1,,2.54,$229.76,$180.27,27.45,$291.57
WHK,Whitehawk Minerals Corp Cl A,0.031,1,,2.56,$27.16,$25.34,7.18,$28.60
IBM,International Business Machines,0.030,5,$281.21,2.36,$235.03,$197.77,18.84,$330.09
CL,Colgate-Palmolive,0.030,5,$91.68,1.26,$90.22,$73.21,23.23,$98.15
FOUR,Shift4 Payments Inc. CL A,0.030,2,$48.64,2.09,$47.68,$34.56,37.96,$92.79
SDRL,Seadrill Ltd,0.030,2,$37.82,2.45,$47.72,$28.10,69.82,$55.47
TTC,Toro Co.,0.030,2,$97.42,2.39,$97.62,$66.72,46.31,$104.28
ZBRA,Zebra Technologies Corp.,0.030,2,$263.26,2.42,$362.21,$199.05,81.97,$386.23
PEG,Public Serv. Enterprise Inc.,0.030,2,$81.16,2.42,$74.96,$74.20,1.02,$86.18
LAZ,Lazard Inc.,0.030,2,$41.94,2.41,$43.63,$37.82,15.36,$57.45
PAYX,Paychex Inc.,0.030,2,$98.33,2.35,$123.09,$83.50,47.41,$135.23
TRIP,TripAdvisor Inc.,0.030,2,$13.71,1.62,$10.04,$9.01,11.43,$20.16
CHRW,C.H. Robinson Worldwide,0.030,2,$188.34,1.33,$144.58,$118.77,21.73,$210.33
BE,Bloom Energy Corp.,0.030,2,$302.69,2.36,$200.27,$40.56,393.76,$351.28
NWSA,News Corp.,0.030,2,$24.83,2.32,$29.47,$22.11,33.29,$31.48
NXT,Nextracker Inc Cl A,0.030,1,,2.49,$87.70,$63.87,37.31,$163.13
OCSL,Oaktree Specialty Lending Corp,0.030,1,,2.49,$13.07,$10.33,26.52,$13.25
ESRT,Empire State Realty Trust Inc.,0.030,1,,2.45,$4.83,$4.61,4.77,$7.90
DPC,Dpc Holdings Plc,0.029,4,$49.06,2.27,$45.32,$42.50,6.64,$57.25
CSL,Carlisle Companies,0.029,4,$362.75,1.62,$357.89,$290.64,23.14,$428.80
SUI,Sun Communities Inc.,0.029,3,$119.91,1.75,$122.13,$113.81,7.31,$135.36
BMRN,BioMarin Pharmaceutical Inc.,0.029,3,$57.22,1.24,$67.84,$49.26,37.72,$70.98
CPRI,Capri Holdings Ltd,0.029,2,$18.57,2.29,$13.75,$13.72,0.22,$28.27
PTEN,Patterson-UTI Energy Inc.,0.029,1,,2.41,$12.09,$4.93,145.23,$12.96
VSEC,VSE Corp.,0.028,3,$228.50,2.18,$216.50,$154.36,40.26,$247.85
WST,West Pharmaceutical Services,0.028,2,$358.99,1.85,$355.83,$223.52,59.19,$385.75
PBH,Prestige Consumer Healthcare,0.028,2,$47.27,2.29,$50.79,$42.62,19.17,$71.07
MNST,Monster Beverage Corp.,0.028,1,,2.28,$47.31,$30.49,55.17,$50.17
AMLP,Alerian MLP ETF,0.028,1,,2.26,$55.04,$41.24,33.46,$55.50
VEA,Vanguard FTSE Developed ETF,0.027,5,$71.25,1.63,$72.75,$56.19,29.47,$74.04
FDXF,FedEx Freight Holding Co.,0.027,5,$151.00,1.02,$137.54,$134.19,2.50,$200.00
NESR,National Energy Services Reunited Corp.,0.027,3,$29.93,2.18,$32.79,$7.78,321.47,$36.94
DINO,HF Sinclair Corp.,0.027,3,$69.65,1.99,$93.23,$43.35,115.06,$97.00
BLCO,Bausch + Lomb Corp,0.027,3,$16.56,1.51,$17.17,$13.77,24.69,$18.92
GLIBK,GCI Liberty Inc. Series C,0.027,2,$21.56,2.18,$25.35,$19.30,31.35,$41.18
EXP,Eagle Materials Inc.,0.027,2,$225.00,2.21,$203.85,$171.79,18.66,$245.53
FAF,First Amer'n Corp.,0.027,1,,2.21,$72.25,$55.74,29.62,$79.87
BOKF,BOK Financial Corp.,0.027,1,,2.25,$141.01,$100.84,39.84,$146.20
HLF,Herbalife Nutrition Ltd.,0.027,1,,2.25,$11.99,$7.56,58.60,$20.40
COIN,Coinbase Global Inc.,0.027,1,,2.24,$172.05,$139.11,23.68,$402.16
ATGE,Adtalem Global Education,0.027,1,,2.20,,,,
KSPI,Jsc Kaspi.kz ADR,0.026,7,$86.62,0.96,$104.01,$65.63,58.48,$104.06
TFC,Truist Financial Corp.,0.026,4,$49.82,2.06,$50.77,$39.11,29.81,$54.51
ITRN,Ituran Location & Control Ltd.,0.026,3,$61.01,1.93,$51.15,$30.68,66.72,$67.77
DOX,Amdocs Ltd.,0.026,2,$50.54,2.07,$60.56,$49.24,22.99,$85.59
CDW,CDW Corp.,0.026,2,$140.64,1.09,$136.01,$96.55,40.87,$168.93
GNTX,Gentex Corp.,0.026,2,$25.27,2.09,$23.48,$20.26,15.89,$28.80
AIG,American International Group,0.026,2,$74.53,2.02,$75.87,$70.36,7.83,$86.21
FLS,Flowserve Corp.,0.026,2,$74.16,2.10,$77.80,$48.28,61.14,$91.86
BBIO,BridgeBio Pharma Inc.,0.026,2,$74.48,2.11,$83.29,$46.81,77.93,$93.42
FOSL,Fossil Inc.,0.026,2,$4.14,2.10,$5.62,$1.70,230.59,$6.25
DHT,DHT Holdings Inc.,0.026,1,,2.13,$19.93,$9.40,112.02,$20.08
TECK,Teck Resources,0.026,1,,2.14,$65.86,$30.75,114.18,$71.15
DVA,DaVita HealthCare Partners,0.026,1,,2.15,$176.04,$101.00,74.30,$247.49
VAC,Marriott Vacations Worldwide,0.026,1,,2.16,$110.48,$43.02,156.81,$131.34
NFG,National Fuel Gas,0.026,1,,2.15,$84.06,$74.64,12.62,$96.03
BKV,Bkv Corporation,0.026,1,,2.17,$25.70,$20.08,27.99,$32.81
SPCX,Space Exploration Technologies Corp.,0.025,5,$170.86,0.67,$132.28,$104.83,26.19,$225.64
BUD,Anheuser-Busch InBev,0.025,4,$82.40,1.27,$77.62,$56.78,36.70,$86.60
VOYA,Voya Financial Inc.,0.025,3,$90.53,1.08,$97.67,$64.13,52.30,$103.85
VSNT,Versant Media Group Inc.,0.025,3,$36.01,1.77,$38.67,$26.61,45.32,$45.11
KVUE,Kenvue Inc,0.025,3,$19.11,1.90,$19.00,$13.38,42.00,$20.84
MAA,Mid-America Apt Communties,0.025,2,$138.94,2.00,$132.93,$117.48,13.15,$142.76
ATI,Allegheny Technologies Inc.,0.025,2,$197.10,1.39,$208.59,$70.42,196.21,$243.57
COTY,Coty Inc.,0.025,2,$2.16,2.00,$2.81,$1.82,54.40,$4.94
EOG,EOG Resources,0.025,2,$129.73,1.99,$151.76,$99.12,53.11,$153.14
SJM,J.M. Smucker Co,0.025,2,$112.50,2.02,$123.81,$86.47,43.18,$126.46
ISRG,Intuitive Surgical Inc.,0.025,2,$397.68,1.53,$376.76,$328.57,14.67,$603.88
FBTC,Fidelity Wise Origin Bitcoin,0.025,1,,2.07,$63.25,$50.48,25.30,$110.25
KBR,KBR Inc.,0.025,1,,2.07,$37.71,$29.80,26.54,$51.56
SHEN,Shenandoah Telecommunications Co.,0.025,1,,2.06,$12.29,$9.67,27.09,$17.35
INSM,Insmed Inc.,0.025,1,,2.07,$126.09,$90.39,39.50,$212.75
BIDU,Baidu Inc.,0.024,4,$114.29,1.98,$91.47,$84.82,7.84,$165.30
WRBY,Warby Parker Inc.,0.024,3,$30.34,1.89,$27.06,$14.96,80.88,$31.00
MTB,M&T Bank Corp.,0.024,3,$238.01,1.52,$241.80,$170.99,41.41,$255.95
UHS,Universal Health Services Inc.,0.024,2,$148.69,1.13,$174.05,$140.08,24.25,$245.55
AXTA,Axalta Coating Systems Ltd.,0.024,2,$34.22,1.18,$35.80,$24.94,43.54,$38.61
PR,Permian Resources Corp.,0.024,2,$18.41,1.97,$23.57,$11.60,103.19,$23.91
ANET,Arista Networks Inc.,0.024,2,$169.88,1.94,$184.45,$114.52,61.06,$214.89
COLD,Americold Realty Trust,0.024,1,,1.98,$15.18,$9.59,58.29,$16.88
JXN,Jackson Financial Inc.,0.024,1,,1.94,$129.79,$87.44,48.43,$137.99
FCX,Freeport-McMoran Inc.,0.024,1,,2.00,$70.92,$34.78,103.91,$72.10
ECPG,Encore Capital Group Inc.,0.024,1,,1.94,$97.07,$39.95,142.98,$104.98
SPB,Spectrum Brands Holdings Inc.,0.023,4,$85.75,1.23,$86.11,$48.98,75.81,$99.06
ABEV,Ambev S.A.,0.023,3,$3.14,1.83,$2.78,$2.08,33.65,$3.44
CAG,Conagra Brands Inc.,0.023,3,$13.46,1.76,$16.22,$12.39,30.91,$19.59
LAMR,Lamar Advertising Co.,0.023,3,$155.98,1.64,$151.80,$110.33,37.59,$166.33
BATRK,Atlanta Braves Holdings Inc. Series C,0.023,2,$51.90,1.64,$53.32,$37.76,41.21,$54.46
PANW,Palo Alto Networks,0.023,2,$341.02,1.88,$349.74,$139.57,150.58,$398.88
AGX,Argan Inc.,0.023,2,$798.55,1.80,$507.48,$196.06,158.84,$805.09
ADPT,Adaptive Biotechnologies Corp.,0.023,2,$21.45,1.83,$25.50,$12.00,112.50,$26.16
WTM,White Mountains Insurance,0.023,1,,1.85,$2123.90,$1647.25,28.94,$2333.00
BYD,Boyd Gaming Corp.,0.023,1,,1.92,$81.06,$75.81,6.93,$91.41
SWK,Stanley Black & Decker Inc.,0.023,1,,1.92,$98.41,$59.87,64.37,$104.68
CHRD,Chord Energy,0.023,1,,1.87,$147.86,$81.48,81.47,$152.04
LNT,Alliant Energy,0.023,1,,1.86,$69.76,$61.37,13.67,$78.22
WEC,WEC Energy Group,0.023,1,,1.92,$109.01,$100.35,8.63,$118.87
SHC,Sotera Health Co,0.023,1,,1.88,$19.37,$13.09,47.98,$19.85
PDRDF,Pernod Ricard,0.023,1,,1.92,$79.25,$65.28,21.40,$115.44
TRV,Travelers Companies Inc.,0.022,4,$330.13,0.71,$366.72,$249.31,47.09,$398.70
GILD,Gilead Sciences,0.022,3,$126.34,1.57,$144.82,$106.44,36.06,$155.38
IWF,iShares Russell 1000 Growth ETF,0.022,3,$124.17,1.08,$121.69,$102.14,19.14,$129.03
HSIC,Henry Schein Inc.,0.022,3,$83.52,1.54,$88.86,$61.95,43.44,$92.18
ECHO,EchoStar Corp.,0.022,2,$101.50,1.73,$85.85,$26.52,223.72,$147.25
IR,Ingersoll Rand Inc.,0.022,2,$81.99,0.92,$79.68,$68.05,17.09,$100.89
CTVA,Corteva Inc.,0.022,2,$84.69,1.84,$80.37,$60.10,33.73,$90.97
PRMB,Primo Brands Corp,0.022,2,$24.44,1.77,$23.20,$14.12,64.31,$26.21
GHC,Graham Holdings Co.,0.022,2,$1141.45,1.74,$1156.75,$923.50,25.26,$1262.35
UMBF,UMB Financial Corp.,0.022,1,,1.79,$147.06,$102.27,43.80,$153.32
KRC,Kilroy Realty Corp.,0.022,1,,1.83,$37.09,$26.89,37.93,$42.39
JD,JD.com Inc.,0.021,5,$25.48,1.17,$29.39,$23.66,24.22,$35.59
ROL,Rollins Inc.,0.021,4,$41.74,0.57,$36.18,$35.83,0.98,$65.40
NTRS,Northern Trust Corp.,0.021,3,$173.84,1.69,$185.03,$119.17,55.27,$195.78
CMI,Cummins Inc.,0.021,3,$713.22,1.05,$593.81,$385.21,54.15,$737.76
TKR,Timken Co.,0.021,3,$145.31,1.72,$124.13,$69.62,78.30,$145.98
CMCO,Columbus McKinnon Corp.,0.021,2,$15.13,1.71,$17.20,$11.95,43.93,$24.13
ROK,Rockwell Automation Inc.,0.021,2,$495.08,1.17,$433.71,$328.32,32.10,$495.83
WIX,Wix.com Ltd.,0.021,2,$44.27,0.90,$81.13,$40.16,102.02,$190.93
PSKY,Paramount Skydance Corp.,0.021,2,$9.86,0.99,$10.24,$7.62,34.38,$20.57
VNT,Vontier Corp.,0.021,1,,1.70,$32.87,$27.23,20.71,$48.13
INGR,Ingredion Inc.,0.021,1,,1.72,$107.32,$93.62,14.63,$126.59
LBTYK,Liberty Global Ltd CL C,0.021,1,,1.74,$10.30,$9.30,10.75,$13.12
DEI,Douglas Emmett Inc.,0.020,3,$11.80,1.30,$11.91,$8.79,35.49,$15.90
VRSN,Verisign Inc.,0.020,3,$251.56,0.76,$277.79,$206.93,34.24,$311.57
ROG,Rogers Corp.,0.020,2,$163.73,1.61,$126.98,$72.49,75.17,$169.00
SD,SandRidge Energy Inc.,0.020,2,$13.70,0.84,$14.19,$10.18,39.39,$17.78
XP,XP Inc.,0.020,2,$16.26,1.34,$16.04,$14.80,8.38,$22.83
CLB,Core Laboratories Inc.,0.020,1,,1.63,$12.37,$9.78,26.48,$20.32
ACGL,Arch Capital Group Ltd.,0.020,1,,1.67,$99.28,$82.45,20.41,$107.09
TGT,Target Corp.,0.019,4,$130.61,1.21,$159.83,$81.20,96.83,$161.98
VYM,Vanguard High Dvd Yield ETF,0.019,2,$158.03,1.42,$164.66,$133.40,23.43,$167.61
LLYVA,Liberty Media Corp. Series A Live,0.019,2,$101.26,1.41,$102.27,$77.12,32.61,$106.06
ST,Sensata Technologies Holding,0.019,2,$47.74,1.27,$42.18,$27.92,51.07,$53.75
HP,Helmerich & Payne,0.019,2,$32.75,1.46,$43.75,$16.86,159.49,$45.00
HAE,Haemonetics Corp.,0.019,1,,1.54,$108.79,$47.32,129.90,$109.36
LILAK,Liberty LiLAC Group C,0.019,1,,1.56,$8.13,$4.76,70.80,$8.84
DNOW,NOW Inc.,0.018,4,$12.97,0.67,$15.45,$10.94,41.22,$17.26
BNS,Bank of Nova Scotia,0.018,3,$86.81,1.18,$86.66,$54.13,60.10,$92.04
ADM,Archer-Daniels-Midland,0.018,2,$76.40,0.88,$82.52,$54.00,52.81,$87.90
LHX,L3Harris Technologies Inc.,0.018,2,$290.59,1.49,$270.47,$262.68,2.97,$376.39
VSAT,Viasat Inc.,0.018,2,$89.81,1.50,$74.96,$25.50,193.96,$93.03
AMH,American Homes 4 Rent,0.018,2,$33.52,1.40,$34.43,$26.95,27.76,$35.07
SKY,Skyline Champion Corp.,0.018,2,$88.12,1.42,$90.36,$63.69,41.87,$99.17
AR,Antero Resources,0.018,2,$35.14,1.42,$37.52,$29.10,28.93,$45.75
FG,F&G Annuities & Life Inc.,0.018,1,,1.44,$22.32,$20.16,10.71,$34.42
SWX,Southwest Gas Holdings Inc.,0.018,1,,1.51,$92.09,$73.59,25.14,$93.81
CRWV,Coreweave Inc Cl A,0.018,1,,1.44,$89.39,$60.55,47.63,$153.20
EQX,Equinox Gold Corp,0.018,1,,1.47,$12.71,$7.54,68.57,$18.88
AMP,Ameriprise Financial Inc.,0.017,3,$458.73,0.90,$554.66,$419.52,32.21,$572.56
BKD,Brookdale Senior Living Inc.,0.017,3,$16.09,1.27,$12.11,$7.11,70.32,$17.09
CTAS,Cintas Corp.,0.017,3,$170.08,1.38,$202.76,$160.31,26.48,$218.60
PAYC,Paycom Software Inc.,0.017,3,$125.68,0.70,$225.67,$104.33,116.30,$232.79
FDS,FactSet Research Systems,0.017,3,$230.08,0.65,$300.15,$183.16,63.87,$381.24
BXP,BXP Inc.,0.017,3,$66.31,1.05,$67.92,$48.54,39.93,$75.95
NAMS,Newamsterdam Pharma Co Nv,0.017,2,$33.89,1.00,$27.74,$23.05,20.35,$42.21
PINS,Pinterest Inc.,0.017,2,$21.03,1.14,$23.02,$13.84,66.33,$38.57
DGX,Quest Diagnostics,0.017,2,$212.00,1.42,$242.02,$168.97,43.23,$244.51
MMYT,MakeMyTrip Ltd,0.017,2,$53.29,1.39,$61.28,$32.67,87.57,$104.43
EXPE,Expedia Group Inc.,0.017,2,$255.88,1.43,$327.69,$184.55,77.56,$335.00
MANE,Veradermics Inc,0.017,2,$122.94,0.88,$104.88,$32.00,227.75,$131.24
RRX,Regal Rexnord Corp.,0.017,2,$238.19,1.43,$165.51,$127.19,30.13,$247.80
ITIC,Investors Title Co.,0.017,2,$273.68,0.96,$290.04,$208.91,38.83,$297.99
STUB,Stubhub Holdings Inc Class A,0.017,1,,1.39,$6.71,$5.74,16.90,$27.89
ALX,Alexander's Inc.,0.017,1,,1.42,$274.00,$190.65,43.72,$284.73
JBLU,JetBlue Airways Corp.,0.017,1,,1.43,$4.73,$3.87,22.22,$6.62
MATW,Matthews Intl Corp. A,0.017,1,,1.37,$21.91,$21.09,3.89,$30.32
AKAM,Akamai Technologies Inc.,0.017,1,,1.40,$110.29,$70.82,55.73,$165.45
FSV,Firstservice Corp,0.017,1,,1.41,$143.02,$119.15,20.03,$208.07
NTES,NetEase.com Inc.,0.016,3,$128.14,0.80,$120.20,$105.44,14.00,$156.41
GSHD,Goosehead Insurance Inc.,0.016,2,$48.50,0.87,$69.97,$33.68,107.75,$90.16
NOC,Northrop Grumman Corp.,0.016,2,$509.32,1.24,$567.39,$479.02,18.45,$770.61
SHAZ,Sharonai Holdings Inc,0.016,2,$84.66,0.65,$58.41,$1.90,2974.21,$178.00
RGA,Reinsurance Group of America Inc.,0.016,2,$212.65,1.33,$243.37,$175.13,38.97,$250.00
FUL,H.B. Fuller Co.,0.016,2,$58.29,1.30,$59.50,$48.30,23.19,$68.05
PRM,Perimeter Solutions SA,0.016,2,$35.65,1.11,$31.15,$18.04,72.67,$38.17
BAM,Brookfield Asset Management,0.016,2,$44.85,0.75,$51.82,$41.77,24.06,$60.77
POOL,Pool Corp.,0.016,2,$214.93,1.06,$191.27,$171.55,11.50,$327.90
ACIW,ACI Worldwide Inc.,0.016,1,,1.28,$51.61,$38.05,35.64,$61.08
NICE,Nice Ltd Spon ADR,0.016,1,,1.32,$100.78,$83.10,21.28,$153.68
SAM,Boston Beer Company,0.016,1,,1.35,$189.84,$158.68,19.64,$264.46
OSG,Octave Specialty Group Inc.,0.016,1,,1.34,$4.48,$3.88,15.46,$10.38
UPBD,Upbound Group Inc.,0.016,1,,1.29,$18.57,$14.83,25.22,$25.85
AZO,AutoZone Inc.,0.016,1,,1.34,$2950.73,$2902.20,1.67,$4388.11
NVS,Novartis AG,0.015,5,$156.73,0.84,$157.38,$118.00,33.37,$165.46
FITB,Fifth Third Bancorp,0.015,3,$56.37,0.65,$54.91,$39.08,40.51,$59.50
ARLP,Alliance Resource Partners LP,0.015,2,$23.98,1.06,$26.15,$20.15,29.78,$28.08
WRB,W.R. Berkley Corp.,0.015,2,$70.53,1.21,$69.79,$62.31,12.00,$77.45
CALM,Cal-Maine Foods Inc.,0.015,2,$80.56,1.18,$82.31,$70.97,15.98,$114.09
DLR,Digital Realty Trust Inc.,0.015,2,$179.58,1.18,$194.58,$144.28,34.86,$207.47
MKTX,MarketAxess Holdings Inc.,0.015,2,$113.50,1.25,$161.81,$108.23,49.51,$193.95
NTR,Nutrien Ltd.,0.015,2,$62.95,1.05,$72.86,$51.72,40.87,$83.98
CRK,Comstock Resources Inc.,0.015,1,,1.26,$13.71,$12.12,13.12,$28.10
OPCH,Option Care Health Inc.,0.015,1,,1.26,$23.49,$18.01,30.43,$36.80
CLW,Clearwater Paper Corp.,0.015,1,,1.26,$21.29,$11.73,81.50,$23.59
YPF,YPF S.A.,0.015,1,,1.19,$50.81,$22.82,122.66,$57.49
DOLE,Dole Food Company,0.015,1,,1.25,$13.34,$12.30,8.46,$16.38
MTH,Meritage Homes Corp.,0.015,1,,1.26,$71.92,$57.65,24.75,$85.38
PB,Prosperity Bancshares Inc.,0.015,1,,1.19,$73.37,$59.51,23.29,$75.87
HLN,Haleon Plc ADR,0.014,5,$9.33,0.73,$9.88,$8.54,15.69,$11.06
IVV,Ishares Core S&P 500 ETF,0.014,3,$748.90,0.86,$767.34,$628.53,22.08,$783.09
GD,General Dynamics,0.014,3,$354.24,1.05,$387.44,$305.43,26.85,$400.00
VMRK,Vivmark Residential,0.014,2,$67.93,1.08,$65.51,$56.30,16.36,$71.50
BCS,Barclays plc ADR,0.014,2,$26.86,1.16,$26.62,$18.85,41.22,$28.37
SBAC,SBA Communications Corp.,0.014,2,$176.46,1.14,$181.65,$161.43,12.53,$223.11
ICFI,ICF International Inc.,0.014,1,,1.15,$88.75,$58.71,51.17,$100.97
ALG,Alamo Group Inc.,0.014,1,,1.11,$160.91,$145.46,10.62,$223.01
VLO,Valero Energy,0.014,1,,1.12,$343.51,$135.02,154.41,$352.03
SUPN,Supernus Pharmaceuticals,0.014,1,,1.14,$47.29,$41.78,13.19,$59.68
ADT,ADT Inc.,0.014,1,,1.16,$7.38,$6.15,20.00,$8.73
TAC,TransAlta Corp.,0.013,2,$13.83,1.10,$12.48,$11.34,10.05,$17.69
ABR,Arbor Realty Trust Inc.,0.013,2,$5.42,0.78,$5.12,$4.58,11.79,$11.02
AXS,Axis Capital Holdings Ltd.,0.013,2,$107.44,1.00,$99.40,$86.98,14.28,$119.99
FOXA,Fox Corporation,0.013,2,$52.16,0.76,$68.32,$48.34,41.33,$76.02
COMP,Compass Inc.,0.013,2,$12.33,0.66,$12.04,$6.37,89.01,$13.96
JAZZ,Jazz Pharmaceuticals plc,0.013,2,$240.97,1.10,$247.20,$118.04,109.42,$265.05
FMS,Fresenius Medical Care AG & Co KCaG,0.013,2,$22.61,1.00,$23.55,$19.24,22.40,$26.57
MNRO,Monro Inc.,0.013,1,,1.05,$11.81,$11.06,6.78,$23.19
RWAY,Runway Growth Finance Corp,0.013,1,,1.04,$6.67,$4.94,35.02,$9.15
CPRX-OLD,Catalyst Pharmaceuticals Inc.,0.013,1,,1.06,$31.50,$19.05,65.35,$32.56
MSTR,MicroStrategy Inc.,0.013,1,,1.03,$111.63,$81.81,36.45,$365.21
COLL,Collegium Pharmaceutical Inc.,0.013,1,,1.06,$27.39,$25.47,7.54,$50.79
MYRG,MYR Group Inc.,0.013,1,,1.05,$320.35,$171.51,86.78,$503.57
AGCO,AGCO Corp.,0.013,1,,1.06,$102.83,$98.22,4.69,$142.68
CASH,Meta Financial Group Inc.,0.013,1,,1.10,$83.51,$65.75,27.01,$101.20
HWM,Howmet Aerospace Inc.,0.013,1,,1.06,$274.61,$169.10,62.40,$309.85
G,Genpact Ltd.,0.012,5,$27.50,0.44,$37.51,$26.85,39.70,$48.12
SNY,Sanofi Aventis,0.012,4,$42.66,0.63,$45.26,$40.89,10.69,$49.91
DOW,Dow Inc.,0.012,3,$27.36,1.00,$33.16,$19.91,66.55,$42.31
TREX,Trex Company Inc.,0.012,2,$50.04,0.91,$47.39,$29.77,59.19,$66.06
DAR,Darling Ingredients Inc.,0.012,2,$54.62,0.96,$68.75,$29.15,135.85,$69.67
NE,Noble Corp.,0.012,2,$37.30,0.87,$46.70,$24.81,88.23,$54.39
KN,Knowles Corp.,0.012,2,$41.48,0.94,$34.05,$20.10,69.40,$42.93
KALU,Kaiser Aluminum Corp.,0.012,2,$195.62,0.93,$149.79,$71.41,109.76,$199.89
CRDO,Credo Technology Group Holdi,0.012,2,$271.95,1.00,$230.71,$86.49,166.75,$308.67
EXR,Extra Space Storage Inc.,0.012,2,$145.30,0.94,$148.02,$121.45,21.88,$158.88
UGI,UGI Corp.,0.012,2,$34.54,0.99,$38.28,$30.66,24.85,$40.48
BKR,Baker Hughes Co.,0.012,2,$55.50,1.01,$62.99,$42.02,49.90,$69.92
GL,Globe Life Inc.,0.012,2,$178.68,0.71,$171.09,$127.06,34.65,$191.55
SMG,Scotts Miracle-Gro Co.,0.012,1,,0.96,$60.87,$50.49,20.56,$75.34
BBW,Build-A-Bear Workshop Inc.,0.012,1,,0.97,$37.50,$29.35,27.77,$74.33
FWONA,Liberty Media Corp Formula One Series A,0.012,1,,0.95,$95.82,$73.70,30.01,$99.52
BATRA,Atlanta Braves Holdings Inc. Series A,0.012,1,,1.01,$57.15,$41.50,37.71,$58.37
XMTR,Xometry Inc.,0.012,1,,0.95,$82.86,$35.86,131.07,$106.08
EDU,New Oriental Education & Technology,0.012,1,,0.99,$55.03,$44.25,24.36,$64.22
IVZ,Invesco Ltd,0.012,1,,1.01,$31.79,$19.85,60.15,$32.80
FOA,Finance Of America Companies Inc.,0.012,1,,1.00,$20.67,$15.77,31.07,$29.79
YMM,Full Truck Alliance Spn ADR,0.012,1,,0.96,$8.57,$7.38,16.12,$13.69
WCN,Waste Connections,0.012,1,,0.99,$168.26,$146.58,14.79,$187.14
PBF,PBF Energy Inc.,0.012,1,,0.95,$70.73,$21.57,227.91,$75.68
VTOL,Bristow Group Inc.,0.012,1,,0.95,$46.20,$34.73,33.03,$50.10
MDB,MongoDB Inc.,0.012,1,,0.99,$421.40,$206.92,103.65,$473.10
SU,Suncor Energy Inc.,0.011,4,$53.69,0.71,$68.02,$36.86,84.54,$69.83
HRL,Hormel Foods Corp.,0.011,3,$24.82,0.77,$24.11,$19.47,23.83,$27.88
AUR,Aurora Innovation Inc.,0.011,3,$6.82,0.72,$6.05,$3.60,68.06,$8.57
ACMR,ACM Research Inc.,0.011,3,$126.89,0.92,$78.18,$24.14,223.86,$127.19
SOFI,SoFi Technologies Inc.,0.011,2,$17.93,0.90,$17.93,$14.88,20.50,$32.73
PHG,Koninklijke Philips Electronics NV,0.011,2,$27.19,0.90,$27.59,$23.85,15.68,$32.18
AM,Antero Midstream Corp.,0.011,2,$22.75,0.90,$22.32,$16.41,36.01,$23.35
AAP,Advance Auto Parts,0.011,2,$62.22,0.80,$41.65,$37.33,11.57,$64.62
W,Wayfair Inc.,0.011,2,$92.42,0.90,$102.18,$55.60,83.78,$119.98
ELAN,Elanco Animal Health Inc.,0.011,2,$24.61,0.87,$23.50,$17.11,37.35,$27.98
LZAGY,Lonza Group Ag Unspon ADR,0.011,1,,0.92,$69.56,$57.99,19.95,$73.17
CZR,Caesars Entertainment,0.011,1,,0.89,$29.63,$17.86,65.90,$30.88
NWL,Newell Brands Inc.,0.011,1,,0.87,$5.95,$2.91,104.47,$7.13
KD,Kyndryl Holdings Inc,0.011,1,,0.87,$12.42,$10.10,22.97,$33.90
AAON,AAON Inc.,0.011,1,,0.87,$80.29,$73.05,9.91,$150.36
COST,Costco Co.,0.010,7,$935.41,0.35,$933.26,$840.35,11.06,$1094.76
SHEL,Shell plc,0.010,5,$77.54,0.59,$93.82,$66.79,40.47,$94.37
IJR,Ishares Core S&P Small Cap E,0.010,3,$148.32,0.84,$146.45,$110.97,31.97,$150.69
TEM,Tempus Ai Inc,0.010,2,$57.93,0.77,$66.65,$40.77,63.48,$104.32
KR,Kroger Co.,0.010,2,$55.53,0.72,$56.19,$53.78,4.48,$75.66
VBIL,Vanguard 0 3m T Bill ETF,0.010,2,$75.68,0.58,$75.64,$72.85,3.83,$75.64
DT,Dynatrace Inc.,0.010,2,$43.92,0.43,$49.22,$31.64,55.56,$53.29
LIND,Lindblad Expeditions Hldgs Inc.,0.010,2,$28.24,0.78,$31.34,$11.37,175.64,$35.00
GFI,Gold Fields Ltd.,0.010,2,$33.59,0.63,$45.18,$28.11,60.73,$59.90
CFR,Cullen Frost Bankers,0.010,2,$154.52,0.72,$165.56,$116.34,42.31,$170.80
QLYS,Qualys Inc.,0.010,1,,0.86,$183.41,$74.51,146.15,$201.54
PCVX,Vaxcyte Inc.,0.010,1,,0.85,$61.65,$29.87,106.39,$65.00
BRBR,BellRing Brands Inc. CL A,0.010,1,,0.84,$10.51,$7.82,34.40,$43.02
EEFT,Euronet Worldwide Inc.,0.010,1,,0.81,$68.87,$62.50,10.19,$98.52
CFG,Citizens Financial Group Inc.,0.010,1,,0.82,$70.25,$46.55,50.91,$75.33
CET,Central Securities Corp.,0.010,1,,0.85,$54.62,$46.26,18.07,$55.99
TIC,Acuren Corporation,0.010,1,,0.83,$8.84,$6.36,38.99,$14.94
DUSA,Davis Select Us Equity ETF,0.010,1,,0.82,$56.91,$45.98,23.77,$58.53
VNO,Vornado Realty Trust,0.010,1,,0.83,$38.83,$24.57,58.04,$42.43
NDAQ,Nasdaq Inc.,0.010,1,,0.85,$98.27,$76.55,28.37,$101.10
BCO,Brink's Co.,0.010,1,,0.86,$112.94,$90.86,24.30,$135.75
SLDE,Slide Insurance Holdings Inc,0.010,1,,0.84,$22.79,$12.49,82.47,$22.93
WAL,Western Alliance Bancorp,0.010,1,,0.81,$80.23,$65.11,23.22,$95.75
CIGI,Colliers International Group Inc.,0.009,4,$93.70,0.60,$107.60,$88.24,21.94,$171.06
IWR,Ishares Russell Mid Cap ETF,0.009,3,$110.27,0.53,$112.90,$90.78,24.37,$114.97
MLKN,MillerKnoll Inc.,0.009,3,$20.46,0.52,$22.87,$13.34,71.44,$24.71
AVB-OLD,AvalonBay Communities,0.009,2,$188.69,0.72,$184.30,$157.12,17.30,$198.63
RJF,Raymond James Financial Inc.,0.009,2,$152.03,0.75,$174.50,$138.33,26.15,$182.73
HPQ,HP Inc.,0.009,2,$21.93,0.49,$29.98,$17.07,75.63,$32.19
MPWR,Monolithic Power Systems,0.009,2,$1382.24,0.76,$1319.69,$795.40,65.92,$1711.48
HAS,Hasbro Inc.,0.009,1,,0.73,$93.79,$67.33,39.30,$104.60
CTRN,Citi Trends Inc.,0.009,1,,0.74,$69.26,$29.20,137.19,$77.91
RIOT,Riot Blockchain Inc.,0.009,1,,0.70,$20.47,$11.21,82.60,$30.32
OCFC,OceanFirst Financial Corp.,0.009,1,,0.77,$19.26,$16.34,17.87,$20.12
FR,First Industrial Realty Trust Inc.,0.009,1,,0.76,$62.95,$47.77,31.78,$69.88
EME,Emcor Group,0.009,1,,0.74,$788.85,$564.01,39.86,$951.47
PSUS,Pershing Square Usa Ltd,0.009,1,,0.77,$39.43,$35.71,10.42,$44.00
MMM,3M Co.,0.008,4,$161.92,0.52,$179.96,$138.62,29.82,$184.90
TROW,T. Rowe Price Group,0.008,3,$113.63,0.30,$112.65,$84.21,33.77,$122.00
BMI,Badger Meter Inc.,0.008,3,$148.38,0.31,$129.25,$111.72,15.69,$202.32
KT,KT Corp.,0.008,2,$17.28,0.37,$18.69,$17.13,9.11,$24.58
LXU,LSB Industries Inc.,0.008,2,$10.81,0.66,$10.66,$7.64,39.53,$17.22
RELX,RELX plc,0.008,2,$31.67,0.61,$35.62,$26.84,32.71,$47.69
ITW,Illinois Tool Works,0.008,2,$270.47,0.67,$283.49,$234.38,20.95,$301.92
BTDR,Bitdeer Technologies Group A,0.008,2,$15.87,0.68,$10.40,$6.92,50.29,$27.80
TTE,TotalEnergies SE,0.008,2,$77.76,0.69,$91.24,$56.15,62.49,$93.00
TX,Ternium S.A.,0.008,1,,0.65,$54.02,$29.97,80.25,$55.66
KRYS,Krystal Biotech Inc.,0.008,1,,0.67,$335.94,$136.73,145.70,$382.54
HKHGF,Hongkong Land Holdings Ltd,0.008,1,,0.63,$8.56,$5.56,53.96,$8.63
FIGR,Figure Technology Solut Cl A,0.008,1,,0.65,$36.75,$24.11,52.43,$78.00
KRSP,Rice Acquisition Corp 3 A,0.008,1,,0.67,$10.55,$10.21,3.33,$11.89
BXC,BlueLinx Holdings Inc.,0.008,1,,0.64,$82.74,$44.78,84.77,$93.80
MMS,MAXIMUS Inc.,0.008,1,,0.64,$57.74,$52.42,10.15,$98.42
ZD,Ziff Davis Inc.,0.008,1,,0.63,$55.31,$22.45,146.37,$58.06
DMAC,DiaMedica Therapeutics Inc.,0.008,1,,0.68,$6.46,$5.14,25.68,$10.42
IPGP,IPG Photonics Corp.,0.008,1,,0.65,$74.53,$71.38,4.41,$155.82
AGO,Assured Guaranty Ltd.,0.008,1,,0.63,$74.50,$72.76,2.39,$91.53
D,Dominion Energy Inc.,0.008,1,,0.65,$67.78,$54.72,23.87,$72.99
SBSI,Southside Bancshares Inc.,0.008,1,,0.66,$31.86,$25.41,25.38,$36.20
NWG,NatWest Group Plc,0.008,1,,0.67,$18.40,$12.79,43.86,$19.21
AD,Array Digital Infrastructure Inc.,0.008,1,,0.67,$35.16,$28.86,21.83,$46.04
CLX,Clorox Co.,0.007,5,$95.44,0.24,$107.44,$83.72,28.33,$125.83
TDY,Teledyne Technologies,0.007,3,$666.90,0.56,$633.43,$483.02,31.14,$697.67
BTI,British American Tobacco plc,0.007,3,$61.76,0.37,$56.95,$47.79,19.17,$66.38
VTV,Vanguard Value ETF,0.007,3,$217.93,0.60,$225.91,$176.77,27.80,$228.57
MTD,Mettler-Toledo International Inc.,0.007,2,$1277.67,0.32,$1410.21,$1023.05,37.84,$1525.17
AXSM,Axsome Therapeutics Inc.,0.007,2,$244.77,0.54,$207.27,$111.55,85.81,$260.19
ING,ING Group NV,0.007,2,$31.38,0.58,$34.62,$22.47,54.07,$35.98
EQNR,Equinor ASA,0.007,2,$31.40,0.57,$42.69,$21.54,98.19,$42.95
BAH,Booz Allen Hamilton Hldg Corp.,0.007,2,$60.67,0.56,$76.03,$59.05,28.76,$108.99
SRTA,Strata Critical Medical Inc.,0.007,2,$5.27,0.58,$5.94,$3.85,54.29,$6.50
TNC,Tennant Co.,0.007,2,$87.54,0.55,$68.09,$59.89,13.69,$91.93
EPAM,EPAM Systems Inc.,0.007,1,,0.54,$107.02,$73.06,46.48,$222.53
PAYP,Paypay Corp,0.007,1,,0.55,$14.31,$12.07,18.56,$24.89
FSLR,First Solar Inc.,0.007,1,,0.57,$216.22,$182.99,18.16,$320.95
GCMG,Gcm Grosvenor Inc Class A,0.007,1,,0.54,$13.56,$9.20,47.39,$14.87
MMSI,Merit Medical Systems Inc.,0.007,1,,0.61,$90.04,$59.74,50.72,$94.75
QMCO,Quantum Corp.,0.007,1,,0.59,$20.22,$4.19,382.58,$27.80
EXPD,Expeditors Int'l,0.007,1,,0.55,$187.86,$111.78,68.06,$189.99
RAL,Ralliant Corp.,0.007,1,,0.54,$64.17,$37.20,72.50,$75.41
VYX,NCR Voyix Corp.,0.007,1,,0.56,$7.64,$6.02,26.91,$13.82
BLTE,Belite Bio Inc ADR,0.007,1,,0.55,$160.81,$60.00,168.02,$200.00
AS,Amer Sports Inc,0.007,1,,0.57,$32.61,$28.92,12.76,$42.76
ANDG,Andersen Group Inc A,0.007,1,,0.61,$49.33,$18.12,172.24,$50.76
TMUS,T-Mobile US Inc.,0.007,1,,0.56,$180.66,$165.66,9.05,$256.72
WLTH,Wealthfront Corp,0.007,1,,0.57,$9.14,$7.20,26.94,$14.88
WVE,Wave Life Sciences Ltd.,0.007,1,,0.54,$5.20,$5.01,3.79,$21.73
UL,Unilever PLC,0.006,5,$60.12,0.22,$63.53,$53.97,17.71,$73.09
RNR,RenaissanceRe Holdings Ltd.,0.006,3,$316.90,0.32,$322.05,$230.19,39.91,$335.97
TIGO,Millicom Intl Cellular S.a.,0.006,3,$90.76,0.39,$91.59,$40.59,125.65,$107.13
QRVO,Qorvo Inc.,0.006,2,$93.27,0.51,$97.47,$74.92,30.10,$109.49
HWKN,Hawkins Inc.,0.006,2,$142.10,0.45,$119.46,$117.50,1.67,$185.12
CX,Cemex,0.006,2,$12.00,0.50,$10.61,$8.50,24.82,$13.64
BEKE,KE Holdings Inc.,0.006,2,$14.53,0.38,$17.12,$13.81,23.97,$20.60
VLTO,Veralto Corp.,0.006,2,$88.68,0.48,$99.60,$79.91,24.64,$109.53
KFY,Korn Ferry,0.006,2,$66.58,0.30,$84.21,$57.98,45.24,$85.97
CYD,China Yuchai Intl Ltd.,0.006,2,$47.42,0.51,$37.51,$28.09,33.54,$60.28
PUK,Prudential Plc ADR,0.006,2,$26.81,0.49,$27.68,$24.61,12.47,$33.59
GLOB,Globant S.A.,0.006,2,$28.94,0.33,$39.03,$27.56,41.62,$72.10
PBR.A,Petroleo Brasil Sp Pref ADR,0.006,2,$14.64,0.49,$17.09,$10.52,62.45,$19.88
NGG,National Grid Plc Sp ADR,0.006,1,,0.53,$80.96,$64.85,24.84,$92.22
CART,Maplebear Inc,0.006,1,,0.51,$51.56,$32.73,57.53,$51.56
FND,Floor & Decor Holdings,0.006,1,,0.46,$55.41,$42.64,29.95,$92.41
ZTO,ZTO Express,0.006,1,,0.48,$21.35,$17.19,24.20,$25.97
TWFG,Twfg Inc,0.006,1,,0.53,$28.52,$16.56,72.22,$29.99
WEX,WEX Inc.,0.006,1,,0.47,$198.93,$125.29,58.78,$199.69
PPL,PPL Corp.,0.006,1,,0.49,$35.41,$32.66,8.42,$39.79
SNN,Smith & Nephew plc,0.006,1,,0.49,$29.10,$28.56,1.89,$37.90
MBC,Masterbrand Inc,0.006,1,,0.46,$9.18,$6.61,38.88,$14.22
AGL,Agilon Health Inc,0.006,1,,0.46,$94.38,$7.48,1161.76,$133.04
NBIX,Neurocrine Biosciences Inc.,0.006,1,,0.49,$154.07,$122.14,26.14,$186.12
DINT,Davis Select International,0.006,1,,0.48,$30.10,$25.64,17.39,$30.75
THG,Hanover Insurance Group,0.006,1,,0.46,$223.26,$164.23,35.94,$236.07
CRAI,CRA International Inc.,0.006,1,,0.47,$174.89,$131.66,32.83,$225.67
IT,Gartner Inc.,0.006,1,,0.49,$194.27,$124.25,56.35,$265.85
AIT,Applied Industrial Tech.,0.006,1,,0.53,$338.50,$236.75,42.98,$374.27
DTE,DTE Energy Co.,0.006,1,,0.53,$138.57,$124.26,11.52,$155.75
BCE,BCE Inc.,0.006,1,,0.51,$23.72,$20.87,13.66,$26.12
T,AT&T Inc.,0.005,3,$20.70,0.40,$25.17,$19.63,28.22,$28.75
ARCO,Arcos Dorados Holdings Inc.,0.005,3,$8.06,0.26,$7.80,$6.38,22.26,$9.67
BIL,SPDR Bloomberg 1 3 Month T B,0.005,3,$91.64,0.27,$91.58,$88.27,3.75,$91.58
LPX,Louisiana-Pacific Corp.,0.005,3,$78.66,0.21,$74.20,$65.85,12.68,$99.71
DCI,Donaldson Co.,0.005,3,$89.77,0.38,$92.25,$72.68,26.93,$112.05
EMR,Emerson Electric,0.005,3,$143.16,0.26,$154.99,$121.73,27.32,$165.79
HALO,Halozyme Therapeutics,0.005,2,$78.26,0.45,$106.69,$61.23,74.24,$107.96
IDA,IDACORP Inc. Hldg. Co.,0.005,2,$151.30,0.43,$141.07,$119.22,18.33,$153.97
EQPT,Equipmentshare.com Inc A,0.005,2,$19.66,0.38,$18.05,$15.71,14.89,$35.50
BWXT,BWX Technologies Inc.,0.005,2,$194.65,0.37,$155.85,$155.16,0.44,$241.12
FRFHF,Fairfax Financial Holdings Ltd.,0.005,2,$1644.34,0.26,$1644.56,$1500.00,9.64,$1933.22
SMPL,Simply Good Foods Co.,0.005,1,,0.42,$11.08,$9.88,12.15,$30.36
QURE,uniQure NV,0.005,1,,0.38,$48.56,$8.73,456.24,$71.50
SION,Sionna Therapeutics Inc,0.005,1,,0.40,$5.75,$4.01,43.39,$54.97
FRPH,FRP Holdings Inc.,0.005,1,,0.43,$22.06,$20.53,7.45,$26.49
CNO,CNO Financial Group Inc.,0.005,1,,0.37,$53.20,$37.59,41.53,$57.59
SMIN,Ishares Msci India Small Cap,0.005,1,,0.42,$71.30,$57.78,23.40,$74.41
SOPH,Sophia Genetics SA,0.005,1,,0.42,$8.36,$3.10,169.68,$8.48
WHR,Whirlpool Corp.,0.005,1,,0.38,$40.24,$35.45,13.51,$94.09
ORKA,Oruka Therapeutics Inc,0.005,1,,0.41,$105.65,$14.10,649.29,$115.52
PKG,Packaging Corp. of America,0.005,1,,0.45,$251.20,$187.98,33.63,$259.98
KGS,Kodiak Gas Services Inc,0.005,1,,0.39,$60.33,$31.37,92.32,$77.10
TAL,TAL Education Group,0.005,1,,0.43,$11.48,$8.88,29.28,$13.37
LKFT,Lakefront Biotherapeutics,0.005,1,,0.37,$28.28,$25.68,10.12,$37.78
SUN,Sunoco Inc.,0.005,1,,0.43,$76.12,$45.10,68.78,$78.00
SNDX,Syndax Pharmaceuticals Inc.,0.005,1,,0.43,$19.74,$12.99,51.96,$25.59
DWLD,Davis Select Worldwide ETF,0.005,1,,0.38,$47.91,$41.72,14.84,$49.48
SARO,Standardaero Inc,0.005,1,,0.41,$25.43,$23.83,6.71,$34.48
WK,Workiva Inc.,0.005,1,,0.37,$76.20,$43.34,75.82,$97.10
MLCO,Melco Resorts & Entertainment,0.005,1,,0.44,$5.39,$5.07,6.31,$10.15
PRG,PROG Holdings Inc.,0.005,1,,0.40,$38.83,$25.48,52.39,$47.57
MEOH,Methanex Corp.,0.005,1,,0.43,$59.01,$31.63,86.56,$66.53
SGRY,Surgery Partners Inc.,0.005,1,,0.38,$13.79,$11.41,20.86,$24.10
DFNL,Davis Select Financial ETF,0.005,1,,0.45,$51.55,$42.56,21.12,$53.99
AQN,Algonquin Power & Utilities,0.005,1,,0.39,$5.82,$5.13,13.45,$6.95
HAL,Halliburton Co.,0.005,1,,0.39,$35.42,$20.31,74.40,$43.41
HDB,HDFC Bank Ltd.,0.004,5,$25.83,0.12,$23.43,$22.26,5.26,$37.19
VTI,Vanguard Total Stock Mkt ETF,0.004,5,$370.00,0.19,$377.13,$307.65,22.58,$385.12
CCK,Crown Holdings,0.004,4,$111.82,0.19,$117.16,$88.12,32.96,$122.91
HPE,Hewlett Packard Enterprise,0.004,3,$45.11,0.34,$52.99,$19.62,170.08,$64.06
ONB,Old National Bancorp,0.004,3,$25.90,0.22,$25.90,$19.04,36.03,$27.36
LBRDA-OLD,Liberty Broadband Corp. CL A,0.004,3,$33.28,0.29,$35.98,$26.14,37.64,$65.40
SMFG,Sumitomo Mitsui Spons ADR,0.004,2,$23.58,0.36,$24.58,$15.18,61.92,$26.67
MDY,SPDR S&P Midcap 400 ETF Trst,0.004,2,$703.33,0.34,$697.07,$563.38,23.73,$717.35
NOVT,Novanta Inc.,0.004,2,$162.28,0.27,$144.98,$98.27,47.53,$176.38
AFL,AFLAC Inc.,0.004,2,$117.24,0.28,$116.87,$102.51,14.01,$129.57
UHAL,U-Haul Holding Co.,0.004,2,$65.44,0.26,$72.18,$41.95,72.06,$76.45
HLI,Houlihan Lokey Inc.,0.004,2,$134.13,0.33,$129.18,$112.83,14.49,$209.24
COO,Cooper Cos Inc,0.004,2,$71.72,0.25,$76.24,$58.89,29.46,$89.83
VIST,"Vista Oil & Gas, S.A.B. de C.V.",0.004,2,$63.80,0.35,$71.01,$31.63,124.50,$81.44
GLPI,Gaming and Leisure Properties Inc.,0.004,1,,0.32,$44.12,$39.81,10.83,$48.30
ALNY,Alnylam Pharmaceuticals,0.004,1,,0.31,$231.89,$197.81,17.23,$495.55
PCAR,PACCAR Inc.,0.004,1,,0.35,$128.82,$90.03,43.09,$138.87
SDGR,SCHRODINGER Inc.,0.004,1,,0.33,$19.37,$10.95,76.89,$23.02
CCU,Compania Cervecerias Unidas SA,0.004,1,,0.30,$12.05,$10.56,14.11,$15.15
INBX,Inhibrx,0.004,1,,0.30,$98.39,$22.64,334.58,$155.29
TCHP,T Rowe Price Blue Chip Growth ETF,0.004,1,,0.31,$50.04,$42.26,18.41,$53.26
PIPR,Piper Sandler Companies,0.004,1,,0.36,$72.96,$68.52,6.48,$93.05
PRDO,Perdoceo Education Corp.,0.004,1,,0.30,$32.19,$26.27,22.54,$38.32
INDA,iShares MSCI India ETF,0.004,1,,0.34,$49.56,$45.21,9.62,$55.50
COYA,Coya Therapeutics Inc,0.004,1,,0.35,$4.79,$3.71,29.11,$7.75
ATKR,Atkore International Group Inc.,0.004,1,,0.30,$93.59,$53.32,75.53,$93.81
PHVS,Pharvaris NV,0.004,1,,0.36,$36.16,$20.65,75.11,$36.93
SLQT,Selectquote Inc.,0.004,1,,0.32,$0.83,$0.56,48.21,$2.77
AGI,Alamos Gold Inc.,0.004,1,,0.31,$36.45,$25.67,41.99,$55.30
XEL,Xcel Energy Inc.,0.004,1,,0.29,$79.12,$69.16,14.40,$83.22
MINE,Mayfair Gold Corp,0.004,1,,0.29,$3.00,$2.16,38.89,$4.88
GNE,Genie Energy Ltd.,0.004,1,,0.35,$15.07,$12.56,19.98,$15.95
BTSG,Brightspring Health Services,0.004,1,,0.32,$59.37,$22.86,159.71,$73.75
JGRW,Jensen Quality Growth ETF,0.004,1,,0.36,$28.47,$23.56,20.84,$28.96
EVLV,Evolv Technologies Holdings,0.004,1,,0.34,$5.42,$4.87,11.29,$8.81
PAGS,PagSeguro Digital Ltd.,0.004,1,,0.31,$8.53,$7.88,8.25,$12.03
SWIM,Latham Group Inc,0.004,1,,0.32,$6.99,$4.64,50.65,$8.97
SFM,Sprouts Farmers Market Inc.,0.004,1,,0.35,$76.86,$64.75,18.70,$152.25
ZM,Zoom Video Communications Inc.,0.004,1,,0.32,$106.66,$70.70,50.86,$114.74
FCN,FTI Consulting Inc.,0.004,1,,0.30,$153.81,$137.65,11.74,$189.30
VUG,Vanguard Growth ETF,0.003,6,$86.16,0.13,$87.20,$69.56,25.36,$90.50
SPY,SPDR S&P 500 ETF Trust,0.003,6,$746.85,0.06,$763.81,$626.01,22.01,$779.37
RSP,Invesco S&P 500 Equal Weight,0.003,4,$212.87,0.22,$220.84,$179.92,22.74,$223.44
SNPS,Synopsys Inc.,0.003,4,$446.14,0.16,$394.89,$366.00,7.89,$615.79
VWO,Vanguard FTSE Emerging Marke,0.003,4,$59.69,0.22,$59.92,$49.71,20.54,$61.52
ALL,Allstate Corp.,0.003,3,$237.94,0.28,$256.59,$185.28,38.49,$277.22
VIG,Vanguard Dividend Apprec ETF,0.003,3,$236.65,0.21,$243.15,$205.20,18.49,$247.45
IWM,iShares Russell 2000 ETF,0.003,3,$300.49,0.25,$297.50,$221.39,34.38,$305.18
COLB,Columbia Banking System Inc.,0.003,2,$32.05,0.20,$31.03,$22.94,35.27,$33.68
VO,Vanguard Mid Cap ETF,0.003,2,$80.57,0.25,$82.75,$68.69,20.47,$84.59
ASB,Associated Banc-Corp,0.003,2,$30.77,0.18,$30.81,$23.23,32.63,$32.46
SEIC,SEI Investments,0.003,2,$87.74,0.12,$108.25,$74.64,45.03,$108.88
ALSN,Allison Transmission Holdings,0.003,2,$112.75,0.19,$128.12,$75.38,69.97,$137.28
AYI,Acuity Brands Inc.,0.003,2,$376.66,0.25,$342.82,$256.71,33.54,$379.43
CNXC,Concentrix Corp.,0.003,2,$22.41,0.22,$25.70,$18.81,36.63,$55.22
HAFN,Hafnia Ltd,0.003,2,$6.62,0.21,$7.87,$4.86,61.93,$9.18
BC,Brunswick Corp.,0.003,2,$84.24,0.21,$80.82,$57.57,40.39,$89.29
THO,Thor Industries,0.003,2,$75.17,0.15,$78.72,$69.23,13.71,$121.16
BSY,Bentley Systems Inc Class B,0.003,1,,0.27,$36.23,$28.08,29.02,$56.94
JKHY,Jack Henry & Associates Inc.,0.003,1,,0.26,$165.35,$121.04,36.61,$191.83
BMM,Blue Moon Metals Inc,0.003,1,,0.28,$4.93,$3.47,42.07,$8.63
GIII,G-III Apparel Group,0.003,1,,0.22,$33.14,$24.45,35.54,$37.54
L,Loews Corp.,0.003,1,,0.27,$110.86,$94.88,16.84,$120.94
RCL,Royal Caribbean Cruises Ltd.,0.003,1,,0.21,$288.38,$230.90,24.89,$360.34
LBRT,Liberty Oilfield Services Inc.,0.003,1,,0.21,$19.45,$9.79,98.67,$34.38
CGAU,Centerra Gold Inc,0.003,1,,0.22,$23.13,$6.99,230.90,$23.14
PS,Pershing Square Inc.,0.003,1,,0.24,$39.52,$21.93,80.21,$54.75
GLDM,SPDR Gold Minishares Trust,0.003,1,,0.22,$89.33,$65.91,35.53,$109.74
SMRT,SmartRent Inc.,0.003,1,,0.24,$1.35,$0.91,48.35,$2.20
HGTY,Hagerty Inc.,0.003,1,,0.27,$12.84,$9.36,37.18,$14.00
OVV,Ovintiv Inc.,0.003,1,,0.21,$66.31,$34.83,90.38,$67.26
RUSHB,Rush Enterprises Inc. - CL B,0.003,1,,0.21,$77.55,$47.43,63.50,$81.52
LESL,Leslie's Inc.,0.003,1,,0.24,$0.61,$0.59,3.39,$12.53
VSTM,Verastem Inc.,0.003,1,,0.27,$6.71,$3.43,95.63,$11.25
OGC,Oceanagold Corp,0.003,1,,0.25,$30.47,$16.14,88.79,$42.96
PLOW,Douglas Dynamics,0.003,1,,0.22,$40.92,$27.89,46.72,$55.00
FBAK,First National Bank Alaska,0.003,1,,0.25,$202.54,$165.01,22.74,$211.60
NTB,Bank of N.T. Butterfield & Son Ltd,0.003,1,,0.26,$58.95,$39.10,50.77,$64.17
LEGH,Legacy Housing Corp.,0.003,1,,0.24,$28.53,$18.29,55.99,$31.34
MO,Altria Group Inc.,0.002,5,$71.95,0.12,$67.17,$53.01,26.71,$77.06
IWD,Ishares Russell 1000 Value E,0.002,4,$244.40,0.12,$257.20,$194.59,32.18,$260.19
AIR,AAR Corp.,0.002,3,$142.94,0.11,$133.95,$71.67,86.90,$154.00
AMT,American Tower Corp.,0.002,3,$163.57,0.09,$176.84,$160.06,10.48,$206.80
AEBI,Aebi Schmidt Holding Ag,0.002,3,$12.55,0.16,$11.83,$8.89,33.07,$15.90
ACWI,iShares MSCI ACWI ETF,0.002,3,$156.97,0.16,$160.00,$129.53,23.52,$162.80
APLD,Applied Digital Corp,0.002,3,$37.30,0.14,$27.94,$13.16,112.31,$50.73
NUE,Nucor Corp.,0.002,3,$222.78,0.14,$242.44,$130.11,86.33,$280.11
OEC,Orion SA,0.002,3,$6.63,0.09,$6.07,$4.28,41.82,$10.73
SNA,Snap-On Inc.,0.002,2,$402.37,0.12,$391.03,$310.78,25.82,$420.41
HONA,Honeywell Aerospace Inc,0.002,2,$221.08,0.20,$166.00,$150.03,10.64,$266.62
ERO,Ero Copper Corp,0.002,2,$26.74,0.19,$35.41,$13.37,164.85,$39.80
HUN,Huntsman Corp.,0.002,2,$10.62,0.16,$10.11,$7.15,41.40,$16.09
MANH,Manhattan Associates,0.002,2,$139.25,0.18,$212.85,$119.06,78.78,$220.31
RF,Regions Financial Corp.,0.002,2,$30.20,0.16,$30.59,$22.04,38.79,$32.47
LPG,Dorian LPG Ltd,0.002,2,$34.79,0.11,$50.13,$22.18,126.01,$50.17
SMHI,SEACOR Marine Holdings Inc.,0.002,2,$7.65,0.18,$9.81,$5.55,76.76,$9.96
CECO,CECO Environmental Corp.,0.002,2,$90.74,0.11,$72.59,$42.78,69.68,$101.24
MX,MagnaChip Semiconductor Corp.,0.002,2,$4.73,0.19,$3.27,$2.18,50.00,$9.86
IBN,ICICI Bank Ltd.,0.002,2,$29.03,0.14,$29.75,$24.87,19.62,$33.11
FIX,Comfort Systems USA Inc.,0.002,2,$1981.92,0.20,$1668.86,$654.62,154.94,$2072.10
NUVB,Nuvation Bio Inc.,0.002,2,$5.68,0.13,$6.81,$2.57,164.98,$9.75
PAAS,Pan American Silver Corp.,0.002,2,$44.79,0.18,$51.58,$30.39,69.73,$69.58
TD,Toronto-Dominion Bank,0.002,2,$121.55,0.13,$117.01,$70.42,66.16,$125.47
IWN,Ishares Russell 2000 Value E,0.002,2,$221.16,0.17,$223.92,$162.17,38.08,$227.86
MTDR,Matador Resources Co.,0.002,2,$49.79,0.14,$58.18,$35.98,61.70,$65.88
HLT,Hilton Worldwide Holdings,0.002,2,$330.48,0.12,$329.81,$253.16,30.28,$358.00
VALE,Vale SA,0.002,2,$15.04,0.19,$14.25,$9.10,56.59,$17.45
PLXS,Plexus Corp.,0.002,2,$300.67,0.11,$241.38,$126.86,90.27,$307.06
VREX,Varex Imaging Corp.,0.002,2,$10.43,0.13,$18.46,$9.09,103.08,$18.63
MOAT,Vaneck Morningstar Wide Moat,0.002,1,,0.14,$113.68,$94.07,20.85,$114.42
ADNT,Adient plc,0.002,1,,0.20,$19.40,$17.68,9.73,$27.32
WB,Weibo Corp.,0.002,1,,0.18,$7.12,$7.08,0.56,$12.11
FSM,Fortuna Mining Corp.,0.002,1,,0.19,$11.86,$6.93,71.14,$13.85
SEDG,SolarEdge Technologies Inc.,0.002,1,,0.18,$30.69,$28.21,8.79,$81.25
RCI,Rogers Communications Inc.,0.002,1,,0.18,$36.05,$31.38,14.88,$40.38
XLE,Energy Select Sector SPDR,0.002,1,,0.15,$63.85,$41.28,54.68,$64.54
GDXJ,Vaneck Junior Gold Miners,0.002,1,,0.20,$128.26,$70.48,81.98,$157.49
CNP,CenterPoint Energy,0.002,1,,0.20,$40.22,$36.00,11.72,$45.26
VSS,Vanguard FTSE All Wo X Us Sc,0.002,1,,0.14,$158.95,$132.72,19.76,$162.02
RERE,AiHuiShou International Co. Ltd. ADS,0.002,1,,0.16,$4.05,$3.50,15.71,$6.32
HTZ,Hertz Global Hldgs Inc.,0.002,1,,0.17,$2.08,$1.45,43.45,$8.18
HR,Healthcare Realty Trust Inc.,0.002,1,,0.13,$19.51,$15.68,24.43,$21.77
IDCC,InterDigital Inc.,0.002,1,,0.13,$341.34,$248.51,37.35,$409.73
EVTC,EVERTEC Inc.,0.002,1,,0.19,$29.86,$21.73,37.41,$37.11
WGO,Winnebago Industries Inc.,0.002,1,,0.16,$32.25,$26.80,20.34,$49.03
BUDFF,Anheuser Busch Inbev SA NV,0.002,1,,0.16,$76.67,$57.09,34.30,$86.78
GENI,Genius Sports Ltd,0.002,1,,0.16,$7.86,$3.83,105.22,$13.73
MORN,Morningstar Inc.,0.002,1,,0.15,$214.68,$141.06,52.19,$263.33
AMTM,Amentum Holdings Inc.,0.002,1,,0.17,$20.53,$19.80,3.69,$38.11
MMI,Marcus & Millichap Inc.,0.002,1,,0.20,$32.99,$24.20,36.32,$33.04
WSFS,WSFS Financial Corp.,0.002,1,,0.20,$80.13,$49.37,62.31,$82.74
BNTX,Biontech Se ADR,0.002,1,,0.18,$111.73,$79.52,40.51,$124.00
ORIC,ORIC Pharmaceuticals Inc.,0.002,1,,0.16,$13.81,$7.23,91.01,$14.93
HTLD,Heartland Express,0.002,1,,0.16,$12.38,$6.96,77.87,$16.61
CLFD,Clearfield Inc.,0.002,1,,0.14,$27.49,$23.76,15.70,$52.73
TRMLF,Tourmaline Oil Corp,0.002,1,,0.18,$43.62,$38.60,13.01,$50.79
LAB,Standard Biotools Inc,0.002,1,,0.14,$0.65,$0.64,1.56,$1.72
MSM,MSC Industrial Direct,0.002,1,,0.13,$117.43,$76.68,53.14,$130.46
PSLV,Sprott Physical Silver Trust,0.002,1,,0.15,$22.26,$12.75,74.59,$38.13
EMBC,Embecta Corp,0.002,1,,0.17,$5.58,$2.76,102.17,$15.08
NSSC,Napco Security Technologies Inc.,0.002,1,,0.17,$37.76,$29.46,28.17,$47.60
PFG,Principal Financial Group,0.002,1,,0.13,$111.00,$74.60,48.79,$116.61
SPRY,Ars Pharmaceuticals Inc,0.002,1,,0.18,$5.67,$4.91,15.48,$15.09
KOP,Koppers Holdings Inc.,0.002,1,,0.14,$45.88,$24.82,84.85,$53.00
SHOE,Shoe Carnival Inc.,0.002,1,,0.13,$15.14,$14.00,8.14,$25.61
SCSC,ScanSource Inc.,0.002,1,,0.17,$58.39,$33.76,72.96,$62.43
NOG,Northern Oil and Gas Inc.,0.002,1,,0.16,$26.54,$17.18,54.48,$29.99
SLV,iShares Silver Trust,0.002,1,,0.19,$61.40,$34.20,79.53,$109.83
NTNX,Nutanix Inc.,0.002,1,,0.20,$66.74,$34.01,96.24,$82.42
NOK,Nokia Corp.,0.002,1,,0.20,$10.18,$4.12,147.09,$17.36
HXL,Hexcel Corp.,0.002,1,,0.14,$94.50,$59.56,58.66,$111.54
BRKR,Bruker Corp.,0.002,1,,0.15,$60.00,$28.39,111.34,$65.30
MBUU,Malibu Boats Inc.,0.002,1,,0.14,$29.05,$23.84,21.85,$39.65
WU,Western Union Co.,0.002,1,,0.16,$7.24,$6.27,15.47,$9.78
IVVD,Invivyd Inc.,0.002,1,,0.15,$0.99,$0.48,106.25,$3.07
TRP,TC Energy,0.002,1,,0.17,$63.06,$47.80,31.92,$70.90
DOCN,DigitalOcean Holdings Inc.,0.002,1,,0.14,$112.91,$29.62,281.20,$187.50
GT,Goodyear Tire & Rubber,0.002,1,,0.13,$5.86,$5.43,7.92,$10.62
DMRA,Damora Therapeutics Inc.,0.002,1,,0.17,$30.31,$2.45,1137.14,$38.33
FNDF,Schwab Fndmn Intl Lrg Co ETF,0.002,1,,0.15,$55.29,$40.05,38.05,$55.88
LILA,Liberty LiLAC Group A,0.002,1,,0.17,$8.12,$4.73,71.67,$8.90
BTE,Baytex Energy Corp.,0.002,1,,0.14,$4.80,$1.90,152.63,$5.34
ZIM,Zim Integrated Shipping Serv,0.002,1,,0.20,$27.08,$11.75,130.47,$29.56
BULL,Webull Corp,0.002,1,,0.18,$9.00,$4.50,100.00,$16.04
SABR,Sabre Corp.,0.002,1,,0.14,$2.06,$0.81,154.32,$2.30
AEG,Aegon Ltd,0.002,1,,0.20,$9.06,$6.56,38.11,$9.61
VT,Vanguard Tot World Stk ETF,0.001,4,$156.95,0.07,$159.96,$129.59,23.44,$162.71
APA,APA Corp.,0.001,3,$32.57,0.06,$44.26,$19.29,129.45,$45.04
JBTM,JBT Marel Corp.,0.001,3,$144.99,0.09,$115.96,$113.49,2.18,$169.81
CAH,Cardinal Health Inc.,0.001,3,$237.56,0.09,$231.05,$144.37,60.04,$258.30
OTIS,Otis Worldwide Corp.,0.001,3,$71.61,0.07,$71.76,$68.74,4.39,$93.43
VECO,Veeco Instruments,0.001,3,$75.80,0.06,$47.08,$23.31,101.97,$86.63
HRI,HERC Holdings Inc.,0.001,3,$143.35,0.04,$162.92,$88.00,85.14,$186.52
QQQ,Invesco Qqq Trust Series 1,0.001,3,$736.46,0.09,$709.40,$554.99,27.82,$747.83
MPC,Marathon Petroleum Corp.,0.001,3,$255.59,0.08,$360.02,$160.07,124.91,$366.53
AEIS,Advanced Energy Industries,0.001,3,$372.88,0.06,$293.92,$143.13,105.35,$397.32
CW,Curtiss-Wright Corp.,0.001,3,$758.31,0.05,$649.53,$464.78,39.75,$808.16
XLK,Technology Select Sect SPDR,0.001,3,$190.45,0.04,$182.96,$126.53,44.60,$198.49
ASTE,Astec Industries,0.001,2,$61.20,0.03,$41.84,$40.16,4.18,$65.33
WMG,Warner Music Group Corp. CL A,0.001,2,$27.07,0.06,$27.15,$23.21,16.98,$35.23
SITM,SiTime Corp.,0.001,2,$745.53,0.04,$598.31,$204.61,192.41,$901.81
UCTT,Ultra Clean Holdings Inc.,0.001,2,$142.59,0.08,$73.03,$21.49,239.83,$144.22
GLBAV-OLD,GCI Liberty Inc. Series A,0.001,2,$21.90,0.08,,,,
LASR,nLight Inc.,0.001,2,$69.62,0.08,$46.82,$24.87,88.26,$86.95
ROST,Ross Stores Inc.,0.001,2,$212.84,0.09,$229.27,$142.48,60.91,$257.00
SIMO,Silicon Motion Technol ADR,0.001,2,$333.35,0.07,$246.11,$70.38,249.69,$354.28
ZGN,Ermenegildo Zegna Nv,0.001,2,$13.02,0.04,$13.54,$7.77,74.26,$15.95
ATRO,Astronics Corp.,0.001,2,$81.26,0.03,$76.86,$33.47,129.64,$99.89
RKLB,Rocket Lab Corp.,0.001,2,$101.58,0.07,$72.41,$37.57,92.73,$151.00
JOYY,JOYY Inc.,0.001,2,$65.99,0.08,$74.05,$45.58,62.46,$76.68
EQIX,Equinix Inc.,0.001,2,$1042.41,0.09,$1085.16,$709.79,52.88,$1118.65
WBS-OLD,Webster Financial Corp.,0.001,2,$76.34,0.05,$77.78,$51.49,51.06,$79.40
VICR,Vicor Corp.,0.001,2,$379.84,0.05,$204.93,$45.44,350.99,$382.65
CM,Can Imperial Bk Of Commerce,0.001,2,$115.10,0.10,$116.29,$70.29,65.44,$124.86
CLS,Celestica Inc,0.001,2,$364.81,0.08,$299.79,$173.23,73.06,$474.03
BWA,BorgWarner Inc.,0.001,2,$66.40,0.04,$64.78,$40.13,61.43,$78.82
HL,Hecla Mining Co.,0.001,2,$15.41,0.06,$20.82,$7.44,179.84,$34.16
VPG,Vishay Precision Group,0.001,2,$149.92,0.04,$61.89,$26.74,131.45,$151.78
ONTO,Onto Innovation Inc.,0.001,2,$378.43,0.05,$295.00,$101.00,192.08,$386.46
FFIV,F5 Networks,0.001,2,$415.93,0.08,$377.37,$223.76,68.65,$435.00
AMN,AMN Healthcare Services,0.001,2,$32.36,0.09,$34.76,$14.97,132.20,$37.22
MAMA,Mama's Creations Inc,0.001,2,$17.85,0.04,$16.22,$7.90,105.32,$21.00
FTI,TechnipFMC plc,0.001,2,$66.26,0.05,$77.50,$34.16,126.87,$80.55
BKH,Black Hills,0.001,2,$74.40,0.07,$73.91,$55.88,32.27,$77.21
BTG,B2Gold Corp.,0.001,2,$3.75,0.06,$5.33,$3.57,49.30,$6.23
MRVI,Maravai LifeSciences Holdings Inc.,0.001,2,$6.24,0.07,$8.17,$2.28,258.33,$8.32
SHG,Shinhan Financial Group Company,0.001,2,$63.25,0.12,$71.71,$46.26,55.02,$77.54
TALO,Talos Energy Inc.,0.001,2,$12.91,0.05,$17.80,$8.34,113.43,$18.23
BSM,Black Stone Minerals L.P.,0.001,2,$13.97,0.09,$14.71,$10.79,36.33,$14.83
DOV,Dover Corp.,0.001,2,$224.29,0.05,$201.97,$157.78,28.01,$236.42
RXO,Rxo Inc,0.001,2,$27.60,0.06,$21.81,$10.43,109.11,$29.90
DLO,DLocal Ltd,0.001,2,$13.00,0.05,$14.31,$10.46,36.81,$16.50
GHM,Graham Corp.,0.001,2,$123.78,0.04,$100.22,$46.58,115.16,$125.82
LTH,Life Time Group Holdings Inc,0.001,2,$40.84,0.06,$44.65,$24.14,84.96,$47.24
DPZ,Dominos Pizza Inc.,0.001,2,$295.99,0.08,$336.36,$282.00,19.28,$460.13
LEVI,Levi Strauss & Co.,0.001,2,$24.83,0.08,$21.23,$17.50,21.31,$25.70
HOFT,Hooker Furniture Corp.,0.001,2,$17.83,0.08,$14.33,$8.38,71.00,$18.09
JHX,James Hardie Industries PLC,0.001,2,$26.18,0.06,$30.06,$16.46,82.62,$31.36
RDNT,RadNet Inc.,0.001,2,$61.67,0.08,$77.51,$50.82,52.52,$85.84
FTK,Flotek Industries Inc.,0.001,2,$23.52,0.04,$24.44,$10.95,123.20,$39.67
HTZWW,Hertz Global Hldgs Inc. WTS,0.001,1,,0.09,$1.02,$0.70,45.71,$4.13
EWJ,iShares MSCI Japan ETF,0.001,1,,0.05,$94.19,$74.19,26.96,$98.79
COHU,Cohu Inc.,0.001,1,,0.07,$54.04,$18.67,189.45,$74.60
BATL,Battalion Oil Corp.,0.001,1,,0.10,$1.36,$1.00,36.00,$29.70
ENOV,Enovis Corp.,0.001,1,,0.05,$26.13,$19.14,36.52,$34.28
HVT,Haverty Furniture,0.001,1,,0.12,$27.28,$19.04,43.28,$29.83
ASGN,ASGN Inc.,0.001,1,,0.12,,,,
TBI,TrueBlue Inc.,0.001,1,,0.06,$10.68,$3.18,235.85,$11.03
MINN,Mairs & Power Mn Muni Bond,0.001,1,,0.10,$22.00,$21.01,4.71,$22.91
BTAI,Bioxcel Therapeutics Inc,0.001,1,,0.05,$0.80,$0.74,8.11,$5.60
WWD,Woodward Inc.,0.001,1,,0.05,$341.70,$232.66,46.87,$450.92
CDP,Copt Defense Properties,0.001,1,,0.05,$37.12,$26.26,41.36,$38.90
WRLC,Windrock Ltd Co,0.001,1,,0.07,,,,
UVV,Universal Corp.,0.001,1,,0.06,$45.81,$43.36,5.65,$57.51
PATK,Patrick Industries Inc.,0.001,1,,0.08,$84.86,$81.29,4.39,$147.22
PHIN,PHINIA Inc.,0.001,1,,0.09,$71.64,$50.13,42.91,$86.94
OBT,Orange County Bancorp Inc,0.001,1,,0.05,$37.71,$22.84,65.11,$40.10
KNF,Knife River Corp.,0.001,1,,0.10,$65.93,$58.72,12.28,$96.28
SEI,Solaris Energy Infrastructure Inc.,0.001,1,,0.06,$54.26,$24.32,123.11,$86.19
CRCL,Circle Internet Group Inc,0.001,1,,0.07,$83.52,$49.90,67.37,$159.47
CUZ,Cousins Properties,0.001,1,,0.07,$29.74,$20.52,44.93,$32.95
HELE,Helen of Troy Ltd.,0.001,1,,0.06,$27.34,$13.85,97.40,$30.68
MOD,Modine Mfg.,0.001,1,,0.07,$190.20,$111.18,71.07,$323.25
KSA,Ishrs Msci Saudi Arabia ETF,0.001,1,,0.07,$38.25,$35.27,8.45,$40.39
LINC,Lincoln Educational Services Corp.,0.001,1,,0.05,$25.97,$17.29,50.20,$56.34
MGPI,MGP Ingredients Inc.,0.001,1,,0.11,$17.89,$15.62,14.53,$29.86
URA,Global X Uranium ETF,0.001,1,,0.05,$43.44,$34.02,27.69,$62.28
SVC,Service Properties Trust,0.001,1,,0.09,$7.99,$5.58,43.19,$14.73
FPAS,Fpa Short Duration Govt ETF,0.001,1,,0.05,$24.51,$24.12,1.62,$25.00
EWT,Ishares Msci Taiwan ETF,0.001,1,,0.05,$103.80,$55.03,88.62,$112.78
CIFR,Cipher Mining Inc,0.001,1,,0.09,$16.29,$5.32,206.20,$30.14
FPAG,Fpa Global Equity ETF New,0.001,1,,0.07,$42.54,$34.34,23.88,$43.56
TSCO,Tractor Supply,0.001,1,,0.07,$34.83,$28.36,22.81,$61.84
INFY,Infosys Ltd.,0.001,1,,0.06,$11.90,$10.30,15.53,$29.37
LYG,Lloyds TSB Grp Plc ADR,0.001,1,,0.07,$5.93,$4.05,46.42,$6.25
ESGD,Ishares Trust Ishares Esg Aw,0.001,1,,0.05,$106.25,$86.38,23.00,$108.00
SPG,Simon Property Group Inc.,0.001,1,,0.05,$221.46,$164.62,34.53,$238.50
XOP,SPDR S&P Oil & Gas Exploration & Production ETF,0.001,1,,0.09,$186.86,$119.62,56.21,$190.32
VYMI,Vanguard Int High Dvd Yld In,0.001,1,,0.08,$104.14,$79.89,30.35,$105.30
PDLB,Ponce Financial Group Inc.,0.001,1,,0.05,$20.17,$13.91,45.00,$21.10
RCKT,Rocket Pharmaceuticals Inc.,0.001,1,,0.12,$3.47,$2.53,37.15,$5.45
GWW,W.W. Grainger Inc.,0.001,1,,0.09,$1298.10,$901.22,44.04,$1417.14
ABVX,Abivax SA ADR,0.001,1,,0.05,$117.60,$67.15,75.13,$148.83
SPSM,Ss SPDR P S&P 600 Small Cap,0.001,1,,0.08,$56.96,$43.14,32.04,$58.60
BWLP,Bw Lpg Ltd,0.001,1,,0.09,$23.47,$10.58,121.83,$23.89
POWL,Powell Industries,0.001,1,,0.07,$198.53,$78.34,153.42,$327.74
INFQ,Infleqtion Inc,0.001,1,,0.08,$12.09,$8.52,41.90,$21.28
KEY,KeyCorp,0.001,1,,0.11,$22.01,$15.97,37.82,$24.07
GBCI,Glacier Bancorp,0.001,1,,0.05,$47.56,$39.06,21.76,$54.58
SDY,SPDR S&P Dividend ETF,0.001,1,,0.05,$158.73,$132.64,19.67,$160.29
IMVT,Immunovant Inc.,0.001,1,,0.09,$44.38,$14.47,206.70,$45.42
PSA,Public Storage,0.001,1,,0.05,$323.24,$251.62,28.46,$335.55
DNA,Ginkgo Bioworks Holdings Inc.,0.001,1,,0.10,$7.20,$5.37,34.08,$17.58
ABCB,Ameris Bancorp,0.001,1,,0.05,$86.59,$68.22,26.93,$93.22
TWST,Twist Bioscience Corp.,0.001,1,,0.05,$137.89,$23.30,491.80,$144.61
MYE,Myers Indus,0.001,1,,0.08,$33.35,$15.25,118.69,$37.45
UVSP,Univest Financial Corp.,0.001,1,,0.11,$41.81,$27.34,52.93,$45.22
LW,Lamb Weston Hldgs Inc.,0.001,1,,0.12,$53.53,$37.02,44.60,$65.06
SONY,Sony Group Corp.,0.001,1,,0.05,$23.62,$19.32,22.26,$30.34
YOU,Clear Secure Inc.,0.001,1,,0.06,$43.22,$29.03,48.88,$69.07
RFL,Rafael Holdings Inc.,0.001,1,,0.08,$1.86,$1.12,66.07,$3.96
CEF,Sprott Physical Gold And Sil,0.001,1,,0.05,$46.15,$30.82,49.74,$61.38
ADMA,ADMA Biologics Inc.,0.001,1,,0.10,$9.83,$7.21,36.34,$20.46
RYCEY,Rolls Royce Holdings Sp ADR,0.001,1,,0.07,$20.83,$13.14,58.52,$21.22
HUBG,Hub Group 'A',0.001,1,,0.05,$40.26,$32.65,23.31,$52.92
QCRH,QCR Holdings Inc.,0.001,1,,0.08,$100.96,$66.45,51.93,$108.11
VONG,Vanguard Russell 1000 Growth,0.001,1,,0.12,$125.20,$105.09,19.14,$132.77
SPYX,SPDR S&P 500 Fossil Fuel Res,0.001,1,,0.07,$62.50,$51.17,22.14,$63.96
BHE,Benchmark Electronics,0.001,1,,0.06,$73.18,$35.59,105.62,$100.41
VGK,Vanguard FTSE Europe ETF,0.001,1,,0.06,$91.92,$74.72,23.02,$92.85
AMPX,Amprius Technologies Inc,0.001,1,,0.06,$10.09,$6.36,58.65,$24.23
HNGE,Hinge Health Inc A,0.001,1,,0.06,$86.81,$30.08,188.60,$93.13
STGW,Stagwell Inc.,0.001,1,,0.11,$8.53,$4.29,98.83,$9.55
TRVI,Trevi Therapeutics Inc.,0.001,1,,0.08,$18.38,$6.93,165.22,$20.22
SCHB,Schwab Us Broad Market ETF,0.001,1,,0.07,$29.52,$24.12,22.39,$30.15
DIA,SPDR Djia Trust,0.001,1,,0.05,$528.23,$439.52,20.18,$546.75
CDLX,Cardlytics Inc.,0.001,1,,0.11,$4.35,$3.49,24.64,$32.80
DCO,Ducommun Inc.,0.001,1,,0.05,$190.88,$84.76,125.20,$210.39
NNBR,NN Inc.,0.001,1,,0.05,$3.71,$1.10,237.27,$4.48
QNT,Quantinuum Inc A,0.001,1,,0.07,$54.82,$47.06,16.49,$86.79
FRVO,Fervo Energy Co A,0.001,1,,0.06,$16.75,$16.75,0.00,$42.65
TPC,Tutor Perini Corp.,0.001,1,,0.05,$89.44,$53.64,66.74,$102.20
LDOS,Leidos Holdings,0.001,1,,0.07,$140.64,$98.86,42.26,$204.08
ALRS,Alerus Financial Corp.,0.001,1,,0.06,$32.55,$19.80,64.39,$34.40
EAF,GrafTech International Ltd.,0.001,1,,0.08,$6.62,$4.92,34.55,$20.32
RRC,Range Resources Corp.,0.001,1,,0.05,$40.45,$32.28,25.31,$48.18
EEM,Ishares Msci Emerging Market,0.001,1,,0.06,$66.38,$48.40,37.15,$71.57
M,Macy's Inc.,0.001,1,,0.06,$22.75,$12.20,86.48,$26.59
ALT,Altimmune Inc.,0.001,1,,0.06,$2.93,$2.56,14.45,$6.44
DOC,Healthpeak Properties Inc.,0.001,1,,0.06,$21.21,$15.04,41.02,$22.84
ALGT,Allegiant Travel Company,0.001,1,,0.05,$76.01,$53.70,41.55,$123.63
UNFI,United Natural Foods,0.001,1,,0.05,$46.45,$26.44,75.68,$57.02
H,Hyatt Hotels Corp.,0.001,1,,0.08,$180.31,$133.82,34.74,$206.86
REAL,RealReal Inc.,0.001,1,,0.05,$11.59,$7.21,60.75,$17.39
DRH,DiamondRock Hospitality Co.,0.001,1,,0.10,$12.75,$7.25,75.86,$13.79
BELFB,Bel Fuse Inc. CL B,0.001,1,,0.09,$258.84,$124.25,108.32,$335.20
FROG,JFrog Ltd,0.001,1,,0.07,$90.61,$34.05,166.11,$99.22
HII,Huntington Ingalls Industries,0.001,1,,0.06,$301.82,$258.30,16.85,$458.02
ENB,Enbridge Inc.,0.001,1,,0.07,$51.24,$43.08,18.94,$57.66
GCO,Genesco Inc.,0.001,1,,0.11,$34.57,$21.93,57.64,$43.60
AMBA,Ambarella Inc.,0.001,1,,0.10,$73.36,$48.30,51.88,$96.69
EHC,Encompass Health Corp.,0.001,1,,0.10,$121.56,$92.41,31.54,$127.50
WTFC,Wintrust Financial Corp.,0.001,1,,0.09,$153.32,$117.89,30.05,$166.65
ARTV,Artiva Biotherapeutics Inc,0.001,1,,0.07,$11.01,$2.22,395.95,$14.53
NSP,Insperity Inc.,0.001,1,,0.06,$52.14,$18.24,185.86,$55.90
CCJ,Cameco Corp.,0.001,1,,0.06,$94.37,$68.77,37.23,$135.24
NG,NovaGold Resources,0.001,1,,0.07,$8.52,$5.08,67.72,$14.40
CIB,Grupo Cibest SA ADR,0.001,1,,0.12,$98.56,$46.95,109.93,$100.74
VSH,Vishay Intertechnology,0.001,1,,0.07,$31.48,$11.60,171.38,$69.47
DOCS,Doximity Inc.,0.001,1,,0.10,$26.06,$17.15,51.95,$76.51
AEHR,Aehr Test Systems,0.001,1,,0.05,$103.98,$16.38,534.80,$147.40
USNA,USANA Health Sciences,0.001,1,,0.08,$13.08,$12.57,4.06,$32.32
MTRN,Materion Corp.,0.001,1,,0.06,$234.28,$107.43,118.08,$304.58
IEUR,iShares Core MSCI Europe ETF,0.001,1,,0.08,$77.77,$63.42,22.63,$78.55
NPO,EnPro Industries,0.001,1,,0.06,$314.94,$201.26,56.48,$390.42
BRX,Brixmor Property Group Inc.,0.001,1,,0.06,$29.63,$23.87,24.13,$32.86
VRM,Vroom Inc,0.001,1,,0.11,$10.08,$6.80,48.24,$30.00
BZH,Beazer Homes USA,0.001,1,,0.12,$33.16,$17.83,85.98,$34.54
IESC,IES Holdings Inc.,0.001,1,,0.05,$683.88,$309.51,120.96,$816.51
CBOE,CBOE Holdings Inc.,0.001,1,,0.08,$296.50,$227.15,30.53,$370.40
PEYUF,Peyto Exploration & Development Corp.,0.001,1,,0.08,$17.95,$12.33,45.58,$20.78
PLAY,Dave & Buster's Ent. Inc.,0.001,1,,0.08,$9.79,$9.40,4.15,$26.31
FINV,Finvolution Group ADR,0.001,1,,0.12,$4.40,$4.24,3.77,$9.15
GIS,General Mills,0.000,3,$34.80,0.02,$39.90,$31.21,27.84,$48.32
KB,Kb Financial Group Inc ADR,0.000,3,$104.97,0.03,$113.12,$76.31,48.24,$125.66
CPA,Copa Holdings SA,0.000,3,$155.53,0.03,$127.82,$106.15,20.41,$160.47
OUT,Outfront Media Inc.,0.000,3,$32.76,0.02,$29.86,$16.42,81.85,$34.63
SANM,Sanmina Corp.,0.000,3,$253.04,0.01,$191.29,$108.37,76.52,$288.68
FORM,FormFactor Inc.,0.000,3,$159.91,0.03,$115.02,$27.00,326.00,$160.27
VB,Vanguard Small Cap ETF,0.000,3,$302.93,0.03,$302.99,$238.70,26.93,$309.51
DGII,Digi International,0.000,2,$74.95,0.03,$72.58,$32.76,121.55,$86.84
LITE,Lumentum Holdings Inc.,0.000,2,$858.53,0.01,$872.14,$111.20,684.30,$1085.68
MEC,Mayville Engineering Co. Inc.,0.000,2,$37.46,0.02,$22.28,$12.25,81.88,$38.76
MTSI,MACOM Technology Solutions Hldg,0.000,2,$380.48,0.01,$266.67,$118.28,125.46,$418.90
VICI,VICI Properties Inc.,0.000,2,$26.55,0.02,$26.80,$25.81,3.84,$31.85
FTAI,FTAI Aviation Ltd.,0.000,2,,0.00,$196.34,$137.00,43.31,$321.70
UTZ,Utz Brands Inc.,0.000,2,$7.70,0.02,$14.13,$6.72,110.27,$14.19
VV,Vanguard Large Cap ETF,0.000,2,$341.77,0.01,$351.57,$288.27,21.96,$359.22
WOLF,Wolfspeed Inc.,0.000,2,$48.27,0.02,$25.11,$1.16,2064.66,$80.82
VEU,Vanguard FTSE All World ex US ETF,0.000,2,$83.76,0.01,$84.85,$66.53,27.54,$86.22
AWK,American Water Works Inc.,0.000,2,$131.60,0.01,$137.93,$118.81,16.09,$143.94
MOS,Mosaic Co.,0.000,2,$21.19,0.03,$23.14,$19.80,16.87,$35.99
ACLS,Axcelis Technologies,0.000,2,$189.45,0.02,$124.61,$73.60,69.31,$193.78
SKYT-OLD,Skywater Technology Inc,0.000,2,,0.00,$32.49,$8.49,282.69,$39.93
BRC,Brady Corp.,0.000,2,$91.57,0.01,$90.99,$70.38,29.28,$99.25
VGT,Vanguard Info Tech ETF,0.000,2,$120.00,0.02,$118.35,$82.99,42.61,$125.85
CVLG,Covenant Transportation Group Inc. CL A,0.000,2,$44.18,0.03,$34.46,$17.87,92.84,$49.88
CAKE,Cheesecake Factory,0.000,2,$79.54,0.02,$105.80,$42.54,148.71,$118.46
AXGN,AxoGen Inc.,0.000,2,$46.19,0.03,$45.68,$13.64,234.90,$50.66
ACWX,iShares MSCI ACWI EX U.S. ETF,0.000,2,$76.11,0.02,$77.16,$60.24,28.09,$78.43
KAR,KAR Auction Services,0.000,2,$41.24,0.02,$30.88,$17.08,80.80,$30.98
SMTC,Semtech Corp.,0.000,2,$161.84,0.02,$125.21,$46.02,172.08,$177.35
ADTN,ADTRAN Holdings Inc.,0.000,2,$13.90,0.03,$7.89,$7.11,10.97,$19.98
EGP,EastGroup Properties SBI,0.000,2,$202.54,0.04,$202.41,$157.53,28.49,$226.71
EXTR,Extreme Networks Inc.,0.000,2,$32.37,0.03,$22.46,$13.48,66.62,$33.73
THC,Tenet Healthcare Corp.,0.000,2,,0.00,$274.76,$157.58,74.36,$277.76
HZO,MarineMax Inc.,0.000,2,$36.62,0.02,$52.16,$21.42,143.51,$52.46
IVE,Ishares S&P 500 Value ETF,0.000,2,,0.00,$237.03,$197.23,20.18,$239.93
CIEN,Ciena Corp.,0.000,2,$490.71,0.01,$393.37,$84.41,366.02,$637.51
AAOI,Applied Optoelectronics Inc,0.000,2,$148.11,0.02,$128.64,$18.50,595.35,$233.67
SNDK,SanDisk Corp.,0.000,2,$2273.04,0.01,$1576.23,$43.20,3548.68,$2354.39
IWS,Ishares Russell Mid Cap Valu,0.000,2,,0.00,$171.47,$132.31,29.60,$173.52
LOCO,El Pollo Loco Holdings Inc.,0.000,2,$16.96,0.03,$15.29,$8.99,70.08,$17.40
PH,Parker-Hannifin,0.000,2,,0.00,$1007.10,$710.89,41.67,$1099.94
IAU,iShares Gold Trust,0.000,2,,0.00,$84.89,$62.73,35.33,$104.40
SCHD,Schwab Us Dvd Equity ETF,0.000,2,$31.66,0.02,$34.97,$25.63,36.44,$35.31
ESI,Element Solutions Inc.,0.000,2,$47.76,0.03,$35.60,$22.69,56.90,$49.25
CAMT,Camtek Ltd,0.000,2,$163.15,0.01,$149.00,$75.75,96.70,$215.99
MT,ArcelorMittal,0.000,2,$60.21,0.01,$71.18,$31.50,125.97,$75.51
LSCC,Lattice Semconductor,0.000,2,$152.94,0.01,$118.22,$59.37,99.12,$157.01
IJH,Ishares Core S&P Midcap ETF,0.000,2,$77.11,0.03,$76.47,$61.62,24.10,$78.71
ARX,Accelerant Holdings Cl A,0.000,1,,0.00,$19.57,$9.18,113.18,$30.48
HON,Honeywell Int'l Inc.,0.000,1,,0.00,$219.60,$186.02,18.05,$251.25
ENSG,Ensign Group,0.000,1,,0.02,$180.03,$141.52,27.21,$217.84
CRBU,Caribou Biosciences Inc.,0.000,1,,0.01,$1.60,$1.38,15.94,$3.54
RDN,Radian Group,0.000,1,,0.01,$36.67,$31.02,18.21,$41.05
METCB,Ramaco Resources Inc B,0.000,1,,0.01,$6.49,$5.80,11.90,$21.24
FLOC,Flowco Holdings Inc Cl A,0.000,1,,0.03,$22.51,$13.81,63.00,$28.15
STN,Stantec Inc.,0.000,1,,0.04,$73.57,$66.26,11.03,$113.80
ASPS,Altisource Portfolio Solutions S.A.,0.000,1,,0.01,$5.59,$4.30,30.00,$14.36
HLIT,Harmonic Inc.,0.000,1,,0.04,$12.39,$8.47,46.28,$17.68
WYFI,Whitefiber Inc,0.000,1,,0.01,$21.29,$10.51,102.57,$46.87
CHCT,Community Healthcare Trust Inc.,0.000,1,,0.03,$14.90,$11.84,25.84,$18.74
PRLB,Proto Labs Inc.,0.000,1,,0.02,$78.80,$45.10,74.72,$93.00
ZDGE,Zedge Inc.,0.000,1,,0.04,$2.88,$2.17,32.72,$4.61
LRLCF,L'Oreal SA,0.000,1,,0.02,$429.61,$374.08,14.84,$477.54
LOGI,Logitech International SA,0.000,1,,0.01,$95.89,$83.32,15.09,$129.66
ECTXF,Electrolux Professional Ab B,0.000,1,,0.01,$4.65,$3.86,20.47,$5.94
WNC,Wabash National,0.000,1,,0.00,$11.68,$6.59,77.24,$14.23
CDRE,Cadre Holdings Inc,0.000,1,,0.01,$33.20,$25.65,29.43,$48.44
WT,WisdomTree Investments,0.000,1,,0.02,$22.69,$10.64,113.25,$23.47
ETN,Eaton Corp.,0.000,1,,0.03,$417.92,$309.33,35.10,$478.00
NWS,News Corp. CL B,0.000,1,,0.00,$33.59,$25.40,32.24,$35.31
MIRM,Mirum Pharmaceuticals Inc.,0.000,1,,0.02,$97.45,$63.23,54.12,$130.00
SLP,Simulations Plus Inc.,0.000,1,,0.03,$18.38,$11.09,65.73,$21.01
PTCT,PTC Therapeutics Inc.,0.000,1,,0.02,$70.83,$48.09,47.29,$90.87
BBY,Best Buy Co. Inc.,0.000,1,,0.00,$85.89,$54.38,57.94,$91.27
LNTH,Lantheus Holdings Inc.,0.000,1,,0.00,$100.11,$49.67,101.55,$111.86
CPAC,Cementos Pacasmayo Saa ADR,0.000,1,,0.02,$11.80,$5.68,107.75,$12.70
ARM,Arvinmeritor Inc.,0.000,1,,0.01,$247.93,$100.02,147.88,$452.70
XT,Ishar Fture Exp Tech ETF Usd,0.000,1,,0.00,$82.45,$60.96,35.25,$83.89
MKC,McCormick & Co.,0.000,1,,0.02,$55.53,$44.42,25.01,$71.13
OIS,Oil States International Inc.,0.000,1,,0.03,$8.66,$4.93,75.66,$14.50
COPX,Global X Copper Miners ETF,0.000,1,,0.00,$89.50,$44.75,100.00,$99.65
TWI,Titan International Inc.,0.000,1,,0.01,$6.60,$6.37,3.61,$11.70
PGNY,Progyny Inc.,0.000,1,,0.01,$25.86,$16.10,60.62,$33.07
WLK,Westlake Chemical Corp.,0.000,1,,0.00,$79.39,$55.23,43.74,$123.49
CAE,CAE Inc.,0.000,1,,0.04,$25.02,$22.76,9.93,$34.24
EPP,iShares MSCI Pacific ex-Japan ETF,0.000,1,,0.01,$57.33,$47.21,21.44,$58.12
BRSL,Brightstar Lottery,0.000,1,,0.03,$11.57,$9.70,19.28,$17.27
CATO,Cato Corp. CL A,0.000,1,,0.00,$2.85,$2.59,10.04,$4.92
DCOM,Dime Community Bancshares,0.000,1,,0.02,$40.11,$25.09,59.86,$41.97
CVE,Cenovus Energy Inc.,0.000,1,,0.01,$32.48,$14.43,125.09,$33.27
KMB,Kimberly-Clark,0.000,1,,0.01,$109.04,$91.17,19.60,$129.81
PACK,Ranpak Holdings Corp. CL A,0.000,1,,0.01,$4.92,$3.22,52.80,$7.81
AZUL,Azul S.A.,0.000,1,,0.03,$7.64,$7.32,4.37,$14.00
RTLLF,Rational Ag,0.000,1,,0.02,$718.55,$673.93,6.62,$859.22
RMBS,Rambus Inc.,0.000,1,,0.01,$91.93,$67.15,36.90,$174.10
VXUS,Vanguard Total Intl Stock,0.000,1,,0.01,$86.89,$68.38,27.07,$88.62
AIRJ,Airjoule Technologies Corp,0.000,1,,0.01,$5.02,$2.22,126.13,$6.75
MASS,908 Devices Inc,0.000,1,,0.01,$10.21,$5.03,102.98,$10.52
NVMI,Nova Ltd,0.000,1,,0.01,$379.46,$232.73,63.05,$615.99
GPRK,Geopark Ltd,0.000,1,,0.00,$9.72,$5.68,71.13,$11.84
MITK,Mitek Systems Inc.,0.000,1,,0.01,$18.85,$8.53,120.98,$21.05
SMBK,SmartFinancial Inc.,0.000,1,,0.03,$50.91,$32.74,55.50,$54.14
ATRC,AtriCure Inc.,0.000,1,,0.01,$47.37,$25.36,86.79,$47.98
ATAT,Atour Lifestyle Holdings ADR,0.000,1,,0.00,$34.06,$30.78,10.66,$42.49
ESTA,Establishment Labs Hldg Inc.,0.000,1,,0.02,$71.62,$36.53,96.06,$97.59
HURC,Hurco Cos. Inc.,0.000,1,,0.00,$23.08,$14.50,59.17,$24.90
PRSU,Pursuit Attractions and Hospitality,0.000,1,,0.01,$48.11,$32.03,50.20,$56.52
LFST,Lifestance Health Group Inc,0.000,1,,0.03,$12.72,$4.77,166.67,$12.89
UNM,Unum Group,0.000,1,,0.00,$86.90,$67.08,29.55,$94.55
UFCS,United Fire Group Inc.,0.000,1,,0.00,$53.12,$29.32,81.17,$55.82
CRMT,America's Car Mart Inc.,0.000,1,,0.01,$2.88,$1.38,108.70,$47.93
FLMNF,Fielmann Group Ag,0.000,1,,0.02,$50.75,$50.75,0.00,$62.66
MG,Mistras Group Inc.,0.000,1,,0.02,$19.48,$8.96,117.41,$19.88
ASX,Ase Technology Holding ADR,0.000,1,,0.01,$36.62,$9.43,288.34,$45.27
ORI,Old Republic International,0.000,1,,0.02,$42.15,$35.42,19.00,$44.65
SIL,Global X Silver Miners ETF,0.000,1,,0.00,$97.07,$51.58,88.19,$119.08
TITN,Titan Machinery Inc.,0.000,1,,0.03,$17.86,$13.21,35.20,$25.00
PUMP,ProPetro Holding Corp.,0.000,1,,0.02,$11.33,$4.51,151.22,$18.50
XLF,Financial Select Sector SPDR,0.000,1,,0.00,$57.28,$47.50,20.59,$58.41
WSR-OLD,Whitestone REIT,0.000,1,,0.02,$18.99,$11.17,70.01,$19.00
KZIA,Kazia Therapeutics Spon ADR,0.000,1,,0.02,$13.59,$4.86,179.63,$17.40
VNQ,Vanguard Real Estate ETF,0.000,1,,0.00,$98.94,$85.39,15.87,$101.80
DIN,Dine Brands Global Inc.,0.000,1,,0.02,$33.75,$20.00,68.75,$39.19
IXN,Ishares Global Tech ETF,0.000,1,,0.00,$138.73,$92.32,50.27,$149.65
GANX,Gain Therapeutics Inc.,0.000,1,,0.03,$1.98,$1.53,29.41,$4.34
TRNO,Terreno Realty Corp.,0.000,1,,0.03,$68.54,$53.13,29.00,$78.94
GLBE,Global E Online Ltd,0.000,1,,0.04,$40.80,$26.85,51.96,$43.99
SSPPF,Ssp Group Plc,0.000,1,,0.02,$2.55,$1.67,52.69,$2.55
AKTS,Aktis Oncology Inc,0.000,1,,0.02,$23.91,$14.72,62.43,$34.19
UMC,United Microelectronics Corp.,0.000,1,,0.01,$17.98,$6.45,178.76,$28.46
FVR,Frontview Reit Inc,0.000,1,,0.02,$19.88,$12.16,63.49,$22.29
FMC,FMC Corp.,0.000,1,,0.04,$10.82,$9.95,8.74,$39.44
AMBQ,Ambiq Micro Inc,0.000,1,,0.04,$57.49,$22.12,159.90,$91.61
HCSG,Healthcare Services Group,0.000,1,,0.02,$22.96,$15.11,51.95,$25.75
ASR,Grupo Aeroportuario Sure SA de CV,0.000,1,,0.00,$260.26,$255.93,1.69,$374.42
SNDA,Sonida Senior Living Inc.,0.000,1,,0.00,$40.09,$24.95,60.68,$44.39
AVAH,Aveanna Healthcare Holdings Inc.,0.000,1,,0.01,$13.06,$5.93,120.24,$13.36
ETON,Eton Pharmaceuticals Inc.,0.000,1,,0.01,$60.94,$14.27,327.05,$63.83
IIIV,I3 Verticals Inc. CL A,0.000,1,,0.03,$16.52,$15.57,6.10,$33.97
RXT,Rackspace Technology Inc.,0.000,1,,0.04,$3.23,$0.39,728.21,$8.60
PNR,Pentair plc,0.000,1,,0.04,$64.19,$57.35,11.93,$112.57
AMPY,Amplify Energy Corp.,0.000,1,,0.01,$4.83,$3.65,32.33,$6.79
FLUIF,Fluidra SA,0.000,1,,0.02,$22.00,$22.00,0.00,$29.81
MC,Moelis & Co.,0.000,1,,0.01,$67.18,$50.06,34.20,$75.92
ZLDSF,Zalando Se,0.000,1,,0.01,$32.35,$22.73,42.32,$32.35
OGS,ONE Gas Inc.,0.000,1,,0.02,$81.91,$71.66,14.30,$89.27
KWR,Quaker Chemical,0.000,1,,0.04,$163.46,$111.37,46.77,$181.69
VTR,Ventas Inc.,0.000,1,,0.04,$92.69,$64.72,43.22,$101.60
XES,Ss SPDR S&P Og Eqp & Serv,0.000,1,,0.00,$121.01,$63.49,90.60,$134.99
CDNA,CareDx Inc.,0.000,1,,0.03,$46.70,$11.27,314.37,$49.76
VBR,Vanguard Small Cap Value ETF,0.000,1,,0.00,$247.75,$195.77,26.55,$251.85
