Symbol,Stock,%▼,"Ownership
count",Hold Price*,Max %,"Current
Price","52 Week
Low","% Above
52 Week
Low","52 Week
High"
AMZN,Amazon.com Inc.,2.917,34,$238.34,32.21,$250.17,$196.00,27.64,$287.20
GOOG,Alphabet Inc. CL C,2.582,34,$353.33,23.39,$345.44,$236.07,46.33,$403.96
BRK.B,Berkshire Hathaway CL B,2.416,26,$500.39,33.89,$499.85,$464.01,7.72,$537.74
GOOGL,Alphabet Inc.,2.084,36,$357.37,24.55,$348.69,$235.23,48.23,$408.10
MSFT,Microsoft Corp.,1.779,37,$373.02,20.54,$517.65,$348.54,48.52,$549.20
BRK.A,Berkshire Hathaway CL A,1.758,17,$748851.77,42.42,$750000.00,$698000.00,7.45,$806102.81
V,Visa Inc.,1.713,30,$343.09,19.83,$361.05,$292.74,23.33,$385.57
META,Meta Platforms Inc.,1.580,31,$563.30,20.45,$732.44,$519.37,41.02,$779.82
CVNA,Carvana Co.,1.483,7,$65.82,78.85,$63.83,$54.46,17.21,$97.38
MA,Mastercard Inc.,1.419,22,$513.60,20.01,$554.08,$463.74,19.48,$601.23
AAPL,Apple Inc.,1.224,22,$289.36,41.05,$335.59,$242.76,38.24,$345.34
TSM,Taiwan Semiconductor S.A.,0.986,24,$477.55,10.55,$457.26,$264.08,73.15,$477.72
GE,GE Aerospace,0.968,10,$373.73,35.61,$314.44,$268.58,17.07,$388.84
MCO,Moody's Corp.,0.948,17,$452.92,19.14,$457.41,$399.61,14.46,$543.25
JOE,St. Joe Co.,0.932,1,,76.43,$66.08,$45.92,43.90,$73.02
TDG,TransDigm Group Inc.,0.751,6,$1332.04,27.51,$1081.69,$1071.25,0.97,$1463.03
BN,Brookfield Corp.,0.736,9,$42.59,16.29,$36.51,$36.08,1.19,$49.31
SPGI,S&P Global Inc.,0.730,15,$407.26,19.92,$396.83,$360.09,10.20,$521.12
ASML,ASML Holding NV,0.722,9,$1989.38,21.11,$1813.67,$929.27,95.17,$1997.36
NVDA,NVIDIA Corp.,0.720,18,$200.09,9.34,$230.68,$163.90,40.74,$236.00
IBKR,Interactive Brokers Group Inc.,0.706,6,$87.04,33.42,$85.74,$58.70,46.06,$98.66
IEP,Icahn Enterprises,0.658,1,,53.95,$6.83,$5.82,17.35,$7.44
FICO,Fair Isaac Corp.,0.581,8,$1194.78,25.77,$600.90,$593.15,1.31,$1998.01
HCC,Warrior Met Coal Inc.,0.580,3,$81.16,43.32,$88.85,$61.64,44.14,$111.42
LOAR,Loar Holdings Inc,0.575,1,,47.15,$62.11,$53.15,16.86,$83.43
MOH,Molina Healthcare Inc.,0.567,3,$193.75,43.49,$188.77,$121.06,55.93,$244.89
GPI,Group 1 Automotive,0.566,2,$291.17,46.41,$244.68,$235.11,4.07,$458.18
PDD,Pinduoduo Inc.,0.545,4,$76.28,22.17,$78.16,$71.94,8.65,$139.41
UBER,Uber Technologies Inc.,0.521,11,$72.16,12.72,$69.00,$65.41,5.49,$101.30
AMAT,Applied Materials,0.516,12,$723.00,19.48,$512.96,$201.75,154.26,$738.88
C,Citigroup Inc.,0.484,8,$139.96,18.50,$129.88,$91.72,41.60,$147.21
COF,Capital One Financial,0.470,16,$200.62,7.13,$193.52,$173.62,11.46,$256.63
AXP,American Express,0.464,16,$338.24,17.14,$304.69,$289.26,5.33,$384.36
SUNB,Sunbelt Rentals Holdings Inc,0.464,12,$75.05,10.59,$73.78,$60.16,22.64,$85.44
ELV,Elevance Health Inc.,0.457,12,$386.73,9.11,$391.09,$270.87,44.38,$434.35
SNX,SYNNEX Corp.,0.456,4,$267.34,26.38,$256.79,$141.15,81.93,$298.77
CROX,Crocs Inc.,0.443,6,$120.64,27.20,$117.71,$73.21,60.78,$141.28
DIS,Walt Disney Co.,0.432,20,$96.25,9.55,$105.23,$91.48,15.03,$115.42
LULU,Lululemon Athletica Inc.,0.403,4,$176.58,32.35,$96.43,$95.35,1.13,$225.98
CVS,CVS Health Corp.,0.396,10,$103.45,10.63,$86.19,$68.48,25.86,$110.00
EQH,Equitable Holdings Inc.,0.395,5,$43.88,30.38,$51.94,$34.72,49.60,$55.06
SLM,SLM Corp.,0.387,3,$27.27,24.16,$22.69,$17.46,29.95,$30.52
JHG-OLD,Janus Henderson Group,0.385,1,,31.53,$51.98,$37.96,36.93,$53.76
RIG,Transocean Ltd.,0.373,2,$4.89,30.53,$5.28,$3.03,74.26,$7.66
AVGO,Broadcom Inc.,0.368,13,$377.75,10.61,$353.69,$288.98,22.39,$493.32
ICLR,ICON plc,0.358,6,$173.71,11.94,$169.39,$66.57,154.45,$203.91
FERG,Ferguson Enterprises Inc.,0.339,11,$237.33,6.88,$224.62,$212.13,5.89,$268.59
SCHW,Charles Schwab Corp.,0.338,11,$92.27,6.56,$98.04,$83.72,17.10,$114.53
ADI,Analog Devices,0.319,11,$397.17,7.97,$397.97,$220.71,80.31,$444.56
AMR,Alpha Metallurgical Resources Inc.,0.318,1,,26.11,$171.04,$133.64,27.99,$253.82
MKL,Markel Group Inc.,0.309,5,$1953.01,10.89,$1721.58,$1716.00,0.33,$2207.59
UNH,United Health Group Inc.,0.302,17,$415.63,6.05,$369.13,$252.95,45.93,$458.79
TMO,Thermo Fisher Scientific,0.301,11,$501.36,9.81,$677.59,$434.50,55.95,$682.98
KHC,Kraft Heinz Co.,0.299,9,$23.61,12.80,$22.92,$20.34,12.68,$27.65
PYPL,PayPal Holdings Inc.,0.294,8,$43.18,10.61,$52.78,$38.12,38.46,$78.34
RKT,Rocket Companies Inc.,0.290,5,$15.75,11.65,$11.65,$11.38,2.37,$24.36
CVI,CVR Energy Inc.,0.289,1,,23.73,$52.30,$19.50,168.21,$55.19
VFC,V.F. Corp.,0.287,2,$16.68,23.36,$14.05,$12.46,12.76,$22.00
BABA,Alibaba Group Holdings,0.281,9,$95.98,16.92,$108.26,$91.99,17.69,$190.92
CAT,Caterpillar Inc.,0.275,6,$1064.90,19.65,$814.86,$466.04,74.85,$1071.47
CNH,CNH Industrial NV,0.271,5,$11.23,17.11,$12.92,$8.91,45.01,$14.46
WM,Waste Management Inc.,0.267,3,$222.88,17.30,$204.78,$190.92,7.26,$246.06
ORLA-OLD,Orla Mining Ltd,0.264,3,$9.73,21.55,$9.45,$8.43,12.10,$21.95
CP,Canadian Pacific Kansas City,0.261,7,$86.65,7.44,$85.47,$67.83,26.01,$96.69
LYV,Live Nation Inc.,0.257,8,$183.11,7.69,$170.52,$125.34,36.05,$189.25
APP,Applovin Corp.,0.257,4,$515.25,14.50,$292.04,$292.04,0.00,$738.01
ASH,Ashland Global Holdings Inc.,0.256,2,$65.89,17.47,$68.12,$45.04,51.24,$77.80
GM,General Motors,0.255,7,$77.08,11.46,$77.23,$53.87,43.36,$91.66
LEN,Lennar Corp.,0.255,4,$90.49,11.82,$81.80,$75.70,8.06,$131.68
BKNG,Booking Holdings Inc.,0.252,6,$178.24,8.46,$163.23,$149.40,9.26,$222.95
RPRX,Royalty Pharma plc,0.250,3,$56.07,8.82,$58.48,$34.29,70.55,$64.38
VRT,Vertiv Holdings Co.,0.250,3,$334.82,20.37,$242.63,$143.85,68.67,$379.76
NFLX,Netflix Inc.,0.248,11,$71.40,5.41,$69.83,$65.08,7.30,$124.86
CNI,Canadian Natl Railway Co.,0.247,6,$119.24,17.95,$119.74,$88.62,35.12,$130.84
DHR,Danaher Corp.,0.245,12,$190.48,7.64,$221.00,$160.60,37.61,$241.78
BAC,Bank of America Corp.,0.244,15,$56.98,9.20,$54.59,$45.64,19.61,$64.89
BDX,Becton Dickinson,0.238,7,$151.33,9.93,$180.04,$124.46,44.66,$191.94
QSR,Restaurant Brands International,0.238,3,$72.51,9.62,$71.34,$61.87,15.31,$81.15
GRBK,Green Brick Partners,0.237,2,$80.04,19.39,$66.17,$60.44,9.48,$83.18
CRM,Salesforce.com,0.235,10,$156.66,8.33,$229.51,$146.06,57.13,$267.80
AZN,AstraZeneca PLC,0.233,3,$187.18,19.03,$162.23,$90.90,78.47,$209.12
KKR,KKR & Co. L.P.,0.231,7,$91.78,8.95,$91.87,$82.35,11.56,$144.02
WFC,Wells Fargo,0.225,14,$82.64,3.11,$80.26,$72.36,10.92,$96.18
YETI,YETI Holdings Inc.,0.224,2,$49.56,18.33,$41.22,$31.66,30.20,$53.99
SGOV,Ishares 0 3 Month Treasury B,0.220,4,$100.67,10.59,$100.69,$97.05,3.75,$100.69
CACC,Credit Acceptance Corp.,0.220,2,$636.74,18.01,$531.21,$401.90,32.17,$668.86
RACE,Ferrari NV,0.216,4,$370.77,7.71,$393.23,$308.95,27.28,$498.75
PM,Philip Morris Intl.,0.212,10,$180.91,9.18,$191.67,$138.43,38.46,$207.76
SOLV,Solventum Corp,0.210,4,$77.15,15.02,$88.85,$62.38,42.43,$94.16
WBD,Warner Bros. Discovery Inc.,0.209,5,$26.66,11.68,$30.86,$17.08,80.68,$30.92
LAD,Lithia Motors Inc.,0.207,6,$290.49,13.20,$293.32,$238.86,22.80,$438.67
TXN,Texas Instruments,0.206,14,$298.07,3.93,$281.94,$150.20,87.71,$332.33
OMF,OneMain Holdings,0.200,4,$60.97,10.08,$55.52,$44.20,25.61,$68.16
EGO,Eldorado Gold Corp.,0.197,1,,16.18,$38.56,$24.30,58.68,$50.88
CPNG,Coupang Inc.,0.196,8,$17.37,6.89,$13.79,$13.41,2.83,$32.96
TKO,TKO Group Holdings Inc.,0.196,1,,16.07,$180.57,$173.25,4.23,$224.23
IFF,International Flavors & Fragrances Inc.,0.194,5,$79.22,5.43,$84.22,$57.85,45.58,$88.89
OXY,Occidental Petroleum,0.192,4,$48.57,7.02,$55.52,$38.26,45.11,$66.83
AON,Aon Plc,0.191,10,$331.69,4.91,$277.92,$269.02,3.31,$381.47
FWONK,Liberty Media Corp Formula One Series C,0.191,3,$95.14,7.73,$92.59,$80.15,15.52,$109.36
GXO,Gxo Logistics Inc.,0.189,1,,15.46,$44.77,$43.61,2.66,$66.85
EPD,Enterprise Products Partners LP,0.188,6,$36.76,13.46,$35.76,$28.18,26.90,$39.69
APTV,Aptiv PLC,0.187,2,$61.38,14.51,$43.15,$42.92,0.54,$78.49
AER,AerCap Holdings N.V.,0.185,3,$145.78,7.16,$145.03,$117.76,23.16,$158.38
ALC,Alcon Inc.,0.185,2,$67.33,15.19,$64.81,$61.84,4.80,$87.22
PEP,PepsiCo Inc.,0.184,12,$135.40,5.27,$127.36,$126.42,0.74,$166.41
MU,Micron Technology Inc.,0.184,5,$1154.29,15.06,$1069.85,$163.70,553.54,$1254.81
CMCSA,Comcast Corp.,0.183,14,$24.55,3.15,$21.96,$21.28,3.20,$32.04
LLY,Eli Lilly & Co.,0.183,7,$1199.42,6.89,$1162.64,$720.76,61.31,$1292.65
KO,Coca Cola Co.,0.182,9,$81.27,10.86,$86.33,$64.14,34.60,$91.94
BLK,BlackRock Inc.,0.181,6,$961.57,9.93,$1063.70,$907.59,17.20,$1194.41
DASH,DoorDash Inc.,0.181,4,$184.53,7.46,$184.52,$143.30,28.76,$285.50
PVH,PVH Corp.,0.179,4,$74.26,9.92,$74.79,$59.55,25.59,$100.69
HGV,Hilton Grand Vacations Inc.,0.177,2,$52.37,14.48,$34.58,$34.48,0.29,$55.40
SIRI,SiriusXM Holdings Inc,0.175,5,$29.54,5.59,$25.86,$19.15,35.04,$32.37
ICE,Intercontinental Exchange Inc.,0.174,6,$123.11,4.90,$152.35,$121.39,25.50,$174.25
BAYRY,Bayer Ag Sponsored ADR,0.172,1,,14.12,$14.46,$7.46,93.83,$15.23
ACN,Accenture,0.170,12,$124.44,4.86,$182.68,$116.75,56.47,$285.21
BAX,Baxter International Inc.,0.170,7,$21.32,4.09,$24.02,$15.72,52.80,$29.99
CCL,Carnival Corp.,0.170,2,$28.57,12.78,$24.78,$21.45,15.52,$33.49
TOL,Toll Brothers,0.169,4,$164.75,10.71,$135.65,$122.93,10.35,$167.75
TRMD,Torm Plc,0.169,2,$25.79,13.87,$38.12,$16.70,128.26,$38.73
OKTA,Okta Inc.,0.168,1,,13.80,$210.77,$62.66,236.37,$212.50
TSLA,Tesla Inc.,0.167,6,$420.60,7.44,$353.00,$297.38,18.70,$498.83
DG,Dollar General,0.167,5,$115.11,8.66,$119.61,$93.78,27.54,$156.68
IONS,Ionis Pharmaceuticals Inc.,0.167,1,,13.70,$45.36,$43.01,5.46,$86.74
ROP,Roper Technologies Inc.,0.165,4,$338.39,7.80,$349.30,$305.19,14.45,$517.59
ORCL,Oracle Corp.,0.164,14,$146.55,4.51,$138.17,$114.50,20.67,$319.46
APH,Amphenol Corp.,0.164,7,$88.16,8.29,$84.58,$58.82,43.79,$89.12
SPOT,Spotify Technology S.A.,0.163,7,$459.13,4.96,$489.37,$405.00,20.83,$721.67
KEX,Kirby Corp.,0.161,1,,13.22,$130.67,$79.52,64.32,$157.69
PG,Procter & Gamble,0.160,9,$146.64,4.38,$146.01,$134.62,8.46,$164.77
GIL,Gildan Activewear Inc.,0.160,1,,13.10,$42.68,$39.93,6.89,$72.73
AJG,Arthur J. Gallagher & Co.,0.159,6,$229.57,6.43,$229.17,$189.61,20.86,$309.90
XRAY,DENTSPLY SIRONA Inc.,0.159,3,$10.61,12.18,$8.93,$8.86,0.79,$14.76
PFE,Pfizer Inc.,0.158,10,$24.08,3.07,$28.75,$22.25,29.21,$29.21
USB,U.S. Bancorp,0.157,6,$60.41,5.56,$57.86,$43.76,32.22,$66.08
ADP,Automatic Data Processing Inc.,0.157,6,$223.95,4.93,$261.41,$185.56,40.88,$286.17
VMC,Vulcan Materials,0.157,6,$295.01,5.62,$246.77,$239.90,2.86,$329.20
MDLN,Medline Inc Cl A,0.157,4,$39.44,6.28,$34.81,$31.49,10.54,$50.88
INTU,Intuit Inc.,0.156,8,$261.00,6.62,$275.13,$251.72,9.30,$694.32
SHW,Sherwin-Williams,0.155,7,$344.32,4.50,$324.01,$289.19,12.04,$375.09
NEM,Newmont Corp.,0.155,4,$93.40,6.25,$115.80,$75.34,53.70,$135.01
SGI,Somnigroup International Inc.,0.155,2,$78.40,8.30,$62.40,$60.08,3.86,$97.86
EXE,Expand Energy Corp.,0.154,1,,12.64,$84.62,$83.25,1.65,$124.43
HD,Home Depot,0.153,10,$352.68,5.61,$285.10,$284.65,0.16,$395.79
GEHC,GE HealthCare Technologies Inc.,0.153,8,$64.01,4.67,$65.69,$58.72,11.87,$89.64
EG,Everest Group Ltd,0.153,4,$357.23,11.28,$366.18,$295.27,24.02,$398.90
DE,Deere & Co.,0.152,7,$634.33,6.56,$671.30,$429.14,56.43,$721.22
CRH,CRH plc,0.152,5,$107.00,5.14,$82.85,$82.17,0.83,$130.09
UHAL.B,U Haul Holding Co Non Voting,0.152,4,$57.70,4.42,$53.24,$39.55,34.61,$66.84
ALK,Alaska Air Group,0.151,2,$52.20,10.58,$38.90,$33.03,17.77,$60.63
WAT,Waters Corp.,0.150,8,$375.04,6.25,$440.26,$282.77,55.70,$446.17
MSI,Motorola Solutions Inc.,0.148,8,$415.29,5.63,$447.32,$356.42,25.50,$493.57
TRU,TransUnion,0.148,3,$72.14,5.94,$61.81,$61.51,0.49,$88.68
INTC,Intel Corp.,0.147,7,$139.63,4.62,$119.67,$32.89,263.85,$142.35
JPM,JPMorgan Chase & Co.,0.146,15,$327.33,3.54,$332.27,$276.43,20.20,$366.50
HEI.A,HEICO Corp. CL A,0.146,4,$257.91,6.38,$229.10,$199.25,14.98,$279.52
UNP,Union Pacific,0.145,11,$272.00,5.95,$273.69,$211.08,29.66,$314.53
SW,Smurfit Westrock Plc,0.143,3,$46.26,7.56,$44.61,$31.79,40.33,$51.52
PPLI,People Inc.,0.143,3,$46.16,7.54,$41.86,$29.56,41.61,$48.32
FBIN,Fortune Brands Innovations Inc.,0.141,5,$54.90,4.83,$38.27,$31.92,19.89,$63.70
RBC,RBC Bearings Inc.,0.141,2,$644.06,10.70,$500.80,$364.50,37.39,$667.69
PGR,Progressive Corp.,0.140,7,$218.45,4.79,$208.22,$187.79,10.88,$239.38
OSK,Oshkosh Corp.,0.140,5,$153.48,6.69,$128.69,$115.83,11.10,$178.55
ET,Energy Transfer LP,0.140,4,$19.12,7.18,$19.75,$15.10,30.79,$21.84
SN,Sharkninja Inc,0.139,5,$152.27,10.67,$181.46,$83.12,118.31,$194.54
SYK,Stryker Corp.,0.139,4,$314.84,6.72,$276.61,$267.00,3.60,$389.48
KOF,Coca-Cola FEMSA S A CV,0.138,3,$106.25,9.34,$108.22,$76.77,40.97,$117.09
EQT,EQT Corp.,0.137,3,$53.17,6.19,$48.86,$47.79,2.24,$67.84
LRCX,Lam Research,0.136,7,$433.33,5.72,$329.09,$130.21,152.74,$438.03
BA,Boeing Co.,0.136,6,$216.47,3.38,$186.27,$176.77,5.37,$254.35
JNJ,Johnson & Johnson,0.135,12,$253.97,3.96,$265.31,$177.08,49.82,$281.07
DB,Deutsche Bank AG,0.135,4,$33.86,10.80,$35.94,$27.13,32.47,$41.62
MAT,Mattel Inc.,0.135,2,$13.88,8.92,$12.78,$12.57,1.67,$22.48
BLDR,Builders FirstSource Inc.,0.134,6,$89.48,5.60,$57.62,$56.56,1.87,$131.50
UAA,Under Armour Inc.,0.134,1,,10.98,$4.41,$4.13,6.78,$8.15
TEL,TE Connectivity plc,0.133,8,$201.61,3.93,$212.46,$189.53,12.10,$250.61
QCOM,QUALCOMM Inc.,0.133,7,$184.79,3.66,$184.40,$120.88,52.55,$257.56
SLB,Schlumberger Ltd.,0.132,8,$46.49,4.36,$48.97,$30.88,58.58,$60.15
DHI,D.R. Horton,0.132,4,$162.88,6.59,$137.56,$130.96,5.04,$174.13
BFAM,Bright Horizons Family Solutions Inc.,0.132,2,$70.88,8.28,$63.94,$57.63,10.95,$109.86
CB,Chubb Limited,0.131,6,$340.74,4.79,$326.30,$262.07,24.51,$364.81
PHM,PulteGroup Inc.,0.131,3,$137.21,8.64,$116.53,$108.02,7.88,$143.57
FISV,Fiserv Inc.,0.130,9,$49.05,2.79,$45.34,$44.82,1.16,$130.40
CBRE,CBRE Group,0.130,7,$134.69,3.67,$128.98,$121.69,5.99,$174.27
RYN,Rayonier Inc.,0.129,1,,10.54,$18.51,$18.50,0.05,$24.53
AIIR,Air Holdings Ltd,0.129,1,,10.61,$7.70,$5.29,45.56,$13.37
TSN,Tyson Foods,0.128,6,$57.25,3.11,$50.90,$48.84,4.22,$68.27
NCLH,Norwegian Cruise Line Hlgs Ltd.,0.128,3,$21.11,4.23,$14.80,$13.63,8.58,$25.24
FLG,Flagstar Financial Inc.,0.127,2,$14.94,9.62,$11.72,$10.54,11.20,$15.43
GEV,Ge Vernova Inc,0.126,10,$1174.86,3.91,$954.29,$529.18,80.33,$1195.94
TDS,Telephone & Data Systems,0.125,2,$37.01,5.17,$33.99,$31.48,7.97,$49.02
HHH,Howard Hughes Holdings Inc.,0.125,1,,10.23,$73.81,$60.09,22.83,$91.07
SE,Sea Ltd,0.124,8,$95.83,5.02,$97.70,$77.05,26.80,$193.48
TDW,Tidewater Inc.,0.124,3,$66.63,9.95,$82.08,$46.65,75.95,$101.58
ZS,Zscaler Inc.,0.124,1,,10.18,$200.57,$114.63,74.97,$336.99
NOW,ServiceNow Inc.,0.123,6,$99.28,4.59,$134.28,$81.24,65.29,$192.97
CI,Cigna Group,0.122,7,$275.68,2.67,$275.15,$234.20,17.49,$308.48
EFX,Equifax Inc.,0.121,9,$158.73,2.27,$138.02,$137.23,0.58,$255.40
FDX,FedEx Corp.,0.120,7,$313.13,3.18,$285.13,$176.88,61.20,$342.73
APD,Air Products & Chemicals,0.118,7,$293.18,3.96,$281.57,$224.64,25.34,$314.87
CSGP,CoStar Group Inc.,0.118,4,$28.32,6.49,$27.37,$25.89,5.72,$85.24
EWBC,East West Bancorp,0.118,1,,9.68,$124.49,$90.34,37.80,$137.47
URI,United Rentals,0.116,6,$1132.89,5.14,$1007.73,$698.94,44.18,$1177.15
ABNB,Airbnb Inc.,0.116,5,$143.10,3.59,$161.43,$110.81,45.68,$193.45
RYAN,Ryan Specialty Holdings Inc,0.116,2,$37.76,9.09,$37.32,$29.07,28.38,$58.44
MRK,Merck & Co.,0.115,10,$128.49,4.43,$146.03,$76.16,91.74,$156.00
MRSH,Marsh,0.115,6,$166.67,3.98,$171.59,$155.72,10.19,$204.56
TECH,Bio-Techne Corp.,0.115,5,$70.65,3.68,$72.47,$43.07,68.26,$72.69
ACHC,Acadia Healthcare Co.,0.114,2,$29.53,6.00,$27.49,$11.43,140.51,$35.83
EVH,Evolent Health Inc.,0.114,1,,9.34,$3.51,$2.10,67.14,$8.81
IDXX,IDEXX Laboratories,0.110,6,$526.44,3.93,$523.69,$500.61,4.61,$769.98
GPC,Genuine Parts,0.110,6,$117.98,6.13,$127.00,$89.11,42.52,$147.43
REGN,Regeneron Pharmaceuticals,0.110,3,$623.54,4.95,$758.51,$538.24,40.92,$859.34
VTRS,Viatris Inc.,0.110,3,$15.88,5.13,$17.79,$9.23,92.74,$18.43
NU,Nu Holdings Ltd,0.108,5,$13.36,4.29,$12.74,$11.20,13.75,$18.98
NBR,Nabors Industries Ltd.,0.108,1,,8.85,$78.32,$36.66,113.64,$112.90
FRPT,Freshpet Inc.,0.108,1,,8.87,$57.39,$46.45,23.55,$86.00
ZBH,Zimmer Biomet Holdings,0.107,7,$86.09,3.36,$89.15,$78.91,12.98,$106.03
DECK,Deckers Outdoor,0.107,2,$99.29,7.52,$78.55,$77.37,1.53,$122.29
LIN,Linde plc,0.106,7,$518.94,4.94,$477.30,$384.00,24.30,$546.40
CFRHF,Compagnie Financiere Richemont SA,0.106,1,,8.67,$215.19,$158.90,35.42,$247.85
MELI,Mercadolibre Inc.,0.105,7,$1697.39,5.10,$1736.83,$1495.00,16.18,$2481.10
DCH,Dauch Corp.,0.105,3,$5.42,3.97,$5.25,$4.92,6.71,$9.25
SYF,Synchrony Financial,0.105,3,$76.05,7.84,$71.12,$62.56,13.68,$87.67
CVX,Chevron Corp.,0.104,11,$165.76,4.67,$205.37,$142.51,44.11,$217.78
WTW,Willis Towers Watson plc,0.104,5,$261.37,3.44,$288.79,$239.74,20.46,$351.51
WEN,Wendy's Co.,0.104,4,$8.29,5.97,$6.43,$6.02,6.81,$9.51
DVN,Devon Energy Corp.,0.103,5,$41.32,4.49,$46.24,$30.69,50.67,$52.00
TFX,Teleflex,0.103,3,$126.76,4.91,$124.49,$99.39,25.25,$144.64
CGNX,Cognex Corp.,0.103,2,$72.42,7.60,$60.67,$34.45,76.11,$72.78
CPRT,Copart Inc.,0.102,6,$28.19,4.41,$27.40,$26.74,2.47,$45.89
AMD,Advanced Micro Devices,0.101,6,$580.91,5.12,$612.06,$159.33,284.15,$639.00
FCNCA,First Citizens Bancshares,0.101,3,$2080.78,5.32,$2074.27,$1617.01,28.28,$2294.10
VST,Vistra Corp.,0.101,3,$158.63,4.70,$138.00,$132.26,4.34,$215.85
CNX,CNX Resources Corp.,0.101,1,,8.25,$31.29,$31.14,0.48,$43.62
UPS,United Parcel Service,0.100,7,$107.50,2.95,$93.76,$76.95,21.85,$116.86
MDT,Medtronic plc,0.100,7,$78.23,2.76,$86.60,$72.06,20.18,$102.92
BCC,Boise Cascade Company,0.100,3,$77.63,7.47,$74.84,$64.38,16.25,$91.16
ABM,ABM Industries,0.099,5,$44.24,7.10,$48.10,$36.45,31.96,$51.29
ORLY,O'Reilly Automotive,0.099,4,$92.09,3.90,$85.56,$82.59,3.60,$108.72
CNQ,Canadian Natural Resources,0.098,3,$39.50,8.04,$47.36,$28.47,66.35,$51.85
ABG,Asbury Automotive Group Inc.,0.098,2,$201.08,7.91,$173.66,$171.69,1.15,$258.75
EWY,iShares MSCI South Korea ETF,0.097,2,$201.90,6.55,$182.42,$77.93,134.08,$220.89
CR,Crane Co,0.097,2,$223.07,7.82,$205.32,$159.16,29.00,$230.22
BMY,Bristol-Myers Squibb,0.096,8,$57.62,2.88,$62.78,$41.13,52.64,$68.64
MGM,MGM Resorts International,0.096,4,$47.81,4.91,$31.11,$29.19,6.58,$51.59
MLM,Martin Marietta,0.096,3,$576.70,4.56,$483.61,$471.88,2.49,$707.94
GPN,Global Payments Inc.,0.095,4,$72.56,2.49,$81.81,$60.75,34.67,$95.61
AEM,Agnico-Eagle Mines Ltd.,0.094,3,$155.15,6.22,$184.18,$134.08,37.37,$254.05
APG,APi Group Corp.,0.094,3,$42.35,5.00,$38.79,$33.52,15.72,$49.99
URBN,Urban Outfitters Inc.,0.094,1,,7.72,$76.32,$59.54,28.18,$85.43
AU,AngloGold Ashanti Ltd.,0.093,3,$80.90,6.81,$94.24,$59.78,57.64,$124.69
NOMD,Nomad Foods Ltd,0.093,1,,7.61,$10.40,$8.86,17.38,$12.69
HKHHF,Heineken Holding NV,0.093,1,,7.61,$75.23,$64.00,17.55,$84.80
AVTR,Avantor Inc.,0.091,5,$9.90,2.82,$15.11,$7.27,107.84,$16.05
KLAC,KLA Corp.,0.091,3,$301.71,5.78,$196.15,$97.57,101.04,$307.03
MAR,Marriott Int'l.,0.090,4,$370.59,7.02,$357.71,$254.64,40.48,$410.15
MEDP,Medpace Holdings Inc.,0.090,4,$529.59,4.52,$624.26,$373.00,67.36,$677.90
HUM,Humana Inc.,0.090,2,$397.22,5.13,$385.67,$161.90,138.21,$428.88
HUT,Hut 8 Corp,0.090,2,$115.44,4.07,$87.65,$31.67,176.76,$140.80
ARES,Ares Management LP,0.090,2,$111.31,6.45,$116.97,$92.59,26.33,$173.99
GTX,Garrett Motion Inc.,0.090,2,$36.23,7.28,$26.05,$12.09,115.47,$36.14
GWRE,Guidewire Software Inc.,0.089,1,,7.27,$143.67,$102.30,40.44,$255.89
BNY,Bank of New York Mellon Corp.,0.088,10,$144.61,2.21,$145.00,$101.34,43.08,$165.84
KMX,CarMax Inc.,0.088,5,$52.89,3.50,$56.24,$30.26,85.86,$65.28
ECL,Ecolab Inc.,0.088,4,$278.61,4.22,$276.39,$241.85,14.28,$306.79
Q,Qnity Electronics Inc.,0.088,3,$163.31,7.23,$125.83,$72.62,73.27,$177.16
SHOP,Shopify Inc.,0.088,3,$114.18,4.50,$149.32,$94.00,58.85,$182.19
DLTR,Dollar Tree Inc.,0.088,1,,7.25,$113.38,$84.71,33.84,$142.40
YNDX,Yandex N.V.,0.088,1,,7.19,$20.00,$14.09,41.94,$20.36
BL,BlackLine Inc.,0.088,1,,7.19,$26.66,$24.70,7.94,$59.57
GNRC,Generac Holdings Inc.,0.087,6,$292.81,2.91,$207.95,$134.80,54.27,$296.44
JEF,Jefferies Financial Group Inc.,0.087,4,$49.98,3.44,$45.57,$35.00,30.20,$67.88
FLR,Fluor Corp.,0.087,2,$52.39,6.24,$48.49,$39.33,23.29,$58.35
RUSHA,Rush Enterprises Inc.,0.087,2,$48.65,7.03,$45.92,$30.09,52.61,$55.58
XOM,ExxonMobil Holdings Corp.,0.086,11,$136.72,3.65,$163.40,$107.28,52.31,$174.09
STX,Seagate Technology,0.086,3,$965.00,5.90,$921.23,$207.78,343.37,$1143.27
ALLY,Ally Financial Inc.,0.085,4,$45.95,4.78,$37.39,$35.43,5.53,$46.96
TOST,Toast Inc.,0.085,2,$27.82,6.98,$29.19,$22.26,31.13,$39.73
GDS,GDS Holdings Ltd,0.085,2,$30.03,4.92,$31.33,$26.97,16.17,$48.61
CEG,Constellation Energy Corp.,0.085,2,$248.37,3.97,$252.87,$228.28,10.77,$410.41
ABT,Abbott Labs,0.084,7,$90.74,3.98,$98.94,$81.39,21.56,$132.39
RTX,RTX Corp.,0.084,7,$189.73,3.49,$186.49,$153.36,21.60,$226.41
PFGC,Performance Food Group,0.084,4,$111.79,4.00,$91.74,$80.82,13.51,$117.48
QXO,Qxo Inc,0.084,3,$17.28,4.10,$11.84,$11.14,6.28,$27.61
MGA,Magna International Inc.,0.084,3,$91.94,6.54,$64.20,$41.73,53.85,$73.22
CTSH,Cognizant Technology Solutions,0.083,6,$38.73,3.02,$57.35,$36.86,55.59,$85.48
GTN,Gray Television Inc.,0.083,1,,6.80,$4.56,$3.49,30.66,$6.20
KEYS,Keysight Technologies Inc.,0.082,5,$350.07,4.48,$366.06,$158.79,130.53,$374.96
APO,Apollo Global Management,0.082,3,$118.31,4.46,$116.50,$98.73,18.00,$151.39
JLL,Jones Lang Lasalle Inc.,0.081,5,$309.95,3.28,$305.52,$259.83,17.58,$393.84
INDV,Indivior Pharmaceuticals Inc.,0.081,1,,6.65,$36.02,$27.68,30.13,$42.81
CRS,Carpenter Technology,0.080,3,$616.84,3.63,$391.10,$233.24,67.68,$625.72
CSCO,Cisco Systems,0.079,7,$117.46,5.40,$107.77,$65.85,63.66,$129.88
GSK,GSK plc,0.079,6,$52.42,3.51,$48.40,$40.32,20.04,$60.12
IQV,IQVIA Holdings Inc.,0.079,4,$193.22,3.13,$270.19,$154.50,74.88,$277.40
BIIB,Biogen Inc.,0.079,3,$216.06,3.75,$227.36,$136.94,66.03,$230.49
EBAY,eBay Inc.,0.079,2,$111.75,4.74,$106.72,$77.32,38.02,$118.62
TEVA,Teva Pharmaceutical Industries Ltd.,0.079,2,$33.88,3.97,$39.77,$16.74,137.57,$40.79
RHI,Robert Half International,0.079,2,$30.70,5.93,$36.80,$21.08,74.57,$46.09
ADBE,Adobe Inc.,0.078,10,$205.01,2.57,$240.40,$190.12,26.45,$363.70
MANU,Manchester United plc,0.078,3,$22.93,2.41,$21.00,$14.85,41.41,$24.45
CME,CME Group,0.077,7,$220.83,2.52,$262.75,$217.29,20.92,$318.35
COP,ConocoPhillips,0.077,7,$103.96,2.10,$125.74,$82.95,51.59,$141.62
HTHT,H World Group Ltd ADR,0.077,3,$41.72,5.59,$43.02,$34.95,23.09,$54.14
ZTS,Zoetis Inc.,0.076,5,$71.86,3.03,$69.93,$69.52,0.59,$145.99
BP,BP plc,0.076,4,$36.95,3.65,$44.06,$31.12,41.58,$47.14
AMGN,Amgen,0.076,4,$362.12,3.21,$422.20,$266.62,58.35,$447.03
MCK,McKesson Corp.,0.076,2,$755.61,5.95,$857.52,$722.11,18.75,$996.84
VEEV,Veeva Systems Inc.,0.075,6,$177.47,1.93,$285.71,$148.05,92.98,$310.50
JCI,Johnson Controls Intl. plc,0.075,4,$146.11,4.27,$150.05,$103.24,45.34,$156.62
NSRGY,Nestle,0.075,1,,6.11,$92.70,$85.84,7.99,$107.17
AN,AutoNation Inc.,0.075,1,,6.17,$158.37,$153.90,2.90,$235.81
MSCI,MSCI Inc.,0.074,6,$560.04,3.24,$540.41,$495.54,9.05,$642.47
OLN,Olin Corp.,0.074,4,$19.82,4.83,$15.53,$15.38,0.98,$29.90
MDLZ,Mondelez International,0.074,4,$57.84,5.64,$58.24,$50.34,15.69,$66.65
NYT,New York Times CL A,0.074,3,$69.98,4.55,$64.04,$53.65,19.37,$86.83
MTZ,MasTec Inc.,0.074,2,$416.06,3.42,$216.00,$182.34,18.46,$441.43
ACI,Albertsons Co Inc.,0.074,1,,6.09,$11.69,$10.86,7.64,$19.18
DAL,Delta Air Lines Inc.,0.073,5,$93.66,2.16,$83.70,$54.60,53.30,$95.44
SBUX,Starbucks Corp.,0.073,5,$102.19,3.13,$94.93,$76.05,24.83,$109.88
FTV,Fortive Corp.,0.073,4,$61.09,3.47,$55.19,$47.50,16.19,$64.48
BRZE,Braze Inc A,0.073,2,$21.69,5.99,$25.15,$15.26,64.81,$37.33
VAL,Valaris plc,0.073,1,,5.99,$79.49,$46.70,70.21,$114.12
Z,Zillow Group Inc.,0.072,1,,5.89,$27.30,$27.02,1.04,$81.56
ENTG,Entegris Inc.,0.071,6,$179.86,2.70,$154.31,$67.81,127.56,$186.78
WCC,WESCO International Inc.,0.071,5,$345.38,4.23,$362.27,$206.05,75.82,$384.81
RYAAY,Ryanair Holdings PLC,0.071,3,$64.75,5.59,$55.15,$51.68,6.71,$73.13
HOG,Harley-Davidson,0.071,2,$24.46,5.79,$24.59,$16.84,46.02,$28.66
SPUU,Dir Dai S&P 500 Bu 2x ETF Us,0.071,1,,5.81,$224.25,$154.45,45.19,$232.12
PLGO,Pelagos Insurance Capital,0.071,1,,5.84,$23.70,$16.48,43.81,$26.18
FNF,Fidelity National Financial Inc.,0.070,3,$47.16,3.54,$38.75,$38.71,0.10,$56.47
FIVE,Five Below Inc.,0.070,2,$179.79,3.62,$218.61,$137.77,58.68,$263.88
XYZ,Block Inc.,0.070,2,$76.00,4.26,$73.99,$48.21,53.47,$86.92
OGN,Organon & Co.,0.070,1,,5.72,$13.75,$5.67,142.50,$13.79
NVST,Envista Holdings Corp.,0.069,5,$26.35,2.87,$23.50,$18.77,25.20,$30.42
MCHP,Microchip Technology,0.069,4,$91.20,5.37,$78.31,$47.28,65.63,$104.75
ODFL,Old Dominion Freight Line,0.069,3,$216.60,4.93,$175.17,$125.23,39.88,$251.64
DELL,Dell Technologies Inc.,0.069,3,$431.46,5.68,$544.37,$109.70,396.24,$595.51
MSA,MSA Safety Inc.,0.069,3,$174.58,4.68,$178.59,$149.32,19.60,$207.14
UAN,CVR Partners LP,0.069,1,,5.62,$124.32,$78.61,58.15,$136.82
NOV,Nov Inc.,0.068,4,$18.55,1.98,$18.75,$12.01,56.12,$21.84
WAB,WABTEC Corp.,0.068,3,$269.60,4.93,$289.85,$185.19,56.51,$306.32
MRP,Millrose Properties,0.068,2,$30.05,3.95,$26.08,$25.60,1.88,$32.17
BLMN,Bloomin Brands Inc.,0.068,1,,5.59,$7.75,$5.19,49.33,$12.63
GLD,SPDR Gold Trust,0.067,6,$1293.45,2.35,$380.80,$350.87,8.53,$509.70
CCC,CCC Intelligent Solutions Hldgs Inc.,0.067,2,$5.16,3.02,$6.68,$4.08,63.73,$9.55
UBS,UBS AG,0.066,4,$44.91,2.66,$48.13,$35.38,36.04,$55.99
LYB,LyondellBasell Industries,0.065,3,$52.65,2.87,$57.68,$39.12,47.44,$82.22
CRGY,Crescent Energy Inc A,0.065,2,$9.82,4.86,$12.92,$7.46,73.19,$15.47
MBI,MBIA Inc.,0.065,2,$6.52,4.34,$4.31,$4.28,0.70,$7.87
OZK,Bank OZK,0.065,2,$52.09,3.22,$45.95,$41.16,11.64,$53.18
RGLD,Royal Gold Inc.,0.065,2,$199.61,5.09,$236.79,$167.81,41.11,$304.97
CLF,Cleveland-Cliffs Inc.,0.065,2,$9.39,5.30,$11.16,$7.73,44.37,$16.70
PHYS,Sprott Physical Gold Trust,0.065,2,$30.17,5.29,$31.28,$29.17,7.23,$42.07
PRI,Primerica Inc.,0.065,1,,5.36,$273.60,$227.14,20.45,$325.96
TTMI,TTM Technologies Inc.,0.064,4,$187.02,3.13,$121.29,$53.36,127.31,$223.83
NSC,Norfolk Southern Corp.,0.064,4,$314.59,4.13,$310.91,$273.59,13.64,$357.18
FANG,Diamondback Energy Inc.,0.064,2,$175.78,3.02,$184.15,$133.81,37.62,$216.90
SGU,Star Gas Partners LP,0.064,1,,5.26,$12.96,$10.82,19.78,$13.33
CTRI,Centuri Holdings Inc,0.064,1,,5.25,$20.10,$19.03,5.62,$42.99
TRUP,Trupanion Inc.,0.064,1,,5.28,$23.31,$21.16,10.16,$46.98
SAP,SAP SE,0.063,7,$154.11,2.96,$209.36,$144.97,44.42,$276.56
BIO,Bio-Rad Laboratories Inc.,0.063,3,$293.61,2.39,$379.23,$236.73,60.20,$396.23
NXPI,NXP Semiconductors NV,0.063,3,$281.03,2.48,$237.10,$179.82,31.85,$337.28
UA,Under Armour CL C,0.063,1,,5.18,$4.33,$3.95,9.62,$7.91
BF.B,Brown-Forman Corp.,0.062,5,$26.65,3.33,$26.42,$22.23,18.85,$30.85
LPLA,LPL Financial Holdings Inc.,0.062,4,$281.68,2.10,$306.18,$259.94,17.79,$399.03
PLD,Prologis Inc.,0.062,3,$135.47,2.70,$130.68,$107.65,21.39,$152.14
TLN,Talen Energy Corp,0.062,3,$384.26,3.37,$311.65,$279.77,11.40,$451.28
LNC,Lincoln National,0.062,2,$35.35,5.04,$40.33,$31.40,28.44,$47.67
VGNT,Versigent Plc,0.062,2,$42.01,2.64,$45.07,$26.27,71.56,$50.75
MIR,Mirion Technologies Inc,0.062,2,$17.93,4.24,$14.34,$14.11,1.63,$30.28
AAL,American Airlines Group Inc.,0.062,2,$18.07,3.31,$13.34,$10.09,32.21,$18.79
GPGI,GPGI Inc.,0.062,1,,5.09,$11.89,$11.17,6.45,$26.77
QUAD,Quad/Graphics Inc.,0.062,1,,5.06,$9.27,$4.93,88.03,$11.03
PTLO,Portillo's Inc Cl A,0.062,1,,5.05,$3.54,$3.29,7.60,$6.83
XPO,XPO Logistics,0.060,4,$205.29,4.84,$177.61,$121.48,46.21,$232.05
LKQ,LKQ Corp.,0.060,4,$26.33,2.86,$22.90,$20.92,9.46,$35.92
MHK,Mohawk Industries,0.060,3,$121.33,2.37,$125.10,$92.99,34.53,$140.30
MET,MetLife Inc.,0.060,2,$84.61,2.76,$94.49,$66.41,42.28,$100.93
VZ,Verizon Communications,0.059,7,$42.34,1.76,$46.06,$36.55,26.02,$51.67
MS,Morgan Stanley,0.059,5,$209.04,3.54,$188.79,$148.47,27.16,$230.98
NEE,NextEra Energy Inc.,0.059,4,$87.77,3.10,$76.07,$73.02,4.18,$97.30
LEA,Lear Corp.,0.059,3,$134.06,2.61,$117.80,$93.67,25.76,$149.08
AME,Ametek Inc.,0.059,2,$241.94,4.87,$249.65,$178.15,40.13,$260.78
DJCO,Daily Journal Corp.,0.059,1,,4.80,$655.05,$348.63,87.89,$692.50
GS,Goldman Sachs Group,0.058,5,$1011.37,2.77,$903.02,$725.74,24.43,$1148.37
OKE,ONEOK Inc.,0.058,2,$86.94,3.08,$85.64,$85.64,0.00,$97.66
BRCC,BRC Inc.,0.058,1,,4.79,$9.07,$6.00,51.17,$18.55
MP,MP Materials Corp.,0.058,1,,4.74,$48.02,$37.81,27.00,$100.25
MNDY,monday.com Ltd.,0.058,1,,4.77,$78.39,$57.50,36.33,$210.49
LFUS,Littelfuse Inc.,0.057,7,$455.33,2.52,$424.82,$231.54,83.48,$499.60
ARW,Arrow Electronics,0.057,4,$213.41,4.35,$227.59,$101.79,123.59,$237.33
AVT,Avnet Inc.,0.057,3,$88.82,3.87,$100.43,$43.35,131.67,$104.58
CHD,Church & Dwight,0.057,2,$96.88,4.58,$94.80,$80.29,18.07,$105.37
CNR,Core Natural Resources Inc.,0.057,1,,4.67,$86.79,$74.41,16.64,$114.56
ALAB,Astera Labs Inc,0.057,1,,4.65,$350.45,$97.89,258.00,$499.48
PNC,PNC Financial Services,0.056,5,$246.22,3.78,$222.79,$172.82,28.91,$258.96
BHF,Brighthouse Financial Inc.,0.056,1,,4.60,$50.28,$44.51,12.96,$66.80
GLW,Corning Inc.,0.055,4,$255.43,4.26,$154.00,$76.98,100.05,$271.27
OC,Owens Corning,0.055,3,$158.94,2.86,$117.54,$95.63,22.91,$159.88
YUMC,Yum China Holdings Inc.,0.055,3,$40.87,4.25,$41.14,$39.90,3.11,$57.33
SEG,Seaport Entertainment Group,0.055,2,$26.60,3.86,$22.90,$17.74,29.09,$29.61
BGC,BGC Group Inc.,0.055,1,,4.48,$11.53,$8.20,40.61,$12.86
CNDT,Conduent Inc.,0.055,1,,4.48,$1.60,$1.15,39.13,$2.84
B,Barrick Mining Corp.,0.054,5,$36.73,3.12,$40.90,$29.73,37.57,$53.80
BX,Blackstone Group,0.054,4,$117.67,3.30,$112.49,$99.78,12.74,$170.10
AMRZ,Amrize Ltd,0.054,3,$53.30,2.13,$37.57,$36.87,1.90,$65.13
KGC,Kinross Gold Corp.,0.054,3,$23.62,4.14,$24.15,$21.89,10.32,$38.96
TER,Teradyne Inc.,0.054,2,$483.84,4.42,$401.31,$131.50,205.18,$487.72
LLYVK,Liberty Media Corp. Series C Live,0.054,2,$105.64,4.07,$97.92,$78.68,24.45,$109.75
FAST,Fastenal,0.054,2,$48.03,2.72,$49.73,$38.34,29.71,$52.92
NMIH,NMI Holdings,0.054,2,$41.09,4.39,$37.26,$34.84,6.95,$46.74
MAVF,Matrix Advisors Value ETF,0.054,1,,4.41,$138.42,$113.25,22.23,$142.84
TJX,TJX Companies Inc.,0.053,3,$151.50,2.52,$132.65,$122.78,8.04,$169.47
TMHC-OLD,Taylor Morrison Home Corp.,0.053,3,$71.74,3.30,$72.46,$54.15,33.81,$72.50
TDAY,Gannett Co.,0.053,2,$8.55,2.83,$6.34,$3.42,85.38,$9.21
SYY,Sysco Corp.,0.052,5,$83.44,1.81,$78.52,$67.23,16.79,$90.56
OMC,Omnicom Group,0.052,4,$72.83,2.53,$74.56,$64.32,15.92,$88.65
MPLX,MPLX LP,0.052,2,$56.33,3.90,$56.21,$44.22,27.11,$60.39
MSGE,Madison Square Garden Entertainment Corp.,0.052,1,,4.28,$80.66,$41.65,93.66,$90.41
VNOM,Viper Energy Inc.,0.052,1,,4.25,$40.03,$33.67,18.89,$49.62
MCD,McDonald's Corp.,0.051,7,$270.31,2.18,$231.73,$231.73,0.00,$335.18
RMNI,Rimini Street Inc.,0.051,2,$4.26,4.15,$4.31,$2.87,50.17,$5.68
OSW,OneSpaWorld Holdings Ltd,0.051,1,,4.19,$22.66,$18.94,19.64,$29.19
DEO,Diageo ADR,0.050,8,$80.38,1.60,$85.95,$71.73,19.82,$101.71
NKE,NIKE Inc.,0.050,7,$41.05,2.32,$35.44,$35.22,0.62,$74.51
ABBV,AbbVie Inc.,0.050,7,$251.64,3.09,$263.05,$189.40,38.89,$269.39
REZI,Resideo Technologies Inc.,0.050,5,$31.10,1.90,$18.20,$17.96,1.34,$32.01
PPG,PPG Industries,0.050,3,$121.29,2.78,$104.87,$91.35,14.80,$130.99
KDP,Keurig Dr Pepper Inc.,0.050,2,$32.73,4.04,$30.17,$24.26,24.36,$33.58
CRL,Charles River Labs,0.050,2,$226.79,3.41,$296.54,$146.20,102.83,$303.31
FTNT,Fortinet Inc.,0.050,1,,4.09,$179.55,$73.55,144.12,$181.37
NTRA,Natera Inc.,0.049,4,$271.45,3.32,$421.48,$157.43,167.73,$426.03
CRBG,Corebridge Financial Inc.,0.049,3,$28.63,2.84,$33.60,$21.74,54.55,$35.64
LBTYA,Liberty Global Ltd CL A,0.049,3,$11.37,2.57,$9.24,$9.23,0.11,$13.52
IEX,IDEX Corp.,0.049,2,$226.95,3.97,$228.98,$157.61,45.28,$243.80
CHTR,Charter Communications,0.048,6,$142.21,1.95,$111.51,$109.96,1.41,$285.82
FN,Fabrinet,0.047,4,$562.08,3.30,$420.91,$355.50,18.40,$748.89
LUV,Southwest Airlines,0.047,2,$51.42,3.87,$41.79,$28.75,45.36,$54.38
SEB,Seaboard Corp.,0.047,2,$4464.28,3.80,$3977.02,$3133.55,26.92,$5983.34
LUMN,Lumen Technologies Inc.,0.047,1,,3.87,$5.58,$5.46,2.20,$11.95
MAIR,Madison Air Solutions Corp A,0.047,1,,3.87,$25.04,$22.91,9.30,$44.50
WDAY,Workday Inc.,0.046,4,$122.42,1.78,$189.78,$110.36,71.96,$249.14
CNC,Centene Corp.,0.046,3,$64.19,2.71,$62.00,$31.63,96.02,$69.63
WULF,Terawulf Inc,0.046,2,$24.70,3.65,$14.83,$10.47,41.64,$29.84
DKS,Dick's Sporting Goods Inc.,0.046,2,$226.81,3.02,$135.20,$119.27,13.36,$242.09
CNA,CNA Financial Corp.,0.046,1,,3.77,$45.14,$40.34,11.90,$55.19
CG,Carlyle Group,0.045,4,$42.11,1.91,$39.97,$38.72,3.23,$65.91
FLEX,Flex Ltd.,0.045,3,$162.07,3.66,$110.25,$53.07,107.74,$166.86
SDHC,Smith Douglas Homes Corp,0.045,3,$15.54,3.67,$10.02,$9.75,2.77,$23.49
NVT,nVent Electric plc,0.045,3,$169.61,3.19,$161.87,$92.78,74.47,$184.40
NVR,NVR Inc.,0.045,3,$6813.41,3.03,$6186.17,$5501.01,12.46,$8200.00
STLA,Stellantis N.V.,0.045,2,$5.74,3.69,$4.37,$4.37,0.00,$12.22
TWLO,Twilio Inc.,0.045,2,$206.33,3.70,$295.88,$98.44,200.57,$304.75
DD,DuPont de Nemours Inc.,0.045,2,$135.65,3.71,$130.21,$86.86,49.91,$156.04
NRP,Natural Resource Partners,0.045,1,,3.69,$108.72,$94.82,14.66,$126.18
HSY,Hershey Co.,0.044,5,$175.44,2.08,$158.55,$156.70,1.18,$235.80
COHR,Coherent Corp.,0.044,4,$394.47,3.50,$287.52,$105.02,173.78,$440.00
ILMN,Illumina Inc.,0.044,2,$175.83,2.02,$273.34,$88.00,210.61,$278.99
USFD,US Foods Holding Corp.,0.044,2,$102.25,3.07,$92.74,$69.88,32.71,$111.42
SSNC,SS&C Technologies Holdings Inc.,0.044,2,$62.05,2.01,$77.28,$61.18,26.32,$88.93
ERFSF,Eurofins Scientific SE,0.044,1,,3.60,$91.32,$64.33,41.96,$92.97
PGEN,Precigen Inc.,0.044,1,,3.61,$8.83,$2.99,195.32,$8.84
PSX,Phillips 66,0.043,6,$169.05,2.96,$257.85,$123.09,109.48,$277.12
LBRDK-OLD,Liberty Broadband Corp. CL C,0.043,4,$33.26,1.94,$35.99,$26.25,37.10,$65.73
CORZ,Core Scientific Inc,0.043,3,$25.59,3.38,$15.99,$13.36,19.69,$30.46
AERO,Grupo Aeromexico Sab De Cv,0.043,2,$18.00,1.89,$15.73,$12.26,28.30,$23.05
BFH,Bread Financial Holdings Inc.,0.043,2,$108.35,3.40,$98.34,$53.23,84.75,$114.28
AFRM,Affirm Holdings Inc.,0.043,2,$81.55,3.51,$69.66,$42.10,65.46,$90.44
SA,Seabridge Gold Inc.,0.043,1,,3.52,$28.50,$21.67,31.52,$40.06
MSGS,Madison Square Garden Sports Corp.,0.042,4,$401.84,2.64,$406.13,$207.90,95.35,$438.93
ROIV,Roivant Sciences Ltd,0.042,4,$35.39,1.95,$36.66,$14.93,145.55,$42.50
CHYM,Chime Financial Inc Cl A,0.042,3,$20.48,2.78,$26.90,$15.88,69.40,$35.55
TAP,Molson Coors Beverage Co.,0.042,3,$38.94,2.94,$36.60,$35.52,3.04,$53.00
AMG,Affiliated Managers Group,0.042,3,$338.40,3.37,$368.36,$230.07,60.11,$392.91
FOX,Fox Corporation CL B,0.042,2,$46.84,3.27,$56.75,$43.86,29.39,$67.48
NRG,NRG Energy Inc.,0.042,1,,3.44,$95.91,$94.85,1.12,$188.71
ALV,Autoliv Inc.,0.041,2,$116.17,3.37,$112.26,$97.72,14.88,$131.23
INCY,Incyte Corp.,0.041,2,$113.36,2.64,$122.24,$82.82,47.60,$132.60
GFL,Gfl Environmental Inc Sub Vt,0.041,1,,3.39,$42.15,$33.32,26.50,$47.59
CPT,Camden Property Trust,0.040,3,$114.49,1.76,$97.23,$94.30,3.11,$119.81
UAL,United Airlines Holdings Inc.,0.040,2,$135.99,3.31,$110.88,$84.64,31.00,$138.77
WSC,WillScot Mobile Mini Hldgs Corp.,0.040,2,$28.86,3.28,$17.24,$14.72,17.12,$29.66
SSD,Simpson Manufacturing,0.040,2,$209.35,3.09,$172.12,$155.55,10.65,$213.18
PENN,Penn National Gaming Inc.,0.040,2,$21.36,3.20,$14.63,$11.65,25.58,$22.36
STZ,Constellation Brands,0.039,4,$139.09,1.58,$113.35,$111.54,1.62,$166.17
RS,Reliance Steel & Aluminum,0.039,2,$373.60,3.23,$387.20,$256.46,50.98,$432.62
CE,Celanese Corp.,0.039,2,$46.00,2.82,$44.45,$35.07,26.75,$70.65
IDT,IDT Corp. CL B,0.039,1,,3.23,$79.58,$45.54,74.75,$79.58
SWKS,Skyworks Solutions Inc.,0.039,1,,3.18,$84.98,$51.48,65.07,$92.80
STT,State Street Corp.,0.038,5,$169.60,1.93,$175.44,$102.75,70.74,$195.93
NVO,Novo Nordisk A S,0.038,4,$47.94,1.05,$38.14,$34.20,11.52,$61.21
EW,Edwards Lifesciences Corp.,0.038,2,$90.46,3.09,$86.46,$72.30,19.59,$96.29
IBP,Installed Building Products,0.038,2,$229.84,3.07,$193.26,$191.90,0.71,$344.87
PCG,PG&E Corp.,0.038,2,$16.82,2.85,$12.21,$11.77,3.74,$19.04
STRL,Sterling Construction Co. Inc.,0.038,1,,3.13,$494.52,$281.58,75.62,$1005.68
FPH,Five Point Holdings LLC,0.038,1,,3.11,$4.67,$4.55,2.64,$6.47
LMT,Lockheed Martin Corp.,0.037,5,$509.46,1.38,$509.61,$429.47,18.66,$683.27
AEP,American Electric Power,0.037,3,$136.81,1.72,$119.31,$106.37,12.17,$139.52
LH,Labcorp Holdings Inc.,0.037,3,$280.00,1.92,$309.42,$242.07,27.82,$341.06
FNV,Franco Nevada Corp.,0.037,2,$208.45,1.81,$240.40,$180.18,33.42,$284.12
FMX,Fomento Economico Mexicano,0.037,2,$127.90,2.74,$119.03,$84.80,40.37,$141.47
ALGN,Align Technology Inc.,0.037,1,,3.07,$146.03,$123.02,18.70,$200.44
RBLX,Roblox Corp.,0.037,1,,3.04,$42.69,$33.88,26.00,$141.95
MICC,Magnum Ice Cream Co NV,0.036,7,$16.98,0.91,$17.84,$12.94,37.87,$20.69
ONON,On Holding AG,0.036,4,$35.42,2.88,$29.65,$26.37,12.44,$51.08
CARR,Carrier Global Corp.,0.036,4,$73.35,1.74,$55.05,$49.67,10.83,$76.49
SNOW,Snowflake Inc.,0.036,3,$254.50,2.25,$342.39,$118.30,189.43,$384.56
YUM,Yum! Brands Inc.,0.036,3,$159.86,2.01,$136.74,$134.26,1.85,$169.29
EL,Estee Lauder Cos.,0.036,3,$78.94,2.87,$93.86,$65.74,42.77,$120.38
SPHR,Sphere Entertainment Co.,0.036,2,$173.03,2.87,$135.00,$57.01,136.80,$181.63
AWI,Armstrong World Industries Inc.,0.036,2,$160.42,1.50,$163.03,$150.00,8.69,$204.82
TPG,Tpg Inc,0.036,1,,2.92,$44.16,$36.07,22.43,$67.83
CPAY,Corpay Inc.,0.036,1,,2.99,$387.50,$252.84,53.26,$427.46
WMT,Walmart Inc.,0.035,6,$113.26,2.76,$104.76,$98.06,6.83,$134.83
BF.A,Brown-Forman Corp. CL A,0.035,3,$27.36,2.22,$26.91,$22.63,18.91,$30.62
TW,Tradeweb Markets Inc.,0.035,3,$99.66,1.63,$101.11,$91.30,10.74,$127.35
EMBJ,Embraer SA,0.035,3,$63.80,2.09,$75.56,$53.26,41.87,$80.29
BRO,Brown & Brown Inc.,0.035,3,$64.15,1.62,$61.04,$53.69,13.69,$95.63
TRGP,Targa Resources Corp.,0.035,2,$268.14,2.83,$269.56,$141.11,91.03,$307.94
RGEN,Repligen Corp.,0.035,2,$136.44,2.44,$192.11,$100.99,90.23,$198.87
CDNS,Cadence Design Systems,0.035,2,$375.32,2.81,$330.63,$262.75,25.83,$416.69
UNF,UniFirst Corp.,0.035,2,$264.46,2.03,$250.38,$146.76,70.61,$306.26
ULS,Ul Solutions Inc Class A,0.035,1,,2.91,$66.12,$63.17,4.67,$107.17
PRVA,Privia Health Group Inc.,0.035,1,,2.91,$19.85,$18.92,4.92,$28.82
VOO,Vanguard S&P 500 ETF,0.034,6,$686.82,1.77,$704.56,$575.30,22.47,$714.55
TCOM,Trip.com Group Ltd,0.034,3,$39.84,1.50,$39.21,$38.04,3.08,$78.99
CPB,Campbell's Co.,0.034,3,$22.27,2.60,$19.83,$19.23,3.12,$30.54
BR,Broadridge Financial Solutions,0.034,2,$136.95,1.49,$161.49,$133.01,21.41,$233.40
WSO,Watsco Inc.,0.034,2,$416.73,1.90,$305.67,$295.75,3.35,$455.09
IMO,Imperial Oil Ltd.,0.034,2,$112.17,2.51,$123.12,$82.02,50.11,$138.09
CBRS,Cerebras Systems Inc A,0.034,1,,2.76,$179.14,$160.81,11.40,$386.34
CMPR,Cimpress plc,0.034,1,,2.77,$79.42,$60.59,31.08,$106.58
MIDD,Middleby Corp.,0.034,1,,2.82,$104.22,$88.87,17.27,$148.55
EFA,iShares MSCI EAFE ETF,0.033,5,$103.87,2.39,$103.99,$88.19,17.92,$108.89
WY,Weyerhaeuser Co.,0.033,4,$23.94,2.02,$19.21,$19.21,0.00,$27.03
LOW,Lowe's Cos.,0.033,3,$220.49,1.43,$185.54,$185.14,0.22,$289.87
CTO,CTO Realty Growth Inc.,0.033,1,,2.74,$20.52,$13.94,47.20,$22.31
GPK,Graphic Packaging Hldg Co.,0.033,1,,2.69,$9.08,$8.59,5.70,$18.93
ATS,Ats Corp,0.033,1,,2.67,$18.16,$18.16,0.00,$35.82
FER,Ferrovial Se,0.033,1,,2.72,$54.29,$53.91,0.70,$74.07
KNSL,Kinsale Capital Group Inc.,0.033,1,,2.67,$322.13,$287.01,12.24,$483.75
VRSK,Verisk Analytics Inc.,0.032,5,$179.53,1.65,$167.62,$155.10,8.07,$250.83
HCA,HCA Healthcare Inc.,0.032,5,$389.89,2.12,$426.40,$353.34,20.68,$553.56
BSX,Boston Scientific,0.032,5,$42.68,2.29,$43.80,$42.20,3.79,$105.65
CSX,CSX Corp.,0.032,3,$47.53,2.15,$46.79,$33.20,40.93,$53.45
CASY,Casey's Gen'l Stores,0.032,3,$794.80,1.98,$612.14,$496.20,23.37,$927.15
WMB,Williams Cos.,0.032,3,$74.34,2.57,$68.09,$54.53,24.87,$78.91
VRTX,Vertex Pharmaceuticals,0.032,2,$496.73,1.51,$525.20,$385.86,36.11,$560.25
WPM,Wheaton Precious Metals Corp.,0.032,2,$112.32,2.63,$134.29,$92.01,45.95,$165.03
CLH,Clean Harbors Inc.,0.032,2,$298.75,2.59,$312.62,$201.34,55.27,$335.94
RDDT,Reddit Inc Cl A,0.032,2,$173.58,1.83,$143.74,$119.27,20.52,$263.50
LII,Lennox International,0.032,1,,2.60,$356.96,$350.22,1.92,$587.27
GGG,Graco Inc.,0.032,1,,2.63,$77.10,$72.23,6.74,$94.99
ITUB,ita Unibanco Holding S.A.,0.032,1,,2.59,$8.59,$6.06,41.75,$9.46
MTN,Vail Resorts Inc.,0.031,4,$136.15,2.23,$138.57,$116.69,18.75,$160.49
LEN.B,Lennar Corp. CL B,0.031,4,$88.71,2.12,$80.27,$74.44,7.83,$123.45
MAS,Masco Corp.,0.031,3,$81.37,1.33,$67.88,$57.51,18.03,$83.27
TME,Tencent Music Entertainment Grp,0.031,3,$8.35,1.49,$7.94,$7.70,3.12,$23.26
BAP,Credicorp Ltd.,0.031,3,$389.58,1.08,$382.84,$230.45,66.13,$413.25
A,Agilent Technologies,0.031,2,$132.83,2.53,$172.93,$108.14,59.91,$177.05
TTWO,Take-Two Interactive Software,0.031,2,$249.98,1.89,$208.38,$187.63,11.06,$265.94
FIS,Fidelity National Information Services,0.031,2,$38.88,1.56,$32.94,$32.80,0.43,$66.59
JBS,Jbs Nv A,0.031,2,$11.85,2.54,$11.40,$11.21,1.69,$17.27
RLI,RLI Corp.,0.031,2,$59.07,1.48,$55.45,$45.14,22.84,$66.81
WHK,Whitehawk Minerals Corp Cl A,0.031,1,,2.56,$24.62,$24.62,0.00,$29.07
JELD,JELD-WEN Holding Inc.,0.031,1,,2.53,$1.87,$0.93,101.08,$4.98
WFRD,Weatherford International plc,0.031,1,,2.51,$79.37,$60.12,32.02,$112.79
RMD,ResMed Inc.,0.031,1,,2.54,$221.91,$179.75,23.45,$281.89
IBM,International Business Machines,0.030,5,$281.21,2.36,$220.26,$197.77,11.37,$330.09
CL,Colgate-Palmolive,0.030,5,$91.68,1.24,$85.91,$73.21,17.35,$98.15
PAYX,Paychex Inc.,0.030,2,$98.33,2.35,$99.43,$83.50,19.08,$127.98
SDRL,Seadrill Ltd,0.030,2,$37.82,2.45,$44.92,$28.10,59.86,$55.47
TRIP,TripAdvisor Inc.,0.030,2,$13.71,1.62,$8.41,$8.02,4.86,$17.82
BE,Bloom Energy Corp.,0.030,2,$302.69,2.36,$277.40,$70.89,291.31,$351.28
FOUR,Shift4 Payments Inc. CL A,0.030,2,$48.64,2.09,$36.38,$34.56,5.27,$80.98
NWSA,News Corp.,0.030,2,$24.83,2.32,$28.89,$22.03,31.14,$31.55
TTC,Toro Co.,0.030,2,$97.42,2.39,$96.75,$66.72,45.01,$104.28
ZBRA,Zebra Technologies Corp.,0.030,2,$263.26,2.42,$375.34,$199.05,88.57,$386.23
PEG,Public Serv. Enterprise Inc.,0.030,2,$81.16,2.42,$67.68,$66.15,2.31,$85.40
LAZ,Lazard Inc.,0.030,2,$41.94,2.41,$36.34,$35.16,3.36,$57.45
CHRW,C.H. Robinson Worldwide,0.030,2,$188.34,1.33,$149.18,$121.78,22.50,$209.43
NXT,Nextracker Inc Cl A,0.030,1,,2.49,$78.35,$73.07,7.23,$163.13
ESRT,Empire State Realty Trust Inc.,0.030,1,,2.45,$4.07,$3.93,3.56,$7.83
OCSL,Oaktree Specialty Lending Corp,0.030,1,,2.49,$11.98,$10.07,18.97,$12.98
CSL,Carlisle Companies,0.029,4,$362.75,1.62,$324.24,$290.64,11.56,$428.80
DPC,Dpc Holdings Plc,0.029,4,$49.06,2.27,$43.23,$37.65,14.82,$57.25
BMRN,BioMarin Pharmaceutical Inc.,0.029,3,$57.22,1.24,$60.39,$49.26,22.59,$70.98
SUI,Sun Communities Inc.,0.029,3,$119.91,1.75,$111.55,$110.39,1.05,$135.36
CPRI,Capri Holdings Ltd,0.029,2,$18.57,2.29,$14.30,$12.40,15.32,$28.27
PTEN,Patterson-UTI Energy Inc.,0.029,1,,2.41,$10.93,$4.89,123.52,$13.39
VSEC,VSE Corp.,0.028,3,$228.50,2.18,$165.82,$154.36,7.42,$247.85
WST,West Pharmaceutical Services,0.028,2,$358.99,1.85,$372.00,$223.52,66.43,$385.75
PBH,Prestige Consumer Healthcare,0.028,2,$47.27,2.29,$46.18,$42.62,8.35,$71.07
AMLP,Alerian MLP ETF,0.028,1,,2.26,$51.85,$41.24,25.73,$56.43
MNST,Monster Beverage Corp.,0.028,1,,2.28,$41.89,$32.94,27.17,$50.17
FDXF,FedEx Freight Holding Co.,0.027,5,$151.00,1.02,$111.07,$110.50,0.52,$200.00
VEA,Vanguard FTSE Developed ETF,0.027,5,$71.25,1.63,$70.70,$57.35,23.28,$73.85
BLCO,Bausch + Lomb Corp,0.027,3,$16.56,1.51,$17.07,$13.77,23.97,$18.92
DINO,HF Sinclair Corp.,0.027,3,$69.65,1.99,$108.31,$44.66,142.52,$118.39
NESR,National Energy Services Reunited Corp.,0.027,3,$29.93,2.18,$25.73,$9.95,158.59,$36.94
GLIBK,GCI Liberty Inc. Series C,0.027,2,$21.56,2.18,$23.22,$19.30,20.31,$41.18
EXP,Eagle Materials Inc.,0.027,2,$225.00,2.21,$171.34,$170.86,0.28,$245.20
COIN,Coinbase Global Inc.,0.027,1,,2.24,$186.68,$139.11,34.20,$402.16
HLF,Herbalife Nutrition Ltd.,0.027,1,,2.25,$12.20,$7.56,61.38,$20.40
BOKF,BOK Financial Corp.,0.027,1,,2.25,$126.25,$100.84,25.20,$146.20
FAF,First Amer'n Corp.,0.027,1,,2.21,$61.09,$55.23,10.61,$79.13
CVSA,Covista Inc.,0.027,1,,2.20,$122.80,$86.97,41.20,$156.26
KSPI,Jsc Kaspi.kz ADR,0.026,7,$86.62,0.96,$94.13,$64.26,46.48,$107.58
TFC,Truist Financial Corp.,0.026,4,$49.82,2.06,$46.45,$39.11,18.77,$54.51
ITRN,Ituran Location & Control Ltd.,0.026,3,$61.01,1.93,$51.54,$32.98,56.28,$67.11
FOSL,Fossil Inc.,0.026,2,$4.14,2.10,$6.62,$1.70,289.41,$6.67
GNTX,Gentex Corp.,0.026,2,$25.27,2.09,$21.85,$20.26,7.85,$27.94
CDW,CDW Corp.,0.026,2,$140.64,1.09,$127.98,$96.09,33.19,$159.23
DOX,Amdocs Ltd.,0.026,2,$50.54,2.07,$57.31,$49.24,16.39,$83.39
BBIO,BridgeBio Pharma Inc.,0.026,2,$74.48,2.11,$66.28,$50.80,30.47,$93.42
AIG,American International Group,0.026,2,$74.53,2.02,$74.75,$69.90,6.94,$85.64
FLS,Flowserve Corp.,0.026,2,$74.16,2.10,$73.61,$48.14,52.91,$91.59
BKV,Bkv Corporation,0.026,1,,2.17,$21.54,$20.08,7.27,$32.81
DVA,DaVita HealthCare Partners,0.026,1,,2.15,$176.81,$101.00,75.06,$247.49
DHT,DHT Holdings Inc.,0.026,1,,2.13,$22.62,$9.43,139.87,$23.56
TECK,Teck Resources,0.026,1,,2.14,$66.66,$37.75,76.58,$72.46
NFG,National Fuel Gas,0.026,1,,2.15,$76.30,$74.64,2.22,$96.03
VAC,Marriott Vacations Worldwide,0.026,1,,2.16,$102.35,$42.68,139.81,$130.30
SPCX,Space Exploration Technologies Corp.,0.025,5,$170.86,0.67,$151.69,$104.83,44.70,$225.64
BUD,Anheuser-Busch InBev,0.025,4,$82.40,1.27,$73.69,$57.42,28.34,$86.60
VOYA,Voya Financial Inc.,0.025,3,$90.53,1.08,$94.56,$63.83,48.14,$105.64
KVUE,Kenvue Inc,0.025,3,$19.11,1.90,$17.75,$13.22,34.27,$19.67
VSNT,Versant Media Group Inc.,0.025,3,$36.01,1.77,$31.61,$26.61,18.79,$45.11
MAA,Mid-America Apt Communties,0.025,2,$138.94,2.00,$118.13,$116.67,1.25,$142.76
ATI,Allegheny Technologies Inc.,0.025,2,$197.10,1.39,$189.94,$79.29,139.55,$243.57
COTY,Coty Inc.,0.025,2,$2.16,2.00,$2.62,$1.82,43.96,$4.47
ISRG,Intuitive Surgical Inc.,0.025,2,$397.68,1.53,$409.43,$328.57,24.61,$603.88
SJM,J.M. Smucker Co,0.025,2,$112.50,2.02,$119.46,$86.47,38.15,$135.89
EOG,EOG Resources,0.025,2,$129.73,1.99,$138.13,$99.12,39.36,$154.16
INSM,Insmed Inc.,0.025,1,,2.07,$115.04,$90.39,27.27,$212.75
FBTC,Fidelity Wise Origin Bitcoin,0.025,1,,2.07,$72.79,$50.48,44.20,$110.25
KBR,KBR Inc.,0.025,1,,2.07,$35.10,$29.67,18.30,$47.49
SHEN,Shenandoah Telecommunications Co.,0.025,1,,2.06,$11.13,$9.67,15.10,$17.35
BIDU,Baidu Inc.,0.024,4,$114.29,1.98,$87.45,$85.83,1.89,$165.30
MTB,M&T Bank Corp.,0.024,3,$238.01,1.52,$218.10,$169.89,28.38,$254.31
WRBY,Warby Parker Inc.,0.024,3,$30.34,1.89,$27.23,$14.96,82.02,$31.00
AXTA,Axalta Coating Systems Ltd.,0.024,2,$34.22,1.18,$32.36,$24.94,29.75,$38.61
UHS,Universal Health Services Inc.,0.024,2,$148.69,1.12,$174.08,$139.92,24.41,$245.26
PR,Permian Resources Corp.,0.024,2,$18.41,1.97,$21.24,$11.52,84.38,$24.48
ANET,Arista Networks Inc.,0.024,2,$169.88,1.94,$204.46,$114.52,78.54,$214.89
ECPG,Encore Capital Group Inc.,0.024,1,,1.94,$94.54,$39.95,136.65,$104.98
COLD,Americold Realty Trust,0.024,1,,1.98,$13.95,$9.59,45.46,$16.88
JXN,Jackson Financial Inc.,0.024,1,,1.94,$129.65,$86.88,49.23,$140.33
FCX,Freeport-McMoran Inc.,0.024,1,,2.00,$70.56,$36.80,91.74,$80.24
SPB,Spectrum Brands Holdings Inc.,0.023,4,$85.75,1.23,$79.90,$48.72,64.00,$98.53
LAMR,Lamar Advertising Co.,0.023,3,$155.98,1.64,$144.69,$109.09,32.63,$164.46
CAG,Conagra Brands Inc.,0.023,3,$13.46,1.76,$13.56,$12.39,9.44,$19.59
ADPT,Adaptive Biotechnologies Corp.,0.023,2,$21.45,1.83,$29.05,$12.00,142.08,$29.96
BATRK,Atlanta Braves Holdings Inc. Series C,0.023,2,$51.90,1.64,$52.77,$37.76,39.75,$54.86
AGX,Argan Inc.,0.023,2,$798.55,1.80,$382.78,$254.39,50.47,$805.09
PANW,Palo Alto Networks,0.023,2,$341.02,1.88,$397.38,$139.57,184.72,$403.16
WEC,WEC Energy Group,0.023,1,,1.92,$101.54,$100.14,1.40,$118.87
SHC,Sotera Health Co,0.023,1,,1.88,$18.52,$13.09,41.48,$19.85
PDRDF,Pernod Ricard,0.023,1,,1.92,$68.72,$65.28,5.27,$100.83
SWK,Stanley Black & Decker Inc.,0.023,1,,1.92,$89.14,$59.35,50.19,$103.78
WTM,White Mountains Insurance,0.023,1,,1.85,$2001.41,$1647.25,21.50,$2333.00
LNT,Alliant Energy,0.023,1,,1.86,$63.72,$62.41,2.10,$78.22
BYD,Boyd Gaming Corp.,0.023,1,,1.92,$66.89,$66.89,0.00,$91.17
CHRD,Chord Energy,0.023,1,,1.87,$134.43,$80.76,66.46,$157.06
TRV,Travelers Companies Inc.,0.022,4,$330.13,0.71,$357.17,$248.46,43.75,$397.34
ABEV,Ambev S.A.,0.022,3,$3.14,1.81,$2.94,$2.07,42.03,$3.42
HSIC,Henry Schein Inc.,0.022,3,$83.52,1.54,$84.32,$61.95,36.11,$92.18
GILD,Gilead Sciences,0.022,3,$126.34,1.57,$149.63,$105.84,41.37,$154.51
IWF,iShares Russell 1000 Growth ETF,0.022,3,$124.17,1.08,$126.09,$102.05,23.56,$128.91
GHC,Graham Holdings Co.,0.022,2,$1141.45,1.74,$1143.80,$923.50,23.85,$1262.35
ECHO,EchoStar Corp.,0.022,2,$101.50,1.73,$89.84,$65.76,36.62,$147.25
IR,Ingersoll Rand Inc.,0.022,2,$81.99,0.92,$75.83,$68.05,11.43,$100.89
CTVA,Corteva Inc.,0.022,2,$84.69,1.84,$77.59,$59.97,29.38,$90.87
PRMB,Primo Brands Corp,0.022,2,$24.44,1.77,$19.19,$14.04,36.68,$26.08
KRC,Kilroy Realty Corp.,0.022,1,,1.83,$33.33,$26.89,23.95,$41.55
UMBF,UMB Financial Corp.,0.022,1,,1.79,$130.15,$101.90,27.72,$152.78
JD,JD.com Inc.,0.021,5,$25.48,1.17,$26.66,$23.66,12.68,$35.59
ROL,Rollins Inc.,0.021,4,$41.74,0.57,$30.45,$29.74,2.39,$65.40
NTRS,Northern Trust Corp.,0.021,3,$173.84,1.69,$169.33,$118.61,42.76,$194.86
TKR,Timken Co.,0.021,3,$145.31,1.72,$117.14,$69.62,68.26,$145.98
CMCO,Columbus McKinnon Corp.,0.021,2,$15.13,1.71,$16.15,$11.95,35.15,$24.13
WIX,Wix.com Ltd.,0.021,2,$44.27,0.90,$72.79,$40.16,81.25,$180.99
ROK,Rockwell Automation Inc.,0.021,2,$495.08,1.17,$435.85,$328.32,32.75,$495.83
PSKY,Paramount Skydance Corp.,0.021,2,$9.86,0.99,$10.31,$7.58,36.02,$19.72
INGR,Ingredion Inc.,0.021,1,,1.72,$96.17,$93.62,2.72,$121.53
LBTYK,Liberty Global Ltd CL C,0.021,1,,1.74,$8.99,$8.94,0.56,$13.12
VNT,Vontier Corp.,0.021,1,,1.70,$31.60,$27.21,16.13,$48.09
VRSN,Verisign Inc.,0.020,3,$251.56,0.76,$283.79,$206.93,37.14,$311.57
CMI,Cummins Inc.,0.020,3,$713.22,1.05,$516.92,$394.95,30.88,$735.02
XP,XP Inc.,0.020,2,$16.26,1.34,$21.28,$14.80,43.78,$22.83
SD,SandRidge Energy Inc.,0.020,2,$13.70,0.84,$13.48,$10.64,26.69,$17.78
ROG,Rogers Corp.,0.020,2,$163.73,1.61,$156.44,$75.14,108.20,$169.00
CLB,Core Laboratories Inc.,0.020,1,,1.63,$9.76,$9.65,1.14,$20.32
ACGL,Arch Capital Group Ltd.,0.020,1,,1.67,$93.29,$82.45,13.15,$107.09
TGT,Target Corp.,0.019,4,$130.61,1.21,$156.53,$81.20,92.77,$170.75
DEI,Douglas Emmett Inc.,0.019,3,$11.80,1.30,$9.62,$8.79,9.44,$15.00
HP,Helmerich & Payne,0.019,2,$32.75,1.46,$37.19,$21.04,76.76,$48.17
VYM,Vanguard High Dvd Yield ETF,0.019,2,$158.03,1.42,$155.82,$134.14,16.16,$166.68
LLYVA,Liberty Media Corp. Series A Live,0.019,2,$101.26,1.41,$95.27,$77.12,23.53,$106.06
ST,Sensata Technologies Holding,0.019,2,$47.74,1.27,$41.83,$27.92,49.82,$53.75
LILAK,Liberty LiLAC Group C,0.019,1,,1.56,$8.29,$4.76,74.16,$8.92
HAE,Haemonetics Corp.,0.019,1,,1.54,$104.51,$47.56,119.74,$110.45
DNOW,NOW Inc.,0.018,4,$12.97,0.67,$15.58,$10.94,42.41,$17.26
BNS,Bank of Nova Scotia,0.018,3,$86.81,1.18,$91.24,$61.04,49.48,$95.74
AR,Antero Resources,0.018,2,$35.14,1.42,$33.63,$29.10,15.57,$45.75
ADM,Archer-Daniels-Midland,0.018,2,$76.40,0.88,$79.81,$54.00,47.80,$88.75
VSAT,Viasat Inc.,0.018,2,$89.81,1.50,$70.59,$26.10,170.46,$93.03
AMH,American Homes 4 Rent,0.018,2,$33.52,1.40,$30.51,$26.66,14.44,$34.70
SKY,Skyline Champion Corp.,0.018,2,$88.12,1.42,$86.10,$63.69,35.19,$99.17
LHX,L3Harris Technologies Inc.,0.018,2,$290.59,1.49,$237.46,$234.59,1.22,$374.59
FG,F&G Annuities & Life Inc.,0.018,1,,1.44,$21.56,$19.95,8.07,$34.01
EQX,Equinox Gold Corp,0.018,1,,1.47,$11.15,$8.47,31.64,$18.88
SWX,Southwest Gas Holdings Inc.,0.018,1,,1.51,$81.90,$74.55,9.86,$93.81
CRWV,Coreweave Inc Cl A,0.018,1,,1.44,$87.44,$60.55,44.41,$153.20
PAYC,Paycom Software Inc.,0.017,3,$125.68,0.70,$217.69,$104.16,109.00,$244.98
FDS,FactSet Research Systems,0.017,3,$230.08,0.65,$270.35,$182.47,48.16,$320.48
BKD,Brookdale Senior Living Inc.,0.017,3,$16.09,1.27,$10.95,$7.97,37.39,$17.09
AMP,Ameriprise Financial Inc.,0.017,3,$458.73,0.90,$494.38,$419.52,17.84,$572.56
CTAS,Cintas Corp.,0.017,3,$170.08,1.38,$195.64,$160.31,22.04,$218.60
BXP,BXP Inc.,0.017,3,$66.31,1.04,$61.23,$48.54,26.14,$74.94
RRX,Regal Rexnord Corp.,0.017,2,$238.19,1.43,$156.29,$127.19,22.88,$247.80
ITIC,Investors Title Co.,0.017,2,$273.68,0.96,$283.53,$208.58,35.93,$309.07
MMYT,MakeMyTrip Ltd,0.017,2,$53.29,1.39,$47.57,$32.67,45.61,$96.60
NAMS,Newamsterdam Pharma Co Nv,0.017,2,$33.89,1.00,$24.69,$21.02,17.46,$42.21
PINS,Pinterest Inc.,0.017,2,$21.03,1.14,$18.87,$13.84,36.34,$35.42
MANE,Veradermics Inc,0.017,2,$122.94,0.88,$121.76,$32.00,280.50,$131.24
EXPE,Expedia Group Inc.,0.017,2,$255.88,1.43,$266.19,$184.28,44.45,$341.51
DGX,Quest Diagnostics,0.017,2,$212.00,1.42,$233.59,$168.97,38.24,$248.84
JBLU,JetBlue Airways Corp.,0.017,1,,1.43,$4.23,$3.87,9.30,$6.62
STUB,Stubhub Holdings Inc Class A,0.017,1,,1.39,$5.73,$5.22,9.77,$21.49
MATW,Matthews Intl Corp. A,0.017,1,,1.37,$19.33,$18.69,3.42,$30.32
FSV,Firstservice Corp,0.017,1,,1.41,$128.38,$119.15,7.75,$190.52
ALX,Alexander's Inc.,0.017,1,,1.42,$246.60,$190.65,29.35,$284.73
AKAM,Akamai Technologies Inc.,0.017,1,,1.40,$107.07,$70.82,51.19,$165.45
NTES,NetEase.com Inc.,0.016,3,$128.14,0.80,$121.48,$105.01,15.68,$152.74
POOL,Pool Corp.,0.016,2,$214.93,1.06,$162.76,$160.38,1.48,$306.05
GSHD,Goosehead Insurance Inc.,0.016,2,$48.50,0.87,$45.64,$33.68,35.51,$79.85
RGA,Reinsurance Group of America Inc.,0.016,2,$212.65,1.33,$247.70,$175.13,41.44,$257.81
FUL,H.B. Fuller Co.,0.016,2,$58.29,1.30,$49.26,$46.70,5.48,$68.05
PRM,Perimeter Solutions SA,0.016,2,$35.65,1.11,$26.34,$19.70,33.71,$38.17
SHAZ,Sharonai Holdings Inc,0.016,2,$84.66,0.65,$54.62,$1.90,2774.74,$178.00
NOC,Northrop Grumman Corp.,0.016,2,$509.32,1.24,$484.13,$476.85,1.53,$767.12
BAM,Brookfield Asset Management,0.016,2,$44.85,0.75,$44.82,$41.36,8.37,$57.07
UPBD,Upbound Group Inc.,0.016,1,,1.29,$15.62,$14.83,5.33,$23.10
OSG,Octave Specialty Group Inc.,0.016,1,,1.34,$4.15,$3.88,6.96,$10.38
ACIW,ACI Worldwide Inc.,0.016,1,,1.28,$49.12,$38.05,29.09,$61.08
SAM,Boston Beer Company,0.016,1,,1.35,$164.47,$158.68,3.65,$264.46
AZO,AutoZone Inc.,0.016,1,,1.34,$2841.53,$2764.88,2.77,$4332.68
NICE,Nice Ltd Spon ADR,0.016,1,,1.32,$111.98,$83.10,34.75,$149.29
NVS,Novartis AG,0.015,5,$156.73,0.84,$143.21,$118.00,21.36,$165.46
FITB,Fifth Third Bancorp,0.015,3,$56.37,0.65,$50.66,$39.08,29.63,$59.50
NTR,Nutrien Ltd.,0.015,2,$62.95,1.04,$70.66,$51.33,37.66,$83.34
WRB,W.R. Berkley Corp.,0.015,2,$70.53,1.21,$67.73,$62.22,8.86,$77.34
DLR,Digital Realty Trust Inc.,0.015,2,$179.58,1.18,$175.92,$143.30,22.76,$206.06
ARLP,Alliance Resource Partners LP,0.015,2,$23.98,1.06,$24.40,$20.88,16.86,$28.08
MKTX,MarketAxess Holdings Inc.,0.015,2,$113.50,1.25,$164.01,$108.23,51.54,$193.95
CALM,Cal-Maine Foods Inc.,0.015,2,$80.56,1.18,$67.46,$63.45,6.32,$95.25
CRK,Comstock Resources Inc.,0.015,1,,1.26,$12.42,$12.12,2.48,$28.10
MTH,Meritage Homes Corp.,0.015,1,,1.26,$63.02,$57.22,10.14,$84.75
PB,Prosperity Bancshares Inc.,0.015,1,,1.19,$66.22,$59.01,12.22,$75.23
OPCH,Option Care Health Inc.,0.015,1,,1.26,$22.55,$18.01,25.21,$36.80
YPF,YPF S.A.,0.015,1,,1.19,$50.35,$23.02,118.72,$57.87
CLW,Clearwater Paper Corp.,0.015,1,,1.26,$19.16,$11.73,63.34,$23.59
DOLE,Dole Food Company,0.015,1,,1.25,$12.77,$12.22,4.50,$16.27
HLN,Haleon Plc ADR,0.014,5,$9.33,0.73,$9.03,$8.59,5.12,$11.06
IVV,Ishares Core S&P 500 ETF,0.014,3,$748.90,0.86,$769.98,$628.63,22.49,$780.83
GD,General Dynamics,0.014,3,$354.24,1.05,$332.51,$305.43,8.87,$400.00
BCS,Barclays plc ADR,0.014,2,$26.86,1.16,$24.26,$18.86,28.63,$28.37
SBAC,SBA Communications Corp.,0.014,2,$176.46,1.14,$161.94,$160.33,1.00,$221.58
SUPN,Supernus Pharmaceuticals,0.014,1,,1.14,$43.32,$40.51,6.94,$59.68
VLO,Valero Energy,0.014,1,,1.12,$390.64,$152.07,156.88,$419.04
ICFI,ICF International Inc.,0.014,1,,1.15,$83.49,$58.62,42.43,$97.47
ALG,Alamo Group Inc.,0.014,1,,1.11,$155.33,$145.46,6.79,$219.00
ADT,ADT Inc.,0.014,1,,1.16,$6.12,$6.07,0.82,$8.61
JAZZ,Jazz Pharmaceuticals plc,0.013,2,$240.97,1.10,$232.11,$128.49,80.64,$266.38
TAC,TransAlta Corp.,0.013,2,$13.83,1.10,$12.12,$11.29,7.35,$17.62
AXS,Axis Capital Holdings Ltd.,0.013,2,$107.44,1.00,$94.11,$86.98,8.20,$119.99
ABR,Arbor Realty Trust Inc.,0.013,2,$5.42,0.78,$3.88,$3.81,1.84,$11.02
FMS,Fresenius Medical Care AG & Co KCaG,0.013,2,$22.61,1.00,$22.40,$19.24,16.42,$26.57
VMRK,Vivmark Residential,0.013,2,$67.93,1.07,$61.05,$56.30,8.44,$71.50
COMP,Compass Inc.,0.013,2,$12.33,0.66,$8.99,$6.37,41.13,$13.96
FOXA,Fox Corporation,0.013,2,$52.16,0.76,$63.38,$48.13,31.69,$75.68
CASH,Meta Financial Group Inc.,0.013,1,,1.10,$70.83,$65.71,7.79,$101.13
AGCO,AGCO Corp.,0.013,1,,1.06,$114.79,$98.22,16.87,$142.68
HWM,Howmet Aerospace Inc.,0.013,1,,1.06,$227.48,$183.45,24.00,$309.85
MNRO,Monro Inc.,0.013,1,,1.05,$14.05,$10.82,29.85,$22.69
RWAY,Runway Growth Finance Corp,0.013,1,,1.04,$6.67,$4.94,35.02,$8.65
CPRX-OLD,Catalyst Pharmaceuticals Inc.,0.013,1,,1.06,$31.50,$19.05,65.35,$32.56
MSTR,MicroStrategy Inc.,0.013,1,,1.03,$154.20,$81.81,88.49,$365.21
COLL,Collegium Pharmaceutical Inc.,0.013,1,,1.06,$21.90,$21.62,1.30,$50.79
MYRG,MYR Group Inc.,0.013,1,,1.05,$293.60,$190.14,54.41,$503.57
G,Genpact Ltd.,0.012,5,$27.50,0.44,$32.62,$26.71,22.13,$47.87
SNY,Sanofi Aventis,0.012,4,$42.66,0.63,$41.27,$40.40,2.15,$49.91
DOW,Dow Inc.,0.012,3,$27.36,1.00,$27.59,$19.68,40.19,$41.82
TREX,Trex Company Inc.,0.012,2,$50.04,0.91,$43.95,$29.77,47.63,$54.30
EXR,Extra Space Storage Inc.,0.012,2,$145.30,0.93,$132.09,$120.04,10.04,$157.03
BKR,Baker Hughes Co.,0.012,2,$55.50,1.01,$55.11,$43.24,27.45,$69.92
NE,Noble Corp.,0.012,2,$37.30,0.86,$42.09,$25.46,65.32,$53.83
DAR,Darling Ingredients Inc.,0.012,2,$54.62,0.96,$61.05,$29.15,109.43,$69.98
KALU,Kaiser Aluminum Corp.,0.012,2,$195.62,0.93,$145.73,$73.78,97.52,$199.89
KN,Knowles Corp.,0.012,2,$41.48,0.94,$37.24,$20.57,81.04,$42.93
CRDO,Credo Technology Group Holdi,0.012,2,$271.95,1.00,$191.14,$86.49,121.00,$308.67
UGI,UGI Corp.,0.012,2,$34.54,0.99,$36.03,$30.36,18.68,$40.08
GL,Globe Life Inc.,0.012,2,$178.68,0.71,$165.91,$127.06,30.58,$191.55
SMG,Scotts Miracle-Gro Co.,0.012,1,,0.96,$50.48,$47.90,5.39,$74.53
XMTR,Xometry Inc.,0.012,1,,0.95,$103.52,$35.86,188.68,$107.93
PBF,PBF Energy Inc.,0.012,1,,0.95,$78.53,$25.16,212.12,$82.61
FWONA,Liberty Media Corp Formula One Series A,0.012,1,,0.95,$84.37,$73.70,14.48,$99.52
WCN,Waste Connections,0.012,1,,0.99,$155.03,$146.58,5.76,$178.40
BBW,Build-A-Bear Workshop Inc.,0.012,1,,0.97,$25.02,$23.94,4.51,$70.63
BATRA,Atlanta Braves Holdings Inc. Series A,0.012,1,,1.01,$58.06,$41.50,39.90,$60.48
IVZ,Invesco Ltd,0.012,1,,1.01,$30.27,$20.03,51.12,$33.66
MDB,MongoDB Inc.,0.012,1,,0.99,$352.62,$215.68,63.49,$473.10
EDU,New Oriental Education & Technology,0.012,1,,0.99,$55.61,$44.25,25.67,$64.22
FOA,Finance Of America Companies Inc.,0.012,1,,1.00,$12.69,$12.65,0.32,$29.79
YMM,Full Truck Alliance Spn ADR,0.012,1,,0.96,$8.31,$7.38,12.60,$13.69
VTOL,Bristow Group Inc.,0.012,1,,0.95,$40.59,$34.73,16.87,$50.10
SU,Suncor Energy Inc.,0.011,4,$53.69,0.71,$68.26,$36.63,86.35,$72.06
HRL,Hormel Foods Corp.,0.011,3,$24.82,0.77,$20.00,$19.42,2.99,$26.43
ACMR,ACM Research Inc.,0.011,3,$126.89,0.92,$81.51,$28.46,186.40,$127.19
AUR,Aurora Innovation Inc.,0.011,3,$6.82,0.72,$5.59,$3.60,55.28,$8.57
SOFI,SoFi Technologies Inc.,0.011,2,$17.93,0.90,$15.85,$14.88,6.52,$32.73
PHG,Koninklijke Philips Electronics NV,0.011,2,$27.19,0.90,$24.53,$23.85,2.85,$32.18
AM,Antero Midstream Corp.,0.011,2,$22.75,0.90,$20.26,$16.41,23.46,$23.35
AAP,Advance Auto Parts,0.011,2,$62.22,0.80,$38.74,$37.33,3.78,$64.62
W,Wayfair Inc.,0.011,2,$92.42,0.90,$103.80,$55.60,86.69,$119.98
ELAN,Elanco Animal Health Inc.,0.011,2,$24.61,0.87,$22.66,$19.40,16.80,$27.98
LZAGY,Lonza Group Ag Unspon ADR,0.011,1,,0.92,$70.47,$57.99,21.52,$74.36
NWL,Newell Brands Inc.,0.011,1,,0.87,$5.24,$2.87,82.58,$7.05
CZR,Caesars Entertainment,0.011,1,,0.89,$29.67,$17.86,66.13,$30.88
KD,Kyndryl Holdings Inc,0.011,1,,0.87,$11.30,$10.10,11.88,$30.99
AAON,AAON Inc.,0.011,1,,0.87,$82.91,$72.95,13.65,$150.16
COST,Costco Co.,0.010,7,$935.41,0.35,$914.95,$840.35,8.88,$1094.76
SHEL,Shell plc,0.010,5,$77.54,0.59,$95.33,$66.79,42.73,$99.16
IJR,Ishares Core S&P Small Cap E,0.010,3,$148.32,0.84,$136.45,$110.57,23.41,$150.15
LIND,Lindblad Expeditions Hldgs Inc.,0.010,2,$28.24,0.78,$31.59,$11.37,177.84,$35.00
VBIL,Vanguard 0 3m T Bill ETF,0.010,2,$75.68,0.58,$75.71,$72.98,3.74,$75.71
DT,Dynatrace Inc.,0.010,2,$43.92,0.43,$58.33,$31.64,84.36,$59.41
GFI,Gold Fields Ltd.,0.010,2,$33.59,0.63,$35.99,$30.42,18.31,$58.66
KR,Kroger Co.,0.010,2,$55.53,0.72,$59.15,$53.78,9.99,$75.66
TEM,Tempus Ai Inc,0.010,2,$57.93,0.77,$83.10,$40.77,103.83,$104.32
BCO,Brink's Co.,0.010,1,,0.86,$101.11,$90.86,11.28,$135.75
SLDE,Slide Insurance Holdings Inc,0.010,1,,0.84,$22.44,$13.22,69.74,$26.75
EEFT,Euronet Worldwide Inc.,0.010,1,,0.81,$62.79,$62.50,0.46,$89.77
WAL,Western Alliance Bancorp,0.010,1,,0.81,$75.24,$65.11,15.56,$95.75
QLYS,Qualys Inc.,0.010,1,,0.86,$189.00,$74.51,153.66,$201.54
NDAQ,Nasdaq Inc.,0.010,1,,0.85,$92.58,$76.29,21.35,$100.76
VNO,Vornado Realty Trust,0.010,1,,0.83,$34.04,$24.57,38.54,$41.60
TIC,Acuren Corporation,0.010,1,,0.83,$8.43,$6.36,32.55,$14.65
PCVX,Vaxcyte Inc.,0.010,1,,0.85,$56.84,$34.31,65.67,$65.00
CET,Central Securities Corp.,0.010,1,,0.85,$55.60,$47.33,17.47,$57.39
CFG,Citizens Financial Group Inc.,0.010,1,,0.82,$64.02,$46.55,37.53,$75.33
BRBR,BellRing Brands Inc. CL A,0.010,1,,0.84,$7.71,$7.49,2.94,$36.95
DUSA,Davis Select Us Equity ETF,0.010,1,,0.82,$55.04,$46.06,19.50,$58.53
CIGI,Colliers International Group Inc.,0.009,4,$93.70,0.60,$90.35,$87.36,3.42,$171.06
IWR,Ishares Russell Mid Cap ETF,0.009,3,$110.27,0.53,$107.16,$90.51,18.40,$114.63
MLKN,MillerKnoll Inc.,0.009,3,$20.46,0.52,$19.74,$13.23,49.21,$24.51
RJF,Raymond James Financial Inc.,0.009,2,$152.03,0.75,$158.24,$138.33,14.39,$182.73
CFR,Cullen Frost Bankers,0.009,2,$154.52,0.71,$153.40,$115.60,32.70,$169.71
AVB-OLD,AvalonBay Communities,0.009,2,$188.69,0.72,$184.30,$157.12,17.30,$198.63
MPWR,Monolithic Power Systems,0.009,2,$1382.24,0.76,$1338.82,$828.85,61.53,$1711.48
HPQ,HP Inc.,0.009,2,$21.93,0.49,$31.48,$16.91,86.16,$36.23
OCFC,OceanFirst Financial Corp.,0.009,1,,0.77,$16.43,$16.43,0.00,$20.12
FR,First Industrial Realty Trust Inc.,0.009,1,,0.76,$59.78,$49.03,21.93,$69.88
EME,Emcor Group,0.009,1,,0.74,$755.36,$564.01,33.93,$951.47
PSUS,Pershing Square Usa Ltd,0.009,1,,0.77,$36.99,$35.71,3.58,$44.00
HAS,Hasbro Inc.,0.009,1,,0.73,$88.35,$67.33,31.22,$104.60
RIOT,Riot Blockchain Inc.,0.009,1,,0.70,$20.39,$11.50,77.30,$30.32
CTRN,Citi Trends Inc.,0.009,1,,0.74,$50.96,$29.60,72.16,$77.91
MMM,3M Co.,0.008,4,$161.92,0.52,$165.01,$138.02,19.56,$184.09
BMI,Badger Meter Inc.,0.008,3,$148.38,0.31,$123.78,$111.36,11.15,$201.67
TROW,T. Rowe Price Group,0.008,3,$113.63,0.30,$104.31,$83.17,25.42,$120.50
ITW,Illinois Tool Works,0.008,2,$270.47,0.67,$259.51,$234.38,10.72,$301.92
TTE,TotalEnergies SE,0.008,2,$77.76,0.69,$85.84,$56.15,52.88,$93.46
BTDR,Bitdeer Technologies Group A,0.008,2,$15.87,0.68,$10.56,$6.92,52.60,$27.80
RELX,RELX plc,0.008,2,$31.67,0.61,$33.30,$26.84,24.07,$46.71
KT,KT Corp.,0.008,2,$17.28,0.37,$18.92,$17.13,10.45,$24.58
LXU,LSB Industries Inc.,0.008,2,$10.81,0.66,$9.77,$7.71,26.72,$17.22
FIGR,Figure Technology Solut Cl A,0.008,1,,0.65,$29.19,$24.11,21.07,$78.00
KRYS,Krystal Biotech Inc.,0.008,1,,0.67,$333.71,$173.01,92.88,$382.54
AD,Array Digital Infrastructure Inc.,0.008,1,,0.67,$33.76,$28.86,16.98,$46.04
BXC,BlueLinx Holdings Inc.,0.008,1,,0.64,$71.64,$44.78,59.98,$93.80
TX,Ternium S.A.,0.008,1,,0.65,$54.45,$31.27,74.13,$58.73
SBSI,Southside Bancshares Inc.,0.008,1,,0.66,$30.19,$25.12,20.18,$35.79
DMAC,DiaMedica Therapeutics Inc.,0.008,1,,0.68,$8.41,$5.25,60.19,$10.42
AGO,Assured Guaranty Ltd.,0.008,1,,0.63,$67.83,$67.64,0.28,$91.07
HKHGF,Hongkong Land Holdings Ltd,0.008,1,,0.63,$8.57,$5.51,55.54,$8.57
KRSP,Rice Acquisition Corp 3 A,0.008,1,,0.67,$10.61,$10.21,3.92,$11.89
NWG,NatWest Group Plc,0.008,1,,0.67,$18.16,$13.20,37.58,$19.21
ZD,Ziff Davis Inc.,0.008,1,,0.63,$56.84,$22.45,153.18,$60.48
D,Dominion Energy Inc.,0.008,1,,0.65,$60.78,$54.17,12.20,$72.26
MMS,MAXIMUS Inc.,0.008,1,,0.64,$53.07,$51.04,3.98,$98.42
IPGP,IPG Photonics Corp.,0.008,1,,0.65,$78.31,$69.41,12.82,$155.82
CLX,Clorox Co.,0.007,5,$95.44,0.24,$81.63,$80.84,0.98,$125.83
VTV,Vanguard Value ETF,0.007,3,$217.93,0.60,$216.86,$179.15,21.05,$227.52
BTI,British American Tobacco plc,0.007,3,$61.76,0.37,$54.54,$47.79,14.12,$66.38
TDY,Teledyne Technologies,0.007,3,$666.90,0.56,$609.72,$483.02,26.23,$697.67
MTD,Mettler-Toledo International Inc.,0.007,2,$1277.67,0.32,$1517.97,$1023.05,48.38,$1552.82
EQNR,Equinor ASA,0.007,2,$31.40,0.57,$41.61,$21.54,93.18,$45.84
ING,ING Group NV,0.007,2,$31.38,0.58,$35.52,$22.49,57.94,$37.52
BAH,Booz Allen Hamilton Hldg Corp.,0.007,2,$60.67,0.56,$70.08,$59.05,18.68,$106.66
TNC,Tennant Co.,0.007,2,$87.54,0.55,$67.05,$59.62,12.46,$91.52
AXSM,Axsome Therapeutics Inc.,0.007,2,$244.77,0.54,$185.66,$117.30,58.28,$260.19
SRTA,Strata Critical Medical Inc.,0.007,2,$5.27,0.58,$5.14,$3.95,30.13,$6.50
EPAM,EPAM Systems Inc.,0.007,1,,0.54,$108.05,$73.06,47.89,$222.53
EXPD,Expeditors Int'l,0.007,1,,0.54,$185.36,$111.78,65.83,$194.59
WVE,Wave Life Sciences Ltd.,0.007,1,,0.54,$3.67,$3.56,3.09,$21.73
AS,Amer Sports Inc,0.007,1,,0.57,$27.32,$26.10,4.67,$42.76
ANDG,Andersen Group Inc A,0.007,1,,0.61,$54.98,$18.12,203.42,$57.62
RAL,Ralliant Corp.,0.007,1,,0.54,$69.63,$37.17,87.33,$75.35
VYX,NCR Voyix Corp.,0.007,1,,0.56,$6.95,$6.02,15.45,$13.02
QMCO,Quantum Corp.,0.007,1,,0.59,$31.87,$4.19,660.62,$34.68
MMSI,Merit Medical Systems Inc.,0.007,1,,0.61,$87.13,$59.74,45.85,$94.75
TMUS,T-Mobile US Inc.,0.007,1,,0.56,$163.40,$161.14,1.40,$235.97
FSLR,First Solar Inc.,0.007,1,,0.57,$175.44,$170.80,2.72,$320.95
PAYP,Paypay Corp,0.007,1,,0.55,$15.82,$12.07,31.07,$24.89
GCMG,Gcm Grosvenor Inc Class A,0.007,1,,0.54,$12.89,$9.12,41.34,$14.74
BLTE,Belite Bio Inc ADR,0.007,1,,0.55,$167.63,$70.80,136.77,$200.00
WLTH,Wealthfront Corp,0.007,1,,0.57,$10.43,$7.20,44.86,$14.88
UL,Unilever PLC,0.006,5,$60.12,0.22,$61.10,$53.97,13.21,$73.09
TIGO,Millicom Intl Cellular S.a.,0.006,3,$90.76,0.39,$87.98,$42.68,106.14,$107.13
RNR,RenaissanceRe Holdings Ltd.,0.006,3,$316.90,0.32,$320.11,$229.91,39.23,$339.82
PBR.A,Petroleo Brasil Sp Pref ADR,0.006,2,$14.64,0.49,$19.12,$10.25,86.54,$19.70
PUK,Prudential Plc ADR,0.006,2,$26.81,0.49,$24.76,$24.45,1.27,$33.36
VLTO,Veralto Corp.,0.006,2,$88.68,0.48,$95.22,$79.91,19.16,$107.44
QRVO,Qorvo Inc.,0.006,2,$93.27,0.51,$113.97,$74.92,52.12,$121.09
HWKN,Hawkins Inc.,0.006,2,$142.10,0.45,$126.16,$116.05,8.71,$185.12
CX,Cemex,0.006,2,$12.00,0.50,$9.57,$8.65,10.64,$13.60
CYD,China Yuchai Intl Ltd.,0.006,2,$47.42,0.51,$31.55,$28.09,12.32,$60.28
BEKE,KE Holdings Inc.,0.006,2,$14.53,0.38,$16.87,$13.81,22.16,$19.77
KFY,Korn Ferry,0.006,2,$66.58,0.30,$71.72,$57.57,24.58,$86.88
GLOB,Globant S.A.,0.006,2,$28.94,0.33,$34.66,$27.56,25.76,$72.10
DTE,DTE Energy Co.,0.006,1,,0.53,$122.41,$119.68,2.28,$154.33
ZTO,ZTO Express,0.006,1,,0.48,$19.54,$17.83,9.59,$25.97
NGG,National Grid Plc Sp ADR,0.006,1,,0.53,$76.13,$69.11,10.16,$92.22
CART,Maplebear Inc,0.006,1,,0.51,$43.39,$32.73,32.57,$52.68
FND,Floor & Decor Holdings,0.006,1,,0.46,$45.96,$42.64,7.79,$77.46
WEX,WEX Inc.,0.006,1,,0.47,$168.04,$125.29,34.12,$203.99
SNN,Smith & Nephew plc,0.006,1,,0.49,$27.03,$26.40,2.39,$36.95
NBIX,Neurocrine Biosciences Inc.,0.006,1,,0.49,$141.87,$122.14,16.15,$186.12
MBC,Masterbrand Inc,0.006,1,,0.46,$7.04,$6.27,12.28,$13.96
AIT,Applied Industrial Tech.,0.006,1,,0.53,$334.80,$236.75,41.41,$374.27
PPL,PPL Corp.,0.006,1,,0.49,$33.06,$31.56,4.75,$39.46
BCE,BCE Inc.,0.006,1,,0.51,$20.42,$20.14,1.39,$25.77
IT,Gartner Inc.,0.006,1,,0.49,$187.16,$124.25,50.63,$265.00
AGL,Agilon Health Inc,0.006,1,,0.46,$78.65,$7.48,951.47,$133.04
DINT,Davis Select International,0.006,1,,0.48,$28.18,$25.77,9.35,$30.75
TWFG,Twfg Inc,0.006,1,,0.53,$23.91,$16.56,44.38,$31.30
CRAI,CRA International Inc.,0.006,1,,0.47,$165.67,$131.23,26.24,$224.94
THG,Hanover Insurance Group,0.006,1,,0.46,$215.08,$163.54,31.52,$235.06
T,AT&T Inc.,0.005,3,$20.70,0.40,$24.55,$19.63,25.06,$28.75
BIL,SPDR Bloomberg 1 3 Month T B,0.005,3,$91.64,0.27,$91.65,$88.40,3.68,$91.65
LPX,Louisiana-Pacific Corp.,0.005,3,$78.66,0.21,$65.31,$64.49,1.27,$99.15
DCI,Donaldson Co.,0.005,3,$89.77,0.38,$87.14,$78.40,11.15,$112.05
EMR,Emerson Electric,0.005,3,$143.16,0.26,$156.27,$121.73,28.37,$165.79
ARCO,Arcos Dorados Holdings Inc.,0.005,3,$8.06,0.26,$7.17,$6.32,13.45,$9.58
FRFHF,Fairfax Financial Holdings Ltd.,0.005,2,$1644.34,0.26,$1563.78,$1500.00,4.25,$1933.22
HALO,Halozyme Therapeutics,0.005,2,$78.26,0.45,$110.88,$61.23,81.09,$116.85
IDA,IDACORP Inc. Hldg. Co.,0.005,2,$151.30,0.43,$131.39,$121.82,7.86,$153.97
EQPT,Equipmentshare.com Inc A,0.005,2,$19.66,0.38,$17.70,$15.71,12.67,$35.50
BWXT,BWX Technologies Inc.,0.005,2,$194.65,0.37,$137.40,$133.21,3.15,$241.12
DFNL,Davis Select Financial ETF,0.005,1,,0.45,$48.23,$42.56,13.32,$53.09
SARO,Standardaero Inc,0.005,1,,0.41,$21.53,$21.47,0.28,$34.48
DWLD,Davis Select Worldwide ETF,0.005,1,,0.38,$44.85,$42.44,5.68,$49.48
PRG,PROG Holdings Inc.,0.005,1,,0.40,$30.88,$25.48,21.19,$47.57
MEOH,Methanex Corp.,0.005,1,,0.43,$58.94,$31.54,86.87,$66.34
SGRY,Surgery Partners Inc.,0.005,1,,0.38,$14.02,$11.41,22.87,$23.44
TAL,TAL Education Group,0.005,1,,0.43,$12.04,$8.88,35.59,$13.37
AQN,Algonquin Power & Utilities,0.005,1,,0.39,$5.07,$4.89,3.68,$6.86
CNO,CNO Financial Group Inc.,0.005,1,,0.37,$52.79,$37.63,40.29,$57.40
SMPL,Simply Good Foods Co.,0.005,1,,0.42,$9.58,$9.38,2.13,$25.66
SION,Sionna Therapeutics Inc,0.005,1,,0.40,$5.21,$4.01,29.93,$54.97
QURE,uniQure NV,0.005,1,,0.38,$24.52,$8.73,180.87,$71.50
FRPH,FRP Holdings Inc.,0.005,1,,0.43,$20.90,$20.53,1.80,$25.74
SMIN,Ishares Msci India Small Cap,0.005,1,,0.42,$68.65,$57.78,18.81,$74.41
SOPH,Sophia Genetics SA,0.005,1,,0.42,$8.43,$3.75,124.80,$8.98
WHR,Whirlpool Corp.,0.005,1,,0.38,$30.70,$30.30,1.32,$93.59
SNDX,Syndax Pharmaceuticals Inc.,0.005,1,,0.43,$18.72,$12.99,44.11,$25.59
ORKA,Oruka Therapeutics Inc,0.005,1,,0.41,$83.48,$18.19,358.93,$115.52
SUN,Sunoco Inc.,0.005,1,,0.43,$72.26,$45.68,58.19,$80.22
LKFT,Lakefront Biotherapeutics,0.005,1,,0.37,$29.76,$25.68,15.89,$37.78
WK,Workiva Inc.,0.005,1,,0.37,$66.62,$43.34,53.71,$97.10
PKG,Packaging Corp. of America,0.005,1,,0.45,$231.03,$186.77,23.70,$258.31
MLCO,Melco Resorts & Entertainment,0.005,1,,0.44,$4.53,$4.53,0.00,$9.90
HAL,Halliburton Co.,0.005,1,,0.39,$31.81,$21.03,51.26,$43.20
KGS,Kodiak Gas Services Inc,0.005,1,,0.39,$53.29,$31.78,67.68,$77.10
HDB,HDFC Bank Ltd.,0.004,5,$25.83,0.12,$22.39,$21.77,2.85,$36.79
VTI,Vanguard Total Stock Mkt ETF,0.004,5,$370.00,0.19,$376.26,$308.73,21.87,$384.15
CCK,Crown Holdings,0.004,4,$111.82,0.19,$105.82,$88.12,20.09,$122.91
ONB,Old National Bancorp,0.004,3,$25.90,0.22,$24.68,$18.93,30.38,$27.21
LBRDA-OLD,Liberty Broadband Corp. CL A,0.004,3,$33.28,0.29,$35.98,$26.14,37.64,$65.40
HPE,Hewlett Packard Enterprise,0.004,3,$45.11,0.34,$64.98,$19.57,232.04,$65.80
SMFG,Sumitomo Mitsui Spons ADR,0.004,2,$23.58,0.36,$26.02,$15.18,71.41,$27.62
NOVT,Novanta Inc.,0.004,2,$162.28,0.27,$142.33,$98.27,44.84,$176.38
HLI,Houlihan Lokey Inc.,0.004,2,$134.13,0.33,$127.24,$112.24,13.36,$205.20
MDY,SPDR S&P Midcap 400 ETF Trst,0.004,2,$703.33,0.34,$659.27,$562.03,17.30,$715.63
AFL,AFLAC Inc.,0.004,2,$117.24,0.28,$112.32,$103.27,8.76,$129.57
COO,Cooper Cos Inc,0.004,2,$71.72,0.25,$57.13,$51.01,12.00,$89.83
VIST,"Vista Oil & Gas, S.A.B. de C.V.",0.004,2,$63.80,0.35,$65.77,$33.45,96.62,$81.44
UHAL,U-Haul Holding Co.,0.004,2,$65.44,0.26,$60.45,$41.95,44.10,$76.45
FCN,FTI Consulting Inc.,0.004,1,,0.30,$135.07,$129.12,4.61,$189.30
PAGS,PagSeguro Digital Ltd.,0.004,1,,0.31,$8.97,$8.00,12.13,$11.68
GLPI,Gaming and Leisure Properties Inc.,0.004,1,,0.32,$38.18,$38.05,0.34,$47.34
ALNY,Alnylam Pharmaceuticals,0.004,1,,0.31,$248.39,$197.81,25.57,$495.55
COYA,Coya Therapeutics Inc,0.004,1,,0.35,$5.02,$3.71,35.31,$7.75
ZM,Zoom Video Communications Inc.,0.004,1,,0.32,$91.05,$70.70,28.78,$114.74
PCAR,PACCAR Inc.,0.004,1,,0.35,$110.01,$90.03,22.19,$138.87
PIPR,Piper Sandler Companies,0.004,1,,0.36,$66.32,$64.71,2.49,$92.80
CCU,Compania Cervecerias Unidas SA,0.004,1,,0.30,$10.51,$10.51,0.00,$15.15
TCHP,T Rowe Price Blue Chip Growth ETF,0.004,1,,0.31,$51.72,$42.26,22.39,$53.26
SDGR,SCHRODINGER Inc.,0.004,1,,0.33,$31.62,$10.95,188.77,$31.91
MINE,Mayfair Gold Corp,0.004,1,,0.29,$2.72,$2.16,25.93,$4.88
INBX,Inhibrx,0.004,1,,0.30,$101.69,$28.16,261.12,$155.29
BTSG,Brightspring Health Services,0.004,1,,0.32,$56.60,$27.11,108.78,$73.75
SLQT,Selectquote Inc.,0.004,1,,0.32,$0.41,$0.38,7.89,$2.22
AGI,Alamos Gold Inc.,0.004,1,,0.31,$32.52,$27.02,20.36,$55.24
PRDO,Perdoceo Education Corp.,0.004,1,,0.30,$30.96,$26.14,18.44,$38.13
INDA,iShares MSCI India ETF,0.004,1,,0.34,$46.69,$45.21,3.27,$55.50
ATKR,Atkore International Group Inc.,0.004,1,,0.30,$94.79,$53.32,77.78,$94.79
XEL,Xcel Energy Inc.,0.004,1,,0.29,$70.79,$68.72,3.01,$82.56
PHVS,Pharvaris NV,0.004,1,,0.36,$31.87,$20.65,54.33,$43.25
SFM,Sprouts Farmers Market Inc.,0.004,1,,0.35,$66.06,$61.88,6.76,$114.34
EVLV,Evolv Technologies Holdings,0.004,1,,0.34,$4.67,$4.61,1.30,$8.81
GNE,Genie Energy Ltd.,0.004,1,,0.35,$16.09,$12.56,28.11,$16.55
JGRW,Jensen Quality Growth ETF,0.004,1,,0.36,$27.60,$23.54,17.25,$28.94
SWIM,Latham Group Inc,0.004,1,,0.32,$6.29,$4.64,35.56,$8.97
VUG,Vanguard Growth ETF,0.003,6,$86.16,0.13,$90.67,$69.49,30.48,$91.34
SPY,SPDR S&P 500 ETF Trust,0.003,6,$746.85,0.06,$766.49,$626.11,22.42,$777.44
RSP,Invesco S&P 500 Equal Weight,0.003,4,$212.87,0.22,$208.82,$179.25,16.50,$222.60
SNPS,Synopsys Inc.,0.003,4,$446.14,0.16,$429.30,$362.55,18.41,$539.48
VWO,Vanguard FTSE Emerging Marke,0.003,4,$59.69,0.22,$59.34,$51.24,15.81,$61.42
VIG,Vanguard Dividend Apprec ETF,0.003,3,$236.65,0.21,$234.27,$208.30,12.47,$246.48
IWM,iShares Russell 2000 ETF,0.003,3,$300.49,0.25,$279.04,$226.60,23.14,$304.38
ALL,Allstate Corp.,0.003,3,$237.94,0.28,$223.22,$184.51,20.98,$276.07
BC,Brunswick Corp.,0.003,2,$84.24,0.21,$64.48,$57.26,12.61,$88.81
COLB,Columbia Banking System Inc.,0.003,2,$32.05,0.20,$28.61,$22.66,26.26,$33.27
ASB,Associated Banc-Corp,0.003,2,$30.77,0.18,$28.67,$23.04,24.44,$32.21
VO,Vanguard Mid Cap ETF,0.003,2,$80.57,0.25,$78.73,$68.44,15.04,$84.28
SEIC,SEI Investments,0.003,2,$87.74,0.12,$103.54,$74.64,38.72,$112.15
ALSN,Allison Transmission Holdings,0.003,2,$112.75,0.19,$113.47,$75.21,50.87,$136.97
AYI,Acuity Brands Inc.,0.003,2,$376.66,0.25,$311.20,$256.71,21.23,$379.43
CNXC,Concentrix Corp.,0.003,2,$22.41,0.22,$25.53,$18.81,35.73,$47.10
THO,Thor Industries,0.003,2,$75.17,0.15,$69.58,$67.31,3.37,$121.16
HAFN,Hafnia Ltd,0.003,2,$6.62,0.21,$9.98,$4.60,116.96,$10.12
BSY,Bentley Systems Inc Class B,0.003,1,,0.27,$31.87,$28.02,13.74,$56.82
VSTM,Verastem Inc.,0.003,1,,0.27,$8.18,$3.43,138.48,$10.82
FBAK,First National Bank Alaska,0.003,1,,0.25,$202.54,$165.01,22.74,$211.60
JKHY,Jack Henry & Associates Inc.,0.003,1,,0.26,$144.58,$120.60,19.88,$191.13
PS,Pershing Square Inc.,0.003,1,,0.24,$57.50,$21.93,162.20,$59.94
GIII,G-III Apparel Group,0.003,1,,0.22,$27.03,$24.36,10.96,$37.40
LEGH,Legacy Housing Corp.,0.003,1,,0.24,$28.81,$18.29,57.52,$31.34
LBRT,Liberty Oilfield Services Inc.,0.003,1,,0.21,$18.27,$11.35,60.97,$34.23
BMM,Blue Moon Metals Inc,0.003,1,,0.28,$5.07,$3.47,46.11,$8.63
NTB,Bank of N.T. Butterfield & Son Ltd,0.003,1,,0.26,$57.96,$39.10,48.24,$64.17
SMRT,SmartRent Inc.,0.003,1,,0.24,$1.20,$0.91,31.87,$2.20
GLDM,SPDR Gold Minishares Trust,0.003,1,,0.22,$82.20,$75.49,8.89,$109.74
OVV,Ovintiv Inc.,0.003,1,,0.21,$57.89,$34.67,66.97,$67.41
RUSHB,Rush Enterprises Inc. - CL B,0.003,1,,0.21,$53.84,$31.53,70.76,$57.38
CGAU,Centerra Gold Inc,0.003,1,,0.22,$21.83,$10.09,116.35,$24.52
L,Loews Corp.,0.003,1,,0.27,$105.00,$97.16,8.07,$120.94
RCL,Royal Caribbean Cruises Ltd.,0.003,1,,0.21,$268.16,$222.22,20.67,$350.59
PLOW,Douglas Dynamics,0.003,1,,0.22,$39.23,$27.69,41.68,$54.60
HGTY,Hagerty Inc.,0.003,1,,0.27,$13.44,$9.36,43.59,$14.17
OGC,Oceanagold Corp,0.003,1,,0.25,$27.65,$20.01,38.18,$42.96
LESL,Leslie's Inc.,0.003,1,,0.24,$0.15,$0.14,7.14,$12.53
MO,Altria Group Inc.,0.002,5,$71.95,0.12,$67.23,$52.17,28.87,$75.85
IWD,Ishares Russell 1000 Value E,0.002,4,$244.40,0.12,$248.97,$196.35,26.80,$259.24
NUE,Nucor Corp.,0.002,3,$222.78,0.14,$235.11,$130.11,80.70,$280.11
OEC,Orion SA,0.002,3,$6.63,0.09,$5.61,$4.28,31.07,$8.61
AIR,AAR Corp.,0.002,3,$142.94,0.11,$101.26,$76.10,33.06,$154.00
AEBI,Aebi Schmidt Holding Ag,0.002,3,$12.55,0.16,$10.65,$8.87,20.07,$15.87
AMT,American Tower Corp.,0.002,3,$163.57,0.09,$164.41,$160.06,2.72,$194.23
APLD,Applied Digital Corp,0.002,3,$37.30,0.14,$24.49,$19.01,28.83,$50.73
ACWI,iShares MSCI ACWI ETF,0.002,3,$156.97,0.16,$159.35,$132.79,20.00,$162.80
PAAS,Pan American Silver Corp.,0.002,2,$44.79,0.18,$45.62,$32.65,39.72,$69.34
SNA,Snap-On Inc.,0.002,2,$402.37,0.12,$365.05,$312.34,16.88,$420.41
HLT,Hilton Worldwide Holdings,0.002,2,$330.48,0.12,$318.88,$253.04,26.02,$357.84
SMHI,SEACOR Marine Holdings Inc.,0.002,2,$7.65,0.18,$8.10,$5.55,45.95,$10.00
HUN,Huntsman Corp.,0.002,2,$10.62,0.16,$8.41,$7.08,18.79,$15.93
TD,Toronto-Dominion Bank,0.002,2,$121.55,0.13,$117.93,$76.20,54.76,$125.47
CECO,CECO Environmental Corp.,0.002,2,$90.74,0.11,$70.14,$42.82,63.80,$101.24
PLXS,Plexus Corp.,0.002,2,$300.67,0.11,$261.51,$132.03,98.07,$307.06
RF,Regions Financial Corp.,0.002,2,$30.20,0.16,$26.93,$21.82,23.42,$32.14
ERO,Ero Copper Corp,0.002,2,$26.74,0.19,$37.07,$19.09,94.19,$40.83
IBN,ICICI Bank Ltd.,0.002,2,$29.03,0.14,$27.56,$24.87,10.82,$32.76
HONA,Honeywell Aerospace Inc,0.002,2,$221.08,0.20,$154.45,$149.19,3.53,$266.62
FIX,Comfort Systems USA Inc.,0.002,2,$1981.92,0.20,$1663.17,$768.90,116.31,$2072.10
LPG,Dorian LPG Ltd,0.002,2,$34.79,0.11,$55.05,$22.18,148.20,$59.97
IWN,Ishares Russell 2000 Value E,0.002,2,$221.16,0.17,$210.12,$166.05,26.54,$226.94
NUVB,Nuvation Bio Inc.,0.002,2,$5.68,0.13,$5.70,$3.31,72.21,$9.75
MANH,Manhattan Associates,0.002,2,$139.25,0.18,$198.91,$119.06,67.07,$227.03
VALE,Vale SA,0.002,2,$15.04,0.19,$13.51,$10.07,34.16,$17.45
MX,MagnaChip Semiconductor Corp.,0.002,2,$4.73,0.19,$3.77,$2.18,72.94,$9.86
VREX,Varex Imaging Corp.,0.002,2,$10.43,0.13,$18.47,$9.09,103.19,$18.77
MTDR,Matador Resources Co.,0.002,2,$49.79,0.14,$51.55,$35.98,43.27,$65.88
BULL,Webull Corp,0.002,1,,0.18,$7.01,$4.50,55.78,$16.04
GT,Goodyear Tire & Rubber,0.002,1,,0.13,$4.95,$4.91,0.81,$10.62
HXL,Hexcel Corp.,0.002,1,,0.14,$84.36,$60.32,39.85,$111.54
MOAT,Vaneck Morningstar Wide Moat,0.002,1,,0.14,$106.15,$94.07,12.84,$115.58
WB,Weibo Corp.,0.002,1,,0.18,$6.48,$6.37,1.73,$12.11
NSSC,Napco Security Technologies Inc.,0.002,1,,0.17,$35.44,$33.75,5.01,$51.52
HR,Healthcare Realty Trust Inc.,0.002,1,,0.13,$17.81,$15.71,13.37,$21.77
IVVD,Invivyd Inc.,0.002,1,,0.15,$0.86,$0.53,62.26,$3.07
EVTC,EVERTEC Inc.,0.002,1,,0.19,$26.78,$21.73,23.24,$34.51
DOCN,DigitalOcean Holdings Inc.,0.002,1,,0.14,$135.37,$33.69,301.81,$187.50
XLE,Energy Select Sector SPDR,0.002,1,,0.15,$61.74,$41.18,49.93,$65.78
LILA,Liberty LiLAC Group A,0.002,1,,0.17,$8.36,$4.73,76.74,$8.99
GDXJ,Vaneck Junior Gold Miners,0.002,1,,0.20,$114.29,$85.38,33.86,$157.49
VSS,Vanguard FTSE All Wo X Us Sc,0.002,1,,0.14,$155.27,$132.47,17.21,$162.15
RERE,AiHuiShou International Co. Ltd. ADS,0.002,1,,0.16,$3.76,$3.50,7.43,$6.32
WU,Western Union Co.,0.002,1,,0.16,$5.93,$5.93,0.00,$9.44
FSM,Fortuna Mining Corp.,0.002,1,,0.19,$11.27,$7.69,46.55,$13.85
BNTX,Biontech Se ADR,0.002,1,,0.18,$98.45,$79.52,23.81,$124.00
WSFS,WSFS Financial Corp.,0.002,1,,0.20,$75.54,$49.37,53.01,$82.74
SEDG,SolarEdge Technologies Inc.,0.002,1,,0.18,$32.11,$28.21,13.82,$81.25
NTNX,Nutanix Inc.,0.002,1,,0.20,$70.76,$34.01,108.06,$77.90
HTLD,Heartland Express,0.002,1,,0.16,$11.63,$6.94,67.58,$16.58
CLFD,Clearfield Inc.,0.002,1,,0.14,$31.30,$23.76,31.73,$52.73
BRKR,Bruker Corp.,0.002,1,,0.15,$65.17,$30.56,113.25,$66.93
AMTM,Amentum Holdings Inc.,0.002,1,,0.17,$18.24,$17.89,1.96,$38.11
MSM,MSC Industrial Direct,0.002,1,,0.13,$124.20,$76.68,61.97,$130.46
ADNT,Adient plc,0.002,1,,0.20,$16.94,$16.72,1.32,$27.32
WGO,Winnebago Industries Inc.,0.002,1,,0.16,$26.53,$26.25,1.07,$48.44
GENI,Genius Sports Ltd,0.002,1,,0.16,$5.79,$3.83,51.17,$13.50
PSLV,Sprott Physical Silver Trust,0.002,1,,0.15,$19.34,$15.06,28.42,$38.13
HTZ,Hertz Global Hldgs Inc.,0.002,1,,0.17,$1.69,$1.45,16.55,$8.18
KOP,Koppers Holdings Inc.,0.002,1,,0.14,$45.55,$24.77,83.89,$52.90
SHOE,Shoe Carnival Inc.,0.002,1,,0.13,$12.94,$10.20,26.86,$21.58
PFG,Principal Financial Group,0.002,1,,0.13,$112.59,$75.30,49.52,$121.18
MMI,Marcus & Millichap Inc.,0.002,1,,0.20,$28.33,$24.00,18.04,$33.28
MORN,Morningstar Inc.,0.002,1,,0.15,$189.72,$141.06,34.50,$232.50
ORIC,ORIC Pharmaceuticals Inc.,0.002,1,,0.16,$13.69,$7.23,89.35,$14.93
NOG,Northern Oil and Gas Inc.,0.002,1,,0.16,$23.02,$16.85,36.62,$29.41
SLV,iShares Silver Trust,0.002,1,,0.19,$54.49,$41.66,30.80,$109.83
SABR,Sabre Corp.,0.002,1,,0.14,$2.13,$0.81,162.96,$2.50
BUDFF,Anheuser Busch Inbev SA NV,0.002,1,,0.16,$76.11,$57.78,31.72,$86.78
LAB,Standard Biotools Inc,0.002,1,,0.14,$0.74,$0.63,17.46,$1.72
MBUU,Malibu Boats Inc.,0.002,1,,0.14,$22.96,$22.68,1.23,$34.97
TRP,TC Energy,0.002,1,,0.17,$58.18,$47.30,23.00,$70.15
SPRY,Ars Pharmaceuticals Inc,0.002,1,,0.18,$4.32,$4.00,8.00,$13.15
IDCC,InterDigital Inc.,0.002,1,,0.13,$328.00,$248.51,31.99,$409.73
SCSC,ScanSource Inc.,0.002,1,,0.17,$58.34,$33.76,72.81,$66.78
RCI,Rogers Communications Inc.,0.002,1,,0.18,$30.96,$30.80,0.52,$39.99
TRMLF,Tourmaline Oil Corp,0.002,1,,0.18,$43.10,$40.04,7.64,$50.38
EMBC,Embecta Corp,0.002,1,,0.17,$5.67,$2.76,105.43,$14.43
FNDF,Schwab Fndmn Intl Lrg Co ETF,0.002,1,,0.15,$53.83,$40.86,31.74,$56.48
CNP,CenterPoint Energy,0.002,1,,0.20,$37.03,$36.37,1.81,$44.99
DMRA,Damora Therapeutics Inc.,0.002,1,,0.17,$21.51,$3.50,514.57,$38.33
NOK,Nokia Corp.,0.002,1,,0.20,$10.13,$4.62,119.26,$17.36
BTE,Baytex Energy Corp.,0.002,1,,0.14,$4.53,$2.15,110.70,$5.32
ZIM,Zim Integrated Shipping Serv,0.002,1,,0.20,$29.46,$11.75,150.72,$30.96
AEG,Aegon Ltd,0.002,1,,0.20,$8.65,$6.39,35.37,$9.35
VT,Vanguard Tot World Stk ETF,0.001,4,$156.95,0.07,$158.31,$132.28,19.68,$162.29
HRI,HERC Holdings Inc.,0.001,3,$143.35,0.04,$126.24,$87.56,44.18,$185.59
CAH,Cardinal Health Inc.,0.001,3,$237.56,0.09,$223.98,$149.71,49.61,$258.30
XLK,Technology Select Sect SPDR,0.001,3,$190.45,0.04,$196.68,$126.38,55.63,$198.26
APA,APA Corp.,0.001,3,$32.57,0.06,$41.60,$21.13,96.88,$47.44
QQQ,Invesco Qqq Trust Series 1,0.001,3,$736.46,0.09,$743.34,$554.41,34.08,$748.35
CW,Curtiss-Wright Corp.,0.001,3,$758.31,0.05,$543.66,$520.83,4.38,$807.77
OTIS,Otis Worldwide Corp.,0.001,3,$71.61,0.07,$64.69,$64.64,0.08,$93.43
MPC,Marathon Petroleum Corp.,0.001,3,$255.59,0.08,$399.10,$160.07,149.33,$431.08
VECO,Veeco Instruments,0.001,3,$75.80,0.06,$52.07,$26.00,100.27,$86.63
JBTM,JBT Marel Corp.,0.001,3,$144.99,0.09,$107.04,$106.48,0.53,$169.81
AEIS,Advanced Energy Industries,0.001,3,$372.88,0.06,$281.31,$162.89,72.70,$397.18
SITM,SiTime Corp.,0.001,2,$745.53,0.04,$651.58,$243.68,167.39,$901.81
SIMO,Silicon Motion Technol ADR,0.001,2,$333.35,0.07,$281.00,$79.13,255.11,$354.28
UCTT,Ultra Clean Holdings Inc.,0.001,2,$142.59,0.08,$81.08,$21.49,277.29,$144.22
VPG,Vishay Precision Group,0.001,2,$149.92,0.04,$71.69,$29.08,146.53,$151.78
RXO,Rxo Inc,0.001,2,$27.60,0.06,$20.50,$10.43,96.55,$29.90
CM,Can Imperial Bk Of Commerce,0.001,2,$115.10,0.10,$110.47,$76.46,44.48,$124.03
WBS-OLD,Webster Financial Corp.,0.001,2,$76.34,0.05,$77.78,$51.49,51.06,$79.40
HOFT,Hooker Furniture Corp.,0.001,2,$17.83,0.08,$12.60,$8.31,51.62,$17.94
LASR,nLight Inc.,0.001,2,$69.62,0.08,$38.68,$28.05,37.90,$86.95
DLO,DLocal Ltd,0.001,2,$13.00,0.05,$13.89,$10.46,32.79,$16.50
GLBAV-OLD,GCI Liberty Inc. Series A,0.001,2,$21.90,0.08,,,,
LTH,Life Time Group Holdings Inc,0.001,2,$40.84,0.06,$40.17,$24.14,66.40,$47.24
TALO,Talos Energy Inc.,0.001,2,$12.91,0.05,$16.41,$8.97,82.94,$18.73
LEVI,Levi Strauss & Co.,0.001,2,$24.83,0.08,$19.65,$17.50,12.29,$25.70
RKLB,Rocket Lab Corp.,0.001,2,$101.58,0.07,$70.29,$37.57,87.09,$151.00
JOYY,JOYY Inc.,0.001,2,$65.99,0.08,$80.71,$51.36,57.15,$81.26
ZGN,Ermenegildo Zegna Nv,0.001,2,$13.02,0.04,$12.63,$8.55,47.72,$15.95
ONTO,Onto Innovation Inc.,0.001,2,$378.43,0.05,$310.54,$118.97,161.02,$386.46
BTG,B2Gold Corp.,0.001,2,$3.75,0.06,$5.24,$3.56,47.19,$6.21
WMG,Warner Music Group Corp. CL A,0.001,2,$27.07,0.06,$27.56,$23.04,19.62,$34.97
GHM,Graham Corp.,0.001,2,$123.78,0.04,$86.43,$51.53,67.73,$125.82
VICR,Vicor Corp.,0.001,2,$379.84,0.05,$291.19,$48.31,502.75,$382.65
FTK,Flotek Industries Inc.,0.001,2,$23.52,0.04,$28.43,$13.19,115.54,$39.67
DPZ,Dominos Pizza Inc.,0.001,2,$295.99,0.08,$300.16,$280.27,7.10,$434.73
CLS,Celestica Inc,0.001,2,$364.81,0.08,$360.24,$230.24,56.46,$474.03
JHX,James Hardie Industries PLC,0.001,2,$26.18,0.06,$25.59,$16.46,55.47,$31.43
ROST,Ross Stores Inc.,0.001,2,$212.84,0.09,$233.99,$146.28,59.96,$256.50
MAMA,Mama's Creations Inc,0.001,2,$17.85,0.04,$13.06,$9.90,31.92,$21.00
BKH,Black Hills,0.001,2,$74.40,0.07,$70.28,$57.10,23.08,$77.21
BWA,BorgWarner Inc.,0.001,2,$66.40,0.04,$60.30,$40.02,50.67,$78.61
EQIX,Equinix Inc.,0.001,2,$1042.41,0.09,$1015.35,$709.79,43.05,$1118.65
FFIV,F5 Networks,0.001,2,$415.93,0.08,$446.87,$223.76,99.71,$462.00
MRVI,Maravai LifeSciences Holdings Inc.,0.001,2,$6.24,0.07,$7.66,$2.55,200.39,$9.42
ASTE,Astec Industries,0.001,2,$61.20,0.03,$40.67,$39.72,2.39,$65.33
AMN,AMN Healthcare Services,0.001,2,$32.36,0.09,$35.63,$14.97,138.01,$37.22
HL,Hecla Mining Co.,0.001,2,$15.41,0.06,$17.07,$11.47,48.82,$34.15
FTI,TechnipFMC plc,0.001,2,$66.26,0.05,$68.31,$35.18,94.17,$80.70
ATRO,Astronics Corp.,0.001,2,$81.26,0.03,$67.25,$41.50,62.05,$99.89
PLTR,Palantir Technologies Inc.,0.001,2,$116.72,0.04,$187.89,$106.37,76.64,$207.52
SHG,Shinhan Financial Group Company,0.001,2,$63.25,0.12,$77.24,$47.05,64.17,$85.57
RDNT,RadNet Inc.,0.001,2,$61.67,0.08,$69.20,$50.82,36.17,$85.84
DOV,Dover Corp.,0.001,2,$224.29,0.05,$188.39,$157.36,19.72,$235.79
HVT,Haverty Furniture,0.001,1,,0.12,$27.70,$18.81,47.26,$29.47
ASGN,ASGN Inc.,0.001,1,,0.12,,,,
EHC,Encompass Health Corp.,0.001,1,,0.10,$121.67,$92.41,31.66,$127.50
H,Hyatt Hotels Corp.,0.001,1,,0.08,$159.52,$133.71,19.30,$206.69
MTRN,Materion Corp.,0.001,1,,0.06,$273.23,$109.25,150.10,$304.40
HII,Huntington Ingalls Industries,0.001,1,,0.06,$267.16,$256.79,4.04,$455.90
COHU,Cohu Inc.,0.001,1,,0.07,$67.59,$18.67,262.02,$74.60
EAF,GrafTech International Ltd.,0.001,1,,0.08,$8.46,$4.92,71.95,$20.32
BELFB,Bel Fuse Inc. CL B,0.001,1,,0.09,$243.43,$129.82,87.51,$335.20
FROG,JFrog Ltd,0.001,1,,0.07,$96.24,$34.05,182.64,$105.76
MINN,Mairs & Power Mn Muni Bond,0.001,1,,0.10,$20.65,$20.49,0.78,$22.78
TWST,Twist Bioscience Corp.,0.001,1,,0.05,$194.68,$23.30,735.54,$195.23
BWLP,Bw Lpg Ltd,0.001,1,,0.09,$25.01,$10.17,145.92,$26.47
FINV,Finvolution Group ADR,0.001,1,,0.12,$3.05,$3.01,1.33,$7.20
SEI,Solaris Energy Infrastructure Inc.,0.001,1,,0.06,$70.66,$38.18,85.07,$86.02
HELE,Helen of Troy Ltd.,0.001,1,,0.06,$27.53,$13.85,98.77,$30.68
ADMA,ADMA Biologics Inc.,0.001,1,,0.10,$9.99,$7.21,38.56,$20.46
PATK,Patrick Industries Inc.,0.001,1,,0.08,$67.93,$67.00,1.39,$146.40
IEUR,iShares Core MSCI Europe ETF,0.001,1,,0.08,$73.77,$64.33,14.67,$78.90
NSP,Insperity Inc.,0.001,1,,0.06,$46.90,$18.03,160.12,$55.25
EWT,Ishares Msci Taiwan ETF,0.001,1,,0.05,$112.87,$58.01,94.57,$115.82
DCO,Ducommun Inc.,0.001,1,,0.05,$170.22,$84.76,100.83,$210.39
PEYUF,Peyto Exploration & Development Corp.,0.001,1,,0.08,$16.53,$12.26,34.83,$20.58
PLAY,Dave & Buster's Ent. Inc.,0.001,1,,0.08,$6.46,$6.38,1.25,$22.10
VRM,Vroom Inc,0.001,1,,0.11,$9.54,$6.80,40.29,$27.75
URA,Global X Uranium ETF,0.001,1,,0.05,$40.00,$37.18,7.58,$62.28
CIFR,Cipher Mining Inc,0.001,1,,0.09,$15.95,$11.72,36.09,$30.14
PDLB,Ponce Financial Group Inc.,0.001,1,,0.05,$19.95,$13.91,43.42,$21.10
ESGD,Ishares Trust Ishares Esg Aw,0.001,1,,0.05,$103.14,$87.40,18.01,$108.00
WWD,Woodward Inc.,0.001,1,,0.05,$329.14,$243.79,35.01,$450.52
CCJ,Cameco Corp.,0.001,1,,0.06,$87.19,$77.49,12.52,$135.24
HTZWW,Hertz Global Hldgs Inc. WTS,0.001,1,,0.09,$0.88,$0.70,25.71,$3.90
EWJ,iShares MSCI Japan ETF,0.001,1,,0.05,$97.46,$74.98,29.98,$99.01
TBI,TrueBlue Inc.,0.001,1,,0.06,$9.15,$3.18,187.74,$11.03
XOP,SPDR S&P Oil & Gas Exploration & Production ETF,0.001,1,,0.09,$180.26,$119.67,50.63,$200.09
ABCB,Ameris Bancorp,0.001,1,,0.05,$79.52,$68.29,16.44,$93.22
BATL,Battalion Oil Corp.,0.001,1,,0.10,$1.06,$1.00,6.00,$29.70
VYMI,Vanguard Int High Dvd Yld In,0.001,1,,0.08,$101.16,$79.72,26.89,$106.45
CDLX,Cardlytics Inc.,0.001,1,,0.11,$2.97,$2.97,0.00,$26.70
KEY,KeyCorp,0.001,1,,0.11,$20.13,$15.82,27.24,$23.84
POWL,Powell Industries,0.001,1,,0.07,$187.23,$92.47,102.48,$327.74
IESC,IES Holdings Inc.,0.001,1,,0.05,$322.45,$170.07,89.60,$408.26
ENOV,Enovis Corp.,0.001,1,,0.05,$18.29,$17.30,5.72,$34.28
ABVX,Abivax SA ADR,0.001,1,,0.05,$98.79,$69.81,41.51,$148.83
LINC,Lincoln Educational Services Corp.,0.001,1,,0.05,$22.02,$17.29,27.36,$56.34
UVV,Universal Corp.,0.001,1,,0.06,$41.73,$41.30,1.04,$57.51
SPSM,Ss SPDR P S&P 600 Small Cap,0.001,1,,0.08,$53.05,$42.96,23.49,$58.36
BTAIQ,Bioxcel Therapeutics Inc,0.001,1,,0.05,$0.04,$0.02,100.00,$0.08
MYE,Myers Indus,0.001,1,,0.08,$30.89,$15.18,103.49,$37.29
LW,Lamb Weston Hldgs Inc.,0.001,1,,0.12,$41.89,$37.02,13.16,$65.06
GBCI,Glacier Bancorp,0.001,1,,0.05,$43.28,$39.06,10.80,$54.58
CBOE,CBOE Holdings Inc.,0.001,1,,0.08,$273.41,$226.52,20.70,$369.38
OBT,Orange County Bancorp Inc,0.001,1,,0.05,$36.84,$22.74,62.01,$39.91
REAL,RealReal Inc.,0.001,1,,0.05,$8.88,$8.05,10.31,$17.39
LYG,Lloyds TSB Grp Plc ADR,0.001,1,,0.07,$5.64,$4.26,32.39,$6.25
SVC,Service Properties Trust,0.001,1,,0.09,$6.43,$5.58,15.23,$13.36
KSA,Ishrs Msci Saudi Arabia ETF,0.001,1,,0.07,$36.34,$35.27,3.03,$40.22
ALT,Altimmune Inc.,0.001,1,,0.06,$2.89,$2.56,12.89,$6.44
INFQ,Infleqtion Inc,0.001,1,,0.08,$13.69,$8.52,60.68,$21.28
SDY,SPDR S&P Dividend ETF,0.001,1,,0.05,$147.09,$131.84,11.57,$159.32
BRX,Brixmor Property Group Inc.,0.001,1,,0.06,$27.61,$23.87,15.67,$32.86
WRLC,Windrock Ltd Co,0.001,1,,0.07,,,,
CEF,Sprott Physical Gold And Sil,0.001,1,,0.05,$41.44,$36.02,15.05,$61.38
MGPI,MGP Ingredients Inc.,0.001,1,,0.11,$13.34,$12.50,6.72,$26.12
DNA,Ginkgo Bioworks Holdings Inc.,0.001,1,,0.10,$13.18,$5.37,145.44,$17.58
STGW,Stagwell Inc.,0.001,1,,0.11,$8.23,$4.29,91.84,$9.55
RYCEY,Rolls Royce Holdings Sp ADR,0.001,1,,0.07,$19.56,$13.14,48.86,$21.22
TSCO,Tractor Supply,0.001,1,,0.07,$31.22,$28.17,10.83,$56.84
DOCS,Doximity Inc.,0.001,1,,0.10,$28.39,$17.15,65.54,$75.44
AMPX,Amprius Technologies Inc,0.001,1,,0.06,$9.78,$7.71,26.85,$24.23
HUBG,Hub Group 'A',0.001,1,,0.05,$29.64,$29.64,0.00,$52.71
QCRH,QCR Holdings Inc.,0.001,1,,0.08,$98.15,$66.35,47.93,$107.95
SPG,Simon Property Group Inc.,0.001,1,,0.05,$201.84,$164.57,22.65,$235.97
INFY,Infosys Ltd.,0.001,1,,0.06,$10.76,$10.30,4.47,$29.37
BHE,Benchmark Electronics,0.001,1,,0.06,$82.63,$35.59,132.17,$100.41
ARTV,Artiva Biotherapeutics Inc,0.001,1,,0.07,$7.17,$2.71,164.58,$14.53
SPYX,SPDR S&P 500 Fossil Fuel Res,0.001,1,,0.07,$62.82,$51.06,23.03,$63.82
CDP,Copt Defense Properties,0.001,1,,0.05,$33.49,$26.26,27.53,$38.90
CIB,Grupo Cibest SA ADR,0.001,1,,0.12,$93.55,$48.20,94.09,$105.60
FPAG,Fpa Global Equity ETF New,0.001,1,,0.07,$41.03,$34.27,19.73,$43.47
LDOS,Leidos Holdings,0.001,1,,0.07,$122.07,$98.54,23.88,$203.41
GWW,W.W. Grainger Inc.,0.001,1,,0.09,$1247.77,$901.22,38.45,$1417.14
MOD,Modine Mfg.,0.001,1,,0.07,$185.65,$111.18,66.98,$323.25
NPO,EnPro Industries,0.001,1,,0.06,$306.23,$201.04,52.32,$389.99
PHIN,PHINIA Inc.,0.001,1,,0.09,$59.45,$49.91,19.11,$86.55
SCHB,Schwab Us Broad Market ETF,0.001,1,,0.07,$29.47,$24.15,22.03,$30.07
DIA,SPDR Djia Trust,0.001,1,,0.05,$510.51,$447.25,14.14,$545.04
USNA,USANA Health Sciences,0.001,1,,0.08,$14.51,$12.57,15.43,$27.95
RRC,Range Resources Corp.,0.001,1,,0.05,$37.26,$32.44,14.86,$48.07
SONY,Sony Group Corp.,0.001,1,,0.05,$23.63,$19.32,22.31,$30.34
CUZ,Cousins Properties,0.001,1,,0.07,$27.69,$20.52,34.94,$32.95
IMVT,Immunovant Inc.,0.001,1,,0.09,$34.11,$15.81,115.75,$45.42
TRVI,Trevi Therapeutics Inc.,0.001,1,,0.08,$14.36,$8.63,66.40,$20.22
ALRS,Alerus Financial Corp.,0.001,1,,0.06,$31.51,$19.66,60.27,$34.17
VONG,Vanguard Russell 1000 Growth,0.001,1,,0.12,$129.83,$104.98,23.67,$132.62
FRVO,Fervo Energy Co A,0.001,1,,0.06,$13.66,$13.44,1.64,$42.65
ALGT,Allegiant Travel Company,0.001,1,,0.05,$75.36,$57.11,31.96,$123.63
RCKT,Rocket Pharmaceuticals Inc.,0.001,1,,0.12,$2.69,$2.51,7.17,$5.45
DRH,DiamondRock Hospitality Co.,0.001,1,,0.10,$12.42,$7.25,71.31,$13.79
AMBA,Ambarella Inc.,0.001,1,,0.10,$69.97,$48.30,44.87,$96.69
VGK,Vanguard FTSE Europe ETF,0.001,1,,0.06,$86.90,$75.56,15.01,$93.06
GCO,Genesco Inc.,0.001,1,,0.11,$33.68,$21.93,53.58,$43.60
TPC,Tutor Perini Corp.,0.001,1,,0.05,$82.71,$57.70,43.34,$102.20
NNBR,NN Inc.,0.001,1,,0.05,$3.77,$1.10,242.73,$4.48
PSA,Public Storage,0.001,1,,0.05,$284.12,$249.06,14.08,$332.14
ENB,Enbridge Inc.,0.001,1,,0.07,$46.65,$43.08,8.29,$57.66
EEM,Ishares Msci Emerging Market,0.001,1,,0.06,$66.77,$50.83,31.36,$71.57
KNF,Knife River Corp.,0.001,1,,0.10,$50.62,$50.62,0.00,$96.28
YOU,Clear Secure Inc.,0.001,1,,0.06,$41.92,$28.93,44.90,$68.83
QNT,Quantinuum Inc A,0.001,1,,0.07,$48.57,$46.54,4.36,$86.79
VSH,Vishay Intertechnology,0.001,1,,0.07,$32.50,$11.56,181.14,$69.25
RFL,Rafael Holdings Inc.,0.001,1,,0.08,$1.30,$1.12,16.07,$3.96
CRCL,Circle Internet Group Inc,0.001,1,,0.07,$82.66,$49.90,65.65,$159.47
M,Macy's Inc.,0.001,1,,0.06,$22.91,$15.85,44.54,$26.36
AEHR,Aehr Test Systems,0.001,1,,0.05,$100.01,$18.70,434.81,$147.40
DOC,Healthpeak Properties Inc.,0.001,1,,0.06,$20.05,$14.97,33.93,$22.72
HNGE,Hinge Health Inc A,0.001,1,,0.06,$97.95,$30.08,225.63,$97.95
UNFI,United Natural Foods,0.001,1,,0.05,$44.58,$30.91,44.23,$57.02
NG,NovaGold Resources,0.001,1,,0.07,$6.50,$5.08,27.95,$14.40
FPAS,Fpa Short Duration Govt ETF,0.001,1,,0.05,$23.78,$23.73,0.21,$24.91
WTFC,Wintrust Financial Corp.,0.001,1,,0.09,$142.07,$117.89,20.51,$166.65
BZH,Beazer Homes USA,0.001,1,,0.12,$33.36,$17.83,87.10,$34.54
SANM,Sanmina Corp.,0.000,3,$253.04,0.01,$211.78,$111.52,89.90,$288.68
VB,Vanguard Small Cap ETF,0.000,3,$302.93,0.03,$285.88,$238.00,20.12,$308.60
OUT,Outfront Media Inc.,0.000,3,$32.76,0.02,$27.94,$16.24,72.04,$34.24
GIS,General Mills,0.000,3,$34.80,0.02,$32.52,$31.21,4.20,$48.26
KB,Kb Financial Group Inc ADR,0.000,3,$104.97,0.03,$123.20,$77.44,59.09,$133.29
CPA,Copa Holdings SA,0.000,3,$155.53,0.03,$131.33,$104.75,25.37,$158.35
FORM,FormFactor Inc.,0.000,3,$159.91,0.03,$147.80,$35.67,314.35,$160.27
SNDK,SanDisk Corp.,0.000,2,$2273.04,0.01,$1746.17,$112.00,1459.08,$2354.39
FTAI,FTAI Aviation Ltd.,0.000,2,,0.00,$169.02,$148.67,13.69,$321.70
ACLS,Axcelis Technologies,0.000,2,$189.45,0.02,$131.78,$73.60,79.05,$193.78
CAMT,Camtek Ltd,0.000,2,$163.15,0.01,$156.14,$91.91,69.88,$215.99
CVLG,Covenant Transportation Group Inc. CL A,0.000,2,$44.18,0.03,$32.29,$17.83,81.10,$49.78
VV,Vanguard Large Cap ETF,0.000,2,$341.77,0.01,$353.66,$287.55,22.99,$358.31
MEC,Mayville Engineering Co. Inc.,0.000,2,$37.46,0.02,$15.18,$12.25,23.92,$38.76
AWK,American Water Works Inc.,0.000,2,$131.60,0.01,$130.51,$118.81,9.85,$142.37
PH,Parker-Hannifin,0.000,2,,0.00,$962.17,$709.46,35.62,$1097.73
WOLF,Wolfspeed Inc.,0.000,2,$48.27,0.02,$27.81,$13.49,106.15,$80.82
MT,ArcelorMittal,0.000,2,$60.21,0.01,$66.97,$35.23,90.09,$79.68
SCHD,Schwab Us Dvd Equity ETF,0.000,2,$31.66,0.02,$32.66,$25.43,28.43,$35.03
VEU,Vanguard FTSE All World ex US ETF,0.000,2,$83.76,0.01,$83.04,$68.31,21.56,$86.32
KAR,KAR Auction Services,0.000,2,$41.24,0.02,$30.88,$17.08,80.80,$30.98
AXGN,AxoGen Inc.,0.000,2,$46.19,0.03,$42.03,$15.27,175.25,$52.91
LSCC,Lattice Semconductor,0.000,2,$152.94,0.01,$125.63,$60.50,107.65,$157.01
EGP,EastGroup Properties SBI,0.000,2,$202.54,0.04,$198.19,$162.08,22.28,$226.71
EXTR,Extreme Networks Inc.,0.000,2,$32.37,0.03,$21.59,$13.48,60.16,$33.73
VICI,VICI Properties Inc.,0.000,2,$26.55,0.02,$23.03,$22.96,0.30,$30.84
IVE,Ishares S&P 500 Value ETF,0.000,2,,0.00,$229.15,$199.18,15.05,$238.98
VGT,Vanguard Info Tech ETF,0.000,2,$120.00,0.02,$126.37,$82.90,52.44,$126.62
LITE,Lumentum Holdings Inc.,0.000,2,$858.53,0.01,$971.76,$147.81,557.44,$1085.68
LOCO,El Pollo Loco Holdings Inc.,0.000,2,$16.96,0.03,$14.35,$8.99,59.62,$17.40
IWS,Ishares Russell Mid Cap Valu,0.000,2,,0.00,$161.38,$131.84,22.41,$172.90
MTSI,MACOM Technology Solutions Hldg,0.000,2,$380.48,0.01,$285.15,$121.97,133.79,$418.90
CAKE,Cheesecake Factory,0.000,2,$79.54,0.02,$105.61,$42.54,148.26,$118.46
ESI,Element Solutions Inc.,0.000,2,$47.76,0.03,$36.40,$22.64,60.78,$49.14
UTZ,Utz Brands Inc.,0.000,2,$7.70,0.02,$14.26,$6.69,113.15,$14.27
THC,Tenet Healthcare Corp.,0.000,2,,0.00,$256.56,$157.58,62.81,$283.05
DGII,Digi International,0.000,2,$74.95,0.03,$76.40,$34.41,122.03,$86.84
MOS,Mosaic Co.,0.000,2,$21.19,0.03,$21.67,$19.63,10.39,$34.72
ADTN,ADTRAN Holdings Inc.,0.000,2,$13.90,0.03,$6.81,$6.76,0.74,$19.98
CIEN,Ciena Corp.,0.000,2,$490.71,0.01,$348.08,$143.19,143.09,$637.51
BRC,Brady Corp.,0.000,2,$91.57,0.01,$83.52,$70.38,18.67,$99.25
AAOI,Applied Optoelectronics Inc,0.000,2,$148.11,0.02,$100.43,$18.50,442.86,$233.67
HZO,MarineMax Inc.,0.000,2,$36.62,0.02,$52.30,$21.42,144.16,$52.56
SKYT-OLD,Skywater Technology Inc,0.000,2,,0.00,$32.49,$8.49,282.69,$39.93
ACWX,iShares MSCI ACWI EX U.S. ETF,0.000,2,$76.11,0.02,$75.67,$62.22,21.62,$78.78
IAU,iShares Gold Trust,0.000,2,,0.00,$78.10,$71.84,8.71,$104.40
SMTC,Semtech Corp.,0.000,2,$161.84,0.02,$179.37,$60.28,197.56,$190.64
IJH,Ishares Core S&P Midcap ETF,0.000,2,$77.11,0.03,$72.25,$61.43,17.61,$78.47
STRW,Strawberry Fields Reit Inc,0.000,1,,0.01,$13.01,$10.58,22.97,$14.57
HLLY,Holley Inc,0.000,1,,0.00,$2.39,$2.33,2.58,$4.48
TTAM,Titan America SA,0.000,1,,0.01,$13.72,$13.28,3.31,$19.57
EPC,Edgewell Personal Care Co.,0.000,1,,0.03,$27.00,$15.53,73.86,$29.79
UTI,Universal Technical Institute,0.000,1,,0.04,$18.77,$18.02,4.16,$51.34
ITRI,Itron Inc.,0.000,1,,0.02,$86.59,$77.77,11.34,$142.00
EROC,Erock Inc A,0.000,1,,0.03,$12.35,$8.88,39.08,$20.70
VCTR,Victory Capital Holdings,0.000,1,,0.02,$110.40,$55.62,98.49,$123.00
RNG,RingCentral Inc.,0.000,1,,0.01,$75.16,$24.01,213.04,$81.90
NPKI,NPK International Inc.,0.000,1,,0.02,$11.47,$10.73,6.90,$16.50
TAK,Takeda Pharmaceutical Co. Ltd,0.000,1,,0.00,$18.25,$12.99,40.49,$19.10
FBLA,Fb Bancorp Inc,0.000,1,,0.01,$16.62,$11.66,42.54,$16.81
AVNW,Aviat Networks Inc.,0.000,1,,0.01,$20.34,$13.92,46.12,$27.02
STKL-OLD,SunOpta Inc.,0.000,1,,0.01,$6.50,$3.32,95.78,$6.94
OTEX,Open Text Corp.,0.000,1,,0.01,$22.42,$19.54,14.74,$38.26
CBT,Cabot Corp.,0.000,1,,0.03,$76.99,$56.94,35.21,$94.00
XCEM,Columbia Em Core Ex China,0.000,1,,0.01,$51.35,$34.83,47.43,$55.43
PBFS,Pioneer Bancorp Inc.,0.000,1,,0.04,$17.80,$12.64,40.82,$19.91
CNS,Cohen & Steers Inc.,0.000,1,,0.00,$73.14,$56.80,28.77,$86.56
PARR,Par Pacific Holdings,0.000,1,,0.02,$82.95,$33.21,149.77,$87.72
METCB,Ramaco Resources Inc B,0.000,1,,0.01,$4.50,$4.19,7.40,$20.70
REG,Regency Centers Corp.,0.000,1,,0.04,$72.23,$64.44,12.09,$82.82
ETN,Eaton Corp.,0.000,1,,0.03,$433.13,$309.33,40.02,$478.00
WYFI,Whitefiber Inc,0.000,1,,0.01,$18.13,$10.51,72.50,$46.87
STM,Stmicroelectronics Nv Ny Shs,0.000,1,,0.01,$53.38,$20.92,155.16,$81.19
BLZE,Backblaze Inc A,0.000,1,,0.00,$14.35,$3.26,340.18,$23.99
J,Jacobs Solutions Inc.,0.000,1,,0.01,$136.40,$105.09,29.79,$166.66
FLUT,Flutter Entertainment Plc,0.000,1,,0.03,$75.42,$74.38,1.40,$278.17
DNTH,Dianthus Therapeutics Inc,0.000,1,,0.01,$88.54,$32.22,174.80,$117.88
DOUG,Douglas Elliman Inc,0.000,1,,0.00,$1.51,$1.47,2.72,$3.03
AFYA,Afya Ltd,0.000,1,,0.00,$12.30,$11.62,5.85,$16.16
GKOS,Glaukos Corp.,0.000,1,,0.01,$165.14,$73.16,125.72,$191.62
EVER,EverQuote Inc. CL A,0.000,1,,0.01,$20.26,$13.88,45.97,$28.73
SLP,Simulations Plus Inc.,0.000,1,,0.03,$18.46,$11.09,66.46,$21.01
UMH,UMH Properties Inc.,0.000,1,,0.02,$15.51,$13.17,17.77,$16.77
BBY,Best Buy Co. Inc.,0.000,1,,0.00,$88.66,$53.81,64.76,$96.53
FVR,Frontview Reit Inc,0.000,1,,0.02,$16.95,$12.39,36.80,$22.29
LRN,Stride Inc.,0.000,1,,0.02,$77.78,$60.61,28.33,$155.06
STNG,Scorpio Tankers Inc.,0.000,1,,0.03,$83.78,$48.08,74.25,$90.06
ESS,Essex Property Trust,0.000,1,,0.04,$271.01,$233.85,15.89,$303.35
TWI,Titan International Inc.,0.000,1,,0.01,$6.79,$6.37,6.59,$11.70
ARM,Arvinmeritor Inc.,0.000,1,,0.01,$288.23,$100.02,188.17,$452.70
TRS,TriMas Corp.,0.000,1,,0.02,$38.66,$30.34,27.42,$45.38
JOUT,Johnson Outdoors Inc.,0.000,1,,0.01,$44.07,$34.91,26.24,$53.16
HOMB,Home Bancshares Inc.,0.000,1,,0.02,$28.11,$25.28,11.19,$31.54
COPX,Global X Copper Miners ETF,0.000,1,,0.00,$85.10,$55.44,53.50,$99.65
MATV,Mativ Holdings Inc.,0.000,1,,0.00,$11.63,$7.01,65.91,$15.02
DVDCF,Davide Campari-Milano S.p.A.,0.000,1,,0.01,$6.88,$6.07,13.34,$7.78
AMBQ,Ambiq Micro Inc,0.000,1,,0.04,$68.59,$22.12,210.08,$91.61
FULT,Fulton Financial Corp.,0.000,1,,0.01,$22.55,$16.16,39.54,$25.23
AVBH,Avidbank Holdings Inc,0.000,1,,0.02,$31.02,$24.03,29.09,$34.18
CDRE,Cadre Holdings Inc,0.000,1,,0.01,$25.34,$25.21,0.52,$48.44
BG,Bunge Global SA,0.000,1,,0.04,$107.49,$77.14,39.34,$134.02
PACK,Ranpak Holdings Corp. CL A,0.000,1,,0.01,$4.16,$3.22,29.19,$7.81
REXR,Rexford Industrial Realty Inc.,0.000,1,,0.03,$36.43,$31.48,15.72,$42.76
RTLLF,Rational Ag,0.000,1,,0.02,$650.00,$650.00,0.00,$859.22
SLF,Sun Life Financial Inc.,0.000,1,,0.00,$78.23,$55.24,41.62,$83.64
NTAP,NetApp Inc.,0.000,1,,0.01,$212.84,$92.93,129.03,$212.84
COUR,Coursera Inc,0.000,1,,0.01,$5.02,$4.53,10.82,$12.20
AIRJ,Airjoule Technologies Corp,0.000,1,,0.01,$3.94,$2.22,77.48,$6.75
CATH,Global X S&P 500 Catholic Values ETF,0.000,1,,0.01,$91.12,$75.37,20.90,$93.05
XGN,Exagen Inc.,0.000,1,,0.00,$8.21,$2.59,216.99,$12.23
PRGO,Perrigo Co.,0.000,1,,0.04,$14.87,$8.81,68.79,$20.70
PIFYF,Pine Cliff Energy Ltd,0.000,1,,0.03,$0.38,$0.35,8.57,$0.65
SYNA,Synaptics Inc.,0.000,1,,0.02,$101.17,$58.28,73.59,$149.11
SBCF,Seacoast Banking Corp. of Florida,0.000,1,,0.04,$31.67,$27.91,13.47,$36.07
UFCS,United Fire Group Inc.,0.000,1,,0.00,$52.43,$29.21,79.49,$56.74
BFLY,Butterfly Network Inc,0.000,1,,0.03,$9.00,$1.87,381.28,$10.05
JBHT,J.B. Hunt Transport Services Inc.,0.000,1,,0.00,$224.70,$130.64,72.00,$299.26
TITN,Titan Machinery Inc.,0.000,1,,0.03,$23.00,$13.21,74.11,$26.90
ASX,Ase Technology Holding ADR,0.000,1,,0.01,$44.75,$10.82,313.59,$45.75
TRN,Trinity Industries,0.000,1,,0.03,$25.71,$24.06,6.86,$38.31
KVHI,KVH Industries Inc.,0.000,1,,0.00,$7.11,$5.09,39.69,$13.00
FLYX.WS,Eg Acquisition Corp A WTS28,0.000,1,,0.00,,,,
SIL,Global X Silver Miners ETF,0.000,1,,0.00,$86.24,$61.06,41.24,$119.08
OIS,Oil States International Inc.,0.000,1,,0.03,$7.98,$5.50,45.09,$14.50
MTRX,Matrix Service Co.,0.000,1,,0.02,$9.55,$9.39,1.70,$15.97
DLG.MI,De'Longhi SPA,0.000,1,,0.02,,,,
XLF,Financial Select Sector SPDR,0.000,1,,0.00,$53.57,$47.34,13.16,$58.39
AMRC,Ameresco Inc. CL A,0.000,1,,0.03,$21.06,$18.38,14.58,$44.93
VNQ,Vanguard Real Estate ETF,0.000,1,,0.00,$90.00,$84.66,6.31,$100.93
TEO,Telecom Argentina S.A.,0.000,1,,0.04,$12.31,$6.78,81.56,$16.34
CAE,CAE Inc.,0.000,1,,0.04,$24.15,$22.76,6.11,$34.24
BIRK,Birkenstock Holding Plc,0.000,1,,0.01,$32.57,$29.93,8.82,$50.73
SSPPF,Ssp Group Plc,0.000,1,,0.02,$2.54,$1.67,52.10,$2.55
JJSF,J & J Snack Foods,0.000,1,,0.03,$76.53,$67.51,13.36,$95.74
BLLN,Billiontoone Inc Cl A,0.000,1,,0.02,$107.40,$61.96,73.34,$150.44
SBGI,Sinclair Broadcast Group Inc.,0.000,1,,0.00,$12.76,$11.82,7.95,$16.69
FMC,FMC Corp.,0.000,1,,0.04,$8.87,$8.87,0.00,$33.06
JOBY,Joby Aviation Inc.,0.000,1,,0.03,$6.11,$5.93,3.04,$19.98
GPRK,Geopark Ltd,0.000,1,,0.00,$10.47,$5.68,84.33,$13.13
AKTS,Aktis Oncology Inc,0.000,1,,0.02,$19.55,$14.72,32.81,$34.19
ATAT,Atour Lifestyle Holdings ADR,0.000,1,,0.00,$32.83,$30.78,6.66,$42.49
GH,Guardant Health Inc.,0.000,1,,0.04,$178.68,$60.45,195.58,$183.51
EXEL,Exelixis Inc.,0.000,1,,0.00,$58.65,$33.76,73.73,$60.15
SMBK,SmartFinancial Inc.,0.000,1,,0.02,$48.89,$32.74,49.33,$54.14
PNR,Pentair plc,0.000,1,,0.04,$53.11,$52.64,0.89,$112.57
FIP,Ftai Infrastructure Inc,0.000,1,,0.02,$2.79,$2.75,1.45,$6.56
TALK-OLD,Talkspace Inc.,0.000,1,,0.01,$5.25,$2.49,110.84,$5.25
CALY,Callaway Golf Co.,0.000,1,,0.02,$14.15,$8.39,68.65,$20.28
TDUP,ThredUp Inc.,0.000,1,,0.00,$2.13,$2.13,0.00,$10.00
TRVG,Trivago Nv ADR,0.000,1,,0.00,$5.39,$2.59,108.11,$6.80
LNTH,Lantheus Holdings Inc.,0.000,1,,0.00,$99.58,$49.67,100.48,$111.86
FLYX,Flyexclusive Inc,0.000,1,,0.04,$1.25,$1.05,19.05,$8.88
OOMA,Ooma Inc.,0.000,1,,0.00,$20.66,$9.79,111.03,$26.19
ORI,Old Republic International,0.000,1,,0.02,$37.53,$35.16,6.74,$44.32
EWC,iShares MSCI Canada ETF,0.000,1,,0.02,$58.56,$48.65,20.37,$62.71
WILLF,Demant A s,0.000,1,,0.02,$45.55,$28.08,62.22,$45.55
SRRK,Scholar Rock Holding Corp.,0.000,1,,0.02,$48.96,$27.07,80.86,$61.76
XES,Ss SPDR S&P Og Eqp & Serv,0.000,1,,0.00,$108.26,$67.27,60.93,$134.69
VBR,Vanguard Small Cap Value ETF,0.000,1,,0.00,$231.75,$194.92,18.89,$250.75
WT,WisdomTree Investments,0.000,1,,0.02,$24.54,$10.64,130.64,$25.91
HYBB,Ishares Bb Rated Corp Bond,0.000,1,,0.00,$45.09,$44.28,1.83,$46.46
RRBI,Red River Bancshares Inc,0.000,1,,0.02,$99.70,$60.98,63.50,$104.87
QQQM,Invesco Nasdaq 100 ETF,0.000,1,,0.02,$306.13,$228.24,34.13,$308.13
TFII,Tfi International Inc,0.000,1,,0.02,$120.34,$79.64,51.10,$167.14
HSBC,HSBC Holdings plc,0.000,1,,0.01,$99.35,$61.80,60.76,$107.43
